variant,family,size,K,obs_overlap,null_mean,exact_null_mean,excess,p,q
K50,1-acylglycerol-3-phosphate O-acyltransferases,11,50,38.27272727272727,24.580945454545454,24.60406753819848,13.668659734528795,9.999000099990002e-05,0.0002907116695737834
K50,"5-hydroxytryptamine receptors, G protein-coupled",12,50,29.575757575757574,24.643609090909088,24.60406753819848,4.971690037559096,0.0872912708729127,0.11484410218196056
K50,7BS 2'O-ribose DNA/RNA methyltransferases,10,50,32.6,24.588639999999998,24.60406753819848,7.995932461801523,0.0160983901609839,0.025878299542059443
K50,7BS DNA/RNA methyltransferases,10,50,39.4,24.588639999999998,24.60406753819848,14.79593246180152,9.999000099990002e-05,0.0002907116695737834
K50,7BS N6-adenosine DNA/RNA methyltransferases,10,50,32.4,24.588639999999998,24.60406753819848,7.79593246180152,0.019098090190980903,0.030084282541645503
K50,7BS protein arginine methyltranferases,11,50,29.818181818181817,24.580945454545454,24.60406753819848,5.214114279983338,0.08709129087091291,0.11484410218196056
K50,7BS protein lysine methyltransferases,14,50,34.10989010989011,24.570063736263734,24.60406753819848,9.505822571691631,0.0005999400059994001,0.0014199585066618967
K50,7BS small molecule methyltransferases,17,50,32.94117647058823,24.670548529411764,24.60406753819848,8.337108932389754,0.0013998600139986002,0.0029834120660332157
K50,7TM uncharacterized proteins,12,50,32.10606060606061,24.643609090909088,24.60406753819848,7.501993067862131,0.015598440155984402,0.025160497648865254
K50,A-kinase anchoring proteins,26,50,28.676923076923078,24.58521169230769,24.60406753819848,4.0728555387246,0.0476952304769523,0.06807410168074102
K50,AAA ATPases,51,50,22.626666666666665,24.61646556862745,24.60406753819848,-1.9774008715318132,0.8642135786421358,0.9025379058546473
K50,ADAM metallopeptidase domain containing,20,50,31.66315789473684,24.626106842105266,24.60406753819848,7.059090356538363,0.0032996700329967,0.006167240418815261
K50,ADAM metallopeptidases with thrombospondin type 1 motif,18,50,32.31372549019608,24.62176405228758,24.60406753819848,7.709657951997599,0.0027997200279972004,0.005382318910966046
K50,AH/BAR family Rho GTPase activating proteins,14,50,29.571428571428573,24.570063736263734,24.60406753819848,4.967361033230095,0.06479352064793521,0.08897302689556118
K50,ARF GTPase family,28,50,28.452380952380953,24.591929365079363,24.60406753819848,3.848313414182474,0.053394660533946606,0.07552217751197854
K50,AT-rich interaction domain containing,14,50,30.978021978021978,24.570063736263734,24.60406753819848,6.3739544398235,0.022397760223977603,0.03470179297859688
K50,ATAC complex,12,50,30.742424242424242,24.643609090909088,24.60406753819848,6.138356704225764,0.043195680431956804,0.06183940876429075
K50,ATP binding cassette subfamily A,12,50,34.28787878787879,24.643609090909088,24.60406753819848,9.68381124968031,0.0015998400159984002,0.0033341798563506484
K50,ATP binding cassette subfamily B,11,50,28.90909090909091,24.580945454545454,24.60406753819848,4.305023370892432,0.1376862313768623,0.17339629673396298
K50,ATP binding cassette subfamily C,12,50,29.0,24.643609090909088,24.60406753819848,4.395932461801522,0.11768823117688232,0.1510120727057729
K50,ATP-grasp fold containing,13,50,20.58974358974359,24.63937564102564,24.60406753819848,-4.014323948454887,0.8679132086791321,0.9043962860351134
K50,ATPase phospholipid transporting,21,50,36.21904761904762,24.593180476190476,24.60406753819848,11.614980080849143,9.999000099990002e-05,0.0002907116695737834
K50,Abhydrolase domain containing,24,50,29.08695652173913,24.60010797101449,24.60406753819848,4.482888983540651,0.042195780421957804,0.060592111520555256
K50,Actin related proteins,14,50,28.0989010989011,24.570063736263734,24.60406753819848,3.49483356070262,0.15348465153484653,0.18924416458877674
K50,Acyl-CoA dehydrogenase family,11,50,30.072727272727274,24.580945454545454,24.60406753819848,5.468659734528796,0.07549245075492451,0.10188236190707578
K50,Acyl-CoA synthetase family,25,50,34.876666666666665,24.552262666666667,24.60406753819848,10.272599128468187,9.999000099990002e-05,0.0002907116695737834
K50,Adenylate cyclases,10,50,38.4,24.588639999999998,24.60406753819848,13.79593246180152,9.999000099990002e-05,0.0002907116695737834
K50,Aldehyde dehydrogenases,19,50,29.87719298245614,24.556739181286552,24.60406753819848,5.273125444257662,0.0292970702929707,0.044086006734789775
K50,Aldo-keto reductases,15,50,27.438095238095237,24.594070476190474,24.60406753819848,2.834027699896758,0.20217978202179782,0.24230706700322335
K50,"Aminoacyl tRNA synthetases, Class I",19,50,39.09356725146199,24.556739181286552,24.60406753819848,14.489499713263513,9.999000099990002e-05,0.0002907116695737834
K50,"Aminoacyl tRNA synthetases, Class II",19,50,37.66081871345029,24.556739181286552,24.60406753819848,13.056751175251812,9.999000099990002e-05,0.0002907116695737834
K50,Aminopeptidases,17,50,36.661764705882355,24.670548529411764,24.60406753819848,12.057697167683877,9.999000099990002e-05,0.0002907116695737834
K50,Anaphase promoting complex,12,50,45.86363636363637,24.643609090909088,24.60406753819848,21.25956882543789,9.999000099990002e-05,0.0002907116695737834
K50,Ankyrin repeat domain containing,174,50,27.229752175935154,24.585832868247955,24.60406753819848,2.6256846377366756,0.0028997100289971,0.0055294065735126885
K50,Annexins,13,50,34.67948717948718,24.63937564102564,24.60406753819848,10.075419641288704,0.0005999400059994001,0.0014199585066618967
K50,Anoctamins,10,50,35.0,24.588639999999998,24.60406753819848,10.395932461801522,0.0015998400159984002,0.0033341798563506484
K50,Apolipoproteins,21,50,31.185714285714287,24.593180476190476,24.60406753819848,6.5816467475158085,0.006299370062993701,0.011029752043383023
K50,Aquaporins,14,50,35.21978021978022,24.570063736263734,24.60406753819848,10.61571268158174,9.999000099990002e-05,0.0002907116695737834
K50,ArfGAPs,23,50,30.64822134387352,24.60202648221344,24.60406753819848,6.044153805675041,0.007899210078992101,0.013480173721758259
K50,Arginine methyltransferases,11,50,29.818181818181817,24.580945454545454,24.60406753819848,5.214114279983338,0.08709129087091291,0.11484410218196056
K50,Armadillo like helical domain containing,228,50,27.589883298554756,24.60319445088492,24.60406753819848,2.985815760356278,9.999000099990002e-05,0.0002907116695737834
K50,Armadillo repeat containing,40,50,28.046153846153846,24.640798076923076,24.60406753819848,3.4420863079553676,0.041695830416958304,0.06024152186008393
K50,Atypical dual specificity phosphatases,14,50,33.9010989010989,24.570063736263734,24.60406753819848,9.29703136290042,0.0006999300069993001,0.0016160148691013252
K50,Autophagy related,31,50,36.023655913978494,24.61711634408602,24.60406753819848,11.419588375780016,9.999000099990002e-05,0.0002907116695737834
K50,Axonemal dynein assembly factors,13,50,38.205128205128204,24.63937564102564,24.60406753819848,13.601060666929726,9.999000099990002e-05,0.0002907116695737834
K50,B7 family,10,50,17.711111111111112,24.588639999999998,24.60406753819848,-6.892956427087366,0.9495050494950505,0.9764560661837748
K50,BAF complex subunits,26,50,39.864615384615384,24.58521169230769,24.60406753819848,15.260547846416905,9.999000099990002e-05,0.0002907116695737834
K50,BAR-PH domain containing,11,50,31.054545454545455,24.580945454545454,24.60406753819848,6.450477916346976,0.0390960903909609,0.05701008846483773
K50,BCL2 family,12,50,34.75757575757576,24.643609090909088,24.60406753819848,10.15350821937728,0.0010998900109989002,0.0023983712739837127
K50,BCL2 homology region 3 (BH3) only,11,50,33.09090909090909,24.580945454545454,24.60406753819848,8.486841552710615,0.007699230076992301,0.013186681331866814
K50,BPI fold containing,13,50,32.44871794871795,24.63937564102564,24.60406753819848,7.8446504105194705,0.0082991700829917,0.014111585231368557
K50,BRICHOS domain containing,10,50,28.955555555555556,24.588639999999998,24.60406753819848,4.351488017357077,0.1434856514348565,0.17926191465734062
K50,BTB domain containing,161,50,24.2069099378882,24.60024226708075,24.60406753819848,-0.3971576003102797,0.654034596540346,0.7065373737855574
K50,Basic helix-loop-helix proteins,57,50,29.94736842105263,24.61753859649123,24.60406753819848,5.343300882854152,0.0004999500049995,0.0012014104711977783
K50,Beta 3-glycosyltransferases,25,50,37.22666666666667,24.552262666666667,24.60406753819848,12.622599128468188,9.999000099990002e-05,0.0002907116695737834
K50,Beta 4-glycosyltransferases,17,50,38.838235294117645,24.670548529411764,24.60406753819848,14.234167755919167,9.999000099990002e-05,0.0002907116695737834
K50,Blood group antigens,53,50,28.29245283018868,24.576847822931786,24.60406753819848,3.688385291990201,0.012698730126987301,0.020986322420389537
K50,Bone morphogenetic proteins,11,50,29.036363636363635,24.580945454545454,24.60406753819848,4.432296098165157,0.12988701129887012,0.1644537159187307
K50,Bridge-like lipid transfer protein family,10,50,36.82222222222222,24.588639999999998,24.60406753819848,12.218154684023744,0.00019998000199980003,0.0005351737553517375
K50,Bromodomain containing,39,50,33.39541160593792,24.605753036437246,24.60406753819848,8.791344067739445,9.999000099990002e-05,0.0002907116695737834
K50,Butyrophilins,12,50,37.28787878787879,24.643609090909088,24.60406753819848,12.68381124968031,9.999000099990002e-05,0.0002907116695737834
K50,C-C motif chemokine receptors,10,50,25.488888888888887,24.588639999999998,24.60406753819848,0.8848213506904088,0.43145685431456854,0.48384804376705187
K50,C-type lectin domain containing,85,50,28.258543417366948,24.631791624649857,24.60406753819848,3.6544758791684693,0.004399560043995601,0.00800074432711169
K50,C1-set domain containing,39,50,25.748987854251013,24.605753036437246,24.60406753819848,1.1449203160525343,0.29327067293270676,0.34106293074396266
K50,C1q and TNF related,18,50,35.83660130718954,24.62176405228758,24.60406753819848,11.232533768991061,9.999000099990002e-05,0.0002907116695737834
K50,C1q domain containing,14,50,27.24175824175824,24.570063736263734,24.60406753819848,2.6376907035597625,0.2248775122487751,0.2681450842257546
K50,C2 and RasGAP domain containing,10,50,31.533333333333335,24.588639999999998,24.60406753819848,6.929265795134857,0.036696330366963306,0.05384414829545083
K50,C2 domain containing,33,50,29.505681818181817,24.580819886363635,24.60406753819848,4.901614279983338,0.0112988701129887,0.018938675527465046
K50,C2 domain containing phospholipases,18,50,23.601307189542485,24.62176405228758,24.60406753819848,-1.0027603486559933,0.64003599640036,0.693004492654183
K50,C2 domain containing protein kinases,10,50,34.75555555555555,24.588639999999998,24.60406753819848,10.151488017357075,0.0017998200179982,0.0037018132247910577
K50,C2-set domain containing,39,50,25.34817813765182,24.605753036437246,24.60406753819848,0.744110599453343,0.36336366363363665,0.4174250867596167
K50,CCC complex,10,50,39.4,24.588639999999998,24.60406753819848,14.79593246180152,9.999000099990002e-05,0.0002907116695737834
K50,CCR4-NOT transcription complex,12,50,37.42424242424242,24.643609090909088,24.60406753819848,12.820174886043944,9.999000099990002e-05,0.0002907116695737834
K50,CD molecules,380,50,20.944368837661436,24.610114221635886,24.60406753819848,-3.6596987005370423,1.0,1.0
K50,CEA cell adhesion molecule family,12,50,32.378787878787875,24.643609090909088,24.60406753819848,7.774720340589397,0.012398760123987601,0.020635392291159578
K50,COMM domain containing,10,50,41.48888888888889,24.588639999999998,24.60406753819848,16.88482135069041,9.999000099990002e-05,0.0002907116695737834
K50,CRAL-TRIO lipid binding domain containing,19,50,27.502923976608187,24.556739181286552,24.60406753819848,2.898856438409709,0.1635836416358364,0.20012440314410118
K50,CTLH complex subunits,12,50,35.46969696969697,24.643609090909088,24.60406753819848,10.86562943149849,0.0008999100089991,0.0020183695916122673
K50,CUE domain containing,10,50,30.42222222222222,24.588639999999998,24.60406753819848,5.818154684023742,0.06989301069893011,0.09541915373680025
K50,Cadherin related,17,50,33.14705882352941,24.670548529411764,24.60406753819848,8.542991285330935,0.0007999200079992001,0.001820107844288035
K50,Calcium voltage-gated channel alpha1 subunits,10,50,22.22222222222222,24.588639999999998,24.60406753819848,-2.381845315976257,0.7253274672532747,0.7797481615474816
K50,Canonical high mobility group,11,50,31.89090909090909,24.580945454545454,24.60406753819848,7.286841552710612,0.0217978202179782,0.033883740338837405
K50,Carbohydrate kinases,12,50,35.166666666666664,24.643609090909088,24.60406753819848,10.562599128468186,0.0008999100089991,0.0020183695916122673
K50,Carbon-nitrogen lyases,13,50,33.38461538461539,24.63937564102564,24.60406753819848,8.780547846416908,0.0030996900309969004,0.00583981601839816
K50,Carbon-oxygen lyases,17,50,34.345588235294116,24.670548529411764,24.60406753819848,9.741520697095638,0.00019998000199980003,0.0005351737553517375
K50,Carbonic anhydrases,15,50,22.552380952380954,24.594070476190474,24.60406753819848,-2.0516865858175244,0.7323267673232676,0.7821449147602245
K50,Caspase recruitment domain containing,29,50,28.236453201970445,24.57231157635468,24.60406753819848,3.6323856637719665,0.057894210578942104,0.08043708903445938
K50,Caspases,12,50,40.53030303030303,24.643609090909088,24.60406753819848,15.926235492104553,9.999000099990002e-05,0.0002907116695737834
K50,CatSpermasome complex,12,50,36.90909090909091,24.643609090909088,24.60406753819848,12.305023370892428,9.999000099990002e-05,0.0002907116695737834
K50,Cathepsins,15,50,29.83809523809524,24.594070476190474,24.60406753819848,5.23402769989676,0.05469453054694531,0.0771291134359618
K50,Centriolar satellite proteins,67,50,28.991406603346903,24.598216915422885,24.60406753819848,4.387339065148424,0.0015998400159984002,0.0033341798563506484
K50,Charged multivesicular body proteins,11,50,39.654545454545456,24.580945454545454,24.60406753819848,15.050477916346978,9.999000099990002e-05,0.0002907116695737834
K50,Chemokine ligands,40,50,36.33205128205128,24.640798076923076,24.60406753819848,11.727983743852803,9.999000099990002e-05,0.0002907116695737834
K50,Cholinergic receptors nicotinic subunits,16,50,17.55,24.632756666666666,24.60406753819848,-7.054067538198478,0.9846015398460154,1.0
K50,Cilia and flagella associated,64,50,29.797123015873016,24.60272316468254,24.60406753819848,5.1930554776745375,0.00029997000299970003,0.0007596014592089179
K50,"Clathrin/coatomer adaptor, adaptin-like, N-terminal domain containing",14,50,35.54945054945055,24.570063736263734,24.60406753819848,10.94538301125207,9.999000099990002e-05,0.0002907116695737834
K50,Claudins,23,50,36.4703557312253,24.60202648221344,24.60406753819848,11.866288193026818,9.999000099990002e-05,0.0002907116695737834
K50,Clustered protocadherins,53,50,40.65094339622642,24.576847822931786,24.60406753819848,16.04687585802794,9.999000099990002e-05,0.0002907116695737834
K50,Coagulation factors,14,50,18.076923076923077,24.570063736263734,24.60406753819848,-6.527144461275402,0.9688031196880312,0.9919701508110059
K50,Coat protein complex II,11,50,38.38181818181818,24.580945454545454,24.60406753819848,13.777750643619704,9.999000099990002e-05,0.0002907116695737834
K50,Complement system activation components,25,50,27.043333333333333,24.552262666666667,24.60406753819848,2.4392657951348546,0.16718328167183283,0.20347112575564152
K50,Complement system regulators and receptors,29,50,24.972906403940886,24.57231157635468,24.60406753819848,0.36883886574240776,0.44175582441755823,0.4942208866999286
K50,Constitutive centromere associated network,16,50,41.03333333333333,24.632756666666666,24.60406753819848,16.429265795134853,9.999000099990002e-05,0.0002907116695737834
K50,Cyclic nucleotide gated channels,10,50,34.24444444444445,24.588639999999998,24.60406753819848,9.640376906245969,0.0030996900309969004,0.00583981601839816
K50,Cyclin dependent kinases,21,50,36.2047619047619,24.593180476190476,24.60406753819848,11.600694366563424,9.999000099990002e-05,0.0002907116695737834
K50,Cyclins,25,50,30.86,24.552262666666667,24.60406753819848,6.255932461801521,0.0037996200379962005,0.006963505984031948
K50,Cyclophilin peptidylprolyl isomerases,19,50,18.748538011695906,24.556739181286552,24.60406753819848,-5.855529526502572,0.9757024297570243,0.9968673414654197
K50,"Cystatins, type 2",12,50,36.10606060606061,24.643609090909088,24.60406753819848,11.50199306786213,0.0006999300069993001,0.0016160148691013252
K50,Cytochrome P450 family 2,16,50,32.891666666666666,24.632756666666666,24.60406753819848,8.287599128468187,0.0023997600239976003,0.004709529047095291
K50,Cytochrome P450 family 4,12,50,32.10606060606061,24.643609090909088,24.60406753819848,7.501993067862131,0.015598440155984402,0.025160497648865254
K50,Cytochrome b5 domain containing,14,50,27.857142857142858,24.570063736263734,24.60406753819848,3.2530753189443793,0.1740825917408259,0.21132190904620876
K50,DDB1 and CUL4 associated factors,16,50,27.983333333333334,24.632756666666666,24.60406753819848,3.379265795134856,0.1493850614938506,0.18515885253579903
K50,DEAD-box helicases,39,50,32.21052631578947,24.605753036437246,24.60406753819848,7.606458777590994,9.999000099990002e-05,0.0002907116695737834
K50,DEAH-box helicases,21,50,30.061904761904763,24.593180476190476,24.60406753819848,5.457837223706285,0.0212978702129787,0.033326567675458364
K50,DENN domain containing,27,50,26.05982905982906,24.585028774928773,24.60406753819848,1.4557615216305813,0.2772722727727227,0.3240576686748198
K50,DEP domain containing,22,50,26.363636363636363,24.60772770562771,24.60406753819848,1.759568825437885,0.2655734426557344,0.3119328964859125
K50,DNA glycosylases,11,50,37.945454545454545,24.580945454545454,24.60406753819848,13.341387007256067,9.999000099990002e-05,0.0002907116695737834
K50,DNA polymerases,25,50,24.09,24.552262666666667,24.60406753819848,-0.5140675381984785,0.5800419958004199,0.6309463741847524
K50,DNA-(apurinic or apyrimidinic site) lyases,10,50,27.4,24.588639999999998,24.60406753819848,2.79593246180152,0.25717428257174285,0.3028227177282272
K50,DNA/RNA methyltransferases,69,50,32.13597612958227,24.628161679454387,24.60406753819848,7.5319085913837895,9.999000099990002e-05,0.0002907116695737834
K50,DNAJ (HSP40) heat shock proteins,43,50,32.07530454042082,24.597478405315616,24.60406753819848,7.471237002222338,9.999000099990002e-05,0.0002907116695737834
K50,DOCK family Rho GEFs,11,50,34.07272727272727,24.580945454545454,24.60406753819848,9.468659734528792,0.0023997600239976003,0.004709529047095291
K50,Dbl family Rho GEFs,66,50,28.82703962703963,24.5898641958042,24.60406753819848,4.22297208884115,0.0023997600239976003,0.004709529047095291
K50,Decarboxylases,25,50,26.69,24.552262666666667,24.60406753819848,2.085932461801523,0.20737926207379262,0.24790769653999067
K50,"Defensins, beta",32,50,37.49193548387097,24.599623387096777,24.60406753819848,12.88786794567249,9.999000099990002e-05,0.0002907116695737834
K50,Diacylglycerol kinase family,10,50,38.266666666666666,24.588639999999998,24.60406753819848,13.662599128468187,0.00019998000199980003,0.0005351737553517375
K50,Dispanins,12,50,27.893939393939394,24.643609090909088,24.60406753819848,3.289871855740916,0.19708029197080293,0.23740362536636364
K50,Dynactin subunits,11,50,33.45454545454545,24.580945454545454,24.60406753819848,8.850477916346975,0.005099490050994901,0.009167403870299993
K50,Dynein 1 complex subunits,11,50,31.654545454545456,24.580945454545454,24.60406753819848,7.050477916346978,0.027497250274972504,0.041778080256490484
K50,Dynein 2 complex subunits,11,50,31.563636363636363,24.580945454545454,24.60406753819848,6.959568825437884,0.028397160283971604,0.04300663181270298
K50,Dynein heavy chains,14,50,39.637362637362635,24.570063736263734,24.60406753819848,15.033295099164157,9.999000099990002e-05,0.0002907116695737834
K50,Dynein regulatory complex,10,50,31.466666666666665,24.588639999999998,24.60406753819848,6.862599128468187,0.038196180381961806,0.05587081043448451
K50,"Dyneins, axonemal inner arm I1/f complex subunits",17,50,32.47794117647059,24.670548529411764,24.60406753819848,7.873873638272109,0.0029997000299970002,0.0056970109440668834
K50,"Dyneins, axonemal outer arm complex subunits",14,50,34.747252747252745,24.570063736263734,24.60406753819848,10.143185209054266,0.00029997000299970003,0.0007596014592089179
K50,EF-hand domain containing,171,50,26.409287925696596,24.607660474716198,24.60406753819848,1.8052203874981174,0.031196880311968805,0.04635246254554356
K50,EMSY complex,12,50,27.87878787878788,24.643609090909088,24.60406753819848,3.2747203405894005,0.1982801719828017,0.2382396964385194
K50,EPH receptors,14,50,41.57142857142857,24.570063736263734,24.60406753819848,16.96736103323009,9.999000099990002e-05,0.0002907116695737834
K50,ER membrane protein complex subunits,10,50,44.91111111111111,24.588639999999998,24.60406753819848,20.307043572912633,9.999000099990002e-05,0.0002907116695737834
K50,ETS transcription factor family,24,50,32.018115942028984,24.60010797101449,24.60406753819848,7.414048403830506,0.0006999300069993001,0.0016160148691013252
K50,Elastases,27,50,22.045584045584047,24.585028774928773,24.60406753819848,-2.5584834926144318,0.8524147585241476,0.8921941139219411
K50,Endoribonucleases,19,50,29.526315789473685,24.556739181286552,24.60406753819848,4.922248251275207,0.0403959604039596,0.05872375725390423
K50,Eukaryotic translation initiation factor 3 complex subunits,13,50,46.11538461538461,24.63937564102564,24.60406753819848,21.511317077186135,9.999000099990002e-05,0.0002907116695737834
K50,Exonucleases,17,50,25.058823529411764,24.670548529411764,24.60406753819848,0.45475599121328614,0.46535346465353467,0.5169374571976765
K50,Exosome complex,12,50,42.78787878787879,24.643609090909088,24.60406753819848,18.18381124968031,9.999000099990002e-05,0.0002907116695737834
K50,F-BAR domain containing,23,50,29.620553359683793,24.60202648221344,24.60406753819848,5.016485821485315,0.0254974502549745,0.03924607539246075
K50,F-box and leucine rich repeat proteins,16,50,35.21666666666667,24.632756666666666,24.60406753819848,10.61259912846819,0.00019998000199980003,0.0005351737553517375
K50,F-boxes other,29,50,33.354679802955665,24.57231157635468,24.60406753819848,8.750612264757187,0.00019998000199980003,0.0005351737553517375
K50,FA complementation groups,22,50,29.627705627705627,24.60772770562771,24.60406753819848,5.023638089507148,0.030496950304969503,0.04560020188457344
K50,FERM domain containing,48,50,26.5718085106383,24.61155053191489,24.60406753819848,1.9677409724398203,0.1471852814718528,0.18291363475789624
K50,FKBP prolyl isomerase family,18,50,16.69934640522876,24.62176405228758,24.60406753819848,-7.904721132969719,0.9948005199480052,1.0
K50,Fatty acid binding protein family,15,50,25.742857142857144,24.594070476190474,24.60406753819848,1.1387896046586654,0.37666233376662334,0.4310590785581636
K50,Fc receptors,19,50,28.27485380116959,24.556739181286552,24.60406753819848,3.670786262971113,0.10138986101389862,0.13302123826614554
K50,Fibril associated collagens with interrupted triple helices,10,50,46.75555555555555,24.588639999999998,24.60406753819848,22.151488017357075,9.999000099990002e-05,0.0002907116695737834
K50,Fibrillar collagens,11,50,46.07272727272727,24.580945454545454,24.60406753819848,21.468659734528792,9.999000099990002e-05,0.0002907116695737834
K50,Fibrinogen C domain containing,21,50,24.31904761904762,24.593180476190476,24.60406753819848,-0.28501991915085867,0.5457454254574543,0.5950141097001412
K50,Fibroblast growth factor family,20,50,29.268421052631577,24.626106842105266,24.60406753819848,4.664353514433099,0.047995200479952004,0.06829528527509787
K50,Fibronectin type III domain containing,120,50,23.849579831932772,24.60748005602241,24.60406753819848,-0.7544877062657065,0.7418258174182581,0.7904976470678724
K50,Flavoproteins,121,50,22.76391184573003,24.621045289256198,24.60406753819848,-1.84015569246845,0.9436056394360564,0.9725125955675767
K50,Forkhead boxes,23,50,29.525691699604742,24.60202648221344,24.60406753819848,4.921624161406264,0.0273972602739726,0.04176087245644367
K50,Formins,13,50,32.705128205128204,24.63937564102564,24.60406753819848,8.101060666929726,0.0064993500649935,0.01129591837864184
K50,Fucosyltransferases,13,50,37.756410256410255,24.63937564102564,24.60406753819848,13.152342718211777,9.999000099990002e-05,0.0002907116695737834
K50,G protein subunits gamma,12,50,44.39393939393939,24.643609090909088,24.60406753819848,19.789871855740913,9.999000099990002e-05,0.0002907116695737834
K50,"G protein-coupled receptors, Class A orphans",78,50,31.086913086913086,24.601687878787878,24.60406753819848,6.482845548714607,9.999000099990002e-05,0.0002907116695737834
K50,"G protein-coupled receptors, Class F frizzled",11,50,38.74545454545454,24.580945454545454,24.60406753819848,14.141387007256064,9.999000099990002e-05,0.0002907116695737834
K50,G-patch domain containing,20,50,33.757894736842104,24.626106842105266,24.60406753819848,9.153827198643626,0.00029997000299970003,0.0007596014592089179
K50,GATA zinc finger domain containing,12,50,25.651515151515152,24.643609090909088,24.60406753819848,1.047447613316674,0.40575942405759424,0.4594055017575166
K50,GBAF complex subunits,12,50,37.86363636363637,24.643609090909088,24.60406753819848,13.259568825437889,9.999000099990002e-05,0.0002907116695737834
K50,GCN5 related N-acetyltransferases,21,50,33.78095238095238,24.593180476190476,24.60406753819848,9.1768848427539,0.00019998000199980003,0.0005351737553517375
K50,GRAM domain containing,12,50,29.78787878787879,24.643609090909088,24.60406753819848,5.183811249680311,0.07889211078892111,0.10586377259709927
K50,Galectins,11,50,31.418181818181818,24.580945454545454,24.60406753819848,6.81411427998334,0.030996900309969003,0.046201076094922154
K50,Gamete adhesion and fusion factors,13,50,32.93589743589744,24.63937564102564,24.60406753819848,8.33182989769896,0.004999500049995001,0.009056786629029406
K50,Gamma-aminobutyric acid type A receptor subunits,19,50,39.87134502923977,24.556739181286552,24.60406753819848,15.267277491041291,9.999000099990002e-05,0.0002907116695737834
K50,Gap junction proteins,21,50,36.84285714285714,24.593180476190476,24.60406753819848,12.238789604658663,9.999000099990002e-05,0.0002907116695737834
K50,General transcription factor IID complex subunits,14,50,42.494505494505496,24.570063736263734,24.60406753819848,17.890437956307018,9.999000099990002e-05,0.0002907116695737834
K50,Gla domain containing,13,50,17.358974358974358,24.63937564102564,24.60406753819848,-7.245093179224121,0.9785021497850215,0.9975638799756389
K50,Glutamine amidotransferase class 1 domain containing,12,50,21.848484848484848,24.643609090909088,24.60406753819848,-2.7555826897136306,0.774022597740226,0.8210915394946992
K50,Glycoprotein hormone subunits,10,50,34.2,24.588639999999998,24.60406753819848,9.595932461801524,0.0033996600339966003,0.006304094000048814
K50,Glycoside hydrolase family,11,50,33.2,24.580945454545454,24.60406753819848,8.595932461801524,0.007099290070992901,0.012248225726877863
K50,Glycosyltransferase family 8,10,50,33.62222222222222,24.588639999999998,24.60406753819848,9.018154684023742,0.0071992800719928,0.012375404795286893
K50,Golgins,11,50,36.0,24.580945454545454,24.60406753819848,11.395932461801522,9.999000099990002e-05,0.0002907116695737834
K50,Granule associated serine proteases of immune defence,12,50,24.363636363636363,24.643609090909088,24.60406753819848,-0.24043117456211505,0.5420457954204579,0.5923516697054193
K50,H2A histones,17,50,40.49264705882353,24.670548529411764,24.60406753819848,15.88857952062505,9.999000099990002e-05,0.0002907116695737834
K50,H2B histones,15,50,46.2952380952381,24.594070476190474,24.60406753819848,21.69117055703962,9.999000099990002e-05,0.0002907116695737834
K50,HAD Asp-based non-protein phosphatases,10,50,28.933333333333334,24.588639999999998,24.60406753819848,4.329265795134855,0.144985501449855,0.1806565375208511
K50,HECT domain containing,12,50,35.95454545454545,24.643609090909088,24.60406753819848,11.350477916346975,0.0006999300069993001,0.0016160148691013252
K50,HOXL subclass homeoboxes,22,50,35.05194805194805,24.60772770562771,24.60406753819848,10.447880513749574,9.999000099990002e-05,0.0002907116695737834
K50,Heat shock 70kDa proteins,15,50,36.50476190476191,24.594070476190474,24.60406753819848,11.900694366563428,9.999000099990002e-05,0.0002907116695737834
K50,Helicases,10,50,30.68888888888889,24.588639999999998,24.60406753819848,6.084821350690412,0.06059394060593941,0.08369426986920077
K50,Helix-turn-helix CENPB type domain family,10,50,34.28888888888889,24.588639999999998,24.60406753819848,9.684821350690413,0.0028997100289971,0.0055294065735126885
K50,Heterogeneous nuclear ribonucleoproteins,26,50,36.713846153846156,24.58521169230769,24.60406753819848,12.109778615647677,9.999000099990002e-05,0.0002907116695737834
K50,Histocompatibility complex,19,50,29.883040935672515,24.556739181286552,24.60406753819848,5.2789733974740365,0.0292970702929707,0.044086006734789775
K50,Histone lysine methyltransferases,24,50,34.92391304347826,24.60010797101449,24.60406753819848,10.31984550527978,9.999000099990002e-05,0.0002907116695737834
K50,I-set domain containing,153,50,25.70123839009288,24.60348425352597,24.60406753819848,1.0971708518944006,0.14188581141885812,0.17773462015500577
K50,IFT-B1 complex,11,50,35.38181818181818,24.580945454545454,24.60406753819848,10.777750643619704,0.00019998000199980003,0.0005351737553517375
K50,INO80 complex,15,50,32.180952380952384,24.594070476190474,24.60406753819848,7.5768848427539055,0.0086991300869913,0.014738454212132743
K50,IPT domain containing,31,50,27.333333333333332,24.61711634408602,24.60406753819848,2.729265795134854,0.11898810118988101,0.15187912103098633
K50,Ig-like cell adhesion molecule family,61,50,28.172131147540984,24.591971530054643,24.60406753819848,3.5680636093425058,0.0122987701229877,0.020541562864990093
K50,Immunoglobulin heavy locus at 14q32.33,24,50,42.47463768115942,24.60010797101449,24.60406753819848,17.870570142960943,9.999000099990002e-05,0.0002907116695737834
K50,Immunoglobulin kappa locus at 2p11.2,18,50,47.03921568627451,24.62176405228758,24.60406753819848,22.43514814807603,9.999000099990002e-05,0.0002907116695737834
K50,Immunoglobulin lambda locus at 22q11.2,17,50,49.10294117647059,24.670548529411764,24.60406753819848,24.49887363827211,9.999000099990002e-05,0.0002907116695737834
K50,Immunoglobulin like domain containing,97,50,23.44737972508591,24.614617182130587,24.60406753819848,-1.156687813112569,0.8182181781821818,0.8602249150084991
K50,Importins,17,50,37.845588235294116,24.670548529411764,24.60406753819848,13.241520697095638,9.999000099990002e-05,0.0002907116695737834
K50,Integrator complex,16,50,39.19166666666667,24.632756666666666,24.60406753819848,14.587599128468192,9.999000099990002e-05,0.0002907116695737834
K50,Integrin alpha subunits,18,50,26.712418300653596,24.62176405228758,24.60406753819848,2.1083507624551174,0.24927507249275072,0.29425704046136736
K50,Interferons,21,50,31.557142857142857,24.593180476190476,24.60406753819848,6.953075318944379,0.0035996400359964,0.00664874689001688
K50,Interleukin 1 family,11,50,28.381818181818183,24.580945454545454,24.60406753819848,3.7777506436197044,0.17468253174682533,0.21150507057263426
K50,Interleukin receptors,41,50,16.215853658536584,24.5910906097561,24.60406753819848,-8.388213879661894,1.0,1.0
K50,Interleukins,16,50,24.416666666666668,24.632756666666666,24.60406753819848,-0.1874008715318105,0.5398460153984601,0.5913197052387784
K50,Iron (II) and 2-oxoglutarate dependent oxygenases,20,50,28.489473684210527,24.626106842105266,24.60406753819848,3.8854061460120484,0.08589141085891411,0.11427925004109758
K50,JAMM/MPN+ metallopeptidase family,12,50,21.015151515151516,24.643609090909088,24.60406753819848,-3.5889160230469628,0.8346165383461653,0.8755108898909664
K50,KCTD family,16,50,33.59166666666667,24.632756666666666,24.60406753819848,8.98759912846819,0.0011998800119988001,0.0025688340256883407
K50,KLF transcription factors,16,50,33.53333333333333,24.632756666666666,24.60406753819848,8.929265795134853,0.0011998800119988001,0.0025688340256883407
K50,KRAB domain containing,328,50,36.11156485418065,24.612288500410234,24.60406753819848,11.507497315982171,9.999000099990002e-05,0.0002907116695737834
K50,Kallikreins,16,50,32.18333333333333,24.632756666666666,24.60406753819848,7.579265795134852,0.005499450054994501,0.009811518848115187
K50,Kelch like,39,50,30.87854251012146,24.605753036437246,24.60406753819848,6.274474971922981,0.00039996000399960006,0.0009914797993884822
K50,"Keratins, type I",14,50,36.967032967032964,24.570063736263734,24.60406753819848,12.362965428834485,9.999000099990002e-05,0.0002907116695737834
K50,"Keratins, type II",26,50,37.12307692307692,24.58521169230769,24.60406753819848,12.519009384878444,9.999000099990002e-05,0.0002907116695737834
K50,Killer cell lectin like receptors,11,50,29.454545454545453,24.580945454545454,24.60406753819848,4.850477916346975,0.10548945105489452,0.13725284930070528
K50,Kinesins,41,50,33.61829268292683,24.5910906097561,24.60406753819848,9.01422514472835,9.999000099990002e-05,0.0002907116695737834
K50,Kringle domain containing,15,50,15.704761904761904,24.594070476190474,24.60406753819848,-8.899305633436574,0.9955004499550045,1.0
K50,L ribosomal proteins,54,50,45.046820405310974,24.601726345213137,24.60406753819848,20.442752867112496,9.999000099990002e-05,0.0002907116695737834
K50,LIM domain containing,44,50,34.71670190274841,24.59426257928118,24.60406753819848,10.112634364549933,9.999000099990002e-05,0.0002907116695737834
K50,LSm proteins,14,50,34.16483516483517,24.570063736263734,24.60406753819848,9.56076762663669,0.0005999400059994001,0.0014199585066618967
K50,LY6/PLAUR domain containing,35,50,31.51260504201681,24.6237843697479,24.60406753819848,6.90853750381833,0.00029997000299970003,0.0007596014592089179
K50,Laminin subunits,12,50,43.54545454545455,24.643609090909088,24.60406753819848,18.94138700725607,9.999000099990002e-05,0.0002907116695737834
K50,Large subunit mitochondrial ribosomal proteins,50,50,40.82775510204082,24.609684326530616,24.60406753819848,16.22368756384234,9.999000099990002e-05,0.0002907116695737834
K50,Lipases,21,50,30.476190476190474,24.593180476190476,24.60406753819848,5.872122937991996,0.014598540145985401,0.023874695863746957
K50,Lipocalins,19,50,30.742690058479532,24.556739181286552,24.60406753819848,6.138622520281054,0.014698530146985302,0.023955043941972586
K50,Low density lipoprotein receptors,13,50,35.48717948717949,24.63937564102564,24.60406753819848,10.88311194898101,0.00039996000399960006,0.0009914797993884822
K50,Lysine acetyltransferases,18,50,28.398692810457515,24.62176405228758,24.60406753819848,3.7946252722590366,0.10338966103389662,0.1352681398526814
K50,Lysine demethylases,25,50,39.50666666666667,24.552262666666667,24.60406753819848,14.90259912846819,9.999000099990002e-05,0.0002907116695737834
K50,Lysophospholipid acyltransferases,14,50,39.285714285714285,24.570063736263734,24.60406753819848,14.681646747515806,9.999000099990002e-05,0.0002907116695737834
K50,M1 metallopeptidases,13,50,30.96153846153846,24.63937564102564,24.60406753819848,6.3574709233399815,0.03189681031896811,0.04724338886866031
K50,M10 matrix metallopeptidases,23,50,32.8498023715415,24.60202648221344,24.60406753819848,8.245734833343022,0.00029997000299970003,0.0007596014592089179
K50,M14 carboxypeptidases,26,50,28.627692307692307,24.58521169230769,24.60406753819848,4.0236247694938285,0.05069493050694931,0.07191961526738892
K50,M28 metallopeptidases,10,50,24.555555555555557,24.588639999999998,24.60406753819848,-0.048511982642921225,0.5227477252274773,0.5752667723881817
K50,MAGE family,28,50,26.362433862433864,24.591929365079363,24.60406753819848,1.7583663242353857,0.23967603239676033,0.28435116186114384
K50,MAP kinase phosphatases,10,50,34.51111111111111,24.588639999999998,24.60406753819848,9.907043572912634,0.0022997700229977,0.004609326301412412
K50,MAPK activated protein kinases,11,50,37.25454545454546,24.580945454545454,24.60406753819848,12.65047791634698,9.999000099990002e-05,0.0002907116695737834
K50,MARVEL domain containing,15,50,33.08571428571429,24.594070476190474,24.60406753819848,8.48164674751581,0.0026997300269973002,0.005254433234362514
K50,MIF4G domain containing proteins,11,50,21.745454545454546,24.580945454545454,24.60406753819848,-2.8586129927439323,0.7662233776622338,0.8146528462277927
K50,MORN repeat containing,13,50,31.576923076923077,24.63937564102564,24.60406753819848,6.972855538724598,0.0188981101889811,0.029869160734933217
K50,Macro domain containing,10,50,34.2,24.588639999999998,24.60406753819848,9.595932461801524,0.0033996600339966003,0.006304094000048814
K50,Mediator complex,33,50,36.59090909090909,24.580819886363635,24.60406753819848,11.986841552710615,9.999000099990002e-05,0.0002907116695737834
K50,Membrane associated guanylate kinases,26,50,24.495384615384616,24.58521169230769,24.60406753819848,-0.1086829228138626,0.5206479352064793,0.5742978395368894
K50,Membrane associated ring-CH-type fingers,11,50,35.90909090909091,24.580945454545454,24.60406753819848,11.305023370892428,9.999000099990002e-05,0.0002907116695737834
K50,Membrane bound O-acyltransferase family,11,50,33.92727272727273,24.580945454545454,24.60406753819848,9.323205189074251,0.0027997200279972004,0.005382318910966046
K50,Membrane spanning 4-domains,18,50,29.38562091503268,24.62176405228758,24.60406753819848,4.7815533768342,0.055394460553944605,0.07765116345508306
K50,MicroRNA protein coding host genes,822,50,24.984470899235696,24.608654200117954,24.60406753819848,0.3804033610372173,0.1934806519348065,0.23366509502895863
K50,Minor histocompatibility antigens,47,50,23.512488436632747,24.615683718778907,24.60406753819848,-1.0915791015657312,0.7284271572842715,0.7797481615474816
K50,Mitochondrial complex III: ubiquinol-cytochrome c reductase complex subunits,10,50,42.08888888888889,24.588639999999998,24.60406753819848,17.48482135069041,9.999000099990002e-05,0.0002907116695737834
K50,Mitochondrial complex IV: cytochrome c oxidase subunits,21,50,44.48095238095238,24.593180476190476,24.60406753819848,19.876884842753903,9.999000099990002e-05,0.0002907116695737834
K50,Mitochondrial complex V: ATP synthase subunits,20,50,38.44210526315789,24.626106842105266,24.60406753819848,13.838037724959413,9.999000099990002e-05,0.0002907116695737834
K50,Mitochondrial iron-sulfur assembly components,12,50,28.46969696969697,24.643609090909088,24.60406753819848,3.8656294314984905,0.15098490150984903,0.18665062627595508
K50,Mitochondrial nucleoid associated proteins,15,50,28.304761904761904,24.594070476190474,24.60406753819848,3.7006943665634253,0.1372862713728627,0.17335612283275692
K50,Mitochondrial respiratory chain complex assembly factors,71,50,24.748088531187122,24.630099195171024,24.60406753819848,0.14402099298864357,0.47135286471352866,0.5223698806589929
K50,Mitochondrial ribosomal proteins,81,50,40.861728395061725,24.617241358024692,24.60406753819848,16.257660856863247,9.999000099990002e-05,0.0002907116695737834
K50,Mitochondrially encoded protein coding genes,13,50,36.41025641025641,24.63937564102564,24.60406753819848,11.80618887205793,0.00019998000199980003,0.0005351737553517375
K50,Mitogen-activated protein kinase kinase kinases,24,50,21.01086956521739,24.60010797101449,24.60406753819848,-3.5931979729810877,0.9115088491150884,0.9414926928359795
K50,Mixed lineage kinase family,10,50,26.044444444444444,24.588639999999998,24.60406753819848,1.440376906245966,0.37706229377062295,0.4310590785581636
K50,Mucins,17,50,36.56617647058823,24.670548529411764,24.60406753819848,11.962108932389754,9.999000099990002e-05,0.0002907116695737834
K50,Myb/SANT domain containing,48,50,26.453014184397162,24.61155053191489,24.60406753819848,1.8489466461986837,0.16418358164183583,0.20033799728835408
K50,"Myosin heavy chains, class II",14,50,32.65934065934066,24.570063736263734,24.60406753819848,8.055273121142179,0.005499450054994501,0.009811518848115187
K50,Myotubularins,14,50,30.78021978021978,24.570063736263734,24.60406753819848,6.176152242021303,0.026497350264973504,0.0405202986194887
K50,N-Ank proteins,11,50,36.69090909090909,24.580945454545454,24.60406753819848,12.08684155271061,9.999000099990002e-05,0.0002907116695737834
K50,N-BAR domain containing,12,50,31.742424242424242,24.643609090909088,24.60406753819848,7.138356704225764,0.0211978802119788,0.03328067193280672
K50,N-alpha-acetyltransferase subunits,13,50,39.61538461538461,24.63937564102564,24.60406753819848,15.011317077186135,9.999000099990002e-05,0.0002907116695737834
K50,NADH:ubiquinone oxidoreductase core subunits,14,50,45.86813186813187,24.570063736263734,24.60406753819848,21.26406432993339,9.999000099990002e-05,0.0002907116695737834
K50,NADH:ubiquinone oxidoreductase supernumerary subunits,30,50,44.92183908045977,24.60029448275862,24.60406753819848,20.31777154226129,9.999000099990002e-05,0.0002907116695737834
K50,NBPF members,10,50,38.4,24.588639999999998,24.60406753819848,13.79593246180152,9.999000099990002e-05,0.0002907116695737834
K50,NIMA related kinase family,11,50,39.78181818181818,24.580945454545454,24.60406753819848,15.177750643619703,9.999000099990002e-05,0.0002907116695737834
K50,NKL subclass homeoboxes and pseudogenes,16,50,34.9,24.632756666666666,24.60406753819848,10.29593246180152,0.00019998000199980003,0.0005351737553517375
K50,NLR family,18,50,33.01307189542484,24.62176405228758,24.60406753819848,8.409004357226358,0.0015998400159984002,0.0033341798563506484
K50,NTC associated proteins,16,50,39.38333333333333,24.632756666666666,24.60406753819848,14.779265795134854,9.999000099990002e-05,0.0002907116695737834
K50,Nectins and nectin-like molecules,10,50,34.644444444444446,24.588639999999998,24.60406753819848,10.040376906245967,0.0018998100189981002,0.003890480517165675
K50,Neuropeptides,57,50,29.11842105263158,24.61753859649123,24.60406753819848,4.5143535144331,0.0021997800219978004,0.00446593271707312
K50,Non-clustered protocadherins,12,50,34.71212121212121,24.643609090909088,24.60406753819848,10.108053673922733,0.0010998900109989002,0.0023983712739837127
K50,Non-histone lysine methyltransferases,19,50,34.83625730994152,24.556739181286552,24.60406753819848,10.232189771743045,9.999000099990002e-05,0.0002907116695737834
K50,NuRD complex subunits,15,50,35.39047619047619,24.594070476190474,24.60406753819848,10.786408652277714,9.999000099990002e-05,0.0002907116695737834
K50,Nuclear RNase P complex subunits,10,50,39.6,24.588639999999998,24.60406753819848,14.995932461801523,9.999000099990002e-05,0.0002907116695737834
K50,Nucleoporins,30,50,42.225287356321836,24.60029448275862,24.60406753819848,17.621219818123357,9.999000099990002e-05,0.0002907116695737834
K50,Nucleotide excision repair,17,50,24.544117647058822,24.670548529411764,24.60406753819848,-0.059949891139655875,0.5276472352764724,0.5793050065622809
K50,Nudix hydrolase family,22,50,32.76190476190476,24.60772770562771,24.60406753819848,8.15783722370628,0.00029997000299970003,0.0007596014592089179
K50,OTU domain containing,16,50,34.34166666666667,24.632756666666666,24.60406753819848,9.73759912846819,0.0004999500049995,0.0012014104711977783
K50,Olfactomedin domain containing,13,50,31.794871794871796,24.63937564102564,24.60406753819848,7.190804256673317,0.015198480151984802,0.024684428108913248
K50,"Olfactory receptors, family 1",24,50,41.31521739130435,24.60010797101449,24.60406753819848,16.711149853105873,9.999000099990002e-05,0.0002907116695737834
K50,"Olfactory receptors, family 10",33,50,37.74431818181818,24.580819886363635,24.60406753819848,13.140250643619702,9.999000099990002e-05,0.0002907116695737834
K50,"Olfactory receptors, family 13",10,50,39.37777777777778,24.588639999999998,24.60406753819848,14.773710239579302,9.999000099990002e-05,0.0002907116695737834
K50,"Olfactory receptors, family 2",64,50,39.43055555555556,24.60272316468254,24.60406753819848,14.826488017357079,9.999000099990002e-05,0.0002907116695737834
K50,"Olfactory receptors, family 4",44,50,39.51162790697674,24.59426257928118,24.60406753819848,14.907560368778263,9.999000099990002e-05,0.0002907116695737834
K50,"Olfactory receptors, family 5",44,50,40.6384778012685,24.59426257928118,24.60406753819848,16.034410263070022,9.999000099990002e-05,0.0002907116695737834
K50,"Olfactory receptors, family 51",21,50,40.76190476190476,24.593180476190476,24.60406753819848,16.15783722370628,9.999000099990002e-05,0.0002907116695737834
K50,"Olfactory receptors, family 52",24,50,37.916666666666664,24.60010797101449,24.60406753819848,13.312599128468186,9.999000099990002e-05,0.0002907116695737834
K50,"Olfactory receptors, family 6",29,50,38.967980295566505,24.57231157635468,24.60406753819848,14.363912757368027,9.999000099990002e-05,0.0002907116695737834
K50,"Olfactory receptors, family 7",11,50,40.50909090909091,24.580945454545454,24.60406753819848,15.90502337089243,9.999000099990002e-05,0.0002907116695737834
K50,"Olfactory receptors, family 8",22,50,40.95238095238095,24.60772770562771,24.60406753819848,16.34831341418247,9.999000099990002e-05,0.0002907116695737834
K50,Oligosaccharyltransferase complex subunits,12,50,39.78787878787879,24.643609090909088,24.60406753819848,15.18381124968031,9.999000099990002e-05,0.0002907116695737834
K50,Opsin receptors,11,50,35.21818181818182,24.580945454545454,24.60406753819848,10.61411427998334,0.00029997000299970003,0.0007596014592089179
K50,Oxygenases,23,50,27.24901185770751,24.60202648221344,24.60406753819848,2.644944319509033,0.16098390160983903,0.19745681681831817
K50,Oxysterol binding proteins,12,50,37.39393939393939,24.643609090909088,24.60406753819848,12.789871855740913,9.999000099990002e-05,0.0002907116695737834
K50,PAS domain containing,28,50,17.534391534391535,24.591929365079363,24.60406753819848,-7.0696760038069435,0.9973002699730027,1.0
K50,PBAF complex subunits,15,50,38.95238095238095,24.594070476190474,24.60406753819848,14.34831341418247,9.999000099990002e-05,0.0002907116695737834
K50,PDZ domain containing,142,50,28.109679352712018,24.60994480071921,24.60406753819848,3.5056118145135393,0.00029997000299970003,0.0007596014592089179
K50,PHD finger proteins,90,50,31.69837702871411,24.581637353308366,24.60406753819848,7.094309490515631,9.999000099990002e-05,0.0002907116695737834
K50,POTE ankyrin domain containing,11,50,38.14545454545455,24.580945454545454,24.60406753819848,13.54138700725607,9.999000099990002e-05,0.0002907116695737834
K50,PR/SET domain family,13,50,36.46153846153846,24.63937564102564,24.60406753819848,11.857470923339982,0.00019998000199980003,0.0005351737553517375
K50,PRD class homeoboxes and pseudogenes,12,50,32.696969696969695,24.643609090909088,24.60406753819848,8.092902158771217,0.0100989901009899,0.01704883275113349
K50,PWWP domain containing,16,50,28.316666666666666,24.632756666666666,24.60406753819848,3.712599128468188,0.12258774122587741,0.15605088139834666
K50,PX-BAR domain containing,12,50,39.06060606060606,24.643609090909088,24.60406753819848,14.456538522407584,9.999000099990002e-05,0.0002907116695737834
K50,Peroxins,16,50,35.56666666666667,24.632756666666666,24.60406753819848,10.962599128468192,9.999000099990002e-05,0.0002907116695737834
K50,Phosphatidylinositol glycan anchor biosynthesis,21,50,39.15238095238095,24.593180476190476,24.60406753819848,14.548313414182473,9.999000099990002e-05,0.0002907116695737834
K50,Phosphodiesterases,24,50,39.05072463768116,24.60010797101449,24.60406753819848,14.446657099482678,9.999000099990002e-05,0.0002907116695737834
K50,Phosphoinositide phosphatases,32,50,23.24798387096774,24.599623387096777,24.60406753819848,-1.3560836672307381,0.728027197280272,0.7797481615474816
K50,Phospholipases,41,50,26.85609756097561,24.5910906097561,24.60406753819848,2.252030022777131,0.12758724127587243,0.1619773332639782
K50,Pleckstrin homology domain containing,183,50,25.906563381973218,24.624036479913528,24.60406753819848,1.3024958437747394,0.0832916708329167,0.11113421235780103
K50,Poly(ADP-ribose) polymerases,17,50,28.41176470588235,24.670548529411764,24.60406753819848,3.807697167683873,0.11598840115988401,0.14967270396248047
K50,Polypeptide N-acetylgalactosaminyltransferases,20,50,40.39473684210526,24.626106842105266,24.60406753819848,15.790669303906782,9.999000099990002e-05,0.0002907116695737834
K50,Potassium inwardly rectifying channel subfamily J,16,50,32.46666666666667,24.632756666666666,24.60406753819848,7.86259912846819,0.003999600039996,0.007301595421853164
K50,Potassium two pore domain channel subfamily K,15,50,29.409523809523808,24.594070476190474,24.60406753819848,4.80545627132533,0.0741925807419258,0.10068648307583035
K50,Potassium voltage-gated channel regulatory subunits,14,50,35.84615384615385,24.570063736263734,24.60406753819848,11.242086307955368,9.999000099990002e-05,0.0002907116695737834
K50,Potassium voltage-gated channels,40,50,43.90384615384615,24.640798076923076,24.60406753819848,19.299778615647675,9.999000099990002e-05,0.0002907116695737834
K50,Pregnancy specific glycoproteins,10,50,40.24444444444445,24.588639999999998,24.60406753819848,15.640376906245969,9.999000099990002e-05,0.0002907116695737834
K50,Progestin and adipoQ receptor family,11,50,32.21818181818182,24.580945454545454,24.60406753819848,7.61411427998334,0.016298370162983702,0.026110654240698382
K50,Proteasome,45,50,39.70808080808081,24.561240606060608,24.60406753819848,15.10401326988233,9.999000099990002e-05,0.0002907116695737834
K50,Protein disulfide isomerases,21,50,28.580952380952382,24.593180476190476,24.60406753819848,3.976884842753904,0.0766923307669233,0.10320596511777394
K50,Protein phosphatase 1 regulatory subunits,171,50,24.16986584107327,24.607660474716198,24.60406753819848,-0.4342016971252072,0.676032396760324,0.7286298830071226
K50,Protein phosphatase 2 regulatory subunits,15,50,26.733333333333334,24.594070476190474,24.60406753819848,2.129265795134856,0.27107289271072893,0.3176003295192869
K50,Protein phosphatase catalytic subunits,12,50,29.606060606060606,24.643609090909088,24.60406753819848,5.001993067862127,0.08689131086891311,0.11484410218196056
K50,"Protein phosphatases, Mg2+/Mn2+ dependent",18,50,31.130718954248366,24.62176405228758,24.60406753819848,6.526651416049887,0.0108989101089891,0.018333523790478094
K50,Protein tyrosine phosphatases non-receptor type,15,50,34.72380952380952,24.594070476190474,24.60406753819848,10.119741985611043,0.00029997000299970003,0.0007596014592089179
K50,Protein tyrosine phosphatases receptor type,19,50,30.239766081871345,24.556739181286552,24.60406753819848,5.635698543672866,0.0217978202179782,0.033883740338837405
K50,Proteins encoded by multiple genes,44,50,20.970401691331922,24.59426257928118,24.60406753819848,-3.633665846866556,0.9684031596840316,0.9919701508110059
K50,Pseudoautosomal region 1,16,50,17.491666666666667,24.632756666666666,24.60406753819848,-7.112400871531811,0.9853014698530147,1.0
K50,Pseudokinases,29,50,30.800492610837438,24.57231157635468,24.60406753819848,6.196425072638959,0.001999800019998,0.004077514326489429
K50,Pseudouridine synthases,13,50,39.58974358974359,24.63937564102564,24.60406753819848,14.985676051545113,9.999000099990002e-05,0.0002907116695737834
K50,Putative lysine methyltransferases,16,50,35.833333333333336,24.632756666666666,24.60406753819848,11.229265795134857,9.999000099990002e-05,0.0002907116695737834
K50,Pyrin domain containing,16,50,30.975,24.632756666666666,24.60406753819848,6.370932461801523,0.018198180181981802,0.02895723941119402
K50,"RAB, member RAS oncogene GTPases",64,50,33.251488095238095,24.60272316468254,24.60406753819848,8.647420557039617,9.999000099990002e-05,0.0002907116695737834
K50,RAS type GTPase family,28,50,29.232804232804234,24.591929365079363,24.60406753819848,4.628736694605756,0.025797420257974202,0.03957845257819495
K50,RBR E3 ubiquitin ligases,14,50,34.505494505494504,24.570063736263734,24.60406753819848,9.901426967296025,0.00039996000399960006,0.0009914797993884822
K50,RNA binding motif containing,196,50,31.802511773940346,24.619027922553634,24.60406753819848,7.198444235741867,9.999000099990002e-05,0.0002907116695737834
K50,RNA polymerase subunits,34,50,36.53119429590018,24.636551515151513,24.60406753819848,11.9271267577017,9.999000099990002e-05,0.0002907116695737834
K50,RNase MRP complex subunits,11,50,39.10909090909091,24.580945454545454,24.60406753819848,14.505023370892431,9.999000099990002e-05,0.0002907116695737834
K50,RUN domain containing,18,50,30.633986928104576,24.62176405228758,24.60406753819848,6.029919389906098,0.017698230176982303,0.028257174282571743
K50,RWD domain containing,12,50,32.31818181818182,24.643609090909088,24.60406753819848,7.714114279983342,0.013298670132986702,0.021824646803612322
K50,Receptor ligands,98,50,21.05386071954555,24.597718556701032,24.60406753819848,-3.550206818652928,0.9964003599640036,1.0
K50,Regulators of G-protein signaling,20,50,30.305263157894736,24.626106842105266,24.60406753819848,5.701195619696257,0.0184981501849815,0.0293354502933545
K50,Rho GTPase activating proteins,32,50,30.118951612903224,24.599623387096777,24.60406753819848,5.514884074704746,0.0037996200379962005,0.006963505984031948
K50,Rho family GTPases,20,50,31.263157894736842,24.626106842105266,24.60406753819848,6.659090356538364,0.0064993500649935,0.01129591837864184
K50,Rhomboid family,14,50,33.62637362637363,24.570063736263734,24.60406753819848,9.02230608817515,0.0011998800119988001,0.0025688340256883407
K50,Ribonuclease A family,13,50,36.782051282051285,24.63937564102564,24.60406753819848,12.177983743852806,9.999000099990002e-05,0.0002907116695737834
K50,Ribosomal protein S6 kinase family,11,50,34.27272727272727,24.580945454545454,24.60406753819848,9.668659734528795,0.0016998300169983002,0.003526960079322464
K50,Ribosome biogenesis factors,37,50,30.557057057057058,24.58135810810811,24.60406753819848,5.95298951885858,0.0014998500149985001,0.0031821142210103313
K50,Ring finger proteins,260,50,29.34003564003564,24.592846234036237,24.60406753819848,4.735968101837162,9.999000099990002e-05,0.0002907116695737834
K50,S ribosomal proteins,35,50,45.98655462184874,24.6237843697479,24.60406753819848,21.38248708365026,9.999000099990002e-05,0.0002907116695737834
K50,S100 calcium binding proteins,17,50,31.91176470588235,24.670548529411764,24.60406753819848,7.307697167683873,0.006199380061993801,0.010935985053180075
K50,SAGA complex,17,50,33.38970588235294,24.670548529411764,24.60406753819848,8.785638344154464,0.0004999500049995,0.0012014104711977783
K50,SCAN domain containing,48,50,35.808510638297875,24.61155053191489,24.60406753819848,11.204443100099397,9.999000099990002e-05,0.0002907116695737834
K50,SET domain containing,33,50,33.72348484848485,24.580819886363635,24.60406753819848,9.119417310286373,9.999000099990002e-05,0.0002907116695737834
K50,SH2 domain containing,95,50,23.124972004479282,24.62313572228443,24.60406753819848,-1.479095533719196,0.8734126587341265,0.9081177974917739
K50,SIN3 histone deacetylase complex subunits,10,50,30.711111111111112,24.588639999999998,24.60406753819848,6.107043572912634,0.05979402059794021,0.08283230500479363
K50,SNAREs,15,50,33.23809523809524,24.594070476190474,24.60406753819848,8.634027699896762,0.0023997600239976003,0.004709529047095291
K50,SNF2 related family,32,50,31.903225806451612,24.599623387096777,24.60406753819848,7.299158268253134,0.00019998000199980003,0.0005351737553517375
K50,SRY-box transcription factors,12,50,36.36363636363637,24.643609090909088,24.60406753819848,11.759568825437889,9.999000099990002e-05,0.0002907116695737834
K50,SSU processome,42,50,31.135888501742162,24.581253426248548,24.60406753819848,6.531820963543684,0.00039996000399960006,0.0009914797993884822
K50,STRIPAK complex,20,50,28.6,24.626106842105266,24.60406753819848,3.995932461801523,0.0800919908009199,0.10716854450918543
K50,Scavenger receptor cysteine rich domain containing,28,50,28.373015873015873,24.591929365079363,24.60406753819848,3.768948334817395,0.056694330566943306,0.07923747684578723
K50,Scavenger receptors,27,50,30.353276353276353,24.585028774928773,24.60406753819848,5.749208815077875,0.005599440055994401,0.009952212325937218
K50,Secretoglobins,11,50,37.0,24.580945454545454,24.60406753819848,12.395932461801522,9.999000099990002e-05,0.0002907116695737834
K50,Secretory calcium-binding phosphoprotein family,20,50,34.88421052631579,24.626106842105266,24.60406753819848,10.280142988117312,9.999000099990002e-05,0.0002907116695737834
K50,Selenoproteins,24,50,31.52173913043478,24.60010797101449,24.60406753819848,6.917671592236303,0.0022997700229977,0.004609326301412412
K50,Semaphorins,20,50,34.473684210526315,24.626106842105266,24.60406753819848,9.869616672327837,9.999000099990002e-05,0.0002907116695737834
K50,Septins,13,50,34.34615384615385,24.63937564102564,24.60406753819848,9.742086307955368,0.0007999200079992001,0.001820107844288035
K50,Serine and arginine rich splicing factors,12,50,40.28787878787879,24.643609090909088,24.60406753819848,15.68381124968031,9.999000099990002e-05,0.0002907116695737834
K50,"Serine peptidase inhibitors, Kazal type",10,50,38.644444444444446,24.588639999999998,24.60406753819848,14.040376906245967,9.999000099990002e-05,0.0002907116695737834
K50,Serine proteases,52,50,24.937405731523377,24.599731598793362,24.60406753819848,0.33333819332489867,0.42525747425257476,0.47803405816936206
K50,Serpin peptidase inhibitors,34,50,29.311942959001783,24.636551515151513,24.60406753819848,4.707875420803305,0.012698730126987301,0.020986322420389537
K50,Short chain dehydrogenase/reductase superfamily,72,50,26.375586854460092,24.59745755086072,24.60406753819848,1.7715193162616139,0.11498850114988501,0.14879006604834022
K50,Sialic acid binding Ig like lectins,14,50,26.384615384615383,24.570063736263734,24.60406753819848,1.780547846416905,0.3067693230676932,0.3550082338203526
K50,Sialyltransferases,20,50,39.11052631578947,24.626106842105266,24.60406753819848,14.506458777590993,9.999000099990002e-05,0.0002907116695737834
K50,Small leucine rich repeat proteoglycans,12,50,35.378787878787875,24.643609090909088,24.60406753819848,10.774720340589397,0.0008999100089991,0.0020183695916122673
K50,Small molecule methyltransferases,23,50,27.727272727272727,24.60202648221344,24.60406753819848,3.1232051890742483,0.11748825117488251,0.1510120727057729
K50,Small nucleolar RNA protein coding host genes,140,50,19.34059609455293,24.607424583761563,24.60406753819848,-5.26347144364555,1.0,1.0
K50,Small subunit mitochondrial ribosomal proteins,25,50,41.70666666666666,24.552262666666667,24.60406753819848,17.102599128468185,9.999000099990002e-05,0.0002907116695737834
K50,Soluble glutathione S-transferases,17,50,36.13235294117647,24.670548529411764,24.60406753819848,11.528285402977993,9.999000099990002e-05,0.0002907116695737834
K50,Solute carrier family 16,13,50,35.14102564102564,24.63937564102564,24.60406753819848,10.536958102827164,0.0004999500049995,0.0012014104711977783
K50,Solute carrier family 2,14,50,33.857142857142854,24.570063736263734,24.60406753819848,9.253075318944376,0.0006999300069993001,0.0016160148691013252
K50,Solute carrier family 22,26,50,21.295384615384616,24.58521169230769,24.60406753819848,-3.308682922813862,0.9049095090490951,0.9367305027738984
K50,Solute carrier family 25,53,50,31.015965166908565,24.576847822931786,24.60406753819848,6.411897628710086,9.999000099990002e-05,0.0002907116695737834
K50,Solute carrier family 26,10,50,35.28888888888889,24.588639999999998,24.60406753819848,10.684821350690413,0.0011998800119988001,0.0025688340256883407
K50,Solute carrier family 30,11,50,33.29090909090909,24.580945454545454,24.60406753819848,8.68684155271061,0.006099390060993901,0.010800047814767396
K50,Solute carrier family 35,31,50,37.70967741935484,24.61711634408602,24.60406753819848,13.105609881156361,9.999000099990002e-05,0.0002907116695737834
K50,Solute carrier family 38,12,50,33.84848484848485,24.643609090909088,24.60406753819848,9.244417310286373,0.0023997600239976003,0.004709529047095291
K50,Solute carrier family 39,14,50,30.54945054945055,24.570063736263734,24.60406753819848,5.945383011252073,0.032896710328967106,0.04857163186502667
K50,Solute carrier family 4,10,50,27.666666666666668,24.588639999999998,24.60406753819848,3.0625991284681895,0.23617638236176383,0.2809067578090676
K50,Solute carrier family 5,12,50,23.651515151515152,24.643609090909088,24.60406753819848,-0.9525523866833261,0.6161383861613838,0.668666313092193
K50,Solute carrier family 6,19,50,25.380116959064328,24.556739181286552,24.60406753819848,0.7760494208658493,0.3999600039996,0.4539305105634015
K50,Solute carrier family 7,13,50,37.205128205128204,24.63937564102564,24.60406753819848,12.601060666929726,9.999000099990002e-05,0.0002907116695737834
K50,Solute carrier family 9,14,50,27.0,24.570063736263734,24.60406753819848,2.3959324618015216,0.24627537246275372,0.29144648349235425
K50,Solute carrier organic anion transporter family,11,50,34.2,24.580945454545454,24.60406753819848,9.595932461801524,0.0017998200179982,0.0037018132247910577
K50,Sorting nexins,28,50,37.10582010582011,24.591929365079363,24.60406753819848,12.50175256762163,9.999000099990002e-05,0.0002907116695737834
K50,Spectrin repeat containing,16,50,26.208333333333332,24.632756666666666,24.60406753819848,1.6042657951348538,0.32226777322267774,0.3720297087938265
K50,Spliceosomal A complex,19,50,36.39766081871345,24.556739181286552,24.60406753819848,11.793593280514969,9.999000099990002e-05,0.0002907116695737834
K50,Spliceosomal B complex,19,50,25.842105263157894,24.556739181286552,24.60406753819848,1.2380377249594154,0.3401659834016598,0.3917314869979995
K50,Spliceosomal Bact complex,27,50,26.025641025641026,24.585028774928773,24.60406753819848,1.4215734874425472,0.28317168283171684,0.3301333233013332
K50,Spliceosomal C complex,51,50,27.410980392156862,24.61646556862745,24.60406753819848,2.8069128539583836,0.05699430056994301,0.07942105197764247
K50,Spliceosomal P complex,47,50,25.188714153561516,24.615683718778907,24.60406753819848,0.5846466153630381,0.3795620437956204,0.4328661564836252
K50,StAR related lipid transfer domain containing,13,50,28.512820512820515,24.63937564102564,24.60406753819848,3.908752974622036,0.13878612138786123,0.17431536846315368
K50,Sterile alpha motif domain containing,78,50,22.844821844821844,24.601687878787878,24.60406753819848,-1.7592456933766343,0.8883111688831117,0.9215739219029638
K50,Sulfatases,17,50,33.169117647058826,24.670548529411764,24.60406753819848,8.565050108860348,0.0007999200079992001,0.001820107844288035
K50,"Sulfotransferases, cytosolic",12,50,37.666666666666664,24.643609090909088,24.60406753819848,13.062599128468186,9.999000099990002e-05,0.0002907116695737834
K50,"Sulfotransferases, membrane bound",39,50,38.522267206477736,24.605753036437246,24.60406753819848,13.918199668279257,9.999000099990002e-05,0.0002907116695737834
K50,Sushi domain containing,56,50,25.05,24.629080779220782,24.60406753819848,0.44593246180152235,0.41245875412458755,0.46587067911913843
K50,Synaptotagmins,17,50,33.61764705882353,24.670548529411764,24.60406753819848,9.01357952062505,0.0004999500049995,0.0012014104711977783
K50,Syntaxins,16,50,33.90833333333333,24.632756666666666,24.60406753819848,9.304265795134853,0.000999900009999,0.0022110465009837045
K50,T cell receptor beta locus at 7q34,13,50,47.08974358974359,24.63937564102564,24.60406753819848,22.485676051545113,9.999000099990002e-05,0.0002907116695737834
K50,T-box transcription factors,10,50,35.37777777777778,24.588639999999998,24.60406753819848,10.773710239579302,0.0010998900109989002,0.0023983712739837127
K50,TALE class homeoboxes and pseudogenes,11,50,33.27272727272727,24.580945454545454,24.60406753819848,8.668659734528795,0.006299370062993701,0.011029752043383023
K50,THAP domain family,11,50,33.96363636363636,24.580945454545454,24.60406753819848,9.359568825437883,0.0027997200279972004,0.005382318910966046
K50,TIM23 complex,12,50,31.62121212121212,24.643609090909088,24.60406753819848,7.017144583013643,0.023697630236976304,0.03659535685775685
K50,TIR domain containing,15,50,21.60952380952381,24.594070476190474,24.60406753819848,-2.9945437286746674,0.8133186681331867,0.8579350118679407
K50,TLC domain containing,10,50,34.46666666666667,24.588639999999998,24.60406753819848,9.86259912846819,0.0022997700229977,0.004609326301412412
K50,TOG domain containing,10,50,26.88888888888889,24.588639999999998,24.60406753819848,2.284821350690411,0.2999700029997,0.3479947571745288
K50,Taste 2 receptors,24,50,40.221014492753625,24.60010797101449,24.60406753819848,15.616946954555146,9.999000099990002e-05,0.0002907116695737834
K50,Terminal nucleotidyltransferases,10,50,31.333333333333332,24.588639999999998,24.60406753819848,6.729265795134854,0.042195780421957804,0.060592111520555256
K50,Tetraspanin family,32,50,31.657258064516128,24.599623387096777,24.60406753819848,7.05319052631765,0.00029997000299970003,0.0007596014592089179
K50,Tetratricopeptide repeat domain containing,103,50,28.05216067009328,24.583862726061298,24.60406753819848,3.448093131894801,0.0025997400259974,0.00508081971885799
K50,Thioredoxin domain containing,14,50,35.120879120879124,24.570063736263734,24.60406753819848,10.516811582680646,0.00019998000199980003,0.0005351737553517375
K50,Tip60/Nua4 histone acetyltransferase complex subunits,18,50,36.78431372549019,24.62176405228758,24.60406753819848,12.180246187291715,9.999000099990002e-05,0.0002907116695737834
K50,Toll like receptors,10,50,20.88888888888889,24.588639999999998,24.60406753819848,-3.715178649309589,0.8142185781421858,0.8579350118679407
K50,Trafficking protein particle complex subunits,16,50,35.075,24.632756666666666,24.60406753819848,10.470932461801524,0.00019998000199980003,0.0005351737553517375
K50,Transaminases,11,50,30.12727272727273,24.580945454545454,24.60406753819848,5.52320518907425,0.07279272072792721,0.09909066896778532
K50,Transforming growth factor beta superfamily,15,50,31.676190476190477,24.594070476190474,24.60406753819848,7.072122937991999,0.012798720127987202,0.021077612518468434
K50,Transient receptor potential cation channels,27,50,31.507122507122507,24.585028774928773,24.60406753819848,6.903054968924028,0.000999900009999,0.0022110465009837045
K50,Translational GTPases,19,50,22.087719298245613,24.556739181286552,24.60406753819848,-2.5163482399528654,0.7958204179582041,0.8423177906928407
K50,Tripartite motif family,52,50,32.55354449472097,24.599731598793362,24.60406753819848,7.9494769565224885,9.999000099990002e-05,0.0002907116695737834
K50,Tubulin alpha family,10,50,36.6,24.588639999999998,24.60406753819848,11.995932461801523,0.00019998000199980003,0.0005351737553517375
K50,Tubulin beta family,10,50,41.37777777777778,24.588639999999998,24.60406753819848,16.7737102395793,9.999000099990002e-05,0.0002907116695737834
K50,Tudor domain containing,33,50,27.893939393939394,24.580819886363635,24.60406753819848,3.289871855740916,0.06529347065293471,0.08939890894631468
K50,Tumor necrosis factor receptor superfamily,29,50,25.100985221674875,24.57231157635468,24.60406753819848,0.4969176834763971,0.42055794420557946,0.4738822768440859
K50,Tumor necrosis factor superfamily,18,50,24.954248366013072,24.62176405228758,24.60406753819848,0.3501808278145937,0.46435356464353567,0.5169374571976765
K50,Type II classical cadherins,13,50,38.88461538461539,24.63937564102564,24.60406753819848,14.280547846416908,9.999000099990002e-05,0.0002907116695737834
K50,Type II transmembrane serine proteases,18,50,34.529411764705884,24.62176405228758,24.60406753819848,9.925344226507406,9.999000099990002e-05,0.0002907116695737834
K50,UBX domain containing,12,50,33.65151515151515,24.643609090909088,24.60406753819848,9.04744761331667,0.0032996700329967,0.006167240418815261
K50,UDP glucuronosyltransferases,22,50,35.43722943722944,24.60772770562771,24.60406753819848,10.833161899030962,9.999000099990002e-05,0.0002907116695737834
K50,UPF1 like RNA helicases,10,50,24.933333333333334,24.588639999999998,24.60406753819848,0.3292657951348552,0.48595140485951405,0.5372842997390402
K50,Ubiquitin conjugating enzymes E2,37,50,33.614114114114116,24.58135810810811,24.60406753819848,9.010046575915638,9.999000099990002e-05,0.0002907116695737834
K50,Ubiquitin like modifier activating enzymes,10,50,25.822222222222223,24.588639999999998,24.60406753819848,1.2181546840237445,0.3992600739926007,0.4539305105634015
K50,Ubiquitin specific peptidases,53,50,30.494194484760524,24.576847822931786,24.60406753819848,5.890126946562045,9.999000099990002e-05,0.0002907116695737834
K50,V-set domain containing,171,50,25.830684554523565,24.607660474716198,24.60406753819848,1.2266170163250862,0.1050894910508949,0.13711121962595985
K50,V-type ATPase subunits,22,50,35.35497835497836,24.60772770562771,24.60406753819848,10.750910816779879,9.999000099990002e-05,0.0002907116695737834
K50,VPS9 domain containing,10,50,28.711111111111112,24.588639999999998,24.60406753819848,4.107043572912634,0.1596840315968403,0.19637383520133625
K50,WAP four-disulfide core domain containing,18,50,37.77777777777778,24.62176405228758,24.60406753819848,13.1737102395793,9.999000099990002e-05,0.0002907116695737834
K50,WD repeat domain containing,247,50,25.58832823146045,24.613359507586978,24.60406753819848,0.9842606932619731,0.10898910108989102,0.1414156105050652
K50,Wnt enhanceosome complex,17,50,35.89705882352941,24.670548529411764,24.60406753819848,11.292991285330935,9.999000099990002e-05,0.0002907116695737834
K50,Wnt family,19,50,40.92982456140351,24.556739181286552,24.60406753819848,16.32575702320503,9.999000099990002e-05,0.0002907116695737834
K50,ZF class homeoboxes and pseudogenes,13,50,30.871794871794872,24.63937564102564,24.60406753819848,6.267727333596394,0.0337966203379662,0.04974440055994401
K50,ZU5 domain containing,11,50,33.236363636363635,24.580945454545454,24.60406753819848,8.632296098165156,0.006899310068993101,0.011946967067999083
K50,Zinc fingers,11,50,29.236363636363638,24.580945454545454,24.60406753819848,4.63229609816516,0.11798820117988201,0.1510120727057729
K50,Zinc fingers BED-type,10,50,35.53333333333333,24.588639999999998,24.60406753819848,10.929265795134853,0.000999900009999,0.0022110465009837045
K50,Zinc fingers C2H2-type,657,50,33.29605653933252,24.602415752496565,24.60406753819848,8.69198900113404,9.999000099990002e-05,0.0002907116695737834
K50,Zinc fingers CCCH-type,50,50,33.07918367346939,24.609684326530616,24.60406753819848,8.475116135270909,9.999000099990002e-05,0.0002907116695737834
K50,Zinc fingers CCHC-type,22,50,32.696969696969695,24.60772770562771,24.60406753819848,8.092902158771217,0.0004999500049995,0.0012014104711977783
K50,Zinc fingers CXXC-type,11,50,30.09090909090909,24.580945454545454,24.60406753819848,5.486841552710612,0.07439256074392561,0.10068648307583035
K50,Zinc fingers DHHC-type,24,50,35.92028985507246,24.60010797101449,24.60406753819848,11.316222316873983,9.999000099990002e-05,0.0002907116695737834
K50,Zinc fingers FYVE-type,30,50,28.367816091954023,24.60029448275862,24.60406753819848,3.763748553755544,0.05499450054994501,0.0773206261463406
K50,Zinc fingers MYND-type,18,50,29.77777777777778,24.62176405228758,24.60406753819848,5.1737102395793,0.040695930406959305,0.05897779452823949
K50,Zinc fingers RANBP2-type,22,50,28.757575757575758,24.60772770562771,24.60406753819848,4.153508219377279,0.06129387061293871,0.08441348847571384
K50,Zinc fingers TRAF-type,11,50,31.490909090909092,24.580945454545454,24.60406753819848,6.886841552710614,0.029597040295970403,0.0443955604439556
K50,Zinc fingers ZZ-type,18,50,25.03267973856209,24.62176405228758,24.60406753819848,0.428612200363613,0.45355464453554645,0.5062185724555506
K50,Zinc fingers matrin-type,27,50,30.45868945868946,24.585028774928773,24.60406753819848,5.854621920490981,0.005099490050994901,0.009167403870299993
K50_novel,1-acylglycerol-3-phosphate O-acyltransferases,11,50,38.27272727272727,24.677609090909094,24.700300781291386,13.572426491435888,9.999000099990002e-05,0.00029807145867691715
K50_novel,"5-hydroxytryptamine receptors, G protein-coupled",12,50,24.439393939393938,24.73930606060606,24.700300781291386,-0.26090684189744806,0.5460453954604539,0.5995043852258131
K50_novel,7BS 2'O-ribose DNA/RNA methyltransferases,10,50,32.6,24.68707111111111,24.700300781291386,7.899699218708616,0.016298370162983702,0.026562395663547834
K50_novel,7BS DNA/RNA methyltransferases,10,50,39.4,24.68707111111111,24.700300781291386,14.699699218708613,9.999000099990002e-05,0.00029807145867691715
K50_novel,7BS N6-adenosine DNA/RNA methyltransferases,10,50,32.4,24.68707111111111,24.700300781291386,7.699699218708613,0.019198080191980802,0.030861077714754125
K50_novel,7BS protein arginine methyltranferases,11,50,29.727272727272727,24.677609090909094,24.700300781291386,5.026971945981341,0.09409059094090591,0.12589962594649626
K50_novel,7BS protein lysine methyltransferases,14,50,34.10989010989011,24.66396593406593,24.700300781291386,9.409589328598724,0.0005999400059994001,0.0014641022944337691
K50_novel,7BS small molecule methyltransferases,17,50,32.86029411764706,24.76359338235294,24.700300781291386,8.159993336355672,0.0013998600139986002,0.003066670077178329
K50_novel,7TM uncharacterized proteins,12,50,32.10606060606061,24.73930606060606,24.700300781291386,7.405759824769223,0.015798420157984203,0.025927024022336445
K50_novel,A-kinase anchoring proteins,26,50,28.676923076923078,24.682651999999997,24.700300781291386,3.9766222956316923,0.049295070492950704,0.07143993292978394
K50_novel,AAA ATPases,51,50,22.607843137254903,24.713093176470586,24.700300781291386,-2.0924576440364824,0.882011798820118,0.9252284125707697
K50_novel,ADAM metallopeptidase domain containing,20,50,31.63684210526316,24.721574210526313,24.700300781291386,6.936541323971774,0.0036996300369963003,0.007054760111033431
K50_novel,ADAM metallopeptidases with thrombospondin type 1 motif,18,50,32.27450980392157,24.72126732026144,24.700300781291386,7.574209022630182,0.0030996900309969004,0.006032867787601405
K50_novel,AH/BAR family Rho GTPase activating proteins,14,50,29.571428571428573,24.66396593406593,24.700300781291386,4.871127790137187,0.06679332066793321,0.09307589951064066
K50_novel,ARF GTPase family,28,50,28.452380952380953,24.690175396825396,24.700300781291386,3.752080171089567,0.055594440555944404,0.07958960942811494
K50_novel,AT-rich interaction domain containing,14,50,30.978021978021978,24.66396593406593,24.700300781291386,6.277721196730592,0.022297770222977704,0.03536111035361111
K50_novel,ATAC complex,12,50,30.060606060606062,24.73930606060606,24.700300781291386,5.360305279314677,0.0653934606539346,0.09139560821365934
K50_novel,ATP binding cassette subfamily A,12,50,34.484848484848484,24.73930606060606,24.700300781291386,9.784547703557099,0.0011998800119988001,0.0026408574095861444
K50_novel,ATP binding cassette subfamily B,11,50,29.2,24.677609090909094,24.700300781291386,4.499699218708614,0.12338766123387661,0.16098500953228778
K50_novel,ATP binding cassette subfamily C,12,50,29.46969696969697,24.73930606060606,24.700300781291386,4.769396188405583,0.09349065093490651,0.12581170454383134
K50_novel,ATP-grasp fold containing,13,50,20.55128205128205,24.73591923076923,24.700300781291386,-4.149018730009335,0.8789121087891211,0.9240348286599911
K50_novel,ATPase phospholipid transporting,21,50,36.695238095238096,24.687600952380954,24.700300781291386,11.99493731394671,9.999000099990002e-05,0.00029807145867691715
K50_novel,Abhydrolase domain containing,24,50,29.08695652173913,24.695676086956517,24.700300781291386,4.386655740447743,0.044195580441955803,0.06479258906407497
K50_novel,Actin related proteins,14,50,28.0989010989011,24.66396593406593,24.700300781291386,3.398600317609713,0.1568843115688431,0.19704669533046695
K50_novel,Acyl-CoA dehydrogenase family,11,50,30.072727272727274,24.677609090909094,24.700300781291386,5.372426491435888,0.0766923307669233,0.10531220930385096
K50_novel,Acyl-CoA synthetase family,25,50,34.876666666666665,24.64722133333333,24.700300781291386,10.17636588537528,9.999000099990002e-05,0.00029807145867691715
K50_novel,Adenylate cyclases,10,50,38.4,24.68707111111111,24.700300781291386,13.699699218708613,9.999000099990002e-05,0.00029807145867691715
K50_novel,Aldehyde dehydrogenases,19,50,29.94736842105263,24.653301754385968,24.700300781291386,5.247067639761244,0.029397060293970604,0.04524841633483711
K50_novel,Aldo-keto reductases,15,50,27.36190476190476,24.690719047619048,24.700300781291386,2.661603980613375,0.2136786321367863,0.2600584902750035
K50_novel,"Aminoacyl tRNA synthetases, Class I",19,50,39.09356725146199,24.653301754385968,24.700300781291386,14.393266470170605,9.999000099990002e-05,0.00029807145867691715
K50_novel,"Aminoacyl tRNA synthetases, Class II",19,50,37.66081871345029,24.653301754385968,24.700300781291386,12.960517932158904,9.999000099990002e-05,0.00029807145867691715
K50_novel,Aminopeptidases,17,50,34.904411764705884,24.76359338235294,24.700300781291386,10.204110983414498,9.999000099990002e-05,0.00029807145867691715
K50_novel,Anaphase promoting complex,12,50,45.86363636363637,24.73930606060606,24.700300781291386,21.16333558234498,9.999000099990002e-05,0.00029807145867691715
K50_novel,Ankyrin repeat domain containing,174,50,27.268487143711383,24.681812417779547,24.700300781291386,2.568186362419997,0.0029997000299970002,0.005886911308869113
K50_novel,Annexins,13,50,34.67948717948718,24.73591923076923,24.700300781291386,9.979186398195797,0.0005999400059994001,0.0014641022944337691
K50_novel,Anoctamins,10,50,34.955555555555556,24.68707111111111,24.700300781291386,10.25525477426417,0.0015998400159984002,0.003440751815229436
K50_novel,Apolipoproteins,21,50,30.976190476190474,24.687600952380954,24.700300781291386,6.275889694899089,0.008599140085991401,0.015056486916364128
K50_novel,Aquaporins,14,50,35.21978021978022,24.66396593406593,24.700300781291386,10.519479438488833,9.999000099990002e-05,0.00029807145867691715
K50_novel,ArfGAPs,23,50,30.64822134387352,24.69864347826087,24.700300781291386,5.947920562582134,0.0084991500849915,0.014936939141906703
K50_novel,Arginine methyltransferases,11,50,29.727272727272727,24.677609090909094,24.700300781291386,5.026971945981341,0.09409059094090591,0.12589962594649626
K50_novel,Armadillo like helical domain containing,228,50,27.555645722235102,24.699228394775485,24.700300781291386,2.8553449409437164,9.999000099990002e-05,0.00029807145867691715
K50_novel,Armadillo repeat containing,40,50,28.044871794871796,24.73602,24.700300781291386,3.34457101358041,0.044295570442955706,0.06479258906407497
K50_novel,Atypical dual specificity phosphatases,14,50,33.9010989010989,24.66396593406593,24.700300781291386,9.200798119807512,0.0007999200079992001,0.0018838116188381162
K50_novel,Autophagy related,31,50,36.023655913978494,24.714225161290322,24.700300781291386,11.323355132687109,9.999000099990002e-05,0.00029807145867691715
K50_novel,Axonemal dynein assembly factors,13,50,38.205128205128204,24.73591923076923,24.700300781291386,13.504827423836819,9.999000099990002e-05,0.00029807145867691715
K50_novel,B7 family,10,50,17.755555555555556,24.68707111111111,24.700300781291386,-6.944745225735829,0.9526047395260474,0.983230123377159
K50_novel,BAF complex subunits,26,50,39.864615384615384,24.682651999999997,24.700300781291386,15.164314603323998,9.999000099990002e-05,0.00029807145867691715
K50_novel,BAR-PH domain containing,11,50,31.054545454545455,24.677609090909094,24.700300781291386,6.354244673254069,0.0392960703929607,0.05857104163001421
K50_novel,BCL2 family,12,50,30.772727272727273,24.73930606060606,24.700300781291386,6.072426491435888,0.042695730426957304,0.06298995100489951
K50_novel,BCL2 homology region 3 (BH3) only,11,50,33.09090909090909,24.677609090909094,24.700300781291386,8.390608309617708,0.007799220077992201,0.013758174744323321
K50_novel,BPI fold containing,13,50,32.61538461538461,24.73591923076923,24.700300781291386,7.9150838340932275,0.006899310068993101,0.012355798640668254
K50_novel,BRICHOS domain containing,10,50,28.955555555555556,24.68707111111111,24.700300781291386,4.25525477426417,0.14528547145285473,0.18494447852512047
K50_novel,BTB domain containing,161,50,24.859394409937888,24.696033276397518,24.700300781291386,0.15909362864650234,0.43775622437756223,0.49326120019576986
K50_novel,Basic helix-loop-helix proteins,57,50,30.00187969924812,24.71339003759399,24.700300781291386,5.301578917956736,0.0004999500049995,0.0012459071553162144
K50_novel,Beta 3-glycosyltransferases,25,50,37.22666666666667,24.64722133333333,24.700300781291386,12.52636588537528,9.999000099990002e-05,0.00029807145867691715
K50_novel,Beta 4-glycosyltransferases,17,50,38.838235294117645,24.76359338235294,24.700300781291386,14.13793451282626,9.999000099990002e-05,0.00029807145867691715
K50_novel,Blood group antigens,53,50,28.357039187227866,24.67481618287373,24.700300781291386,3.65673840593648,0.012398760123987601,0.021158753689848406
K50_novel,Bone morphogenetic proteins,11,50,28.98181818181818,24.677609090909094,24.700300781291386,4.281517400526795,0.1361863813618638,0.17621919126768643
K50_novel,Bridge-like lipid transfer protein family,10,50,36.82222222222222,24.68707111111111,24.700300781291386,12.121921440930837,0.00019998000199980003,0.0005476196566389873
K50_novel,Bromodomain containing,39,50,32.75843454790823,24.70422415654521,24.700300781291386,8.058133766616844,9.999000099990002e-05,0.00029807145867691715
K50_novel,Butyrophilins,12,50,37.28787878787879,24.73930606060606,24.700300781291386,12.587578006587403,9.999000099990002e-05,0.00029807145867691715
K50_novel,C-C motif chemokine receptors,10,50,24.977777777777778,24.68707111111111,24.700300781291386,0.2774769964863921,0.4894510548945106,0.5449916001307671
K50_novel,C-type lectin domain containing,85,50,28.382913165266107,24.729589047619047,24.700300781291386,3.682612383974721,0.0040995900409959,0.007754646222124776
K50_novel,C1-set domain containing,39,50,25.69365721997301,24.70422415654521,24.700300781291386,0.9933564386816229,0.3177682231776822,0.36955267436219336
K50_novel,C1q and TNF related,18,50,35.83660130718954,24.72126732026144,24.700300781291386,11.136300525898154,9.999000099990002e-05,0.00029807145867691715
K50_novel,C1q domain containing,14,50,27.24175824175824,24.66396593406593,24.700300781291386,2.541457460466855,0.22947705229477053,0.2785662155433941
K50_novel,C2 and RasGAP domain containing,10,50,31.533333333333335,24.68707111111111,24.700300781291386,6.833032552041949,0.036896310368963105,0.055521284932209654
K50_novel,C2 domain containing,33,50,29.515151515151516,24.67635397727273,24.700300781291386,4.81485073386013,0.0112988701129887,0.019422510303714155
K50_novel,C2 domain containing phospholipases,18,50,23.58823529411765,24.72126732026144,24.700300781291386,-1.1120654871737372,0.6547345265473453,0.7105529078428563
K50_novel,C2 domain containing protein kinases,10,50,30.466666666666665,24.68707111111111,24.700300781291386,5.766365885375279,0.0690930906909309,0.09571425210420134
K50_novel,C2-set domain containing,39,50,25.774628879892038,24.70422415654521,24.700300781291386,1.0743280986006525,0.3027697230276972,0.3555577278093086
K50_novel,CCC complex,10,50,39.4,24.68707111111111,24.700300781291386,14.699699218708613,9.999000099990002e-05,0.00029807145867691715
K50_novel,CCR4-NOT transcription complex,12,50,37.42424242424242,24.73930606060606,24.700300781291386,12.723941642951036,9.999000099990002e-05,0.00029807145867691715
K50_novel,CD molecules,380,50,21.41317872517706,24.707084114706294,24.700300781291386,-3.2871220561143275,1.0,1.0
K50_novel,CEA cell adhesion molecule family,12,50,32.36363636363637,24.73930606060606,24.700300781291386,7.663335582344981,0.012698730126987301,0.02151475499932021
K50_novel,COMM domain containing,10,50,41.48888888888889,24.68707111111111,24.700300781291386,16.7885881075975,9.999000099990002e-05,0.00029807145867691715
K50_novel,CRAL-TRIO lipid binding domain containing,19,50,27.502923976608187,24.653301754385968,24.700300781291386,2.8026231953168015,0.1673832616738326,0.20801455474505318
K50_novel,CTLH complex subunits,12,50,35.46969696969697,24.73930606060606,24.700300781291386,10.769396188405583,0.0008999100089991,0.002077733403130275
K50_novel,CUE domain containing,10,50,30.42222222222222,24.68707111111111,24.700300781291386,5.721921440930835,0.07069293070692931,0.0976433148474009
K50_novel,Cadherin related,17,50,33.26470588235294,24.76359338235294,24.700300781291386,8.564405101061556,0.0007999200079992001,0.0018838116188381162
K50_novel,Calcium voltage-gated channel alpha1 subunits,10,50,18.88888888888889,24.68707111111111,24.700300781291386,-5.8114118924024964,0.9184081591840816,0.955005161735482
K50_novel,Canonical high mobility group,11,50,31.854545454545455,24.677609090909094,24.700300781291386,7.15424467325407,0.0230976902309769,0.03650675200936282
K50_novel,Carbohydrate kinases,12,50,35.166666666666664,24.73930606060606,24.700300781291386,10.466365885375279,0.0008999100089991,0.002077733403130275
K50_novel,Carbon-nitrogen lyases,13,50,33.38461538461539,24.73591923076923,24.700300781291386,8.684314603324001,0.0030996900309969004,0.006032867787601405
K50_novel,Carbon-oxygen lyases,17,50,34.345588235294116,24.76359338235294,24.700300781291386,9.64528745400273,0.00019998000199980003,0.0005476196566389873
K50_novel,Carbonic anhydrases,15,50,20.438095238095237,24.690719047619048,24.700300781291386,-4.262205543196149,0.8945105489451055,0.9362543745625438
K50_novel,Caspase recruitment domain containing,29,50,27.901477832512317,24.66603300492611,24.700300781291386,3.201177051220931,0.08239176082391761,0.11183434970623975
K50_novel,Caspases,12,50,38.39393939393939,24.73930606060606,24.700300781291386,13.693638612648005,9.999000099990002e-05,0.00029807145867691715
K50_novel,CatSpermasome complex,12,50,36.90909090909091,24.73930606060606,24.700300781291386,12.20879012779952,9.999000099990002e-05,0.00029807145867691715
K50_novel,Cathepsins,15,50,29.942857142857143,24.690719047619048,24.700300781291386,5.242556361565757,0.05069493050694931,0.07324328916801572
K50_novel,Centriolar satellite proteins,67,50,29.014473089099955,24.6933881501583,24.700300781291386,4.314172307808569,0.0016998300169983002,0.003622714651611762
K50_novel,Charged multivesicular body proteins,11,50,39.654545454545456,24.677609090909094,24.700300781291386,14.95424467325407,9.999000099990002e-05,0.00029807145867691715
K50_novel,Chemokine ligands,40,50,36.31410256410256,24.73602,24.700300781291386,11.613801782811176,9.999000099990002e-05,0.00029807145867691715
K50_novel,Cholinergic receptors nicotinic subunits,16,50,16.166666666666668,24.7261575,24.700300781291386,-8.533634114624718,0.9953004699530047,1.0
K50_novel,Cilia and flagella associated,64,50,29.76984126984127,24.698457043650794,24.700300781291386,5.069540488549883,0.00029997000299970003,0.0007893065442059146
K50_novel,"Clathrin/coatomer adaptor, adaptin-like, N-terminal domain containing",14,50,35.54945054945055,24.66396593406593,24.700300781291386,10.849149768159162,9.999000099990002e-05,0.00029807145867691715
K50_novel,Claudins,23,50,36.42292490118577,24.69864347826087,24.700300781291386,11.722624119894387,9.999000099990002e-05,0.00029807145867691715
K50_novel,Clustered protocadherins,53,50,40.65094339622642,24.67481618287373,24.700300781291386,15.950642614935031,9.999000099990002e-05,0.00029807145867691715
K50_novel,Coagulation factors,14,50,18.52747252747253,24.66396593406593,24.700300781291386,-6.172828253818857,0.9635036496350365,0.988489194558805
K50_novel,Coat protein complex II,11,50,38.38181818181818,24.677609090909094,24.700300781291386,13.681517400526797,9.999000099990002e-05,0.00029807145867691715
K50_novel,Complement system activation components,25,50,26.483333333333334,24.64722133333333,24.700300781291386,1.7830325520419485,0.24067593240675933,0.290662472214317
K50_novel,Complement system regulators and receptors,29,50,25.539408866995075,24.66603300492611,24.700300781291386,0.839108085703689,0.36376362363763626,0.41890627563160554
K50_novel,Constitutive centromere associated network,16,50,41.03333333333333,24.7261575,24.700300781291386,16.333032552041946,9.999000099990002e-05,0.00029807145867691715
K50_novel,Cyclic nucleotide gated channels,10,50,34.044444444444444,24.68707111111111,24.700300781291386,9.344143663153059,0.004299570042995701,0.008100389961003901
K50_novel,Cyclin dependent kinases,21,50,32.68571428571428,24.687600952380954,24.700300781291386,7.9854135044228975,0.0011998800119988001,0.0026408574095861444
K50_novel,Cyclins,25,50,30.763333333333332,24.64722133333333,24.700300781291386,6.063032552041946,0.004999500049995001,0.009270726470660021
K50_novel,Cyclophilin peptidylprolyl isomerases,19,50,18.5906432748538,24.653301754385968,24.700300781291386,-6.1096575064375855,0.9807019298070193,0.999806512855208
K50_novel,"Cystatins, type 2",12,50,36.10606060606061,24.73930606060606,24.700300781291386,11.405759824769223,0.0006999300069993001,0.0016906001707521557
K50_novel,Cytochrome P450 family 2,16,50,32.891666666666666,24.7261575,24.700300781291386,8.19136588537528,0.0023997600239976003,0.0049573989969424114
K50_novel,Cytochrome P450 family 4,12,50,32.10606060606061,24.73930606060606,24.700300781291386,7.405759824769223,0.015798420157984203,0.025927024022336445
K50_novel,Cytochrome b5 domain containing,14,50,27.857142857142858,24.66396593406593,24.700300781291386,3.156842075851472,0.17788221177882213,0.21932597316184615
K50_novel,DDB1 and CUL4 associated factors,16,50,27.983333333333334,24.7261575,24.700300781291386,3.2830325520419485,0.1533846615338466,0.19368411684300738
K50_novel,DEAD-box helicases,39,50,32.21052631578947,24.70422415654521,24.700300781291386,7.510225534498087,9.999000099990002e-05,0.00029807145867691715
K50_novel,DEAH-box helicases,21,50,30.061904761904763,24.687600952380954,24.700300781291386,5.361603980613378,0.021597840215978402,0.03448333132788416
K50_novel,DENN domain containing,27,50,26.05982905982906,24.6817452991453,24.700300781291386,1.3595282785376739,0.2896710328967103,0.34194249747957534
K50_novel,DEP domain containing,22,50,26.363636363636363,24.705970995670995,24.700300781291386,1.6633355823449776,0.27677232276772323,0.3276554254122327
K50_novel,DNA glycosylases,11,50,37.945454545454545,24.677609090909094,24.700300781291386,13.24515376416316,9.999000099990002e-05,0.00029807145867691715
K50_novel,DNA polymerases,25,50,20.213333333333335,24.64722133333333,24.700300781291386,-4.486967447958051,0.957004299570043,0.9841681770687559
K50_novel,DNA-(apurinic or apyrimidinic site) lyases,10,50,27.488888888888887,24.68707111111111,24.700300781291386,2.7885881075975014,0.25537446255374463,0.30605947038883896
K50_novel,DNA/RNA methyltransferases,69,50,32.127450980392155,24.725763384484225,24.700300781291386,7.427150199100769,9.999000099990002e-05,0.00029807145867691715
K50_novel,DNAJ (HSP40) heat shock proteins,43,50,32.07530454042082,24.693788372093024,24.700300781291386,7.375003759129431,9.999000099990002e-05,0.00029807145867691715
K50_novel,DOCK family Rho GEFs,11,50,34.07272727272727,24.677609090909094,24.700300781291386,9.372426491435885,0.0024997500249975004,0.005096892908111787
K50_novel,Dbl family Rho GEFs,66,50,28.775757575757577,24.686937902097903,24.700300781291386,4.0754567944661915,0.0028997100289971,0.0057144913123750385
K50_novel,Decarboxylases,25,50,27.043333333333333,24.64722133333333,24.700300781291386,2.3430325520419473,0.17418258174182583,0.215894726316842
K50_novel,"Defensins, beta",32,50,37.49193548387097,24.696013508064517,24.700300781291386,12.791634702579582,9.999000099990002e-05,0.00029807145867691715
K50_novel,Diacylglycerol kinase family,10,50,38.266666666666666,24.68707111111111,24.700300781291386,13.56636588537528,0.00019998000199980003,0.0005476196566389873
K50_novel,Dispanins,12,50,27.893939393939394,24.73930606060606,24.700300781291386,3.1936386126480087,0.20067993200679932,0.24614647910208978
K50_novel,Dynactin subunits,11,50,33.45454545454545,24.677609090909094,24.700300781291386,8.754244673254068,0.004999500049995001,0.009270726470660021
K50_novel,Dynein 1 complex subunits,11,50,31.654545454545456,24.677609090909094,24.700300781291386,6.95424467325407,0.027597240275972403,0.042898680428986806
K50_novel,Dynein 2 complex subunits,11,50,31.563636363636363,24.677609090909094,24.700300781291386,6.863335582344977,0.028397160283971604,0.0439969160978639
K50_novel,Dynein heavy chains,14,50,39.637362637362635,24.66396593406593,24.700300781291386,14.93706185607125,9.999000099990002e-05,0.00029807145867691715
K50_novel,Dynein regulatory complex,10,50,31.466666666666665,24.68707111111111,24.700300781291386,6.766365885375279,0.038396160383961604,0.057411401716971164
K50_novel,"Dyneins, axonemal inner arm I1/f complex subunits",17,50,32.47794117647059,24.76359338235294,24.700300781291386,7.777640395179201,0.0028997100289971,0.0057144913123750385
K50_novel,"Dyneins, axonemal outer arm complex subunits",14,50,34.747252747252745,24.66396593406593,24.700300781291386,10.046951965961359,0.00029997000299970003,0.0007893065442059146
K50_novel,EF-hand domain containing,171,50,26.380736154110767,24.705039029927757,24.700300781291386,1.6804353728193817,0.039896010398960104,0.05923935908295964
K50_novel,EMSY complex,12,50,26.772727272727273,24.73930606060606,24.700300781291386,2.0724264914358876,0.30346965303469653,0.3555577278093086
K50_novel,EPH receptors,14,50,42.76923076923077,24.66396593406593,24.700300781291386,18.06892998793938,9.999000099990002e-05,0.00029807145867691715
K50_novel,ER membrane protein complex subunits,10,50,44.91111111111111,24.68707111111111,24.700300781291386,20.210810329819726,9.999000099990002e-05,0.00029807145867691715
K50_novel,ETS transcription factor family,24,50,32.018115942028984,24.695676086956517,24.700300781291386,7.317815160737599,0.0008999100089991,0.002077733403130275
K50_novel,Elastases,27,50,22.80911680911681,24.6817452991453,24.700300781291386,-1.8911839721745771,0.7846215378462154,0.8367405340913872
K50_novel,Endoribonucleases,19,50,29.68421052631579,24.653301754385968,24.700300781291386,4.983909745024405,0.0370962903709629,0.055644435556444355
K50_novel,Eukaryotic translation initiation factor 3 complex subunits,13,50,46.11538461538461,24.73591923076923,24.700300781291386,21.415083834093227,9.999000099990002e-05,0.00029807145867691715
K50_novel,Exonucleases,17,50,25.058823529411764,24.76359338235294,24.700300781291386,0.35852274812037876,0.4757524247575243,0.5309938200492748
K50_novel,Exosome complex,12,50,42.78787878787879,24.73930606060606,24.700300781291386,18.087578006587403,9.999000099990002e-05,0.00029807145867691715
K50_novel,F-BAR domain containing,23,50,29.620553359683793,24.69864347826087,24.700300781291386,4.920252578392407,0.026697330266973303,0.041914808519148083
K50_novel,F-box and leucine rich repeat proteins,16,50,35.21666666666667,24.7261575,24.700300781291386,10.516365885375283,0.00019998000199980003,0.0005476196566389873
K50_novel,F-boxes other,29,50,33.354679802955665,24.66603300492611,24.700300781291386,8.65437902166428,0.00019998000199980003,0.0005476196566389873
K50_novel,FA complementation groups,22,50,29.627705627705627,24.705970995670995,24.700300781291386,4.927404846414241,0.031196880311968805,0.04770691761992633
K50_novel,FERM domain containing,48,50,27.03368794326241,24.708293617021276,24.700300781291386,2.333387161971025,0.101989801019898,0.1356982945773219
K50_novel,FKBP prolyl isomerase family,18,50,16.50326797385621,24.72126732026144,24.700300781291386,-8.197032807435175,0.996000399960004,1.0
K50_novel,Fatty acid binding protein family,15,50,25.742857142857144,24.690719047619048,24.700300781291386,1.042556361565758,0.38766123387661233,0.4431758280482631
K50_novel,Fc receptors,19,50,28.649122807017545,24.653301754385968,24.700300781291386,3.948822025726159,0.0806919308069193,0.11016202727553331
K50_novel,Fibril associated collagens with interrupted triple helices,10,50,46.75555555555555,24.68707111111111,24.700300781291386,22.055254774264167,9.999000099990002e-05,0.00029807145867691715
K50_novel,Fibrillar collagens,11,50,45.92727272727273,24.677609090909094,24.700300781291386,21.226971945981344,9.999000099990002e-05,0.00029807145867691715
K50_novel,Fibrinogen C domain containing,21,50,25.023809523809526,24.687600952380954,24.700300781291386,0.32350874251813977,0.46305369463053697,0.5192816432642451
K50_novel,Fibroblast growth factor family,20,50,28.305263157894736,24.721574210526313,24.700300781291386,3.60496237660335,0.100989901009899,0.1347485648035763
K50_novel,Fibronectin type III domain containing,120,50,24.014005602240896,24.70312978991597,24.700300781291386,-0.6862951790504894,0.7263273672632736,0.7828379633432538
K50_novel,Flavoproteins,121,50,22.62465564738292,24.71687308539945,24.700300781291386,-2.0756451339084663,0.9654034596540346,0.988489194558805
K50_novel,Forkhead boxes,23,50,29.525691699604742,24.69864347826087,24.700300781291386,4.8253909183133565,0.028697130286971302,0.04431589627922454
K50_novel,Formins,13,50,32.705128205128204,24.73591923076923,24.700300781291386,8.004827423836819,0.0065993400659934,0.011909153912194987
K50_novel,Fucosyltransferases,13,50,37.756410256410255,24.73591923076923,24.700300781291386,13.05610947511887,9.999000099990002e-05,0.00029807145867691715
K50_novel,G protein subunits gamma,12,50,44.39393939393939,24.73930606060606,24.700300781291386,19.693638612648005,9.999000099990002e-05,0.00029807145867691715
K50_novel,"G protein-coupled receptors, Class A orphans",78,50,31.138861138861138,24.698786313686316,24.700300781291386,6.438560357569752,9.999000099990002e-05,0.00029807145867691715
K50_novel,"G protein-coupled receptors, Class F frizzled",11,50,37.74545454545454,24.677609090909094,24.700300781291386,13.045153764163157,9.999000099990002e-05,0.00029807145867691715
K50_novel,G-patch domain containing,20,50,33.757894736842104,24.721574210526313,24.700300781291386,9.057593955550718,0.00039996000399960006,0.0010238106624120198
K50_novel,GATA zinc finger domain containing,12,50,25.651515151515152,24.73930606060606,24.700300781291386,0.9512143702237665,0.41585841415858416,0.47311428277462114
K50_novel,GBAF complex subunits,12,50,37.86363636363637,24.73930606060606,24.700300781291386,13.163335582344981,9.999000099990002e-05,0.00029807145867691715
K50_novel,GCN5 related N-acetyltransferases,21,50,33.78095238095238,24.687600952380954,24.700300781291386,9.080651599660992,0.00019998000199980003,0.0005476196566389873
K50_novel,GRAM domain containing,12,50,29.78787878787879,24.73930606060606,24.700300781291386,5.087578006587403,0.07949205079492051,0.10883940675699873
K50_novel,Galectins,11,50,31.763636363636362,24.677609090909094,24.700300781291386,7.063335582344976,0.025097490250974904,0.03953484250237184
K50_novel,Gamete adhesion and fusion factors,13,50,32.93589743589744,24.73591923076923,24.700300781291386,8.235596654606052,0.004999500049995001,0.009270726470660021
K50_novel,Gamma-aminobutyric acid type A receptor subunits,19,50,34.40350877192982,24.653301754385968,24.700300781291386,9.703207990638436,0.00019998000199980003,0.0005476196566389873
K50_novel,Gap junction proteins,21,50,36.84285714285714,24.687600952380954,24.700300781291386,12.142556361565756,9.999000099990002e-05,0.00029807145867691715
K50_novel,General transcription factor IID complex subunits,14,50,42.494505494505496,24.66396593406593,24.700300781291386,17.79420471321411,9.999000099990002e-05,0.00029807145867691715
K50_novel,Gla domain containing,13,50,18.628205128205128,24.73591923076923,24.700300781291386,-6.072095653086258,0.954004599540046,0.983230123377159
K50_novel,Glutamine amidotransferase class 1 domain containing,12,50,21.848484848484848,24.73930606060606,24.700300781291386,-2.851815932806538,0.7837216278372163,0.8367405340913872
K50_novel,Glycoprotein hormone subunits,10,50,34.2,24.68707111111111,24.700300781291386,9.499699218708617,0.0033996600339966003,0.006509105187042271
K50_novel,Glycoside hydrolase family,11,50,33.236363636363635,24.677609090909094,24.700300781291386,8.536062855072249,0.006999300069993001,0.012440265407421523
K50_novel,Glycosyltransferase family 8,10,50,33.62222222222222,24.68707111111111,24.700300781291386,8.921921440930834,0.007099290070992901,0.012570547456532544
K50_novel,Golgins,11,50,36.0,24.677609090909094,24.700300781291386,11.299699218708614,9.999000099990002e-05,0.00029807145867691715
K50_novel,Granule associated serine proteases of immune defence,12,50,24.71212121212121,24.73930606060606,24.700300781291386,0.011820430829825312,0.5151484851514848,0.5669040572578256
K50_novel,H2A histones,17,50,40.49264705882353,24.76359338235294,24.700300781291386,15.792346277532143,9.999000099990002e-05,0.00029807145867691715
K50_novel,H2B histones,15,50,46.2952380952381,24.690719047619048,24.700300781291386,21.594937313946712,9.999000099990002e-05,0.00029807145867691715
K50_novel,HAD Asp-based non-protein phosphatases,10,50,28.933333333333334,24.68707111111111,24.700300781291386,4.233032552041948,0.1464853514648535,0.18546935629017744
K50_novel,HECT domain containing,12,50,35.95454545454545,24.73930606060606,24.700300781291386,11.254244673254068,0.0006999300069993001,0.0016906001707521557
K50_novel,HOXL subclass homeoboxes,22,50,35.05194805194805,24.705970995670995,24.700300781291386,10.351647270656667,9.999000099990002e-05,0.00029807145867691715
K50_novel,Heat shock 70kDa proteins,15,50,36.03809523809524,24.690719047619048,24.700300781291386,11.337794456803852,9.999000099990002e-05,0.00029807145867691715
K50_novel,Helicases,10,50,30.68888888888889,24.68707111111111,24.700300781291386,5.988588107597504,0.06159384061593841,0.08659910128390147
K50_novel,Helix-turn-helix CENPB type domain family,10,50,34.28888888888889,24.68707111111111,24.700300781291386,9.588588107597506,0.0028997100289971,0.0057144913123750385
K50_novel,Heterogeneous nuclear ribonucleoproteins,26,50,36.713846153846156,24.682651999999997,24.700300781291386,12.01354537255477,9.999000099990002e-05,0.00029807145867691715
K50_novel,Histocompatibility complex,19,50,29.304093567251464,24.653301754385968,24.700300781291386,4.603792785960078,0.048995100489951,0.07122435904557692
K50_novel,Histone lysine methyltransferases,24,50,34.84057971014493,24.695676086956517,24.700300781291386,10.140278928853544,9.999000099990002e-05,0.00029807145867691715
K50_novel,I-set domain containing,153,50,25.762899896800825,24.69996090471276,24.700300781291386,1.062599115509439,0.1463853614638536,0.18546935629017744
K50_novel,IFT-B1 complex,11,50,35.38181818181818,24.677609090909094,24.700300781291386,10.681517400526797,0.00019998000199980003,0.0005476196566389873
K50_novel,INO80 complex,15,50,32.180952380952384,24.690719047619048,24.700300781291386,7.480651599660998,0.008799120087991202,0.015349576153495761
K50_novel,IPT domain containing,31,50,27.38494623655914,24.714225161290322,24.700300781291386,2.6846454552677557,0.11998800119988001,0.15786130884118293
K50_novel,Ig-like cell adhesion molecule family,61,50,28.413661202185793,24.68819775956284,24.700300781291386,3.713360420894407,0.0098990100989901,0.01720455260746988
K50_novel,Immunoglobulin heavy locus at 14q32.33,24,50,42.47826086956522,24.695676086956517,24.700300781291386,17.777960088273833,9.999000099990002e-05,0.00029807145867691715
K50_novel,Immunoglobulin kappa locus at 2p11.2,18,50,47.03921568627451,24.72126732026144,24.700300781291386,22.338914904983124,9.999000099990002e-05,0.00029807145867691715
K50_novel,Immunoglobulin lambda locus at 22q11.2,17,50,49.10294117647059,24.76359338235294,24.700300781291386,24.4026403951792,9.999000099990002e-05,0.00029807145867691715
K50_novel,Immunoglobulin like domain containing,97,50,23.638745704467354,24.71054196735395,24.700300781291386,-1.0615550768240318,0.8017198280171983,0.8504730608020279
K50_novel,Importins,17,50,37.845588235294116,24.76359338235294,24.700300781291386,13.14528745400273,9.999000099990002e-05,0.00029807145867691715
K50_novel,Integrator complex,16,50,39.19166666666667,24.7261575,24.700300781291386,14.491365885375284,9.999000099990002e-05,0.00029807145867691715
K50_novel,Integrin alpha subunits,18,50,26.836601307189543,24.72126732026144,24.700300781291386,2.1363005258981573,0.2430756924307569,0.2928098494498376
K50_novel,Interferons,21,50,30.60952380952381,24.687600952380954,24.700300781291386,5.909223028232425,0.012898710128987101,0.021775241830655646
K50_novel,Interleukin 1 family,11,50,27.98181818181818,24.677609090909094,24.700300781291386,3.281517400526795,0.20487951204879512,0.24999546677456608
K50_novel,Interleukin receptors,41,50,17.05609756097561,24.68981207317073,24.700300781291386,-7.644203220315777,1.0,1.0
K50_novel,Interleukins,16,50,24.741666666666667,24.7261575,24.700300781291386,0.04136588537528141,0.5121487851214879,0.5649228988108215
K50_novel,Iron (II) and 2-oxoglutarate dependent oxygenases,20,50,28.57894736842105,24.721574210526313,24.700300781291386,3.8786465871296656,0.08499150084991501,0.11470199684902571
K50_novel,JAMM/MPN+ metallopeptidase family,12,50,20.87878787878788,24.73930606060606,24.700300781291386,-3.821512902503507,0.8508149185081492,0.8964962564146269
K50_novel,KCTD family,16,50,33.59166666666667,24.7261575,24.700300781291386,8.891365885375283,0.0011998800119988001,0.0026408574095861444
K50_novel,KLF transcription factors,16,50,33.53333333333333,24.7261575,24.700300781291386,8.833032552041946,0.0011998800119988001,0.0026408574095861444
K50_novel,KRAB domain containing,328,50,36.11156485418065,24.70815183113299,24.700300781291386,11.411264072889264,9.999000099990002e-05,0.00029807145867691715
K50_novel,Kallikreins,16,50,32.19166666666667,24.7261575,24.700300781291386,7.491365885375284,0.005599440055994401,0.010262008818573396
K50_novel,Kelch like,39,50,30.916329284750336,24.70422415654521,24.700300781291386,6.216028503458951,0.00039996000399960006,0.0010238106624120198
K50_novel,"Keratins, type I",14,50,36.967032967032964,24.66396593406593,24.700300781291386,12.266732185741578,9.999000099990002e-05,0.00029807145867691715
K50_novel,"Keratins, type II",26,50,37.12307692307692,24.682651999999997,24.700300781291386,12.422776141785537,9.999000099990002e-05,0.00029807145867691715
K50_novel,Killer cell lectin like receptors,11,50,29.01818181818182,24.677609090909094,24.700300781291386,4.317881036890434,0.1341865813418658,0.1741098617410986
K50_novel,Kinesins,41,50,33.489024390243905,24.68981207317073,24.700300781291386,8.78872360895252,9.999000099990002e-05,0.00029807145867691715
K50_novel,Kringle domain containing,15,50,16.18095238095238,24.690719047619048,24.700300781291386,-8.519348400339005,0.9943005699430058,1.0
K50_novel,L ribosomal proteins,54,50,40.45213137665968,24.69769238294899,24.700300781291386,15.751830595368293,9.999000099990002e-05,0.00029807145867691715
K50_novel,LIM domain containing,44,50,34.71670190274841,24.692289534883724,24.700300781291386,10.016401121457026,9.999000099990002e-05,0.00029807145867691715
K50_novel,LSm proteins,14,50,34.16483516483517,24.66396593406593,24.700300781291386,9.464534383543782,0.0005999400059994001,0.0014641022944337691
K50_novel,LY6/PLAUR domain containing,35,50,31.54621848739496,24.720217478991596,24.700300781291386,6.845917706103574,0.00029997000299970003,0.0007893065442059146
K50_novel,Laminin subunits,12,50,42.13636363636363,24.73930606060606,24.700300781291386,17.436062855072247,9.999000099990002e-05,0.00029807145867691715
K50_novel,Large subunit mitochondrial ribosomal proteins,50,50,40.82775510204082,24.704933714285712,24.700300781291386,16.127454320749433,9.999000099990002e-05,0.00029807145867691715
K50_novel,Lipases,21,50,30.51904761904762,24.687600952380954,24.700300781291386,5.818746837756233,0.014598540145985401,0.024469439177078733
K50_novel,Lipocalins,19,50,30.742690058479532,24.653301754385968,24.700300781291386,6.042389277188146,0.015398460153984602,0.025537587086361786
K50_novel,Low density lipoprotein receptors,13,50,35.37179487179487,24.73591923076923,24.700300781291386,10.671494090503483,0.00039996000399960006,0.0010238106624120198
K50_novel,Lysine acetyltransferases,18,50,28.41176470588235,24.72126732026144,24.700300781291386,3.7114639245909657,0.10648935106489352,0.14128587141285873
K50_novel,Lysine demethylases,25,50,39.373333333333335,24.64722133333333,24.700300781291386,14.67303255204195,9.999000099990002e-05,0.00029807145867691715
K50_novel,Lysophospholipid acyltransferases,14,50,39.285714285714285,24.66396593406593,24.700300781291386,14.585413504422899,9.999000099990002e-05,0.00029807145867691715
K50_novel,M1 metallopeptidases,13,50,29.525641025641026,24.73591923076923,24.700300781291386,4.82534024434964,0.08289171082891711,0.11218964310465507
K50_novel,M10 matrix metallopeptidases,23,50,24.944664031620555,24.69864347826087,24.700300781291386,0.24436325032916884,0.47485251474852513,0.5309938200492748
K50_novel,M14 carboxypeptidases,26,50,28.627692307692307,24.682651999999997,24.700300781291386,3.927391526400921,0.051394860513948606,0.07380176616484693
K50_novel,M28 metallopeptidases,10,50,24.822222222222223,24.68707111111111,24.700300781291386,0.12192144093083712,0.5057494250574942,0.560489362828423
K50_novel,MAGE family,28,50,26.280423280423282,24.690175396825396,24.700300781291386,1.580122499131896,0.26047395260473954,0.31137876060109726
K50_novel,MAP kinase phosphatases,10,50,34.51111111111111,24.68707111111111,24.700300781291386,9.810810329819727,0.0022997700229977,0.004792883543504057
K50_novel,MAPK activated protein kinases,11,50,36.6,24.677609090909094,24.700300781291386,11.899699218708616,9.999000099990002e-05,0.00029807145867691715
K50_novel,MARVEL domain containing,15,50,33.08571428571429,24.690719047619048,24.700300781291386,8.385413504422903,0.0028997100289971,0.0057144913123750385
K50_novel,MIF4G domain containing proteins,11,50,21.78181818181818,24.677609090909094,24.700300781291386,-2.9184825994732044,0.7749225077492251,0.8314088864462074
K50_novel,MORN repeat containing,13,50,31.576923076923077,24.73591923076923,24.700300781291386,6.876622295631691,0.019198080191980802,0.030861077714754125
K50_novel,Macro domain containing,10,50,34.2,24.68707111111111,24.700300781291386,9.499699218708617,0.0033996600339966003,0.006509105187042271
K50_novel,Mediator complex,33,50,36.609848484848484,24.67635397727273,24.700300781291386,11.909547703557099,9.999000099990002e-05,0.00029807145867691715
K50_novel,Membrane associated guanylate kinases,26,50,24.646153846153847,24.682651999999997,24.700300781291386,-0.05414693513753832,0.512048795120488,0.5649228988108215
K50_novel,Membrane associated ring-CH-type fingers,11,50,35.90909090909091,24.677609090909094,24.700300781291386,11.20879012779952,9.999000099990002e-05,0.00029807145867691715
K50_novel,Membrane bound O-acyltransferase family,11,50,34.018181818181816,24.677609090909094,24.700300781291386,9.31788103689043,0.0026997300269973002,0.00548091742549883
K50_novel,Membrane spanning 4-domains,18,50,29.359477124183005,24.72126732026144,24.700300781291386,4.6591763428916195,0.05829417058294171,0.08273496974626861
K50_novel,MicroRNA protein coding host genes,822,50,25.05979296508027,24.704634207586142,24.700300781291386,0.35949218378888403,0.20477952204779523,0.24999546677456608
K50_novel,Minor histocompatibility antigens,47,50,23.729879740980575,24.712006938020348,24.700300781291386,-0.9704210403108107,0.7081291870812919,0.7649744199891938
K50_novel,Mitochondrial complex III: ubiquinol-cytochrome c reductase complex subunits,10,50,42.08888888888889,24.68707111111111,24.700300781291386,17.388588107597503,9.999000099990002e-05,0.00029807145867691715
K50_novel,Mitochondrial complex IV: cytochrome c oxidase subunits,21,50,37.56190476190476,24.687600952380954,24.700300781291386,12.861603980613378,9.999000099990002e-05,0.00029807145867691715
K50_novel,Mitochondrial complex V: ATP synthase subunits,20,50,38.44210526315789,24.721574210526313,24.700300781291386,13.741804481866506,9.999000099990002e-05,0.00029807145867691715
K50_novel,Mitochondrial iron-sulfur assembly components,12,50,28.46969696969697,24.73930606060606,24.700300781291386,3.769396188405583,0.15398460153984603,0.19392178429215903
K50_novel,Mitochondrial nucleoid associated proteins,15,50,28.304761904761904,24.690719047619048,24.700300781291386,3.604461123470518,0.14158584141585842,0.18110627961594086
K50_novel,Mitochondrial respiratory chain complex assembly factors,71,50,23.541247484909455,24.724738028169014,24.700300781291386,-1.1590532963819307,0.7852214778522147,0.8367405340913872
K50_novel,Mitochondrial ribosomal proteins,81,50,40.861728395061725,24.712036265432097,24.700300781291386,16.16142761377034,9.999000099990002e-05,0.00029807145867691715
K50_novel,Mitochondrially encoded protein coding genes,13,50,19.756410256410255,24.73591923076923,24.700300781291386,-4.94389052488113,0.9185081491850815,0.955005161735482
K50_novel,Mitogen-activated protein kinase kinase kinases,24,50,20.5,24.695676086956517,24.700300781291386,-4.200300781291386,0.944005599440056,0.977201400739047
K50_novel,Mixed lineage kinase family,10,50,26.066666666666666,24.68707111111111,24.700300781291386,1.3663658853752807,0.3842615738426157,0.44035815396562533
K50_novel,Mucins,17,50,36.13235294117647,24.76359338235294,24.700300781291386,11.432052159885085,9.999000099990002e-05,0.00029807145867691715
K50_novel,Myb/SANT domain containing,48,50,26.43617021276596,24.708293617021276,24.700300781291386,1.7358694314745726,0.17628237176282371,0.21792387690364823
K50_novel,"Myosin heavy chains, class II",14,50,31.604395604395606,24.66396593406593,24.700300781291386,6.90409482310422,0.014998500149985002,0.025050686420719632
K50_novel,Myotubularins,14,50,30.78021978021978,24.66396593406593,24.700300781291386,6.079918998928395,0.0268973102689731,0.04194911634664348
K50_novel,N-Ank proteins,11,50,36.69090909090909,24.677609090909094,24.700300781291386,11.990608309617702,9.999000099990002e-05,0.00029807145867691715
K50_novel,N-BAR domain containing,12,50,31.742424242424242,24.73930606060606,24.700300781291386,7.0421234611328565,0.0217978202179782,0.034685045009012615
K50_novel,N-alpha-acetyltransferase subunits,13,50,39.61538461538461,24.73591923076923,24.700300781291386,14.915083834093227,9.999000099990002e-05,0.00029807145867691715
K50_novel,NADH:ubiquinone oxidoreductase core subunits,14,50,43.285714285714285,24.66396593406593,24.700300781291386,18.5854135044229,9.999000099990002e-05,0.00029807145867691715
K50_novel,NADH:ubiquinone oxidoreductase supernumerary subunits,30,50,41.54942528735632,24.696749655172415,24.700300781291386,16.849124506064936,9.999000099990002e-05,0.00029807145867691715
K50_novel,NBPF members,10,50,38.4,24.68707111111111,24.700300781291386,13.699699218708613,9.999000099990002e-05,0.00029807145867691715
K50_novel,NIMA related kinase family,11,50,39.78181818181818,24.677609090909094,24.700300781291386,15.081517400526796,9.999000099990002e-05,0.00029807145867691715
K50_novel,NKL subclass homeoboxes and pseudogenes,16,50,34.9,24.7261575,24.700300781291386,10.199699218708613,0.00019998000199980003,0.0005476196566389873
K50_novel,NLR family,18,50,33.09803921568628,24.72126732026144,24.700300781291386,8.397738434394892,0.0014998500149985001,0.0032554348251810764
K50_novel,NTC associated proteins,16,50,39.38333333333333,24.7261575,24.700300781291386,14.683032552041947,9.999000099990002e-05,0.00029807145867691715
K50_novel,Nectins and nectin-like molecules,10,50,34.22222222222222,24.68707111111111,24.700300781291386,9.521921440930836,0.0032996700329967,0.006395656730623233
K50_novel,Neuropeptides,57,50,29.213659147869674,24.71339003759399,24.700300781291386,4.513358366578288,0.0020997900209979003,0.004415183481651835
K50_novel,Non-clustered protocadherins,12,50,34.71212121212121,24.73930606060606,24.700300781291386,10.011820430829825,0.0010998900109989002,0.002490616322983086
K50_novel,Non-histone lysine methyltransferases,19,50,34.83625730994152,24.653301754385968,24.700300781291386,10.135956528650137,9.999000099990002e-05,0.00029807145867691715
K50_novel,NuRD complex subunits,15,50,33.24761904761905,24.690719047619048,24.700300781291386,8.547318266327661,0.0024997500249975004,0.005096892908111787
K50_novel,Nuclear RNase P complex subunits,10,50,39.6,24.68707111111111,24.700300781291386,14.899699218708616,9.999000099990002e-05,0.00029807145867691715
K50_novel,Nucleoporins,30,50,42.225287356321836,24.696749655172415,24.700300781291386,17.52498657503045,9.999000099990002e-05,0.00029807145867691715
K50_novel,Nucleotide excision repair,17,50,24.28676470588235,24.76359338235294,24.700300781291386,-0.41353607540903425,0.569043095690431,0.6233006931864953
K50_novel,Nudix hydrolase family,22,50,32.76190476190476,24.705970995670995,24.700300781291386,8.061603980613373,0.00019998000199980003,0.0005476196566389873
K50_novel,OTU domain containing,16,50,34.34166666666667,24.7261575,24.700300781291386,9.641365885375283,0.0004999500049995,0.0012459071553162144
K50_novel,Olfactomedin domain containing,13,50,31.794871794871796,24.73591923076923,24.700300781291386,7.09457101358041,0.015298470152984701,0.025461411456027542
K50_novel,"Olfactory receptors, family 1",24,50,41.31521739130435,24.695676086956517,24.700300781291386,16.614916610012965,9.999000099990002e-05,0.00029807145867691715
K50_novel,"Olfactory receptors, family 10",33,50,37.74431818181818,24.67635397727273,24.700300781291386,13.044017400526794,9.999000099990002e-05,0.00029807145867691715
K50_novel,"Olfactory receptors, family 13",10,50,39.37777777777778,24.68707111111111,24.700300781291386,14.677476996486394,9.999000099990002e-05,0.00029807145867691715
K50_novel,"Olfactory receptors, family 2",64,50,39.43055555555556,24.698457043650794,24.700300781291386,14.730254774264171,9.999000099990002e-05,0.00029807145867691715
K50_novel,"Olfactory receptors, family 4",44,50,39.51162790697674,24.692289534883724,24.700300781291386,14.811327125685356,9.999000099990002e-05,0.00029807145867691715
K50_novel,"Olfactory receptors, family 5",44,50,40.6384778012685,24.692289534883724,24.700300781291386,15.938177019977115,9.999000099990002e-05,0.00029807145867691715
K50_novel,"Olfactory receptors, family 51",21,50,40.76190476190476,24.687600952380954,24.700300781291386,16.061603980613373,9.999000099990002e-05,0.00029807145867691715
K50_novel,"Olfactory receptors, family 52",24,50,37.916666666666664,24.695676086956517,24.700300781291386,13.216365885375279,9.999000099990002e-05,0.00029807145867691715
K50_novel,"Olfactory receptors, family 6",29,50,38.967980295566505,24.66603300492611,24.700300781291386,14.26767951427512,9.999000099990002e-05,0.00029807145867691715
K50_novel,"Olfactory receptors, family 7",11,50,40.50909090909091,24.677609090909094,24.700300781291386,15.808790127799522,9.999000099990002e-05,0.00029807145867691715
K50_novel,"Olfactory receptors, family 8",22,50,40.95238095238095,24.705970995670995,24.700300781291386,16.252080171089563,9.999000099990002e-05,0.00029807145867691715
K50_novel,Oligosaccharyltransferase complex subunits,12,50,39.78787878787879,24.73930606060606,24.700300781291386,15.087578006587403,9.999000099990002e-05,0.00029807145867691715
K50_novel,Opsin receptors,11,50,35.21818181818182,24.677609090909094,24.700300781291386,10.517881036890433,0.00029997000299970003,0.0007893065442059146
K50_novel,Oxygenases,23,50,27.24110671936759,24.69864347826087,24.700300781291386,2.540805938076204,0.1670832916708329,0.20801455474505318
K50_novel,Oxysterol binding proteins,12,50,37.39393939393939,24.73930606060606,24.700300781291386,12.693638612648005,9.999000099990002e-05,0.00029807145867691715
K50_novel,PAS domain containing,28,50,18.27777777777778,24.690175396825396,24.700300781291386,-6.422523003513607,0.9946005399460054,1.0
K50_novel,PBAF complex subunits,15,50,38.95238095238095,24.690719047619048,24.700300781291386,14.252080171089563,9.999000099990002e-05,0.00029807145867691715
K50_novel,PDZ domain containing,142,50,28.11597243032664,24.70516525821596,24.700300781291386,3.4156716490352537,0.00029997000299970003,0.0007893065442059146
K50_novel,PHD finger proteins,90,50,31.726591760299627,24.678544369538077,24.700300781291386,7.026290979008241,9.999000099990002e-05,0.00029807145867691715
K50_novel,POTE ankyrin domain containing,11,50,38.14545454545455,24.677609090909094,24.700300781291386,13.445153764163162,9.999000099990002e-05,0.00029807145867691715
K50_novel,PR/SET domain family,13,50,36.46153846153846,24.73591923076923,24.700300781291386,11.761237680247074,0.00019998000199980003,0.0005476196566389873
K50_novel,PRD class homeoboxes and pseudogenes,12,50,32.696969696969695,24.73930606060606,24.700300781291386,7.99666891567831,0.009999000099990002,0.017314445026085628
K50_novel,PWWP domain containing,16,50,27.441666666666666,24.7261575,24.700300781291386,2.7413658853752807,0.19858014198580143,0.24420691090159916
K50_novel,PX-BAR domain containing,12,50,39.06060606060606,24.73930606060606,24.700300781291386,14.360305279314677,9.999000099990002e-05,0.00029807145867691715
K50_novel,Peroxins,16,50,35.56666666666667,24.7261575,24.700300781291386,10.866365885375284,9.999000099990002e-05,0.00029807145867691715
K50_novel,Phosphatidylinositol glycan anchor biosynthesis,21,50,39.15238095238095,24.687600952380954,24.700300781291386,14.452080171089566,9.999000099990002e-05,0.00029807145867691715
K50_novel,Phosphodiesterases,24,50,29.054347826086957,24.695676086956517,24.700300781291386,4.354047044795571,0.0448955104489551,0.06546682793021007
K50_novel,Phosphoinositide phosphatases,32,50,23.33467741935484,24.696013508064517,24.700300781291386,-1.3656233619365459,0.7313268673132687,0.786426836768378
K50_novel,Phospholipases,41,50,26.839024390243903,24.68981207317073,24.700300781291386,2.1387236089525175,0.1366863313668633,0.17638153992819894
K50_novel,Pleckstrin homology domain containing,183,50,26.147420885125804,24.71983625773134,24.700300781291386,1.4471201038344184,0.058394160583941604,0.08273496974626861
K50_novel,Poly(ADP-ribose) polymerases,17,50,26.720588235294116,24.76359338235294,24.700300781291386,2.0202874540027302,0.27487251274872515,0.32693170076931705
K50_novel,Polypeptide N-acetylgalactosaminyltransferases,20,50,40.39473684210526,24.721574210526313,24.700300781291386,15.694436060813874,9.999000099990002e-05,0.00029807145867691715
K50_novel,Potassium inwardly rectifying channel subfamily J,16,50,32.9,24.7261575,24.700300781291386,8.199699218708613,0.0023997600239976003,0.0049573989969424114
K50_novel,Potassium two pore domain channel subfamily K,15,50,25.447619047619046,24.690719047619048,24.700300781291386,0.7473182663276603,0.42215778422157785,0.47912365389967027
K50_novel,Potassium voltage-gated channel regulatory subunits,14,50,35.84615384615385,24.66396593406593,24.700300781291386,11.145853064862461,9.999000099990002e-05,0.00029807145867691715
K50_novel,Potassium voltage-gated channels,40,50,37.63846153846154,24.73602,24.700300781291386,12.938160757170156,9.999000099990002e-05,0.00029807145867691715
K50_novel,Pregnancy specific glycoproteins,10,50,40.24444444444445,24.68707111111111,24.700300781291386,15.544143663153061,9.999000099990002e-05,0.00029807145867691715
K50_novel,Progestin and adipoQ receptor family,11,50,32.21818181818182,24.677609090909094,24.700300781291386,7.517881036890433,0.016298370162983702,0.026562395663547834
K50_novel,Proteasome,45,50,36.445454545454545,24.661564444444444,24.700300781291386,11.74515376416316,9.999000099990002e-05,0.00029807145867691715
K50_novel,Protein disulfide isomerases,21,50,28.64761904761905,24.687600952380954,24.700300781291386,3.947318266327663,0.0756924307569243,0.10424308446348349
K50_novel,Protein phosphatase 1 regulatory subunits,171,50,24.300722394220845,24.705039029927757,24.700300781291386,-0.39957838707054094,0.667033296670333,0.7222360522568433
K50_novel,Protein phosphatase 2 regulatory subunits,15,50,26.733333333333334,24.690719047619048,24.700300781291386,2.0330325520419485,0.27687231276872315,0.3276554254122327
K50_novel,Protein phosphatase catalytic subunits,12,50,28.893939393939394,24.73930606060606,24.700300781291386,4.193638612648009,0.1267873212678732,0.16496361413582397
K50_novel,"Protein phosphatases, Mg2+/Mn2+ dependent",18,50,31.130718954248366,24.72126732026144,24.700300781291386,6.43041817295698,0.0110988901109889,0.01914863458709074
K50_novel,Protein tyrosine phosphatases non-receptor type,15,50,34.61904761904762,24.690719047619048,24.700300781291386,9.918746837756235,0.00029997000299970003,0.0007893065442059146
K50_novel,Protein tyrosine phosphatases receptor type,19,50,30.42105263157895,24.653301754385968,24.700300781291386,5.720751850287563,0.019698030196980302,0.031557048376794974
K50_novel,Proteins encoded by multiple genes,44,50,21.01057082452431,24.692289534883724,24.700300781291386,-3.6897299567670743,0.9716028397160283,0.9926788232239683
K50_novel,Pseudoautosomal region 1,16,50,17.4,24.7261575,24.700300781291386,-7.300300781291387,0.9876012398760124,1.0
K50_novel,Pseudokinases,29,50,30.807881773399014,24.66603300492611,24.700300781291386,6.1075809921076285,0.0020997900209979003,0.004415183481651835
K50_novel,Pseudouridine synthases,13,50,39.58974358974359,24.73591923076923,24.700300781291386,14.889442808452205,9.999000099990002e-05,0.00029807145867691715
K50_novel,Putative lysine methyltransferases,16,50,35.833333333333336,24.7261575,24.700300781291386,11.13303255204195,9.999000099990002e-05,0.00029807145867691715
K50_novel,Pyrin domain containing,16,50,31.15,24.7261575,24.700300781291386,6.449699218708613,0.015498450154984501,0.025613228150869125
K50_novel,"RAB, member RAS oncogene GTPases",64,50,33.251488095238095,24.698457043650794,24.700300781291386,8.55118731394671,9.999000099990002e-05,0.00029807145867691715
K50_novel,RAS type GTPase family,28,50,29.235449735449734,24.690175396825396,24.700300781291386,4.535148954158348,0.0268973102689731,0.04194911634664348
K50_novel,RBR E3 ubiquitin ligases,14,50,34.505494505494504,24.66396593406593,24.700300781291386,9.805193724203118,0.00039996000399960006,0.0010238106624120198
K50_novel,RNA binding motif containing,196,50,31.81020408163265,24.715278220826796,24.700300781291386,7.109903300341266,9.999000099990002e-05,0.00029807145867691715
K50_novel,RNA polymerase subunits,34,50,36.26916221033868,24.73087272727273,24.700300781291386,11.568861429047292,9.999000099990002e-05,0.00029807145867691715
K50_novel,RNase MRP complex subunits,11,50,39.10909090909091,24.677609090909094,24.700300781291386,14.408790127799524,9.999000099990002e-05,0.00029807145867691715
K50_novel,RUN domain containing,18,50,30.633986928104576,24.72126732026144,24.700300781291386,5.933686146813191,0.017998200179982,0.029231559602660422
K50_novel,RWD domain containing,12,50,32.31818181818182,24.73930606060606,24.700300781291386,7.617881036890434,0.013298670132986702,0.02237026297370263
K50_novel,Receptor ligands,98,50,21.730065221965074,24.694089017462655,24.700300781291386,-2.970235559326312,0.9886011398860114,1.0
K50_novel,Regulators of G-protein signaling,20,50,30.305263157894736,24.721574210526313,24.700300781291386,5.60496237660335,0.0188981101889811,0.030587662883196216
K50_novel,Rho GTPase activating proteins,32,50,30.118951612903224,24.696013508064517,24.700300781291386,5.4186508316118385,0.0040995900409959,0.007754646222124776
K50_novel,Rho family GTPases,20,50,31.263157894736842,24.721574210526313,24.700300781291386,6.562857113445457,0.006799320067993201,0.01222320516039999
K50_novel,Rhomboid family,14,50,33.62637362637363,24.66396593406593,24.700300781291386,8.926072845082242,0.0011998800119988001,0.0026408574095861444
K50_novel,Ribonuclease A family,13,50,36.782051282051285,24.73591923076923,24.700300781291386,12.081750500759899,9.999000099990002e-05,0.00029807145867691715
K50_novel,Ribosomal protein S6 kinase family,11,50,33.67272727272727,24.677609090909094,24.700300781291386,8.972426491435886,0.0044995500449955,0.008443378769692752
K50_novel,Ribosome biogenesis factors,37,50,30.557057057057058,24.677858108108108,24.700300781291386,5.856756275765672,0.0014998500149985001,0.0032554348251810764
K50_novel,Ring finger proteins,260,50,29.30855360855361,24.689586822096825,24.700300781291386,4.608252827262223,9.999000099990002e-05,0.00029807145867691715
K50_novel,S ribosomal proteins,35,50,43.3109243697479,24.720217478991596,24.700300781291386,18.610623588456516,9.999000099990002e-05,0.00029807145867691715
K50_novel,S100 calcium binding proteins,17,50,31.91176470588235,24.76359338235294,24.700300781291386,7.211463924590966,0.006199380061993801,0.011317472903872404
K50_novel,SAGA complex,17,50,33.38970588235294,24.76359338235294,24.700300781291386,8.689405101061556,0.0005999400059994001,0.0014641022944337691
K50_novel,SCAN domain containing,48,50,35.808510638297875,24.708293617021276,24.700300781291386,11.10820985700649,9.999000099990002e-05,0.00029807145867691715
K50_novel,SET domain containing,33,50,33.69507575757576,24.67635397727273,24.700300781291386,8.994774976284372,9.999000099990002e-05,0.00029807145867691715
K50_novel,SH2 domain containing,95,50,22.709518477043673,24.717602754759234,24.700300781291386,-1.9907823042477126,0.937006299370063,0.9720924383332592
K50_novel,SIN3 histone deacetylase complex subunits,10,50,28.666666666666668,24.68707111111111,24.700300781291386,3.966365885375282,0.16518348165183483,0.20636981394698728
K50_novel,SNAREs,15,50,33.076190476190476,24.690719047619048,24.700300781291386,8.37588969489909,0.0028997100289971,0.0057144913123750385
K50_novel,SNF2 related family,32,50,31.903225806451612,24.696013508064517,24.700300781291386,7.202925025160226,0.00019998000199980003,0.0005476196566389873
K50_novel,SRY-box transcription factors,12,50,36.36363636363637,24.73930606060606,24.700300781291386,11.663335582344981,9.999000099990002e-05,0.00029807145867691715
K50_novel,SSU processome,42,50,31.135888501742162,24.68190360046458,24.700300781291386,6.435587720450776,0.00039996000399960006,0.0010238106624120198
K50_novel,STRIPAK complex,20,50,28.621052631578948,24.721574210526313,24.700300781291386,3.9207518502875622,0.0822917708229177,0.11183434970623975
K50_novel,Scavenger receptor cysteine rich domain containing,28,50,28.415343915343914,24.690175396825396,24.700300781291386,3.7150431340525287,0.0575942405759424,0.08220268882202687
K50_novel,Scavenger receptors,27,50,30.467236467236468,24.6817452991453,24.700300781291386,5.766935685945082,0.0051994800519948,0.009566230876912309
K50_novel,Secretoglobins,11,50,37.0,24.677609090909094,24.700300781291386,12.299699218708614,9.999000099990002e-05,0.00029807145867691715
K50_novel,Secretory calcium-binding phosphoprotein family,20,50,34.88421052631579,24.721574210526313,24.700300781291386,10.183909745024405,9.999000099990002e-05,0.00029807145867691715
K50_novel,Selenoproteins,24,50,31.67391304347826,24.695676086956517,24.700300781291386,6.973612262186876,0.0016998300169983002,0.003622714651611762
K50_novel,Semaphorins,20,50,34.48421052631579,24.721574210526313,24.700300781291386,9.783909745024406,9.999000099990002e-05,0.00029807145867691715
K50_novel,Septins,13,50,34.34615384615385,24.73591923076923,24.700300781291386,9.645853064862461,0.0007999200079992001,0.0018838116188381162
K50_novel,Serine and arginine rich splicing factors,12,50,40.28787878787879,24.73930606060606,24.700300781291386,15.587578006587403,9.999000099990002e-05,0.00029807145867691715
K50_novel,"Serine peptidase inhibitors, Kazal type",10,50,38.644444444444446,24.68707111111111,24.700300781291386,13.94414366315306,9.999000099990002e-05,0.00029807145867691715
K50_novel,Serine proteases,52,50,25.43212669683258,24.697578205128202,24.700300781291386,0.7318259155411937,0.34036596340365965,0.3948580511406987
K50_novel,Serpin peptidase inhibitors,34,50,29.351158645276293,24.73087272727273,24.700300781291386,4.650857863984907,0.012698730126987301,0.02151475499932021
K50_novel,Short chain dehydrogenase/reductase superfamily,72,50,26.26486697965571,24.69290974178404,24.700300781291386,1.564566198364325,0.1406859314068593,0.18104664943341733
K50_novel,Sialic acid binding Ig like lectins,14,50,26.86813186813187,24.66396593406593,24.700300781291386,2.167831086840483,0.2638736126387361,0.3146442317793537
K50_novel,Sialyltransferases,20,50,39.11052631578947,24.721574210526313,24.700300781291386,14.410225534498085,9.999000099990002e-05,0.00029807145867691715
K50_novel,Small leucine rich repeat proteoglycans,12,50,35.378787878787875,24.73930606060606,24.700300781291386,10.67848709749649,0.0008999100089991,0.002077733403130275
K50_novel,Small molecule methyltransferases,23,50,27.490118577075098,24.69864347826087,24.700300781291386,2.789817795783712,0.14188581141885812,0.18110627961594086
K50_novel,Small nucleolar RNA protein coding host genes,140,50,19.052517985611512,24.70272689619733,24.700300781291386,-5.647782795679873,1.0,1.0
K50_novel,Small subunit mitochondrial ribosomal proteins,25,50,41.70666666666666,24.64722133333333,24.700300781291386,17.006365885375278,9.999000099990002e-05,0.00029807145867691715
K50_novel,Soluble glutathione S-transferases,17,50,35.94117647058823,24.76359338235294,24.700300781291386,11.240875689296846,9.999000099990002e-05,0.00029807145867691715
K50_novel,Solute carrier family 16,13,50,35.14102564102564,24.73591923076923,24.700300781291386,10.440724859734257,0.0004999500049995,0.0012459071553162144
K50_novel,Solute carrier family 2,14,50,33.857142857142854,24.66396593406593,24.700300781291386,9.156842075851468,0.0007999200079992001,0.0018838116188381162
K50_novel,Solute carrier family 22,26,50,21.433846153846154,24.682651999999997,24.700300781291386,-3.2664546274452313,0.9045095490450955,0.9446208372510864
K50_novel,Solute carrier family 25,53,50,31.015965166908565,24.67481618287373,24.700300781291386,6.315664385617179,9.999000099990002e-05,0.00029807145867691715
K50_novel,Solute carrier family 26,10,50,35.28888888888889,24.68707111111111,24.700300781291386,10.588588107597506,0.0011998800119988001,0.0026408574095861444
K50_novel,Solute carrier family 30,11,50,33.29090909090909,24.677609090909094,24.700300781291386,8.590608309617703,0.006299370062993701,0.011455611195637195
K50_novel,Solute carrier family 35,31,50,37.70967741935484,24.714225161290322,24.700300781291386,13.009376638063454,9.999000099990002e-05,0.00029807145867691715
K50_novel,Solute carrier family 38,12,50,33.84848484848485,24.73930606060606,24.700300781291386,9.148184067193466,0.0024997500249975004,0.005096892908111787
K50_novel,Solute carrier family 39,14,50,30.63736263736264,24.66396593406593,24.700300781291386,5.937061856071253,0.031596840315968405,0.04816217407385475
K50_novel,Solute carrier family 4,10,50,27.666666666666668,24.68707111111111,24.700300781291386,2.966365885375282,0.23987601239876014,0.29044113583500264
K50_novel,Solute carrier family 5,12,50,23.742424242424242,24.73930606060606,24.700300781291386,-0.9578765388671435,0.6188381161883811,0.6747054461220544
K50_novel,Solute carrier family 6,19,50,24.12280701754386,24.653301754385968,24.700300781291386,-0.5774937637475261,0.5803419658034197,0.6342020090334354
K50_novel,Solute carrier family 7,13,50,37.205128205128204,24.73591923076923,24.700300781291386,12.504827423836819,9.999000099990002e-05,0.00029807145867691715
K50_novel,Solute carrier family 9,14,50,27.043956043956044,24.66396593406593,24.700300781291386,2.343655262664658,0.24727527247275272,0.2971088095272105
K50_novel,Solute carrier organic anion transporter family,11,50,34.2,24.677609090909094,24.700300781291386,9.499699218708617,0.0018998100189981002,0.004030678013279753
K50_novel,Sorting nexins,28,50,37.10582010582011,24.690175396825396,24.700300781291386,12.405519324528722,9.999000099990002e-05,0.00029807145867691715
K50_novel,Spectrin repeat containing,16,50,26.383333333333333,24.7261575,24.700300781291386,1.6830325520419471,0.30956904309569044,0.3609084636090847
K50_novel,Spliceosomal A complex,19,50,36.39766081871345,24.653301754385968,24.700300781291386,11.697360037422062,9.999000099990002e-05,0.00029807145867691715
K50_novel,Spliceosomal B complex,19,50,25.842105263157894,24.653301754385968,24.700300781291386,1.141804481866508,0.35196480351964804,0.406312309945476
K50_novel,Spliceosomal Bact complex,27,50,26.025641025641026,24.6817452991453,24.700300781291386,1.3253402443496398,0.29427057294270575,0.3465035996400361
K50_novel,Spliceosomal C complex,51,50,27.413333333333334,24.713093176470586,24.700300781291386,2.7130325520419483,0.06029397060293971,0.0850253298023491
K50_novel,Spliceosomal P complex,47,50,25.196114708603144,24.712006938020348,24.700300781291386,0.4958139273117581,0.3992600739926007,0.45533049600608944
K50_novel,StAR related lipid transfer domain containing,13,50,28.512820512820515,24.73591923076923,24.700300781291386,3.812519731529129,0.14128587141285873,0.18110627961594086
K50_novel,Sterile alpha motif domain containing,78,50,24.17216117216117,24.698786313686316,24.700300781291386,-0.5281396091302142,0.6482351764823517,0.7051241758041286
K50_novel,Sulfatases,17,50,33.169117647058826,24.76359338235294,24.700300781291386,8.46881686576744,0.0007999200079992001,0.0018838116188381162
K50_novel,"Sulfotransferases, cytosolic",12,50,37.666666666666664,24.73930606060606,24.700300781291386,12.966365885375279,9.999000099990002e-05,0.00029807145867691715
K50_novel,"Sulfotransferases, membrane bound",39,50,38.522267206477736,24.70422415654521,24.700300781291386,13.82196642518635,9.999000099990002e-05,0.00029807145867691715
K50_novel,Sushi domain containing,56,50,25.26948051948052,24.72509441558441,24.700300781291386,0.5691797381891348,0.3812618738126187,0.437986201379862
K50_novel,Synaptotagmins,17,50,33.61764705882353,24.76359338235294,24.700300781291386,8.917346277532143,0.0004999500049995,0.0012459071553162144
K50_novel,Syntaxins,16,50,33.90833333333333,24.7261575,24.700300781291386,9.208032552041946,0.000999900009999,0.0022861791490753837
K50_novel,T cell receptor beta locus at 7q34,13,50,46.93589743589744,24.73591923076923,24.700300781291386,22.235596654606052,9.999000099990002e-05,0.00029807145867691715
K50_novel,T-box transcription factors,10,50,35.37777777777778,24.68707111111111,24.700300781291386,10.677476996486394,0.0010998900109989002,0.002490616322983086
K50_novel,TALE class homeoboxes and pseudogenes,11,50,33.27272727272727,24.677609090909094,24.700300781291386,8.572426491435888,0.0064993500649935,0.011773822617738227
K50_novel,THAP domain family,11,50,33.96363636363636,24.677609090909094,24.700300781291386,9.263335582344975,0.0028997100289971,0.0057144913123750385
K50_novel,TIM23 complex,12,50,31.242424242424242,24.73930606060606,24.700300781291386,6.5421234611328565,0.0321967803219678,0.0489183339730543
K50_novel,TIR domain containing,15,50,22.085714285714285,24.690719047619048,24.700300781291386,-2.6145864955771003,0.789021097890211,0.8388915058832718
K50_novel,TLC domain containing,10,50,34.46666666666667,24.68707111111111,24.700300781291386,9.766365885375283,0.0022997700229977,0.004792883543504057
K50_novel,TOG domain containing,10,50,26.88888888888889,24.68707111111111,24.700300781291386,2.1885881075975036,0.3060693930606939,0.3577138564059226
K50_novel,Taste 2 receptors,24,50,40.221014492753625,24.695676086956517,24.700300781291386,15.520713711462239,9.999000099990002e-05,0.00029807145867691715
K50_novel,Terminal nucleotidyltransferases,10,50,31.333333333333332,24.68707111111111,24.700300781291386,6.633032552041946,0.04279572042795721,0.06298995100489951
K50_novel,Tetraspanin family,32,50,31.673387096774192,24.696013508064517,24.700300781291386,6.973086315482806,0.00029997000299970003,0.0007893065442059146
K50_novel,Tetratricopeptide repeat domain containing,103,50,28.06529602132115,24.68010607272035,24.700300781291386,3.3649952400297636,0.0027997200279972004,0.005659519884921379
K50_novel,Thioredoxin domain containing,14,50,35.120879120879124,24.66396593406593,24.700300781291386,10.420578339587738,0.00019998000199980003,0.0005476196566389873
K50_novel,Tip60/Nua4 histone acetyltransferase complex subunits,18,50,36.78431372549019,24.72126732026144,24.700300781291386,12.084012944198808,9.999000099990002e-05,0.00029807145867691715
K50_novel,Toll like receptors,10,50,20.466666666666665,24.68707111111111,24.700300781291386,-4.233634114624721,0.8451154884511549,0.8924874328710627
K50_novel,Trafficking protein particle complex subunits,16,50,35.075,24.7261575,24.700300781291386,10.374699218708617,0.00019998000199980003,0.0005476196566389873
K50_novel,Transaminases,11,50,30.236363636363638,24.677609090909094,24.700300781291386,5.536062855072252,0.06829317068293171,0.09488520174531219
K50_novel,Transforming growth factor beta superfamily,15,50,31.857142857142858,24.690719047619048,24.700300781291386,7.156842075851472,0.0115988401159884,0.019865649798656498
K50_novel,Transient receptor potential cation channels,27,50,31.09116809116809,24.6817452991453,24.700300781291386,6.390867309876704,0.0015998400159984002,0.003440751815229436
K50_novel,Translational GTPases,19,50,21.98830409356725,24.653301754385968,24.700300781291386,-2.7119966877241346,0.815018498150185,0.8626375564690723
K50_novel,Tripartite motif family,52,50,32.55354449472097,24.697578205128202,24.700300781291386,7.853243713429581,9.999000099990002e-05,0.00029807145867691715
K50_novel,Tubulin alpha family,10,50,31.644444444444446,24.68707111111111,24.700300781291386,6.94414366315306,0.033896610338966106,0.05133538093136024
K50_novel,Tubulin beta family,10,50,38.8,24.68707111111111,24.700300781291386,14.099699218708611,9.999000099990002e-05,0.00029807145867691715
K50_novel,Tudor domain containing,33,50,27.96212121212121,24.67635397727273,24.700300781291386,3.2618204308298253,0.06459354064593541,0.09054630251260588
K50_novel,Tumor necrosis factor receptor superfamily,29,50,25.625615763546797,24.66603300492611,24.700300781291386,0.9253149822554114,0.3514648535146485,0.406312309945476
K50_novel,Tumor necrosis factor superfamily,18,50,25.26797385620915,24.72126732026144,24.700300781291386,0.5676730749177636,0.43485651434856515,0.4911688687246383
K50_novel,Type II classical cadherins,13,50,38.88461538461539,24.73591923076923,24.700300781291386,14.184314603324001,9.999000099990002e-05,0.00029807145867691715
K50_novel,Type II transmembrane serine proteases,18,50,34.529411764705884,24.72126732026144,24.700300781291386,9.829110983414498,9.999000099990002e-05,0.00029807145867691715
K50_novel,UBX domain containing,12,50,33.65151515151515,24.73930606060606,24.700300781291386,8.951214370223763,0.0033996600339966003,0.006509105187042271
K50_novel,UDP glucuronosyltransferases,22,50,35.43722943722944,24.705970995670995,24.700300781291386,10.736928655938055,9.999000099990002e-05,0.00029807145867691715
K50_novel,UPF1 like RNA helicases,10,50,24.933333333333334,24.68707111111111,24.700300781291386,0.23303255204194784,0.49435056494350565,0.5491488586990357
K50_novel,Ubiquitin conjugating enzymes E2,37,50,33.614114114114116,24.677858108108108,24.700300781291386,8.91381333282273,9.999000099990002e-05,0.00029807145867691715
K50_novel,Ubiquitin like modifier activating enzymes,10,50,25.266666666666666,24.68707111111111,24.700300781291386,0.56636588537528,0.46145385461453853,0.5187225907480851
K50_novel,Ubiquitin specific peptidases,53,50,30.494194484760524,24.67481618287373,24.700300781291386,5.793893703469138,9.999000099990002e-05,0.00029807145867691715
K50_novel,V-set domain containing,171,50,25.83515651874785,24.705039029927757,24.700300781291386,1.1348557374564656,0.1207879212078792,0.15803086358030863
K50_novel,V-type ATPase subunits,22,50,35.35497835497836,24.705970995670995,24.700300781291386,10.654677573686971,9.999000099990002e-05,0.00029807145867691715
K50_novel,VPS9 domain containing,10,50,28.711111111111112,24.68707111111111,24.700300781291386,4.010810329819726,0.16198380161983802,0.20291056000782903
K50_novel,WAP four-disulfide core domain containing,18,50,37.77777777777778,24.72126732026144,24.700300781291386,13.077476996486393,9.999000099990002e-05,0.00029807145867691715
K50_novel,WD repeat domain containing,247,50,25.655310885092657,24.709720196833548,24.700300781291386,0.9550101038012713,0.11288871112888711,0.14935557006097144
K50_novel,Wnt enhanceosome complex,17,50,35.85294117647059,24.76359338235294,24.700300781291386,11.152640395179201,9.999000099990002e-05,0.00029807145867691715
K50_novel,Wnt family,19,50,40.92982456140351,24.653301754385968,24.700300781291386,16.22952378011212,9.999000099990002e-05,0.00029807145867691715
K50_novel,ZF class homeoboxes and pseudogenes,13,50,30.871794871794872,24.73591923076923,24.700300781291386,6.1714940905034865,0.0344965503449655,0.05207652311691907
K50_novel,ZU5 domain containing,11,50,33.236363636363635,24.677609090909094,24.700300781291386,8.536062855072249,0.006999300069993001,0.012440265407421523
K50_novel,Zinc fingers,11,50,29.236363636363638,24.677609090909094,24.700300781291386,4.536062855072252,0.12068793120687932,0.15803086358030863
K50_novel,Zinc fingers BED-type,10,50,35.53333333333333,24.68707111111111,24.700300781291386,10.833032552041946,0.000999900009999,0.0022861791490753837
K50_novel,Zinc fingers C2H2-type,657,50,33.29635352860378,24.69836871264432,24.700300781291386,8.596052747312395,9.999000099990002e-05,0.00029807145867691715
K50_novel,Zinc fingers CCCH-type,50,50,33.07918367346939,24.704933714285712,24.700300781291386,8.378882892178002,9.999000099990002e-05,0.00029807145867691715
K50_novel,Zinc fingers CCHC-type,22,50,32.696969696969695,24.705970995670995,24.700300781291386,7.99666891567831,0.0004999500049995,0.0012459071553162144
K50_novel,Zinc fingers CXXC-type,11,50,29.345454545454544,24.677609090909094,24.700300781291386,4.645153764163158,0.1151884811518848,0.1519713574861001
K50_novel,Zinc fingers DHHC-type,24,50,35.92028985507246,24.695676086956517,24.700300781291386,11.219989073781075,9.999000099990002e-05,0.00029807145867691715
K50_novel,Zinc fingers FYVE-type,30,50,28.36551724137931,24.696749655172415,24.700300781291386,3.665216460087926,0.05849415058494151,0.08273496974626861
K50_novel,Zinc fingers MYND-type,18,50,29.836601307189543,24.72126732026144,24.700300781291386,5.136300525898157,0.039996000399960006,0.05923935908295964
K50_novel,Zinc fingers RANBP2-type,22,50,29.034632034632036,24.705970995670995,24.700300781291386,4.33433125334065,0.050994900509949,0.07345137045928433
K50_novel,Zinc fingers TRAF-type,11,50,31.490909090909092,24.677609090909094,24.700300781291386,6.790608309617706,0.029797020297970205,0.04571464677636471
K50_novel,Zinc fingers ZZ-type,18,50,25.294117647058822,24.72126732026144,24.700300781291386,0.5938168657674368,0.43055694430556946,0.4874815403075077
K50_novel,Zinc fingers matrin-type,27,50,30.45868945868946,24.6817452991453,24.700300781291386,5.758388677398074,0.0051994800519948,0.009566230876912309
K20,1-acylglycerol-3-phosphate O-acyltransferases,11,20,15.836363636363636,9.718490909090908,9.721311597571725,6.1150520387919105,9.999000099990002e-05,0.00037980072960445895
K20,"5-hydroxytryptamine receptors, G protein-coupled",12,20,11.287878787878787,9.732295454545453,9.721311597571725,1.5665671903070617,0.1892810718928107,0.24559610154687012
K20,7BS 2'O-ribose DNA/RNA methyltransferases,10,20,11.933333333333334,9.708046666666666,9.721311597571725,2.212021735761608,0.12038796120387961,0.1662836648886431
K20,7BS DNA/RNA methyltransferases,10,20,15.644444444444444,9.708046666666666,9.721311597571725,5.9231328468727185,9.999000099990002e-05,0.00037980072960445895
K20,7BS N6-adenosine DNA/RNA methyltransferases,10,20,11.844444444444445,9.708046666666666,9.721311597571725,2.1231328468727195,0.1312868713128687,0.17871709938832706
K20,7BS protein arginine methyltranferases,11,20,11.381818181818181,9.718490909090908,9.721311597571725,1.6605065842464555,0.1887811218878112,0.24559610154687012
K20,7BS protein lysine methyltransferases,14,20,14.32967032967033,9.7086010989011,9.721311597571725,4.608358732098605,0.00029997000299970003,0.0008885903862443945
K20,7BS small molecule methyltransferases,17,20,13.676470588235293,9.74361544117647,9.721311597571725,3.955158990663568,0.0010998900109989002,0.0028941239954216867
K20,7TM uncharacterized proteins,12,20,13.742424242424242,9.732295454545453,9.721311597571725,4.021112644852517,0.0045995400459954,0.009501681410806288
K20,A-kinase anchoring proteins,26,20,11.335384615384616,9.712770461538462,9.721311597571725,1.6140730178128901,0.07539246075392461,0.10993761304984052
K20,AAA ATPases,51,20,7.806274509803922,9.728025098039216,9.721311597571725,-1.9150370877678036,0.9913008699130087,1.0
K20,ADAM metallopeptidase domain containing,20,20,13.463157894736842,9.734314736842105,9.721311597571725,3.7418462971651163,0.0012998700129987,0.0033273846528390637
K20,ADAM metallopeptidases with thrombospondin type 1 motif,18,20,12.934640522875817,9.72867320261438,9.721311597571725,3.2133289253040918,0.0065993400659934,0.012951204879512047
K20,AH/BAR family Rho GTPase activating proteins,14,20,11.802197802197803,9.7086010989011,9.721311597571725,2.0808862046260774,0.08769123087691232,0.12592246872873689
K20,ARF GTPase family,28,20,9.335978835978835,9.719379365079364,9.721311597571725,-0.3853327615928901,0.6381361863813618,0.7105488032757007
K20,AT-rich interaction domain containing,14,20,11.934065934065934,9.7086010989011,9.721311597571725,2.212754336494209,0.07389261073892611,0.10808515421749752
K20,ATAC complex,12,20,11.166666666666666,9.732295454545453,9.721311597571725,1.4453550690949406,0.2091790820917908,0.26772648822074313
K20,ATP binding cassette subfamily A,12,20,14.924242424242424,9.732295454545453,9.721311597571725,5.202930826670698,0.00029997000299970003,0.0008885903862443945
K20,ATP binding cassette subfamily B,11,20,12.127272727272727,9.718490909090908,9.721311597571725,2.4059611297010015,0.08869113088691132,0.12672914526729145
K20,ATP binding cassette subfamily C,12,20,11.787878787878787,9.732295454545453,9.721311597571725,2.0665671903070617,0.11538846115388461,0.1598469564808225
K20,ATP-grasp fold containing,13,20,8.602564102564102,9.737702564102564,9.721311597571725,-1.1187474950076233,0.76002399760024,0.8267235632094989
K20,ATPase phospholipid transporting,21,20,14.966666666666667,9.725392380952382,9.721311597571725,5.245355069094941,9.999000099990002e-05,0.00037980072960445895
K20,Abhydrolase domain containing,24,20,11.978260869565217,9.71523260869565,9.721311597571725,2.2569492719934914,0.0306969303069693,0.051452861831254595
K20,Actin related proteins,14,20,10.934065934065934,9.7086010989011,9.721311597571725,1.2127543364942088,0.22667733226677333,0.2862333069642098
K20,Acyl-CoA dehydrogenase family,11,20,11.727272727272727,9.718490909090908,9.721311597571725,2.005961129701001,0.1362863713628637,0.18392802553555532
K20,Acyl-CoA synthetase family,25,20,14.043333333333333,9.700453333333332,9.721311597571725,4.3220217357616075,9.999000099990002e-05,0.00037980072960445895
K20,Adenylate cyclases,10,20,13.755555555555556,9.708046666666666,9.721311597571725,4.034243957983831,0.008899110088991101,0.016765923407659235
K20,Aldehyde dehydrogenases,19,20,11.608187134502923,9.702812280701755,9.721311597571725,1.886875536931198,0.07589241075892411,0.11032507860325079
K20,Aldo-keto reductases,15,20,10.266666666666667,9.727527619047619,9.721311597571725,0.545355069094942,0.3712628737126287,0.4472245870042152
K20,"Aminoacyl tRNA synthetases, Class I",19,20,15.274853801169591,9.702812280701755,9.721311597571725,5.553542203597866,9.999000099990002e-05,0.00037980072960445895
K20,"Aminoacyl tRNA synthetases, Class II",19,20,15.105263157894736,9.702812280701755,9.721311597571725,5.383951560323011,9.999000099990002e-05,0.00037980072960445895
K20,Aminopeptidases,17,20,15.404411764705882,9.74361544117647,9.721311597571725,5.683100167134157,9.999000099990002e-05,0.00037980072960445895
K20,Anaphase promoting complex,12,20,17.803030303030305,9.732295454545453,9.721311597571725,8.081718705458579,9.999000099990002e-05,0.00037980072960445895
K20,Ankyrin repeat domain containing,174,20,10.726197594844196,9.711062467610127,9.721311597571725,1.0048859972724706,0.0096990300969903,0.018127949109850917
K20,Annexins,13,20,15.14102564102564,9.737702564102564,9.721311597571725,5.419714043453915,9.999000099990002e-05,0.00037980072960445895
K20,Anoctamins,10,20,15.133333333333333,9.708046666666666,9.721311597571725,5.412021735761607,0.00039996000399960006,0.0011557126495939363
K20,Apolipoproteins,21,20,12.790476190476191,9.725392380952382,9.721311597571725,3.0691645929044657,0.0057994200579942,0.01157426630218334
K20,Aquaporins,14,20,14.263736263736265,9.7086010989011,9.721311597571725,4.542424666164539,0.00039996000399960006,0.0011557126495939363
K20,ArfGAPs,23,20,12.4901185770751,9.71540276679842,9.721311597571725,2.768806979503374,0.0086991300869913,0.016644118720658053
K20,Arginine methyltransferases,11,20,11.381818181818181,9.718490909090908,9.721311597571725,1.6605065842464555,0.1887811218878112,0.24559610154687012
K20,Armadillo like helical domain containing,228,20,10.624082232011748,9.719466975809567,9.721311597571725,0.9027706344400226,0.008799120087991202,0.016644118720658053
K20,Armadillo repeat containing,40,20,11.175641025641026,9.73596230769231,9.721311597571725,1.4543294280693004,0.0575942405759424,0.08807430945217165
K20,Atypical dual specificity phosphatases,14,20,13.76923076923077,9.7086010989011,9.721311597571725,4.047919171659045,0.0024997500249975004,0.005771481675361876
K20,Autophagy related,31,20,14.105376344086022,9.721726881720432,9.721311597571725,4.384064746514296,9.999000099990002e-05,0.00037980072960445895
K20,Axonemal dynein assembly factors,13,20,14.397435897435898,9.737702564102564,9.721311597571725,4.676124299864172,0.00019998000199980003,0.0006680183045525235
K20,B7 family,10,20,6.288888888888889,9.708046666666666,9.721311597571725,-3.4324227086828367,0.9625037496250375,0.9956849293236616
K20,BAF complex subunits,26,20,16.313846153846153,9.712770461538462,9.721311597571725,6.592534556274428,9.999000099990002e-05,0.00037980072960445895
K20,BAR-PH domain containing,11,20,12.181818181818182,9.718490909090908,9.721311597571725,2.460506584246456,0.08309169083091691,0.11968252716012803
K20,BCL2 family,12,20,12.56060606060606,9.732295454545453,9.721311597571725,2.839294463034335,0.0433956604339566,0.06952161926664477
K20,BCL2 homology region 3 (BH3) only,11,20,12.872727272727273,9.718490909090908,9.721311597571725,3.1514156751555475,0.031996800319968,0.05344146436420188
K20,BPI fold containing,13,20,13.461538461538462,9.737702564102564,9.721311597571725,3.740226863966736,0.0065993400659934,0.012951204879512047
K20,BRICHOS domain containing,10,20,11.844444444444445,9.708046666666666,9.721311597571725,2.1231328468727195,0.1312868713128687,0.17871709938832706
K20,BTB domain containing,161,20,9.225931677018634,9.720026335403727,9.721311597571725,-0.4953799205530913,0.8619138086191381,0.9163914308343433
K20,Basic helix-loop-helix proteins,57,20,12.87781954887218,9.727370050125314,9.721311597571725,3.156507951300455,9.999000099990002e-05,0.00037980072960445895
K20,Beta 3-glycosyltransferases,25,20,14.9,9.700453333333332,9.721311597571725,5.178688402428275,9.999000099990002e-05,0.00037980072960445895
K20,Beta 4-glycosyltransferases,17,20,16.558823529411764,9.74361544117647,9.721311597571725,6.837511931840039,9.999000099990002e-05,0.00037980072960445895
K20,Blood group antigens,53,20,11.957910014513788,9.713032946298984,9.721311597571725,2.236598416942062,0.0017998200179982,0.0043696661261708875
K20,Bone morphogenetic proteins,11,20,11.727272727272727,9.718490909090908,9.721311597571725,2.005961129701001,0.1362863713628637,0.18392802553555532
K20,Bridge-like lipid transfer protein family,10,20,14.88888888888889,9.708046666666666,9.721311597571725,5.167577291317164,0.00039996000399960006,0.0011557126495939363
K20,Bromodomain containing,39,20,13.161943319838057,9.720863967611335,9.721311597571725,3.440631722266332,9.999000099990002e-05,0.00037980072960445895
K20,Butyrophilins,12,20,15.409090909090908,9.732295454545453,9.721311597571725,5.687779311519183,9.999000099990002e-05,0.00037980072960445895
K20,C-C motif chemokine receptors,10,20,11.2,9.708046666666666,9.721311597571725,1.4786884024282738,0.22417758224177584,0.2838377452577323
K20,C-type lectin domain containing,85,20,11.864705882352942,9.734574537815126,9.721311597571725,2.143394284781216,0.0007999200079992001,0.002177816900390886
K20,C1-set domain containing,39,20,9.507422402159245,9.720863967611335,9.721311597571725,-0.21388919541248086,0.5946405359464053,0.6651372777414201
K20,C1q and TNF related,18,20,15.869281045751634,9.72867320261438,9.721311597571725,6.147969448179909,9.999000099990002e-05,0.00037980072960445895
K20,C1q domain containing,14,20,9.571428571428571,9.7086010989011,9.721311597571725,-0.1498830261431543,0.5453454654534546,0.6234410539528572
K20,C2 and RasGAP domain containing,10,20,11.4,9.708046666666666,9.721311597571725,1.6786884024282749,0.19468053194680532,0.25121789190943916
K20,C2 domain containing,33,20,11.996212121212121,9.714223674242422,9.721311597571725,2.2749005236403956,0.010998900109989001,0.020236257624237575
K20,C2 domain containing phospholipases,18,20,9.137254901960784,9.72867320261438,9.721311597571725,-0.5840566956109416,0.6731326867313269,0.745989401059894
K20,C2 domain containing protein kinases,10,20,12.688888888888888,9.708046666666666,9.721311597571725,2.9675772913171627,0.052394760523947606,0.0814453208144532
K20,C2-set domain containing,39,20,10.307692307692308,9.720863967611335,9.721311597571725,0.5863807101205829,0.2703729627037296,0.3365014422040646
K20,CCC complex,10,20,15.2,9.708046666666666,9.721311597571725,5.478688402428274,0.00029997000299970003,0.0008885903862443945
K20,CCR4-NOT transcription complex,12,20,14.075757575757576,9.732295454545453,9.721311597571725,4.354445978185851,0.0023997600239976003,0.0055954800559548015
K20,CD molecules,380,20,8.091709484793778,9.722251117900292,9.721311597571725,-1.6296021127779472,1.0,1.0
K20,CEA cell adhesion molecule family,12,20,13.969696969696969,9.732295454545453,9.721311597571725,4.248385372125243,0.0026997300269973002,0.0060264115768517935
K20,COMM domain containing,10,20,15.933333333333334,9.708046666666666,9.721311597571725,6.212021735761608,9.999000099990002e-05,0.00037980072960445895
K20,CRAL-TRIO lipid binding domain containing,19,20,11.742690058479532,9.702812280701755,9.721311597571725,2.0213784609078065,0.061193880611938804,0.09208408232659161
K20,CTLH complex subunits,12,20,14.166666666666666,9.732295454545453,9.721311597571725,4.445355069094941,0.001999800019998,0.0047812477635485184
K20,CUE domain containing,10,20,11.533333333333333,9.708046666666666,9.721311597571725,1.8120217357616077,0.1738826117388261,0.22749641702496415
K20,Cadherin related,17,20,13.566176470588236,9.74361544117647,9.721311597571725,3.84486487301651,0.0018998100189981002,0.004588771892041566
K20,Calcium voltage-gated channel alpha1 subunits,10,20,7.555555555555555,9.708046666666666,9.721311597571725,-2.16575604201617,0.8687131286871312,0.9194694013744693
K20,Canonical high mobility group,11,20,13.0,9.718490909090908,9.721311597571725,3.2786884024282745,0.027297270272972702,0.04641521407426044
K20,Carbohydrate kinases,12,20,14.242424242424242,9.732295454545453,9.721311597571725,4.521112644852517,0.0015998400159984002,0.003945155222697626
K20,Carbon-nitrogen lyases,13,20,13.602564102564102,9.737702564102564,9.721311597571725,3.8812525049923767,0.004999500049995001,0.010193785816223573
K20,Carbon-oxygen lyases,17,20,13.654411764705882,9.74361544117647,9.721311597571725,3.9331001671341568,0.0010998900109989002,0.0028941239954216867
K20,Carbonic anhydrases,15,20,7.980952380952381,9.727527619047619,9.721311597571725,-1.7403592166193445,0.8664133586641336,0.9191006575018175
K20,Caspase recruitment domain containing,29,20,11.19704433497537,9.70726945812808,9.721311597571725,1.4757327374036446,0.0807919208079192,0.11672697760898755
K20,Caspases,12,20,16.46969696969697,9.732295454545453,9.721311597571725,6.748385372125243,9.999000099990002e-05,0.00037980072960445895
K20,CatSpermasome complex,12,20,13.045454545454545,9.732295454545453,9.721311597571725,3.3241429478828195,0.0197980201979802,0.03440910521493976
K20,Cathepsins,15,20,12.17142857142857,9.727527619047619,9.721311597571725,2.4501169738568453,0.055194480551944806,0.08495621026132681
K20,Centriolar satellite proteins,67,20,10.527815468113976,9.717381094527363,9.721311597571725,0.8065038705422509,0.12458754124587541,0.17158108750528456
K20,Charged multivesicular body proteins,11,20,15.418181818181818,9.718490909090908,9.721311597571725,5.6968702206100925,9.999000099990002e-05,0.00037980072960445895
K20,Chemokine ligands,40,20,14.38076923076923,9.73596230769231,9.721311597571725,4.659457633197505,9.999000099990002e-05,0.00037980072960445895
K20,Cholinergic receptors nicotinic subunits,16,20,6.083333333333333,9.740904166666667,9.721311597571725,-3.6379782642383924,0.9922007799220078,1.0
K20,Cilia and flagella associated,64,20,10.85515873015873,9.720815625,9.721311597571725,1.1338471325870039,0.059194080591940805,0.0902278704168418
K20,"Clathrin/coatomer adaptor, adaptin-like, N-terminal domain containing",14,20,13.978021978021978,9.7086010989011,9.721311597571725,4.256710380450253,0.0017998200179982,0.0043696661261708875
K20,Claudins,23,20,14.308300395256918,9.71540276679842,9.721311597571725,4.586988797685192,9.999000099990002e-05,0.00037980072960445895
K20,Clustered protocadherins,53,20,16.299709724238028,9.713032946298984,9.721311597571725,6.578398126666302,9.999000099990002e-05,0.00037980072960445895
K20,Coagulation factors,14,20,6.802197802197802,9.7086010989011,9.721311597571725,-2.9191137953739235,0.9673032696730327,0.9956849293236616
K20,Coat protein complex II,11,20,15.436363636363636,9.718490909090908,9.721311597571725,5.71505203879191,9.999000099990002e-05,0.00037980072960445895
K20,Complement system activation components,25,20,8.893333333333333,9.700453333333332,9.721311597571725,-0.8279782642383928,0.7544245575442455,0.8225323301003233
K20,Complement system regulators and receptors,29,20,9.68472906403941,9.70726945812808,9.721311597571725,-0.03658253353231622,0.5154484551544846,0.597970991078232
K20,Constitutive centromere associated network,16,20,15.683333333333334,9.740904166666667,9.721311597571725,5.962021735761608,9.999000099990002e-05,0.00037980072960445895
K20,Cyclic nucleotide gated channels,10,20,14.044444444444444,9.708046666666666,9.721311597571725,4.323132846872719,0.0045995400459954,0.009501681410806288
K20,Cyclin dependent kinases,21,20,12.89047619047619,9.725392380952382,9.721311597571725,3.1691645929044654,0.004299570042995701,0.009081154664802579
K20,Cyclins,25,20,11.263333333333334,9.700453333333332,9.721311597571725,1.5420217357616082,0.09219078092190781,0.13118386046591718
K20,Cyclophilin peptidylprolyl isomerases,19,20,5.777777777777778,9.702812280701755,9.721311597571725,-3.943533819793948,0.9985001499850015,1.0
K20,"Cystatins, type 2",12,20,14.909090909090908,9.732295454545453,9.721311597571725,5.187779311519183,0.00029997000299970003,0.0008885903862443945
K20,Cytochrome P450 family 2,16,20,11.533333333333333,9.740904166666667,9.721311597571725,1.8120217357616077,0.1121887811218878,0.1567979700546266
K20,Cytochrome P450 family 4,12,20,13.530303030303031,9.732295454545453,9.721311597571725,3.8089914327313057,0.007799220077992201,0.015055051871861996
K20,Cytochrome b5 domain containing,14,20,12.065934065934066,9.7086010989011,9.721311597571725,2.3446224683623402,0.061193880611938804,0.09208408232659161
K20,DDB1 and CUL4 associated factors,16,20,9.483333333333333,9.740904166666667,9.721311597571725,-0.23797826423839297,0.5765423457654234,0.6511092909847771
K20,DEAD-box helicases,39,20,12.913630229419702,9.720863967611335,9.721311597571725,3.192318631847977,0.00019998000199980003,0.0006680183045525235
K20,DEAH-box helicases,21,20,12.023809523809524,9.725392380952382,9.721311597571725,2.3024979262377983,0.038196180381961806,0.06263019531380194
K20,DENN domain containing,27,20,9.47008547008547,9.716903703703705,9.721311597571725,-0.2512261274862553,0.595940405959404,0.6651372777414201
K20,DEP domain containing,22,20,11.030303030303031,9.727630303030303,9.721311597571725,1.3089914327313057,0.1468853114688531,0.1965425616529256
K20,DNA glycosylases,11,20,15.309090909090909,9.718490909090908,9.721311597571725,5.587779311519183,9.999000099990002e-05,0.00037980072960445895
K20,DNA polymerases,25,20,8.233333333333333,9.700453333333332,9.721311597571725,-1.487978264238393,0.8886111388861114,0.9384211803034944
K20,DNA-(apurinic or apyrimidinic site) lyases,10,20,10.222222222222221,9.708046666666666,9.721311597571725,0.500910624650496,0.40615938406159385,0.4830835098308351
K20,DNA/RNA methyltransferases,69,20,11.994032395566922,9.729404774083546,9.721311597571725,2.2727207979951967,0.00029997000299970003,0.0008885903862443945
K20,DNAJ (HSP40) heat shock proteins,43,20,13.03875968992248,9.717206644518273,9.721311597571725,3.317448092350755,9.999000099990002e-05,0.00037980072960445895
K20,DOCK family Rho GEFs,11,20,13.854545454545455,9.718490909090908,9.721311597571725,4.13323385697373,0.0045995400459954,0.009501681410806288
K20,Dbl family Rho GEFs,66,20,11.94032634032634,9.711834032634034,9.721311597571725,2.2190147427546147,0.0007999200079992001,0.002177816900390886
K20,Decarboxylases,25,20,10.243333333333334,9.700453333333332,9.721311597571725,0.5220217357616086,0.3334666533346665,0.4068984293280516
K20,"Defensins, beta",32,20,15.723790322580646,9.721322983870968,9.721311597571725,6.00247872500892,9.999000099990002e-05,0.00037980072960445895
K20,Diacylglycerol kinase family,10,20,14.71111111111111,9.708046666666666,9.721311597571725,4.989799513539385,0.0004999500049995,0.0014100386368548774
K20,Dispanins,12,20,11.242424242424242,9.732295454545453,9.721311597571725,1.5211126448525167,0.1964803519648035,0.2528476660530668
K20,Dynactin subunits,11,20,12.436363636363636,9.718490909090908,9.721311597571725,2.71505203879191,0.060193980601939805,0.09116194489875772
K20,Dynein 1 complex subunits,11,20,12.4,9.718490909090908,9.721311597571725,2.678688402428275,0.06309369063093691,0.09404154521256736
K20,Dynein 2 complex subunits,11,20,12.636363636363637,9.718490909090908,9.721311597571725,2.915052038791911,0.04559544045595441,0.07255220423903555
K20,Dynein heavy chains,14,20,14.285714285714286,9.7086010989011,9.721311597571725,4.564402688142561,0.00029997000299970003,0.0008885903862443945
K20,Dynein regulatory complex,10,20,11.533333333333333,9.708046666666666,9.721311597571725,1.8120217357616077,0.1738826117388261,0.22749641702496415
K20,"Dyneins, axonemal inner arm I1/f complex subunits",17,20,12.117647058823529,9.74361544117647,9.721311597571725,2.3963354612518035,0.0461953804619538,0.07325934073259341
K20,"Dyneins, axonemal outer arm complex subunits",14,20,12.362637362637363,9.7086010989011,9.721311597571725,2.6413257650656377,0.03849615038496151,0.0627394008004044
K20,EF-hand domain containing,171,20,10.501616787065704,9.72315221878225,9.721311597571725,0.7803051894939781,0.039696030396960305,0.0642502760033275
K20,EMSY complex,12,20,8.378787878787879,9.732295454545453,9.721311597571725,-1.3425237187838466,0.7865213478652134,0.851612769757507
K20,EPH receptors,14,20,15.835164835164836,9.7086010989011,9.721311597571725,6.11385323759311,9.999000099990002e-05,0.00037980072960445895
K20,ER membrane protein complex subunits,10,20,17.666666666666668,9.708046666666666,9.721311597571725,7.945355069094942,9.999000099990002e-05,0.00037980072960445895
K20,ETS transcription factor family,24,20,13.735507246376812,9.71523260869565,9.721311597571725,4.014195648805087,9.999000099990002e-05,0.00037980072960445895
K20,Elastases,27,20,8.703703703703704,9.716903703703705,9.721311597571725,-1.0176078938680213,0.8174182581741826,0.875009090000091
K20,Endoribonucleases,19,20,11.116959064327485,9.702812280701755,9.721311597571725,1.3956474667557597,0.1518848115188481,0.20151477809965482
K20,Eukaryotic translation initiation factor 3 complex subunits,13,20,18.615384615384617,9.737702564102564,9.721311597571725,8.894073017812891,9.999000099990002e-05,0.00037980072960445895
K20,Exonucleases,17,20,9.419117647058824,9.74361544117647,9.721311597571725,-0.3021939505129012,0.591040895910409,0.662810147556673
K20,Exosome complex,12,20,17.151515151515152,9.732295454545453,9.721311597571725,7.430203553943427,9.999000099990002e-05,0.00037980072960445895
K20,F-BAR domain containing,23,20,11.648221343873518,9.71540276679842,9.721311597571725,1.9269097463017921,0.050994900509949,0.07953178192114563
K20,F-box and leucine rich repeat proteins,16,20,13.0,9.740904166666667,9.721311597571725,3.2786884024282745,0.008799120087991202,0.016644118720658053
K20,F-boxes other,29,20,12.75615763546798,9.70726945812808,9.721311597571725,3.034846037896255,0.0012998700129987,0.0033273846528390637
K20,FA complementation groups,22,20,11.142857142857142,9.727630303030303,9.721311597571725,1.4215455452854169,0.12868713128687131,0.17619662452359416
K20,FERM domain containing,48,20,10.61081560283688,9.722541134751772,9.721311597571725,0.8895040052651542,0.15028497150284972,0.19995542818599496
K20,FKBP prolyl isomerase family,18,20,4.61437908496732,9.72867320261438,9.721311597571725,-5.106932512604406,0.9998000199980002,1.0
K20,Fatty acid binding protein family,15,20,10.904761904761905,9.727527619047619,9.721311597571725,1.1834503071901796,0.23277672232776722,0.29236756324367563
K20,Fc receptors,19,20,11.409356725146198,9.702812280701755,9.721311597571725,1.6880451275744726,0.100989901009899,0.14284157169868597
K20,Fibril associated collagens with interrupted triple helices,10,20,19.6,9.708046666666666,9.721311597571725,9.878688402428276,9.999000099990002e-05,0.00037980072960445895
K20,Fibrillar collagens,11,20,19.363636363636363,9.718490909090908,9.721311597571725,9.642324766064638,9.999000099990002e-05,0.00037980072960445895
K20,Fibrinogen C domain containing,21,20,9.071428571428571,9.725392380952382,9.721311597571725,-0.6498830261431543,0.6950304969503049,0.7684492114168864
K20,Fibroblast growth factor family,20,20,10.136842105263158,9.734314736842105,9.721311597571725,0.4155305076914324,0.385961403859614,0.4637444418823424
K20,Fibronectin type III domain containing,120,20,9.015126050420168,9.722483291316527,9.721311597571725,-0.7061855471515575,0.9063093690630937,0.954597413309894
K20,Flavoproteins,121,20,8.820110192837465,9.726586859504131,9.721311597571725,-0.9012014047342607,0.9543045695430457,0.9922239564123058
K20,Forkhead boxes,23,20,13.264822134387352,9.71540276679842,9.721311597571725,3.543510536815626,0.000999900009999,0.002675868776758688
K20,Formins,13,20,13.846153846153847,9.737702564102564,9.721311597571725,4.124842248582121,0.0026997300269973002,0.0060264115768517935
K20,Fucosyltransferases,13,20,15.051282051282051,9.737702564102564,9.721311597571725,5.329970453710326,9.999000099990002e-05,0.00037980072960445895
K20,G protein subunits gamma,12,20,17.651515151515152,9.732295454545453,9.721311597571725,7.930203553943427,9.999000099990002e-05,0.00037980072960445895
K20,"G protein-coupled receptors, Class A orphans",78,20,12.11988011988012,9.72110855810856,9.721311597571725,2.398568522308395,0.00019998000199980003,0.0006680183045525235
K20,"G protein-coupled receptors, Class F frizzled",11,20,15.309090909090909,9.718490909090908,9.721311597571725,5.587779311519183,9.999000099990002e-05,0.00037980072960445895
K20,G-patch domain containing,20,20,13.389473684210527,9.734314736842105,9.721311597571725,3.6681620866388016,0.0014998500149985001,0.0037576029631079446
K20,GATA zinc finger domain containing,12,20,9.454545454545455,9.732295454545453,9.721311597571725,-0.26676614302627044,0.5727427257274272,0.6484659226385053
K20,GBAF complex subunits,12,20,14.93939393939394,9.732295454545453,9.721311597571725,5.218082341822214,0.00029997000299970003,0.0008885903862443945
K20,GCN5 related N-acetyltransferases,21,20,13.142857142857142,9.725392380952382,9.721311597571725,3.421545545285417,0.0015998400159984002,0.003945155222697626
K20,GRAM domain containing,12,20,11.863636363636363,9.732295454545453,9.721311597571725,2.142324766064638,0.10438956104389562,0.1472080336876492
K20,Galectins,11,20,12.545454545454545,9.718490909090908,9.721311597571725,2.8241429478828195,0.050994900509949,0.07953178192114563
K20,Gamete adhesion and fusion factors,13,20,13.512820512820513,9.737702564102564,9.721311597571725,3.7915089152487873,0.006099390060993901,0.012070641675328266
K20,Gamma-aminobutyric acid type A receptor subunits,19,20,15.614035087719298,9.702812280701755,9.721311597571725,5.8927234901475725,9.999000099990002e-05,0.00037980072960445895
K20,Gap junction proteins,21,20,14.342857142857143,9.725392380952382,9.721311597571725,4.621545545285418,9.999000099990002e-05,0.00037980072960445895
K20,General transcription factor IID complex subunits,14,20,16.307692307692307,9.7086010989011,9.721311597571725,6.586380710120581,9.999000099990002e-05,0.00037980072960445895
K20,Gla domain containing,13,20,7.038461538461538,9.737702564102564,9.721311597571725,-2.682850059110187,0.9487051294870513,0.9885843274079672
K20,Glutamine amidotransferase class 1 domain containing,12,20,8.303030303030303,9.732295454545453,9.721311597571725,-1.4182812945414227,0.7973202679732027,0.8593543391656258
K20,Glycoprotein hormone subunits,10,20,14.2,9.708046666666666,9.721311597571725,4.478688402428274,0.0033996600339966003,0.007447627330290227
K20,Glycoside hydrolase family,11,20,13.818181818181818,9.718490909090908,9.721311597571725,4.096870220610093,0.0053994600539946005,0.010914788349491231
K20,Glycosyltransferase family 8,10,20,12.777777777777779,9.708046666666666,9.721311597571725,3.056466180206053,0.046795320467953205,0.07396173134364416
K20,Golgins,11,20,14.072727272727272,9.718490909090908,9.721311597571725,4.351415675155547,0.0024997500249975004,0.005771481675361876
K20,Granule associated serine proteases of immune defence,12,20,8.863636363636363,9.732295454545453,9.721311597571725,-0.8576752339353622,0.6999300069993001,0.772053942146769
K20,H2A histones,17,20,15.272058823529411,9.74361544117647,9.721311597571725,5.550747225957686,9.999000099990002e-05,0.00037980072960445895
K20,H2B histones,15,20,18.238095238095237,9.727527619047619,9.721311597571725,8.516783640523512,9.999000099990002e-05,0.00037980072960445895
K20,HAD Asp-based non-protein phosphatases,10,20,10.88888888888889,9.708046666666666,9.721311597571725,1.1675772913171638,0.2755724427557244,0.3415647908893321
K20,HECT domain containing,12,20,14.772727272727273,9.732295454545453,9.721311597571725,5.051415675155548,0.00029997000299970003,0.0008885903862443945
K20,HOXL subclass homeoboxes,22,20,14.796536796536797,9.727630303030303,9.721311597571725,5.075225198965072,9.999000099990002e-05,0.00037980072960445895
K20,Heat shock 70kDa proteins,15,20,15.638095238095238,9.727527619047619,9.721311597571725,5.916783640523512,9.999000099990002e-05,0.00037980072960445895
K20,Helicases,10,20,12.511111111111111,9.708046666666666,9.721311597571725,2.7897995135393856,0.06509349065093491,0.09671619588829761
K20,Helix-turn-helix CENPB type domain family,10,20,13.533333333333333,9.708046666666666,9.721311597571725,3.8120217357616077,0.013298670132986702,0.023998749550332325
K20,Heterogeneous nuclear ribonucleoproteins,26,20,14.624615384615385,9.712770461538462,9.721311597571725,4.90330378704366,9.999000099990002e-05,0.00037980072960445895
K20,Histocompatibility complex,19,20,11.368421052631579,9.702812280701755,9.721311597571725,1.6471094550598533,0.10768923107689231,0.15140784429019782
K20,Histone lysine methyltransferases,24,20,13.51086956521739,9.71523260869565,9.721311597571725,3.789557967645665,0.00029997000299970003,0.0008885903862443945
K20,I-set domain containing,153,20,9.843223254213965,9.72191589267286,9.721311597571725,0.12191165664224002,0.40175982401759824,0.47906044838554124
K20,IFT-B1 complex,11,20,12.690909090909091,9.718490909090908,9.721311597571725,2.969597493337366,0.0423957604239576,0.068151546620082
K20,INO80 complex,15,20,12.17142857142857,9.727527619047619,9.721311597571725,2.4501169738568453,0.055194480551944806,0.08495621026132681
K20,IPT domain containing,31,20,11.458064516129033,9.721726881720432,9.721311597571725,1.7367529185573076,0.0491950804919508,0.07723627637236276
K20,Ig-like cell adhesion molecule family,61,20,11.369398907103825,9.716343278688525,9.721311597571725,1.6480873095320998,0.012098790120987902,0.022087326151105823
K20,Immunoglobulin heavy locus at 14q32.33,24,20,14.898550724637682,9.71523260869565,9.721311597571725,5.177239127065956,9.999000099990002e-05,0.00037980072960445895
K20,Immunoglobulin kappa locus at 2p11.2,18,20,17.516339869281047,9.72867320261438,9.721311597571725,7.795028271709322,9.999000099990002e-05,0.00037980072960445895
K20,Immunoglobulin lambda locus at 22q11.2,17,20,18.99264705882353,9.74361544117647,9.721311597571725,9.271335461251804,9.999000099990002e-05,0.00037980072960445895
K20,Immunoglobulin like domain containing,97,20,9.33311855670103,9.726056228522337,9.721311597571725,-0.3881930408706946,0.7464253574642535,0.8156991725421425
K20,Importins,17,20,15.735294117647058,9.74361544117647,9.721311597571725,6.0139825200753325,9.999000099990002e-05,0.00037980072960445895
K20,Integrator complex,16,20,15.308333333333334,9.740904166666667,9.721311597571725,5.587021735761608,9.999000099990002e-05,0.00037980072960445895
K20,Integrin alpha subunits,18,20,9.679738562091503,9.72867320261438,9.721311597571725,-0.04157303548022284,0.5217478252174782,0.6037917092811603
K20,Interferons,21,20,12.19047619047619,9.725392380952382,9.721311597571725,2.4691645929044643,0.025197480251974803,0.04315641163156412
K20,Interleukin 1 family,11,20,11.254545454545454,9.718490909090908,9.721311597571725,1.5332338569737285,0.2106789321067893,0.2689153848842758
K20,Interleukin receptors,41,20,6.03170731707317,9.717900853658538,9.721311597571725,-3.689604280498555,1.0,1.0
K20,Interleukins,16,20,10.158333333333333,9.740904166666667,9.721311597571725,0.43702173576160774,0.39636036396360363,0.47382165336765814
K20,Iron (II) and 2-oxoglutarate dependent oxygenases,20,20,10.031578947368422,9.734314736842105,9.721311597571725,0.3102673497966961,0.41995800419958,0.498237329919401
K20,JAMM/MPN+ metallopeptidase family,12,20,6.984848484848484,9.732295454545453,9.721311597571725,-2.736463112723241,0.9434056594340566,0.9852418305841257
K20,KCTD family,16,20,13.283333333333333,9.740904166666667,9.721311597571725,3.5620217357616077,0.0046995300469953,0.009665845642509984
K20,KLF transcription factors,16,20,14.708333333333334,9.740904166666667,9.721311597571725,4.9870217357616085,9.999000099990002e-05,0.00037980072960445895
K20,KRAB domain containing,328,20,16.40426642798538,9.72493736480943,9.721311597571725,6.682954830413655,9.999000099990002e-05,0.00037980072960445895
K20,Kallikreins,16,20,12.25,9.740904166666667,9.721311597571725,2.5286884024282745,0.04179582041795821,0.06741723087965178
K20,Kelch like,39,20,12.134952766531715,9.720863967611335,9.721311597571725,2.4136411689599893,0.004199580041995801,0.008909919818828929
K20,"Keratins, type I",14,20,14.208791208791208,9.7086010989011,9.721311597571725,4.487479611219483,0.0007999200079992001,0.002177816900390886
K20,"Keratins, type II",26,20,14.47076923076923,9.712770461538462,9.721311597571725,4.749457633197505,9.999000099990002e-05,0.00037980072960445895
K20,Killer cell lectin like receptors,11,20,11.563636363636364,9.718490909090908,9.721311597571725,1.842324766064639,0.1596840315968403,0.21067557109835233
K20,Kinesins,41,20,12.417073170731708,9.717900853658538,9.721311597571725,2.6957615731599827,0.0007999200079992001,0.002177816900390886
K20,Kringle domain containing,15,20,5.276190476190476,9.727527619047619,9.721311597571725,-4.445121121381249,0.9982001799820018,1.0
K20,L ribosomal proteins,54,20,17.6932215234102,9.715865129280225,9.721311597571725,7.971909925838476,9.999000099990002e-05,0.00037980072960445895
K20,LIM domain containing,44,20,14.233615221987314,9.717228541226216,9.721311597571725,4.512303624415589,9.999000099990002e-05,0.00037980072960445895
K20,LSm proteins,14,20,13.175824175824175,9.7086010989011,9.721311597571725,3.4545125782524497,0.009299070092990702,0.017449649457365022
K20,LY6/PLAUR domain containing,35,20,12.778151260504202,9.730749075630252,9.721311597571725,3.056839662932477,0.00029997000299970003,0.0008885903862443945
K20,Laminin subunits,12,20,18.303030303030305,9.732295454545453,9.721311597571725,8.581718705458579,9.999000099990002e-05,0.00037980072960445895
K20,Large subunit mitochondrial ribosomal proteins,50,20,15.547755102040817,9.724141469387757,9.721311597571725,5.826443504469092,9.999000099990002e-05,0.00037980072960445895
K20,Lipases,21,20,13.019047619047619,9.725392380952382,9.721311597571725,3.2977360214758935,0.0023997600239976003,0.0055954800559548015
K20,Lipocalins,19,20,13.461988304093568,9.702812280701755,9.721311597571725,3.7406767065218425,0.0014998500149985001,0.0037576029631079446
K20,Low density lipoprotein receptors,13,20,14.525641025641026,9.737702564102564,9.721311597571725,4.8043294280693,0.00019998000199980003,0.0006680183045525235
K20,Lysine acetyltransferases,18,20,10.947712418300654,9.72867320261438,9.721311597571725,1.2264008207289283,0.19148085191480851,0.24776780563701872
K20,Lysine demethylases,25,20,15.213333333333333,9.700453333333332,9.721311597571725,5.4920217357616075,9.999000099990002e-05,0.00037980072960445895
K20,Lysophospholipid acyltransferases,14,20,15.76923076923077,9.7086010989011,9.721311597571725,6.047919171659045,9.999000099990002e-05,0.00037980072960445895
K20,M1 metallopeptidases,13,20,12.538461538461538,9.737702564102564,9.721311597571725,2.817149940889813,0.0375962403759624,0.06191548677300102
K20,M10 matrix metallopeptidases,23,20,12.790513833992096,9.71540276679842,9.721311597571725,3.06920223642037,0.0038996100389961006,0.008348710583487106
K20,M14 carboxypeptidases,26,20,11.507692307692308,9.712770461538462,9.721311597571725,1.7863807101205822,0.05579442055794421,0.08559990906446814
K20,M28 metallopeptidases,10,20,8.688888888888888,9.708046666666666,9.721311597571725,-1.0324227086828373,0.7113288671132887,0.7827941504914929
K20,MAGE family,28,20,9.89153439153439,9.719379365079364,9.721311597571725,0.17022279396266526,0.44445555444455553,0.5246580605097385
K20,MAP kinase phosphatases,10,20,13.71111111111111,9.708046666666666,9.721311597571725,3.989799513539385,0.0098990100989901,0.01835603841190684
K20,MAPK activated protein kinases,11,20,15.090909090909092,9.718490909090908,9.721311597571725,5.369597493337366,9.999000099990002e-05,0.00037980072960445895
K20,MARVEL domain containing,15,20,13.704761904761904,9.727527619047619,9.721311597571725,3.9834503071901786,0.0021997800219978004,0.005206514524426954
K20,MIF4G domain containing proteins,11,20,8.345454545454546,9.718490909090908,9.721311597571725,-1.3758570521171798,0.777922207779222,0.8442427646636258
K20,MORN repeat containing,13,20,12.217948717948717,9.737702564102564,9.721311597571725,2.4966371203769917,0.06179382061793821,0.09269073092690731
K20,Macro domain containing,10,20,13.444444444444445,9.708046666666666,9.721311597571725,3.723132846872719,0.0160983901609839,0.028612610437069495
K20,Mediator complex,33,20,15.068181818181818,9.714223674242422,9.721311597571725,5.346870220610093,9.999000099990002e-05,0.00037980072960445895
K20,Membrane associated guanylate kinases,26,20,10.206153846153846,9.712770461538462,9.721311597571725,0.48484224858212066,0.3350664933506649,0.4077941043104991
K20,Membrane associated ring-CH-type fingers,11,20,14.981818181818182,9.718490909090908,9.721311597571725,5.260506584246457,0.00029997000299970003,0.0008885903862443945
K20,Membrane bound O-acyltransferase family,11,20,13.4,9.718490909090908,9.721311597571725,3.678688402428275,0.013498650134986502,0.024266657303735274
K20,Membrane spanning 4-domains,18,20,11.745098039215685,9.72867320261438,9.721311597571725,2.02378644164396,0.06979302069793021,0.10272660233976602
K20,MicroRNA protein coding host genes,822,20,9.69127910595055,9.722606710112586,9.721311597571725,-0.03003249162117605,0.5620437956204379,0.6394266370464403
K20,Minor histocompatibility antigens,47,20,9.641998149861239,9.726668917668826,9.721311597571725,-0.07931344771048643,0.5422457754224578,0.6229213663999453
K20,Mitochondrial complex III: ubiquinol-cytochrome c reductase complex subunits,10,20,18.2,9.708046666666666,9.721311597571725,8.478688402428274,9.999000099990002e-05,0.00037980072960445895
K20,Mitochondrial complex IV: cytochrome c oxidase subunits,21,20,18.052380952380954,9.725392380952382,9.721311597571725,8.331069354809228,9.999000099990002e-05,0.00037980072960445895
K20,Mitochondrial complex V: ATP synthase subunits,20,20,14.784210526315789,9.734314736842105,9.721311597571725,5.0628989287440636,9.999000099990002e-05,0.00037980072960445895
K20,Mitochondrial iron-sulfur assembly components,12,20,10.227272727272727,9.732295454545453,9.721311597571725,0.5059611297010012,0.39486051394860516,0.4732297762590153
K20,Mitochondrial nucleoid associated proteins,15,20,10.714285714285714,9.727527619047619,9.721311597571725,0.992974116713988,0.27077292270772924,0.3365014422040646
K20,Mitochondrial respiratory chain complex assembly factors,71,20,9.127967806841045,9.735495774647887,9.721311597571725,-0.59334379073068,0.8061193880611939,0.8648797990360417
K20,Mitochondrial ribosomal proteins,81,20,15.820061728395062,9.725108734567902,9.721311597571725,6.098750130823337,9.999000099990002e-05,0.00037980072960445895
K20,Mitochondrially encoded protein coding genes,13,20,14.897435897435898,9.737702564102564,9.721311597571725,5.176124299864172,0.00019998000199980003,0.0006680183045525235
K20,Mitogen-activated protein kinase kinase kinases,24,20,7.4601449275362315,9.71523260869565,9.721311597571725,-2.261166670035494,0.9682031796820318,0.9956849293236616
K20,Mixed lineage kinase family,10,20,10.133333333333333,9.708046666666666,9.721311597571725,0.4120217357616074,0.42715728427157285,0.5055052283716353
K20,Mucins,17,20,13.485294117647058,9.74361544117647,9.721311597571725,3.7639825200753325,0.0025997400259974,0.005858744269113758
K20,Myb/SANT domain containing,48,20,10.166666666666666,9.722541134751772,9.721311597571725,0.4453550690949406,0.3013698630136986,0.3715843075378326
K20,"Myosin heavy chains, class II",14,20,13.285714285714286,9.7086010989011,9.721311597571725,3.564402688142561,0.006999300069993001,0.013622604681680592
K20,Myotubularins,14,20,12.043956043956044,9.7086010989011,9.721311597571725,2.3226444463843183,0.0628937106289371,0.09404107208326785
K20,N-Ank proteins,11,20,14.363636363636363,9.718490909090908,9.721311597571725,4.642324766064638,0.0012998700129987,0.0033273846528390637
K20,N-BAR domain containing,12,20,13.378787878787879,9.732295454545453,9.721311597571725,3.6574762812161534,0.0100989901009899,0.01865342877476958
K20,N-alpha-acetyltransferase subunits,13,20,15.346153846153847,9.737702564102564,9.721311597571725,5.624842248582121,9.999000099990002e-05,0.00037980072960445895
K20,NADH:ubiquinone oxidoreductase core subunits,14,20,17.714285714285715,9.7086010989011,9.721311597571725,7.99297411671399,9.999000099990002e-05,0.00037980072960445895
K20,NADH:ubiquinone oxidoreductase supernumerary subunits,30,20,17.71034482758621,9.717481839080461,9.721311597571725,7.989033230014483,9.999000099990002e-05,0.00037980072960445895
K20,NBPF members,10,20,13.866666666666667,9.708046666666666,9.721311597571725,4.145355069094942,0.006999300069993001,0.013622604681680592
K20,NIMA related kinase family,11,20,14.872727272727273,9.718490909090908,9.721311597571725,5.1514156751555475,0.00029997000299970003,0.0008885903862443945
K20,NKL subclass homeoboxes and pseudogenes,16,20,15.775,9.740904166666667,9.721311597571725,6.053688402428275,9.999000099990002e-05,0.00037980072960445895
K20,NLR family,18,20,13.4640522875817,9.72867320261438,9.721311597571725,3.742740690009974,0.0020997900209979003,0.004994955049949551
K20,NTC associated proteins,16,20,15.041666666666666,9.740904166666667,9.721311597571725,5.320355069094941,9.999000099990002e-05,0.00037980072960445895
K20,Nectins and nectin-like molecules,10,20,14.577777777777778,9.708046666666666,9.721311597571725,4.856466180206052,0.0008999100089991,0.0024220435099347203
K20,Neuropeptides,57,20,12.37092731829574,9.727370050125314,9.721311597571725,2.6496157207240145,9.999000099990002e-05,0.00037980072960445895
K20,Non-clustered protocadherins,12,20,13.272727272727273,9.732295454545453,9.721311597571725,3.551415675155548,0.0131986801319868,0.023909916700637628
K20,Non-histone lysine methyltransferases,19,20,14.397660818713451,9.702812280701755,9.721311597571725,4.6763492211417255,0.00019998000199980003,0.0006680183045525235
K20,NuRD complex subunits,15,20,10.914285714285715,9.727527619047619,9.721311597571725,1.1929741167139891,0.23007699230076992,0.2897493673092584
K20,Nuclear RNase P complex subunits,10,20,16.08888888888889,9.708046666666666,9.721311597571725,6.367577291317163,9.999000099990002e-05,0.00037980072960445895
K20,Nucleoporins,30,20,16.35632183908046,9.717481839080461,9.721311597571725,6.635010241508736,9.999000099990002e-05,0.00037980072960445895
K20,Nucleotide excision repair,17,20,7.669117647058823,9.74361544117647,9.721311597571725,-2.052193950512902,0.9198080191980802,0.962732393427324
K20,Nudix hydrolase family,22,20,13.614718614718615,9.727630303030303,9.721311597571725,3.89340701714689,0.00029997000299970003,0.0008885903862443945
K20,OTU domain containing,16,20,14.1,9.740904166666667,9.721311597571725,4.378688402428274,0.0004999500049995,0.0014100386368548774
K20,Olfactomedin domain containing,13,20,12.935897435897436,9.737702564102564,9.721311597571725,3.2145858383257107,0.0178982101789821,0.03145543654589765
K20,"Olfactory receptors, family 1",24,20,17.07246376811594,9.71523260869565,9.721311597571725,7.351152170544216,9.999000099990002e-05,0.00037980072960445895
K20,"Olfactory receptors, family 10",33,20,15.869318181818182,9.714223674242422,9.721311597571725,6.148006584246456,9.999000099990002e-05,0.00037980072960445895
K20,"Olfactory receptors, family 13",10,20,15.533333333333333,9.708046666666666,9.721311597571725,5.812021735761608,0.00019998000199980003,0.0006680183045525235
K20,"Olfactory receptors, family 2",64,20,16.824900793650794,9.720815625,9.721311597571725,7.103589196079069,9.999000099990002e-05,0.00037980072960445895
K20,"Olfactory receptors, family 4",44,20,16.77167019027484,9.717228541226216,9.721311597571725,7.050358592703114,9.999000099990002e-05,0.00037980072960445895
K20,"Olfactory receptors, family 5",44,20,17.297040169133194,9.717228541226216,9.721311597571725,7.575728571561468,9.999000099990002e-05,0.00037980072960445895
K20,"Olfactory receptors, family 51",21,20,17.176190476190477,9.725392380952382,9.721311597571725,7.454878878618752,9.999000099990002e-05,0.00037980072960445895
K20,"Olfactory receptors, family 52",24,20,16.528985507246375,9.71523260869565,9.721311597571725,6.80767390967465,9.999000099990002e-05,0.00037980072960445895
K20,"Olfactory receptors, family 6",29,20,16.51231527093596,9.70726945812808,9.721311597571725,6.791003673364235,9.999000099990002e-05,0.00037980072960445895
K20,"Olfactory receptors, family 7",11,20,17.29090909090909,9.718490909090908,9.721311597571725,7.569597493337364,9.999000099990002e-05,0.00037980072960445895
K20,"Olfactory receptors, family 8",22,20,16.974025974025974,9.727630303030303,9.721311597571725,7.252714376454248,9.999000099990002e-05,0.00037980072960445895
K20,Oligosaccharyltransferase complex subunits,12,20,15.787878787878787,9.732295454545453,9.721311597571725,6.066567190307062,9.999000099990002e-05,0.00037980072960445895
K20,Opsin receptors,11,20,14.49090909090909,9.718490909090908,9.721311597571725,4.769597493337365,0.0005999400059994001,0.0016819746596768896
K20,Oxygenases,23,20,11.106719367588934,9.71540276679842,9.721311597571725,1.385407770017208,0.12588741125887412,0.1728658037986289
K20,Oxysterol binding proteins,12,20,15.863636363636363,9.732295454545453,9.721311597571725,6.142324766064638,9.999000099990002e-05,0.00037980072960445895
K20,PAS domain containing,28,20,6.455026455026455,9.719379365079364,9.721311597571725,-3.2662851425452706,0.998000199980002,1.0
K20,PBAF complex subunits,15,20,15.695238095238095,9.727527619047619,9.721311597571725,5.973926497666369,9.999000099990002e-05,0.00037980072960445895
K20,PDZ domain containing,142,20,11.185296174208371,9.72362499250824,9.721311597571725,1.463984576636646,0.00029997000299970003,0.0008885903862443945
K20,PHD finger proteins,90,20,12.354806491885144,9.712847265917604,9.721311597571725,2.6334948943134187,9.999000099990002e-05,0.00037980072960445895
K20,POTE ankyrin domain containing,11,20,15.436363636363636,9.718490909090908,9.721311597571725,5.71505203879191,9.999000099990002e-05,0.00037980072960445895
K20,PR/SET domain family,13,20,14.435897435897436,9.737702564102564,9.721311597571725,4.714585838325711,0.00019998000199980003,0.0006680183045525235
K20,PRD class homeoboxes and pseudogenes,12,20,15.06060606060606,9.732295454545453,9.721311597571725,5.339294463034335,0.00019998000199980003,0.0006680183045525235
K20,PWWP domain containing,16,20,10.466666666666667,9.740904166666667,9.721311597571725,0.7453550690949413,0.32016798320167983,0.39270604189581043
K20,PX-BAR domain containing,12,20,14.893939393939394,9.732295454545453,9.721311597571725,5.172627796367669,0.00029997000299970003,0.0008885903862443945
K20,Peroxins,16,20,15.708333333333334,9.740904166666667,9.721311597571725,5.9870217357616085,9.999000099990002e-05,0.00037980072960445895
K20,Phosphatidylinositol glycan anchor biosynthesis,21,20,15.338095238095239,9.725392380952382,9.721311597571725,5.616783640523513,9.999000099990002e-05,0.00037980072960445895
K20,Phosphodiesterases,24,20,13.996376811594203,9.71523260869565,9.721311597571725,4.275065214022478,9.999000099990002e-05,0.00037980072960445895
K20,Phosphoinositide phosphatases,32,20,9.625,9.721322983870968,9.721311597571725,-0.09631159757172547,0.5441455854414559,0.6234410539528572
K20,Phospholipases,41,20,10.823170731707316,9.717900853658538,9.721311597571725,1.1018591341355908,0.11478852114788521,0.15948493646210601
K20,Pleckstrin homology domain containing,183,20,10.140034828559418,9.729681090494205,9.721311597571725,0.41872323098769293,0.1688831116888311,0.22218979219396492
K20,Poly(ADP-ribose) polymerases,17,20,10.830882352941176,9.74361544117647,9.721311597571725,1.1095707553694503,0.23427657234276572,0.29346879141873045
K20,Polypeptide N-acetylgalactosaminyltransferases,20,20,15.963157894736842,9.734314736842105,9.721311597571725,6.241846297165116,9.999000099990002e-05,0.00037980072960445895
K20,Potassium inwardly rectifying channel subfamily J,16,20,11.316666666666666,9.740904166666667,9.721311597571725,1.595355069094941,0.14278572142785723,0.19160135268524434
K20,Potassium two pore domain channel subfamily K,15,20,10.466666666666667,9.727527619047619,9.721311597571725,0.7453550690949413,0.32256774322567744,0.394621836517647
K20,Potassium voltage-gated channel regulatory subunits,14,20,12.692307692307692,9.7086010989011,9.721311597571725,2.970996094735966,0.022797720227977204,0.039332330503213414
K20,Potassium voltage-gated channels,40,20,18.276923076923076,9.73596230769231,9.721311597571725,8.55561147935135,9.999000099990002e-05,0.00037980072960445895
K20,Pregnancy specific glycoproteins,10,20,16.355555555555554,9.708046666666666,9.721311597571725,6.634243957983829,9.999000099990002e-05,0.00037980072960445895
K20,Progestin and adipoQ receptor family,11,20,14.054545454545455,9.718490909090908,9.721311597571725,4.333233856973729,0.0025997400259974,0.005858744269113758
K20,Proteasome,45,20,16.75050505050505,9.701032323232322,9.721311597571725,7.029193452933326,9.999000099990002e-05,0.00037980072960445895
K20,Protein disulfide isomerases,21,20,10.2,9.725392380952382,9.721311597571725,0.4786884024282738,0.36106389361063895,0.43717504856198186
K20,Protein phosphatase 1 regulatory subunits,171,20,9.124802201582387,9.72315221878225,9.721311597571725,-0.5965093959893384,0.9084091590840916,0.954597413309894
K20,Protein phosphatase 2 regulatory subunits,15,20,9.876190476190477,9.727527619047619,9.721311597571725,0.15487887861875116,0.47065293470652936,0.552811801114153
K20,Protein phosphatase catalytic subunits,12,20,11.818181818181818,9.732295454545453,9.721311597571725,2.096870220610093,0.11038896110388961,0.15474166869027384
K20,"Protein phosphatases, Mg2+/Mn2+ dependent",18,20,12.333333333333334,9.72867320261438,9.721311597571725,2.6120217357616085,0.024897510248975102,0.04279827491703384
K20,Protein tyrosine phosphatases non-receptor type,15,20,13.780952380952382,9.727527619047619,9.721311597571725,4.059640783380656,0.0017998200179982,0.0043696661261708875
K20,Protein tyrosine phosphatases receptor type,19,20,11.666666666666666,9.702812280701755,9.721311597571725,1.9453550690949406,0.06929307069293071,0.1023104586093115
K20,Proteins encoded by multiple genes,44,20,8.063424947145878,9.717228541226216,9.721311597571725,-1.6578866504258478,0.9672032796720328,0.9956849293236616
K20,Pseudoautosomal region 1,16,20,6.466666666666667,9.740904166666667,9.721311597571725,-3.2546449309050587,0.9858014198580142,1.0
K20,Pseudokinases,29,20,11.578817733990148,9.70726945812808,9.721311597571725,1.8575061364184222,0.038896110388961104,0.06317264825241614
K20,Pseudouridine synthases,13,20,14.461538461538462,9.737702564102564,9.721311597571725,4.740226863966736,0.00019998000199980003,0.0006680183045525235
K20,Putative lysine methyltransferases,16,20,14.6,9.740904166666667,9.721311597571725,4.878688402428274,0.00029997000299970003,0.0008885903862443945
K20,Pyrin domain containing,16,20,13.2,9.740904166666667,9.721311597571725,3.478688402428274,0.0058994100589941,0.011724144041292071
K20,"RAB, member RAS oncogene GTPases",64,20,11.901785714285714,9.720815625,9.721311597571725,2.180474116713988,0.0011998800119988001,0.0031223396997316845
K20,RAS type GTPase family,28,20,10.603174603174603,9.719379365079364,9.721311597571725,0.8818630056028773,0.21577842215778423,0.2746800995576118
K20,RBR E3 ubiquitin ligases,14,20,13.373626373626374,9.7086010989011,9.721311597571725,3.6523147760546486,0.005499450054994501,0.011069405879924828
K20,RNA binding motif containing,196,20,12.303296703296704,9.728217095761382,9.721311597571725,2.5819851057249785,9.999000099990002e-05,0.00037980072960445895
K20,RNA polymerase subunits,34,20,14.345811051693405,9.735488770053477,9.721311597571725,4.624499454121679,9.999000099990002e-05,0.00037980072960445895
K20,RNase MRP complex subunits,11,20,15.763636363636364,9.718490909090908,9.721311597571725,6.042324766064638,9.999000099990002e-05,0.00037980072960445895
K20,RUN domain containing,18,20,11.856209150326798,9.72867320261438,9.721311597571725,2.1348975527550724,0.05959404059594041,0.090544493937703
K20,RWD domain containing,12,20,12.969696969696969,9.732295454545453,9.721311597571725,3.2483853721252434,0.021897810218978103,0.03791863460712752
K20,Receptor ligands,98,20,8.522827687776141,9.720343193772354,9.721311597571725,-1.1984839097955842,0.9779022097790221,1.0
K20,Regulators of G-protein signaling,20,20,11.478947368421053,9.734314736842105,9.721311597571725,1.757635770849328,0.0887911208879112,0.12672914526729145
K20,Rho GTPase activating proteins,32,20,12.881048387096774,9.721322983870968,9.721311597571725,3.1597367895250486,0.0008999100089991,0.0024220435099347203
K20,Rho family GTPases,20,20,13.057894736842105,9.734314736842105,9.721311597571725,3.3365831392703793,0.0036996300369963003,0.007993237373510355
K20,Rhomboid family,14,20,13.406593406593407,9.7086010989011,9.721311597571725,3.6852818090216815,0.0051994800519948,0.010555840967627374
K20,Ribonuclease A family,13,20,14.564102564102564,9.737702564102564,9.721311597571725,4.842790966530838,0.00019998000199980003,0.0006680183045525235
K20,Ribosomal protein S6 kinase family,11,20,14.054545454545455,9.718490909090908,9.721311597571725,4.333233856973729,0.0025997400259974,0.005858744269113758
K20,Ribosome biogenesis factors,37,20,11.47897897897898,9.718073423423425,9.721311597571725,1.7576673814072539,0.0326967303269673,0.05441752644523533
K20,Ring finger proteins,260,20,11.515830115830116,9.716219114939115,9.721311597571725,1.794518518258391,9.999000099990002e-05,0.00037980072960445895
K20,S ribosomal proteins,35,20,17.981512605042017,9.730749075630252,9.721311597571725,8.260201007470291,9.999000099990002e-05,0.00037980072960445895
K20,S100 calcium binding proteins,17,20,13.985294117647058,9.74361544117647,9.721311597571725,4.2639825200753325,0.0004999500049995,0.0014100386368548774
K20,SAGA complex,17,20,13.433823529411764,9.74361544117647,9.721311597571725,3.712511931840039,0.0028997100289971,0.006412034852852742
K20,SCAN domain containing,48,20,15.807624113475176,9.722541134751772,9.721311597571725,6.086312515903451,9.999000099990002e-05,0.00037980072960445895
K20,SET domain containing,33,20,13.25,9.714223674242422,9.721311597571725,3.5286884024282745,0.00019998000199980003,0.0006680183045525235
K20,SH2 domain containing,95,20,8.134826427771557,9.72909652855543,9.721311597571725,-1.5864851698001683,0.9956004399560044,1.0
K20,SIN3 histone deacetylase complex subunits,10,20,9.422222222222222,9.708046666666666,9.721311597571725,-0.299089375349503,0.5778422157784222,0.6511092909847771
K20,SNAREs,15,20,13.41904761904762,9.727527619047619,9.721311597571725,3.697736021475894,0.004999500049995001,0.010193785816223573
K20,SNF2 related family,32,20,12.320564516129032,9.721322983870968,9.721311597571725,2.5992529185573066,0.0044995500449955,0.00941905809419058
K20,SRY-box transcription factors,12,20,15.121212121212121,9.732295454545453,9.721311597571725,5.399900523640396,9.999000099990002e-05,0.00037980072960445895
K20,SSU processome,42,20,11.306620209059233,9.711874216027875,9.721311597571725,1.5853086114875072,0.03569643035696431,0.0592007700638387
K20,STRIPAK complex,20,20,11.16842105263158,9.734314736842105,9.721311597571725,1.447109455059854,0.1371862813718628,0.18461353864613536
K20,Scavenger receptor cysteine rich domain containing,28,20,11.568783068783068,9.719379365079364,9.721311597571725,1.8474714712113425,0.04889511048895111,0.07702206367991964
K20,Scavenger receptors,27,20,13.188034188034187,9.716903703703705,9.721311597571725,3.466722590462462,0.0004999500049995,0.0014100386368548774
K20,Secretoglobins,11,20,14.6,9.718490909090908,9.721311597571725,4.878688402428274,0.00039996000399960006,0.0011557126495939363
K20,Secretory calcium-binding phosphoprotein family,20,20,14.347368421052632,9.734314736842105,9.721311597571725,4.626056823480907,9.999000099990002e-05,0.00037980072960445895
K20,Selenoproteins,24,20,12.69927536231884,9.71523260869565,9.721311597571725,2.9779637647471144,0.0035996400359964,0.00784921507849215
K20,Semaphorins,20,20,12.889473684210527,9.734314736842105,9.721311597571725,3.1681620866388016,0.005599440055994401,0.011222707516482395
K20,Septins,13,20,12.08974358974359,9.737702564102564,9.721311597571725,2.368431992171864,0.072992700729927,0.10710143938877138
K20,Serine and arginine rich splicing factors,12,20,17.106060606060606,9.732295454545453,9.721311597571725,7.38474900848888,9.999000099990002e-05,0.00037980072960445895
K20,"Serine peptidase inhibitors, Kazal type",10,20,16.2,9.708046666666666,9.721311597571725,6.478688402428274,9.999000099990002e-05,0.00037980072960445895
K20,Serine proteases,52,20,9.246606334841628,9.715558672699851,9.721311597571725,-0.4747052627300974,0.7191280871912809,0.7876961141095192
K20,Serpin peptidase inhibitors,34,20,11.616755793226382,9.735488770053477,9.721311597571725,1.8954441956546564,0.026597340265973404,0.045388939366932876
K20,Short chain dehydrogenase/reductase superfamily,72,20,10.701095461658841,9.719242683881063,9.721311597571725,0.9797838640871159,0.0771922807719228,0.1118694284417712
K20,Sialic acid binding Ig like lectins,14,20,10.604395604395604,9.7086010989011,9.721311597571725,0.8830840068238786,0.2936706329367063,0.3630416485910464
K20,Sialyltransferases,20,20,15.005263157894737,9.734314736842105,9.721311597571725,5.283951560323011,9.999000099990002e-05,0.00037980072960445895
K20,Small leucine rich repeat proteoglycans,12,20,14.893939393939394,9.732295454545453,9.721311597571725,5.172627796367669,0.00029997000299970003,0.0008885903862443945
K20,Small molecule methyltransferases,23,20,11.50197628458498,9.71540276679842,9.721311597571725,1.780664687013255,0.065993400659934,0.09774494248688338
K20,Small nucleolar RNA protein coding host genes,140,20,7.363412127440904,9.721142672147996,9.721311597571725,-2.357899470130821,1.0,1.0
K20,Small subunit mitochondrial ribosomal proteins,25,20,16.363333333333333,9.700453333333332,9.721311597571725,6.642021735761608,9.999000099990002e-05,0.00037980072960445895
K20,Soluble glutathione S-transferases,17,20,13.367647058823529,9.74361544117647,9.721311597571725,3.6463354612518035,0.0038996100389961006,0.008348710583487106
K20,Solute carrier family 16,13,20,14.076923076923077,9.737702564102564,9.721311597571725,4.355611479351351,0.0014998500149985001,0.0037576029631079446
K20,Solute carrier family 2,14,20,13.725274725274724,9.7086010989011,9.721311597571725,4.003963127702999,0.0027997200279972004,0.006220132703710761
K20,Solute carrier family 22,26,20,8.16,9.712770461538462,9.721311597571725,-1.5613115975717253,0.91000899910009,0.954597413309894
K20,Solute carrier family 25,53,20,11.994920174165458,9.713032946298984,9.721311597571725,2.273608576593732,0.0015998400159984002,0.003945155222697626
K20,Solute carrier family 26,10,20,13.4,9.708046666666666,9.721311597571725,3.678688402428275,0.017798220177982202,0.0313968603139686
K20,Solute carrier family 30,11,20,14.0,9.718490909090908,9.721311597571725,4.2786884024282745,0.0032996700329967,0.007262357876361896
K20,Solute carrier family 35,31,20,14.313978494623656,9.721726881720432,9.721311597571725,4.592666897051931,9.999000099990002e-05,0.00037980072960445895
K20,Solute carrier family 38,12,20,13.090909090909092,9.732295454545453,9.721311597571725,3.3695974933373662,0.0182981701829817,0.03203880355458878
K20,Solute carrier family 39,14,20,12.824175824175825,9.7086010989011,9.721311597571725,3.1028642266040993,0.0184981501849815,0.032268995322689946
K20,Solute carrier family 4,10,20,9.511111111111111,9.708046666666666,9.721311597571725,-0.2102004864606144,0.559044095590441,0.637553920152779
K20,Solute carrier family 5,12,20,8.772727272727273,9.732295454545453,9.721311597571725,-0.9485843248444521,0.7157284271572842,0.7857997417041512
K20,Solute carrier family 6,19,20,9.678362573099415,9.702812280701755,9.721311597571725,-0.042949024472310526,0.5149485051494851,0.597970991078232
K20,Solute carrier family 7,13,20,13.205128205128204,9.737702564102564,9.721311597571725,3.483816607556479,0.0110988901109889,0.020340767479672266
K20,Solute carrier family 9,14,20,9.857142857142858,9.7086010989011,9.721311597571725,0.13583125957113218,0.47385261473852613,0.555185526223497
K20,Solute carrier organic anion transporter family,11,20,12.981818181818182,9.718490909090908,9.721311597571725,3.260506584246457,0.027897210278972105,0.04726469799063259
K20,Sorting nexins,28,20,14.994708994708995,9.719379365079364,9.721311597571725,5.27339739713727,9.999000099990002e-05,0.00037980072960445895
K20,Spectrin repeat containing,16,20,10.741666666666667,9.740904166666667,9.721311597571725,1.0203550690949417,0.2548745125487451,0.31842412575718554
K20,Spliceosomal A complex,19,20,14.602339181286549,9.702812280701755,9.721311597571725,4.881027583714824,0.00019998000199980003,0.0006680183045525235
K20,Spliceosomal B complex,19,20,9.701754385964913,9.702812280701755,9.721311597571725,-0.019557211606812785,0.5102489751024898,0.5948694734486948
K20,Spliceosomal Bact complex,27,20,9.549857549857549,9.716903703703705,9.721311597571725,-0.17145404771417638,0.5678432156784322,0.6444678423723894
K20,Spliceosomal C complex,51,20,10.011764705882353,9.728025098039216,9.721311597571725,0.29045310831062743,0.3685631436856314,0.4451108735280318
K20,Spliceosomal P complex,47,20,9.03422756706753,9.726668917668826,9.721311597571725,-0.6870840305041952,0.7922207779222078,0.8558164825719263
K20,StAR related lipid transfer domain containing,13,20,11.423076923076923,9.737702564102564,9.721311597571725,1.7017653255051979,0.1556844315568443,0.20597575073953278
K20,Sterile alpha motif domain containing,78,20,8.43023643023643,9.72110855810856,9.721311597571725,-1.2910751673352951,0.9746025397460254,1.0
K20,Sulfatases,17,20,13.845588235294118,9.74361544117647,9.721311597571725,4.124276637722392,0.0007999200079992001,0.002177816900390886
K20,"Sulfotransferases, cytosolic",12,20,16.045454545454547,9.732295454545453,9.721311597571725,6.324142947882821,9.999000099990002e-05,0.00037980072960445895
K20,"Sulfotransferases, membrane bound",39,20,15.290148448043185,9.720863967611335,9.721311597571725,5.56883685047146,9.999000099990002e-05,0.00037980072960445895
K20,Sushi domain containing,56,20,10.0487012987013,9.729585,9.721311597571725,0.3273897011295741,0.3478652134786521,0.42227967924856996
K20,Synaptotagmins,17,20,12.963235294117647,9.74361544117647,9.721311597571725,3.2419236965459213,0.0098990100989901,0.01835603841190684
K20,Syntaxins,16,20,13.066666666666666,9.740904166666667,9.721311597571725,3.345355069094941,0.007899210078992101,0.015185828355939917
K20,T cell receptor beta locus at 7q34,13,20,18.384615384615383,9.737702564102564,9.721311597571725,8.663303787043658,9.999000099990002e-05,0.00037980072960445895
K20,T-box transcription factors,10,20,15.511111111111111,9.708046666666666,9.721311597571725,5.789799513539386,0.00019998000199980003,0.0006680183045525235
K20,TALE class homeoboxes and pseudogenes,11,20,13.6,9.718490909090908,9.721311597571725,3.878688402428274,0.008799120087991202,0.016644118720658053
K20,THAP domain family,11,20,14.090909090909092,9.718490909090908,9.721311597571725,4.369597493337366,0.0022997700229977,0.0054159584041595845
K20,TIM23 complex,12,20,13.196969696969697,9.732295454545453,9.721311597571725,3.4756580993979718,0.015198480151984802,0.027115470271154705
K20,TIR domain containing,15,20,8.142857142857142,9.727527619047619,9.721311597571725,-1.5784544547145831,0.8426157384261573,0.899936536958549
K20,TLC domain containing,10,20,13.11111111111111,9.708046666666666,9.721311597571725,3.3897995135393852,0.0282971702829717,0.047770491768027494
K20,TOG domain containing,10,20,9.622222222222222,9.708046666666666,9.721311597571725,-0.09908937534950368,0.5344465553444655,0.6169713910961845
K20,Taste 2 receptors,24,20,17.166666666666668,9.71523260869565,9.721311597571725,7.445355069094942,9.999000099990002e-05,0.00037980072960445895
K20,Terminal nucleotidyltransferases,10,20,12.177777777777777,9.708046666666666,9.721311597571725,2.4564661802060517,0.0927907209279072,0.1316398480633864
K20,Tetraspanin family,32,20,13.245967741935484,9.721322983870968,9.721311597571725,3.5246561443637585,0.00019998000199980003,0.0006680183045525235
K20,Tetratricopeptide repeat domain containing,103,20,10.71292594707786,9.714125356938892,9.721311597571725,0.9916143495061345,0.0382961703829617,0.06263019531380194
K20,Thioredoxin domain containing,14,20,13.87912087912088,9.7086010989011,9.721311597571725,4.157809281549154,0.001999800019998,0.0047812477635485184
K20,Tip60/Nua4 histone acetyltransferase complex subunits,18,20,14.490196078431373,9.72867320261438,9.721311597571725,4.768884480859647,0.00019998000199980003,0.0006680183045525235
K20,Toll like receptors,10,20,7.644444444444445,9.708046666666666,9.721311597571725,-2.0768671531272807,0.8582141785821418,0.9145223486701103
K20,Trafficking protein particle complex subunits,16,20,13.508333333333333,9.740904166666667,9.721311597571725,3.7870217357616074,0.0025997400259974,0.005858744269113758
K20,Transaminases,11,20,12.654545454545454,9.718490909090908,9.721311597571725,2.933233856973729,0.04509549045095491,0.07199991865220258
K20,Transforming growth factor beta superfamily,15,20,13.038095238095238,9.727527619047619,9.721311597571725,3.3167836405235125,0.012398760123987601,0.02254755219458749
K20,Transient receptor potential cation channels,27,20,11.054131054131053,9.716903703703705,9.721311597571725,1.3328194565593279,0.1146885311468853,0.15948493646210601
K20,Translational GTPases,19,20,7.286549707602339,9.702812280701755,9.721311597571725,-2.434761889969386,0.963003699630037,0.9956849293236616
K20,Tripartite motif family,52,20,12.939668174962293,9.715558672699851,9.721311597571725,3.2183565773905674,0.00019998000199980003,0.0006680183045525235
K20,Tubulin alpha family,10,20,13.844444444444445,9.708046666666666,9.721311597571725,4.1231328468727195,0.0071992800719928,0.0139541601395416
K20,Tubulin beta family,10,20,16.511111111111113,9.708046666666666,9.721311597571725,6.789799513539387,9.999000099990002e-05,0.00037980072960445895
K20,Tudor domain containing,33,20,10.818181818181818,9.714223674242422,9.721311597571725,1.0968702206100929,0.1481851814818518,0.19772017132564362
K20,Tumor necrosis factor receptor superfamily,29,20,9.711822660098521,9.70726945812808,9.721311597571725,-0.009488937473204118,0.5067493250674933,0.5922554146570455
K20,Tumor necrosis factor superfamily,18,20,9.4640522875817,9.72867320261438,9.721311597571725,-0.257259309990026,0.5853414658534146,0.6579852754581343
K20,Type II classical cadherins,13,20,15.384615384615385,9.737702564102564,9.721311597571725,5.6633037870436596,9.999000099990002e-05,0.00037980072960445895
K20,Type II transmembrane serine proteases,18,20,13.72549019607843,9.72867320261438,9.721311597571725,4.004178598506705,0.0011998800119988001,0.0031223396997316845
K20,UBX domain containing,12,20,13.803030303030303,9.732295454545453,9.721311597571725,4.081718705458577,0.004399560043995601,0.009250860628222892
K20,UDP glucuronosyltransferases,22,20,14.428571428571429,9.727630303030303,9.721311597571725,4.707259830999703,9.999000099990002e-05,0.00037980072960445895
K20,UPF1 like RNA helicases,10,20,9.088888888888889,9.708046666666666,9.721311597571725,-0.6324227086828369,0.6407359264073592,0.7117608993817598
K20,Ubiquitin conjugating enzymes E2,37,20,12.845345345345345,9.718073423423425,9.721311597571725,3.1240337477736198,0.00029997000299970003,0.0008885903862443945
K20,Ubiquitin like modifier activating enzymes,10,20,9.6,9.708046666666666,9.721311597571725,-0.12131159757172583,0.5389461053894611,0.6206445370132914
K20,Ubiquitin specific peptidases,53,20,12.576197387518143,9.713032946298984,9.721311597571725,2.854885789946417,9.999000099990002e-05,0.00037980072960445895
K20,V-set domain containing,171,20,10.215273477812177,9.72315221878225,9.721311597571725,0.49396188024045173,0.1354864513548645,0.18390235904363453
K20,V-type ATPase subunits,22,20,15.58008658008658,9.727630303030303,9.721311597571725,5.858774982514854,9.999000099990002e-05,0.00037980072960445895
K20,VPS9 domain containing,10,20,10.0,9.708046666666666,9.721311597571725,0.27868840242827453,0.45535446455354467,0.5361798820117989
K20,WAP four-disulfide core domain containing,18,20,15.300653594771243,9.72867320261438,9.721311597571725,5.579341997199517,9.999000099990002e-05,0.00037980072960445895
K20,WD repeat domain containing,247,20,9.414469569796912,9.724364671998945,9.721311597571725,-0.3068420277748132,0.8017198280171983,0.8621233767034255
K20,Wnt enhanceosome complex,17,20,13.691176470588236,9.74361544117647,9.721311597571725,3.96986487301651,0.0010998900109989002,0.0028941239954216867
K20,Wnt family,19,20,16.906432748538013,9.702812280701755,9.721311597571725,7.185121150966287,9.999000099990002e-05,0.00037980072960445895
K20,ZF class homeoboxes and pseudogenes,13,20,13.692307692307692,9.737702564102564,9.721311597571725,3.970996094735966,0.0036996300369963003,0.007993237373510355
K20,ZU5 domain containing,11,20,13.381818181818181,9.718490909090908,9.721311597571725,3.6605065842464555,0.013798620137986202,0.024711597281336508
K20,Zinc fingers,11,20,12.527272727272727,9.718490909090908,9.721311597571725,2.805961129701002,0.0527947205279472,0.08179708344954978
K20,Zinc fingers BED-type,10,20,14.466666666666667,9.708046666666666,9.721311597571725,4.745355069094941,0.0013998600139986002,0.0035639679275315714
K20,Zinc fingers C2H2-type,657,20,15.094210565393325,9.721627152244125,9.721311597571725,5.3728989678216,9.999000099990002e-05,0.00037980072960445895
K20,Zinc fingers CCCH-type,50,20,13.540408163265306,9.724141469387757,9.721311597571725,3.819096565693581,9.999000099990002e-05,0.00037980072960445895
K20,Zinc fingers CCHC-type,22,20,12.844155844155845,9.727630303030303,9.721311597571725,3.122844246584119,0.003999600039996,0.008524034474380616
K20,Zinc fingers CXXC-type,11,20,11.2,9.718490909090908,9.721311597571725,1.4786884024282738,0.21957804219578042,0.27876349831324143
K20,Zinc fingers DHHC-type,24,20,15.41304347826087,9.71523260869565,9.721311597571725,5.691731880689144,9.999000099990002e-05,0.00037980072960445895
K20,Zinc fingers FYVE-type,30,20,11.942528735632184,9.717481839080461,9.721311597571725,2.2212171380604584,0.016698330166983303,0.029567344017477955
K20,Zinc fingers MYND-type,18,20,12.241830065359476,9.72867320261438,9.721311597571725,2.520518467787751,0.029197080291970802,0.04911366006256517
K20,Zinc fingers RANBP2-type,22,20,10.766233766233766,9.727630303030303,9.721311597571725,1.0449221686620405,0.20437956204379562,0.2622963861651982
K20,Zinc fingers TRAF-type,11,20,12.8,9.718490909090908,9.721311597571725,3.0786884024282752,0.036196380361963806,0.059819281229771766
K20,Zinc fingers ZZ-type,18,20,10.450980392156863,9.72867320261438,9.721311597571725,0.7296687945851374,0.3037696230376962,0.3735652544406134
K20,Zinc fingers matrin-type,27,20,12.686609686609687,9.716903703703705,9.721311597571725,2.9652980890379617,0.0025997400259974,0.005858744269113758
K100,1-acylglycerol-3-phosphate O-acyltransferases,11,100,75.38181818181818,50.60812181818182,50.64057048757661,24.741247694241565,9.999000099990002e-05,0.0002415143101074508
K100,"5-hydroxytryptamine receptors, G protein-coupled",12,100,59.22727272727273,50.72729696969697,50.64057048757661,8.586702239696116,0.09459054094590541,0.11880571942805719
K100,7BS 2'O-ribose DNA/RNA methyltransferases,10,100,64.53333333333333,50.60137777777778,50.64057048757661,13.892762845756721,0.0174982501749825,0.02575523697630237
K100,7BS DNA/RNA methyltransferases,10,100,78.15555555555555,50.60137777777778,50.64057048757661,27.51498506797894,9.999000099990002e-05,0.0002415143101074508
K100,7BS N6-adenosine DNA/RNA methyltransferases,10,100,67.28888888888889,50.60137777777778,50.64057048757661,16.64831840131228,0.0047995200479952005,0.007876564259950312
K100,7BS protein arginine methyltranferases,11,100,59.14545454545455,50.60812181818182,50.64057048757661,8.504884057877938,0.1060893910608939,0.13184196092264125
K100,7BS protein lysine methyltransferases,14,100,72.57142857142857,50.5728076923077,50.64057048757661,21.93085808385196,9.999000099990002e-05,0.0002415143101074508
K100,7BS small molecule methyltransferases,17,100,66.875,50.75129117647059,50.64057048757661,16.23442951242339,0.0006999300069993001,0.00139100014049228
K100,7TM uncharacterized proteins,12,100,62.36363636363637,50.72729696969697,50.64057048757661,11.723065876059756,0.029497050294970503,0.04122584774163533
K100,A-kinase anchoring proteins,26,100,58.72,50.61041476923077,50.64057048757661,8.079429512423388,0.029797020297970205,0.04152188331462712
K100,AAA ATPases,51,100,49.83764705882353,50.67007670588236,50.64057048757661,-0.8029234287530826,0.6091390860913909,0.6491052252240839
K100,ADAM metallopeptidase domain containing,20,100,63.5,50.66717105263159,50.64057048757661,12.85942951242339,0.0027997200279972004,0.004795156847951568
K100,ADAM metallopeptidases with thrombospondin type 1 motif,18,100,67.00653594771242,50.66665032679739,50.64057048757661,16.36596546013581,0.00029997000299970003,0.0006602143523965361
K100,AH/BAR family Rho GTPase activating proteins,14,100,63.0,50.5728076923077,50.64057048757661,12.35942951242339,0.0136986301369863,0.02054794520547945
K100,ARF GTPase family,28,100,62.39417989417989,50.62031428571429,50.64057048757661,11.753609406603282,0.0011998800119988001,0.002288030306281113
K100,AT-rich interaction domain containing,14,100,63.48351648351648,50.5728076923077,50.64057048757661,12.842945995939871,0.0098990100989901,0.015187080640470155
K100,ATAC complex,12,100,64.87878787878788,50.72729696969697,50.64057048757661,14.238217391211265,0.0098990100989901,0.015187080640470155
K100,ATP binding cassette subfamily A,12,100,66.42424242424242,50.72729696969697,50.64057048757661,15.783671936665812,0.004199580041995801,0.007014192197801497
K100,ATP binding cassette subfamily B,11,100,58.41818181818182,50.60812181818182,50.64057048757661,7.777611330605211,0.1294870512948705,0.15718660092753609
K100,ATP binding cassette subfamily C,12,100,59.24242424242424,50.72729696969697,50.64057048757661,8.601853754847632,0.09449055094490551,0.11880571942805719
K100,ATP-grasp fold containing,13,100,40.47435897435897,50.71687435897436,50.64057048757661,-10.16621151321764,0.9423057694230577,0.9648391682570873
K100,ATPase phospholipid transporting,21,100,67.91904761904762,50.62336476190477,50.64057048757661,17.278477131471007,9.999000099990002e-05,0.0002415143101074508
K100,Abhydrolase domain containing,24,100,57.54710144927536,50.64061666666666,50.64057048757661,6.906530961698749,0.06879312068793121,0.0892604954380595
K100,Actin related proteins,14,100,62.13186813186813,50.5728076923077,50.64057048757661,11.491297644291521,0.020397960203979604,0.02956135155715198
K100,Acyl-CoA dehydrogenase family,11,100,61.30909090909091,50.60812181818182,50.64057048757661,10.668520421514302,0.053094690530946904,0.07104431602294316
K100,Acyl-CoA synthetase family,25,100,67.58,50.54556866666667,50.64057048757661,16.939429512423388,9.999000099990002e-05,0.0002415143101074508
K100,Adenylate cyclases,10,100,76.55555555555556,50.60137777777778,50.64057048757661,25.914985067978947,9.999000099990002e-05,0.0002415143101074508
K100,Aldehyde dehydrogenases,19,100,61.60233918128655,50.565805847953214,50.64057048757661,10.961768693709942,0.012098790120987902,0.018382355312855814
K100,Aldo-keto reductases,15,100,56.39047619047619,50.61565904761905,50.64057048757661,5.749905702899582,0.17218278172182783,0.20274522547745227
K100,"Aminoacyl tRNA synthetases, Class I",19,100,75.46783625730994,50.565805847953214,50.64057048757661,24.82726576973333,9.999000099990002e-05,0.0002415143101074508
K100,"Aminoacyl tRNA synthetases, Class II",19,100,73.16374269005848,50.565805847953214,50.64057048757661,22.523172202481874,9.999000099990002e-05,0.0002415143101074508
K100,Aminopeptidases,17,100,71.44852941176471,50.75129117647059,50.64057048757661,20.8079589241881,9.999000099990002e-05,0.0002415143101074508
K100,Anaphase promoting complex,12,100,95.68181818181819,50.72729696969697,50.64057048757661,45.04124769424158,9.999000099990002e-05,0.0002415143101074508
K100,Ankyrin repeat domain containing,174,100,55.98146302571258,50.604340037206825,50.64057048757661,5.340892538135968,0.0004999500049995,0.001051234162298056
K100,Annexins,13,100,69.64102564102564,50.71687435897436,50.64057048757661,19.000455153449025,0.00019998000199980003,0.00045723582981507674
K100,Anoctamins,10,100,67.55555555555556,50.60137777777778,50.64057048757661,16.914985067978947,0.0038996100389961006,0.0065597011727398695
K100,Apolipoproteins,21,100,60.48095238095238,50.62336476190477,50.64057048757661,9.84038189337577,0.0182981701829817,0.026765335888771374
K100,Aquaporins,14,100,66.79120879120879,50.5728076923077,50.64057048757661,16.150638303632178,0.0017998200179982,0.0032604431864505855
K100,ArfGAPs,23,100,64.19367588932806,50.644890909090904,50.64057048757661,13.553105401751452,0.0004999500049995,0.001051234162298056
K100,Arginine methyltransferases,11,100,59.14545454545455,50.60812181818182,50.64057048757661,8.504884057877938,0.1060893910608939,0.13184196092264125
K100,Armadillo like helical domain containing,228,100,58.32498647499807,50.63893118479017,50.64057048757661,7.68441598742146,9.999000099990002e-05,0.0002415143101074508
K100,Armadillo repeat containing,40,100,58.33717948717949,50.70636141025642,50.64057048757661,7.69660899960288,0.013098690130986902,0.019773984140047534
K100,Atypical dual specificity phosphatases,14,100,63.879120879120876,50.5728076923077,50.64057048757661,13.238550391544265,0.0081991800819918,0.012872712728727127
K100,Autophagy related,31,100,71.98709677419355,50.63722537634409,50.64057048757661,21.346526286616935,9.999000099990002e-05,0.0002415143101074508
K100,Axonemal dynein assembly factors,13,100,73.24358974358974,50.71687435897436,50.64057048757661,22.603019256013127,9.999000099990002e-05,0.0002415143101074508
K100,B7 family,10,100,41.111111111111114,50.60137777777778,50.64057048757661,-9.529459376465496,0.8939106089391061,0.9212951790160153
K100,BAF complex subunits,26,100,82.28615384615385,50.61041476923077,50.64057048757661,31.64558335857724,9.999000099990002e-05,0.0002415143101074508
K100,BAR-PH domain containing,11,100,63.127272727272725,50.60812181818182,50.64057048757661,12.486702239696115,0.024697530246975304,0.03514361554781078
K100,BCL2 family,12,100,71.16666666666667,50.72729696969697,50.64057048757661,20.52609617909006,0.00029997000299970003,0.0006602143523965361
K100,BCL2 homology region 3 (BH3) only,11,100,68.98181818181818,50.60812181818182,50.64057048757661,18.341247694241574,0.0006999300069993001,0.00139100014049228
K100,BPI fold containing,13,100,65.85897435897436,50.71687435897436,50.64057048757661,15.218403871397754,0.0040995900409959,0.006871554837398822
K100,BRICHOS domain containing,10,100,56.06666666666667,50.60137777777778,50.64057048757661,5.4260961790900595,0.23867613238676133,0.2695838329836081
K100,BTB domain containing,161,100,52.30512422360248,50.63426626552795,50.64057048757661,1.6645537360258729,0.17348265173482652,0.20325952479378928
K100,Basic helix-loop-helix proteins,57,100,58.787593984962406,50.66962825814536,50.64057048757661,8.147023497385796,0.0016998300169983002,0.0031031780542875942
K100,Beta 3-glycosyltransferases,25,100,70.65333333333334,50.54556866666667,50.64057048757661,20.012762845756725,9.999000099990002e-05,0.0002415143101074508
K100,Beta 4-glycosyltransferases,17,100,75.26470588235294,50.75129117647059,50.64057048757661,24.62413539477633,9.999000099990002e-05,0.0002415143101074508
K100,Blood group antigens,53,100,55.21480406386067,50.59421799709724,50.64057048757661,4.574233576284058,0.06519348065193481,0.08553239383582534
K100,Bone morphogenetic proteins,11,100,63.30909090909091,50.60812181818182,50.64057048757661,12.668520421514302,0.022997700229977002,0.03312512785418706
K100,Bridge-like lipid transfer protein family,10,100,74.66666666666667,50.60137777777778,50.64057048757661,24.02609617909006,9.999000099990002e-05,0.0002415143101074508
K100,Bromodomain containing,39,100,70.19568151147098,50.64304291497975,50.64057048757661,19.55511102389437,9.999000099990002e-05,0.0002415143101074508
K100,Butyrophilins,12,100,74.93939393939394,50.72729696969697,50.64057048757661,24.298823451817327,9.999000099990002e-05,0.0002415143101074508
K100,C-C motif chemokine receptors,10,100,53.422222222222224,50.60137777777778,50.64057048757661,2.7816517346456138,0.3742625737426257,0.4147709934888864
K100,C-type lectin domain containing,85,100,57.69971988795518,50.693063109243695,50.64057048757661,7.059149400378573,0.0022997700229977,0.003997017272442498
K100,C1-set domain containing,39,100,55.69905533063428,50.64304291497975,50.64057048757661,5.05848484305767,0.0775922407759224,0.0998523098509821
K100,C1q and TNF related,18,100,71.43790849673202,50.66665032679739,50.64057048757661,20.79733800915541,9.999000099990002e-05,0.0002415143101074508
K100,C1q domain containing,14,100,54.26373626373626,50.5728076923077,50.64057048757661,3.6231657761596523,0.28517148285171484,0.31828381142928364
K100,C2 and RasGAP domain containing,10,100,62.77777777777778,50.60137777777778,50.64057048757661,12.137207290201168,0.0362963703629637,0.049696483839988086
K100,C2 domain containing,33,100,59.640151515151516,50.58895340909091,50.64057048757661,8.999581027574905,0.007599240075992401,0.012010879448967856
K100,C2 domain containing phospholipases,18,100,49.31372549019608,50.66665032679739,50.64057048757661,-1.3268449973805332,0.6074392560743925,0.6487616544468002
K100,C2 domain containing protein kinases,10,100,75.4888888888889,50.60137777777778,50.64057048757661,24.848318401312284,9.999000099990002e-05,0.0002415143101074508
K100,C2-set domain containing,39,100,53.07422402159244,50.64304291497975,50.64057048757661,2.433653534015832,0.2572742725727427,0.28920329924048166
K100,CCC complex,10,100,81.13333333333334,50.60137777777778,50.64057048757661,30.49276284575673,9.999000099990002e-05,0.0002415143101074508
K100,CCR4-NOT transcription complex,12,100,80.34848484848484,50.72729696969697,50.64057048757661,29.707914360908234,9.999000099990002e-05,0.0002415143101074508
K100,CD molecules,380,100,44.69606999027913,50.64868166226913,50.64057048757661,-5.944500497297483,1.0,1.0
K100,CEA cell adhesion molecule family,12,100,61.75757575757576,50.72729696969697,50.64057048757661,11.117005269999147,0.0390960903909609,0.05337466253374663
K100,COMM domain containing,10,100,84.35555555555555,50.60137777777778,50.64057048757661,33.714985067978944,9.999000099990002e-05,0.0002415143101074508
K100,CRAL-TRIO lipid binding domain containing,19,100,54.92982456140351,50.565805847953214,50.64057048757661,4.289254073826896,0.2086791320867913,0.23925782604221332
K100,CTLH complex subunits,12,100,74.95454545454545,50.72729696969697,50.64057048757661,24.313974966968843,9.999000099990002e-05,0.0002415143101074508
K100,CUE domain containing,10,100,60.577777777777776,50.60137777777778,50.64057048757661,9.937207290201165,0.07849215078492151,0.10073515809182025
K100,Cadherin related,17,100,64.69117647058823,50.75129117647059,50.64057048757661,14.050605983011621,0.0026997300269973002,0.004640776798232586
K100,Calcium voltage-gated channel alpha1 subunits,10,100,47.77777777777778,50.60137777777778,50.64057048757661,-2.862792709798832,0.6648335166483351,0.7052625818499231
K100,Canonical high mobility group,11,100,68.49090909090908,50.60812181818182,50.64057048757661,17.850338603332474,0.0010998900109989002,0.002105886972278382
K100,Carbohydrate kinases,12,100,67.68181818181819,50.72729696969697,50.64057048757661,17.041247694241576,0.0016998300169983002,0.0031031780542875942
K100,Carbon-nitrogen lyases,13,100,65.56410256410257,50.71687435897436,50.64057048757661,14.923532076525959,0.004899510048995101,0.008012740392627404
K100,Carbon-oxygen lyases,17,100,67.1470588235294,50.75129117647059,50.64057048757661,16.506488335952795,0.0005999400059994001,0.0012393497492356029
K100,Carbonic anhydrases,15,100,49.819047619047616,50.61565904761905,50.64057048757661,-0.8215228685289944,0.561943805619438,0.6042820375496697
K100,Caspase recruitment domain containing,29,100,57.706896551724135,50.58243694581281,50.64057048757661,7.066326064147525,0.040695930406959305,0.05539821740369316
K100,Caspases,12,100,78.37878787878788,50.72729696969697,50.64057048757661,27.738217391211265,9.999000099990002e-05,0.0002415143101074508
K100,CatSpermasome complex,12,100,69.86363636363636,50.72729696969697,50.64057048757661,19.22306587605975,0.0005999400059994001,0.0012393497492356029
K100,Cathepsins,15,100,59.75238095238095,50.61565904761905,50.64057048757661,9.111810464804343,0.058394160583941604,0.07769392552270196
K100,Centriolar satellite proteins,67,100,59.295341474445955,50.630553731343284,50.64057048757661,8.654770986869345,0.0006999300069993001,0.00139100014049228
K100,Charged multivesicular body proteins,11,100,79.36363636363636,50.60812181818182,50.64057048757661,28.72306587605975,9.999000099990002e-05,0.0002415143101074508
K100,Chemokine ligands,40,100,70.65,50.70636141025642,50.64057048757661,20.009429512423395,9.999000099990002e-05,0.0002415143101074508
K100,Cholinergic receptors nicotinic subunits,16,100,38.75833333333333,50.70628833333333,50.64057048757661,-11.882237154243278,0.9782021797820218,0.9929595402528714
K100,Cilia and flagella associated,64,100,63.710813492063494,50.64056979166667,50.64057048757661,13.070243004486883,9.999000099990002e-05,0.0002415143101074508
K100,"Clathrin/coatomer adaptor, adaptin-like, N-terminal domain containing",14,100,70.54945054945055,50.5728076923077,50.64057048757661,19.908880061873944,9.999000099990002e-05,0.0002415143101074508
K100,Claudins,23,100,73.9407114624506,50.644890909090904,50.64057048757661,23.300140974873983,9.999000099990002e-05,0.0002415143101074508
K100,Clustered protocadherins,53,100,79.70827285921625,50.59421799709724,50.64057048757661,29.06770237163964,9.999000099990002e-05,0.0002415143101074508
K100,Coagulation factors,14,100,41.05494505494506,50.5728076923077,50.64057048757661,-9.585625432631552,0.9368063193680632,0.961297987848274
K100,Coat protein complex II,11,100,74.45454545454545,50.60812181818182,50.64057048757661,23.813974966968843,9.999000099990002e-05,0.0002415143101074508
K100,Complement system activation components,25,100,57.36666666666667,50.54556866666667,50.64057048757661,6.726096179090057,0.0634936506349365,0.08424087168747914
K100,Complement system regulators and receptors,29,100,51.142857142857146,50.58243694581281,50.64057048757661,0.5022866552805354,0.45615438456154384,0.5008128557773593
K100,Constitutive centromere associated network,16,100,85.025,50.70628833333333,50.64057048757661,34.384429512423395,9.999000099990002e-05,0.0002415143101074508
K100,Cyclic nucleotide gated channels,10,100,75.13333333333334,50.60137777777778,50.64057048757661,24.49276284575673,9.999000099990002e-05,0.0002415143101074508
K100,Cyclin dependent kinases,21,100,77.08571428571429,50.62336476190477,50.64057048757661,26.44514379813768,9.999000099990002e-05,0.0002415143101074508
K100,Cyclins,25,100,67.95666666666666,50.54556866666667,50.64057048757661,17.316096179090053,9.999000099990002e-05,0.0002415143101074508
K100,Cyclophilin peptidylprolyl isomerases,19,100,49.28654970760234,50.565805847953214,50.64057048757661,-1.3540207799742703,0.6051394860513949,0.6477743134777432
K100,"Cystatins, type 2",12,100,68.33333333333333,50.72729696969697,50.64057048757661,17.692762845756718,0.000999900009999,0.0019301348553669223
K100,Cytochrome P450 family 2,16,100,71.20833333333333,50.70628833333333,50.64057048757661,20.567762845756718,9.999000099990002e-05,0.0002415143101074508
K100,Cytochrome P450 family 4,12,100,62.90909090909091,50.72729696969697,50.64057048757661,12.268520421514296,0.023297670232976703,0.033454886218695204
K100,Cytochrome b5 domain containing,14,100,54.934065934065934,50.5728076923077,50.64057048757661,4.293495446489324,0.24887511248875113,0.2804310478043105
K100,DDB1 and CUL4 associated factors,16,100,63.68333333333333,50.70628833333333,50.64057048757661,13.04276284575672,0.005599440055994401,0.008970531518276745
K100,DEAD-box helicases,39,100,63.37112010796221,50.64304291497975,50.64057048757661,12.730549620385602,9.999000099990002e-05,0.0002415143101074508
K100,DEAH-box helicases,21,100,63.98571428571429,50.62336476190477,50.64057048757661,13.345143798137677,0.0017998200179982,0.0032604431864505855
K100,DENN domain containing,27,100,55.863247863247864,50.61576438746439,50.64057048757661,5.222677375671253,0.10968903109689031,0.13595666749114563
K100,DEP domain containing,22,100,54.58441558441559,50.66587489177489,50.64057048757661,3.9438450968389773,0.2121787821217878,0.24256360771689822
K100,DNA glycosylases,11,100,78.6,50.60812181818182,50.64057048757661,27.959429512423384,9.999000099990002e-05,0.0002415143101074508
K100,DNA polymerases,25,100,55.64666666666667,50.54556866666667,50.64057048757661,5.006096179090058,0.1282871712828717,0.1561324487706268
K100,DNA-(apurinic or apyrimidinic site) lyases,10,100,60.022222222222226,50.60137777777778,50.64057048757661,9.381651734645615,0.09099090090990901,0.11489735744924168
K100,DNA/RNA methyltransferases,69,100,65.84441602728047,50.67570353793692,50.64057048757661,15.203845539703863,9.999000099990002e-05,0.0002415143101074508
K100,DNAJ (HSP40) heat shock proteins,43,100,63.04318936877076,50.62519479512735,50.64057048757661,12.402618881194151,9.999000099990002e-05,0.0002415143101074508
K100,DOCK family Rho GEFs,11,100,70.50909090909092,50.60812181818182,50.64057048757661,19.868520421514305,0.00019998000199980003,0.00045723582981507674
K100,Dbl family Rho GEFs,66,100,59.816317016317015,50.607373473193476,50.64057048757661,9.175746528740405,0.0004999500049995,0.001051234162298056
K100,Decarboxylases,25,100,54.38666666666666,50.54556866666667,50.64057048757661,3.7460961790900527,0.20577942205779423,0.23697336867780217
K100,"Defensins, beta",32,100,72.29838709677419,50.631562903225806,50.64057048757661,21.65781660919758,9.999000099990002e-05,0.0002415143101074508
K100,Diacylglycerol kinase family,10,100,80.02222222222223,50.60137777777778,50.64057048757661,29.381651734645615,9.999000099990002e-05,0.0002415143101074508
K100,Dispanins,12,100,55.96969696969697,50.72729696969697,50.64057048757661,5.329126482120358,0.22367763223677634,0.2538606380325823
K100,Dynactin subunits,11,100,73.78181818181818,50.60812181818182,50.64057048757661,23.14124769424157,9.999000099990002e-05,0.0002415143101074508
K100,Dynein 1 complex subunits,11,100,71.45454545454545,50.60812181818182,50.64057048757661,20.813974966968843,9.999000099990002e-05,0.0002415143101074508
K100,Dynein 2 complex subunits,11,100,69.9090909090909,50.60812181818182,50.64057048757661,19.268520421514296,0.00039996000399960006,0.000860187953807359
K100,Dynein heavy chains,14,100,77.46153846153847,50.5728076923077,50.64057048757661,26.820967973961857,9.999000099990002e-05,0.0002415143101074508
K100,Dynein regulatory complex,10,100,69.86666666666666,50.60137777777778,50.64057048757661,19.22609617909005,0.0012998700129987,0.002419916111155683
K100,"Dyneins, axonemal inner arm I1/f complex subunits",17,100,67.61764705882354,50.75129117647059,50.64057048757661,16.977076571246926,0.00019998000199980003,0.00045723582981507674
K100,"Dyneins, axonemal outer arm complex subunits",14,100,71.02197802197803,50.5728076923077,50.64057048757661,20.38140753440142,9.999000099990002e-05,0.0002415143101074508
K100,EF-hand domain containing,171,100,54.04403164774682,50.645961348469214,50.64057048757661,3.4034611601702096,0.023397660233976603,0.033496346413990824
K100,EMSY complex,12,100,64.12121212121212,50.72729696969697,50.64057048757661,13.480641633635514,0.013598640135986401,0.020463129405909247
K100,EPH receptors,14,100,91.64835164835165,50.5728076923077,50.64057048757661,41.00778116077504,9.999000099990002e-05,0.0002415143101074508
K100,ER membrane protein complex subunits,10,100,90.55555555555556,50.60137777777778,50.64057048757661,39.91498506797895,9.999000099990002e-05,0.0002415143101074508
K100,ETS transcription factor family,24,100,64.89492753623189,50.64061666666666,50.64057048757661,14.25435704865528,0.00019998000199980003,0.00045723582981507674
K100,Elastases,27,100,47.12535612535613,50.61576438746439,50.64057048757661,-3.5152143622204832,0.7966203379662034,0.8319471822219108
K100,Endoribonucleases,19,100,59.099415204678365,50.565805847953214,50.64057048757661,8.458844717101755,0.04509549045095491,0.06121030548242006
K100,Eukaryotic translation initiation factor 3 complex subunits,13,100,93.38461538461539,50.71687435897436,50.64057048757661,42.744044897038776,9.999000099990002e-05,0.0002415143101074508
K100,Exonucleases,17,100,56.213235294117645,50.75129117647059,50.64057048757661,5.5726648065410345,0.16898310168983102,0.19947629297220654
K100,Exosome complex,12,100,85.71212121212122,50.72729696969697,50.64057048757661,35.07155072454461,9.999000099990002e-05,0.0002415143101074508
K100,F-BAR domain containing,23,100,60.19762845849802,50.644890909090904,50.64057048757661,9.557057970921413,0.017198280171982803,0.025472924405672642
K100,F-box and leucine rich repeat proteins,16,100,72.03333333333333,50.70628833333333,50.64057048757661,21.39276284575672,9.999000099990002e-05,0.0002415143101074508
K100,F-boxes other,29,100,73.99507389162562,50.58243694581281,50.64057048757661,23.354503404049012,9.999000099990002e-05,0.0002415143101074508
K100,FA complementation groups,22,100,69.71428571428571,50.66587489177489,50.64057048757661,19.073715226709098,9.999000099990002e-05,0.0002415143101074508
K100,FERM domain containing,48,100,53.38120567375886,50.65585159574468,50.64057048757661,2.740635186182253,0.20367963203679632,0.23570787884356528
K100,FKBP prolyl isomerase family,18,100,44.967320261437905,50.66665032679739,50.64057048757661,-5.673250226138705,0.8579142085791421,0.8861350707034561
K100,Fatty acid binding protein family,15,100,50.97142857142857,50.61565904761905,50.64057048757661,0.3308580838519575,0.49005099490050996,0.5367333336271941
K100,Fc receptors,19,100,56.12280701754386,50.565805847953214,50.64057048757661,5.482236529967253,0.14488551144885511,0.1732007002345451
K100,Fibril associated collagens with interrupted triple helices,10,100,90.13333333333334,50.60137777777778,50.64057048757661,39.49276284575673,9.999000099990002e-05,0.0002415143101074508
K100,Fibrillar collagens,11,100,89.32727272727273,50.60812181818182,50.64057048757661,38.68670223969612,9.999000099990002e-05,0.0002415143101074508
K100,Fibrinogen C domain containing,21,100,49.84285714285714,50.62336476190477,50.64057048757661,-0.7977133447194689,0.5708429157084292,0.6124533332543739
K100,Fibroblast growth factor family,20,100,62.305263157894736,50.66717105263159,50.64057048757661,11.664692670318125,0.006399360063993601,0.010182765507233061
K100,Fibronectin type III domain containing,120,100,48.56736694677871,50.63905980392157,50.64057048757661,-2.0732035407978984,0.8406159384061593,0.8733375561122302
K100,Flavoproteins,121,100,46.80812672176309,50.673958168044074,50.64057048757661,-3.8324437658135224,0.9673032696730327,0.9861468398614683
K100,Forkhead boxes,23,100,61.355731225296445,50.644890909090904,50.64057048757661,10.715160737719835,0.008099190080991902,0.012758255946980554
K100,Formins,13,100,67.6923076923077,50.71687435897436,50.64057048757661,17.051737204731083,0.0008999100089991,0.0017587452872969962
K100,Fucosyltransferases,13,100,69.93589743589743,50.71687435897436,50.64057048757661,19.29532694832082,0.00019998000199980003,0.00045723582981507674
K100,G protein subunits gamma,12,100,92.06060606060606,50.72729696969697,50.64057048757661,41.42003557302945,9.999000099990002e-05,0.0002415143101074508
K100,"G protein-coupled receptors, Class A orphans",78,100,64.10855810855811,50.63931112221112,50.64057048757661,13.467987620981503,9.999000099990002e-05,0.0002415143101074508
K100,"G protein-coupled receptors, Class F frizzled",11,100,75.6,50.60812181818182,50.64057048757661,24.959429512423384,9.999000099990002e-05,0.0002415143101074508
K100,G-patch domain containing,20,100,64.97894736842105,50.66717105263159,50.64057048757661,14.338376880844436,0.0010998900109989002,0.002105886972278382
K100,GATA zinc finger domain containing,12,100,57.81818181818182,50.72729696969697,50.64057048757661,7.17761133060521,0.14408559144085592,0.17268273172682733
K100,GBAF complex subunits,12,100,78.60606060606061,50.72729696969697,50.64057048757661,27.965490118484,9.999000099990002e-05,0.0002415143101074508
K100,GCN5 related N-acetyltransferases,21,100,65.98571428571428,50.62336476190477,50.64057048757661,15.34514379813767,0.00029997000299970003,0.0006602143523965361
K100,GRAM domain containing,12,100,58.45454545454545,50.72729696969697,50.64057048757661,7.813974966968843,0.11948805119488051,0.14655956279372062
K100,Galectins,11,100,61.527272727272724,50.60812181818182,50.64057048757661,10.886702239696113,0.0481951804819518,0.06485694287714086
K100,Gamete adhesion and fusion factors,13,100,67.47435897435898,50.71687435897436,50.64057048757661,16.833788486782367,0.000999900009999,0.0019301348553669223
K100,Gamma-aminobutyric acid type A receptor subunits,19,100,78.03508771929825,50.565805847953214,50.64057048757661,27.394517231721636,9.999000099990002e-05,0.0002415143101074508
K100,Gap junction proteins,21,100,74.78095238095239,50.62336476190477,50.64057048757661,24.140381893375775,9.999000099990002e-05,0.0002415143101074508
K100,General transcription factor IID complex subunits,14,100,83.3076923076923,50.5728076923077,50.64057048757661,32.667121820115696,9.999000099990002e-05,0.0002415143101074508
K100,Gla domain containing,13,100,38.5,50.71687435897436,50.64057048757661,-12.14057048757661,0.9666033396660334,0.9861468398614683
K100,Glutamine amidotransferase class 1 domain containing,12,100,45.5,50.72729696969697,50.64057048757661,-5.1405704875766105,0.7852214778522147,0.8218651468186514
K100,Glycoprotein hormone subunits,10,100,68.62222222222222,50.60137777777778,50.64057048757661,17.98165173464561,0.0022997700229977,0.003997017272442498
K100,Glycoside hydrolase family,11,100,62.85454545454545,50.60812181818182,50.64057048757661,12.213974966968841,0.027497250274972504,0.0386603130731703
K100,Glycosyltransferase family 8,10,100,67.28888888888889,50.60137777777778,50.64057048757661,16.64831840131228,0.0047995200479952005,0.007876564259950312
K100,Golgins,11,100,72.85454545454546,50.60812181818182,50.64057048757661,22.21397496696885,9.999000099990002e-05,0.0002415143101074508
K100,Granule associated serine proteases of immune defence,12,100,50.60606060606061,50.72729696969697,50.64057048757661,-0.03450988151600143,0.5217478252174782,0.5662286305931619
K100,H2A histones,17,100,85.63235294117646,50.75129117647059,50.64057048757661,34.99178245359985,9.999000099990002e-05,0.0002415143101074508
K100,H2B histones,15,100,95.93333333333334,50.61565904761905,50.64057048757661,45.29276284575673,9.999000099990002e-05,0.0002415143101074508
K100,HAD Asp-based non-protein phosphatases,10,100,57.22222222222222,50.60137777777778,50.64057048757661,6.581651734645611,0.18698130186981302,0.21799057717990578
K100,HECT domain containing,12,100,78.1969696969697,50.72729696969697,50.64057048757661,27.556399209393092,9.999000099990002e-05,0.0002415143101074508
K100,HOXL subclass homeoboxes,22,100,71.52813852813853,50.66587489177489,50.64057048757661,20.887568040561916,9.999000099990002e-05,0.0002415143101074508
K100,Heat shock 70kDa proteins,15,100,71.28571428571429,50.61565904761905,50.64057048757661,20.64514379813768,9.999000099990002e-05,0.0002415143101074508
K100,Helicases,10,100,68.22222222222223,50.60137777777778,50.64057048757661,17.581651734645618,0.0026997300269973002,0.004640776798232586
K100,Helix-turn-helix CENPB type domain family,10,100,69.71111111111111,50.60137777777778,50.64057048757661,19.070540623534498,0.0012998700129987,0.002419916111155683
K100,Heterogeneous nuclear ribonucleoproteins,26,100,72.35692307692308,50.61041476923077,50.64057048757661,21.71635258934647,9.999000099990002e-05,0.0002415143101074508
K100,Histocompatibility complex,19,100,65.83625730994152,50.565805847953214,50.64057048757661,15.195686822364905,0.0008999100089991,0.0017587452872969962
K100,Histone lysine methyltransferases,24,100,73.41304347826087,50.64061666666666,50.64057048757661,22.772472990684264,9.999000099990002e-05,0.0002415143101074508
K100,I-set domain containing,153,100,52.13949088407293,50.6438662882697,50.64057048757661,1.4989203964963167,0.20557944205579443,0.23697336867780217
K100,IFT-B1 complex,11,100,75.0,50.60812181818182,50.64057048757661,24.35942951242339,9.999000099990002e-05,0.0002415143101074508
K100,INO80 complex,15,100,72.8952380952381,50.61565904761905,50.64057048757661,22.25466760766149,9.999000099990002e-05,0.0002415143101074508
K100,IPT domain containing,31,100,54.97849462365591,50.63722537634409,50.64057048757661,4.337924136079302,0.14628537146285372,0.17443141761773193
K100,Ig-like cell adhesion molecule family,61,100,56.74153005464481,50.617179398907105,50.64057048757661,6.100959567068202,0.015198480151984802,0.022725346512967752
K100,Immunoglobulin heavy locus at 14q32.33,24,100,82.31521739130434,50.64061666666666,50.64057048757661,31.674646903727734,9.999000099990002e-05,0.0002415143101074508
K100,Immunoglobulin kappa locus at 2p11.2,18,100,93.81699346405229,50.66665032679739,50.64057048757661,43.17642297647568,9.999000099990002e-05,0.0002415143101074508
K100,Immunoglobulin lambda locus at 22q11.2,17,100,96.30147058823529,50.75129117647059,50.64057048757661,45.66090010065868,9.999000099990002e-05,0.0002415143101074508
K100,Immunoglobulin like domain containing,97,100,47.651632302405496,50.66275135309278,50.64057048757661,-2.988938185171115,0.9066093390660934,0.9323427919216812
K100,Importins,17,100,78.44117647058823,50.75129117647059,50.64057048757661,27.80060598301162,9.999000099990002e-05,0.0002415143101074508
K100,Integrator complex,16,100,83.03333333333333,50.70628833333333,50.64057048757661,32.39276284575672,9.999000099990002e-05,0.0002415143101074508
K100,Integrin alpha subunits,18,100,54.89542483660131,50.66665032679739,50.64057048757661,4.254854349024697,0.2206779322067793,0.2510611257714808
K100,Interferons,21,100,65.07619047619048,50.62336476190477,50.64057048757661,14.435619988613865,0.0006999300069993001,0.00139100014049228
K100,Interleukin 1 family,11,100,57.67272727272727,50.60812181818182,50.64057048757661,7.0321567851506614,0.1578842115788421,0.18684287350159456
K100,Interleukin receptors,41,100,36.921951219512195,50.625065243902434,50.64057048757661,-13.718619268064415,1.0,1.0
K100,Interleukins,16,100,50.11666666666667,50.70628833333333,50.64057048757661,-0.5239038209099434,0.5555444455554445,0.5987675831959138
K100,Iron (II) and 2-oxoglutarate dependent oxygenases,20,100,58.93157894736842,50.66717105263159,50.64057048757661,8.291008459791811,0.046495350464953504,0.06274873945270229
K100,JAMM/MPN+ metallopeptidase family,12,100,47.21212121212121,50.72729696969697,50.64057048757661,-3.4284492754553995,0.7086291370862914,0.7466763390775017
K100,KCTD family,16,100,68.55,50.70628833333333,50.64057048757661,17.909429512423387,0.00019998000199980003,0.00045723582981507674
K100,KLF transcription factors,16,100,68.8,50.70628833333333,50.64057048757661,18.159429512423387,9.999000099990002e-05,0.0002415143101074508
K100,KRAB domain containing,328,100,72.65133885283807,50.65783158984112,50.64057048757661,22.010768365261455,9.999000099990002e-05,0.0002415143101074508
K100,Kallikreins,16,100,70.31666666666666,50.70628833333333,50.64057048757661,19.676096179090052,9.999000099990002e-05,0.0002415143101074508
K100,Kelch like,39,100,66.69095816464238,50.64304291497975,50.64057048757661,16.05038767706577,9.999000099990002e-05,0.0002415143101074508
K100,"Keratins, type I",14,100,72.36263736263736,50.5728076923077,50.64057048757661,21.722066875060747,9.999000099990002e-05,0.0002415143101074508
K100,"Keratins, type II",26,100,73.68923076923078,50.61041476923077,50.64057048757661,23.048660281654165,9.999000099990002e-05,0.0002415143101074508
K100,Killer cell lectin like receptors,11,100,58.72727272727273,50.60812181818182,50.64057048757661,8.086702239696116,0.12008799120087991,0.14691284118341413
K100,Kinesins,41,100,69.85731707317073,50.625065243902434,50.64057048757661,19.216746585594123,9.999000099990002e-05,0.0002415143101074508
K100,Kringle domain containing,15,100,33.50476190476191,50.61565904761905,50.64057048757661,-17.135808582814704,0.9972002799720028,1.0
K100,L ribosomal proteins,54,100,87.59818308874912,50.62085310971349,50.64057048757661,36.957612601172514,9.999000099990002e-05,0.0002415143101074508
K100,LIM domain containing,44,100,68.18710359408034,50.617945243128965,50.64057048757661,17.54653310650373,9.999000099990002e-05,0.0002415143101074508
K100,LSm proteins,14,100,70.83516483516483,50.5728076923077,50.64057048757661,20.19459434758822,9.999000099990002e-05,0.0002415143101074508
K100,LY6/PLAUR domain containing,35,100,63.55798319327731,50.67680386554622,50.64057048757661,12.917412705700698,9.999000099990002e-05,0.0002415143101074508
K100,Laminin subunits,12,100,86.51515151515152,50.72729696969697,50.64057048757661,35.874581027574905,9.999000099990002e-05,0.0002415143101074508
K100,Large subunit mitochondrial ribosomal proteins,50,100,84.55020408163266,50.637265877551016,50.64057048757661,33.90963359405605,9.999000099990002e-05,0.0002415143101074508
K100,Lipases,21,100,60.476190476190474,50.62336476190477,50.64057048757661,9.835619988613864,0.018698130186981302,0.02726569448318326
K100,Lipocalins,19,100,60.36257309941521,50.565805847953214,50.64057048757661,9.722002611838597,0.023697630236976304,0.033822981338229814
K100,Low density lipoprotein receptors,13,100,69.83333333333333,50.71687435897436,50.64057048757661,19.192762845756718,0.00019998000199980003,0.00045723582981507674
K100,Lysine acetyltransferases,18,100,58.61437908496732,50.66665032679739,50.64057048757661,7.973808597390708,0.0655934406559344,0.08581808485818085
K100,Lysine demethylases,25,100,79.13333333333334,50.54556866666667,50.64057048757661,28.49276284575673,9.999000099990002e-05,0.0002415143101074508
K100,Lysophospholipid acyltransferases,14,100,76.78021978021978,50.5728076923077,50.64057048757661,26.13964929264317,9.999000099990002e-05,0.0002415143101074508
K100,M1 metallopeptidases,13,100,60.12820512820513,50.71687435897436,50.64057048757661,9.48763464062852,0.06369363063693631,0.08426882030898034
K100,M10 matrix metallopeptidases,23,100,72.72332015810277,50.644890909090904,50.64057048757661,22.082749670526155,9.999000099990002e-05,0.0002415143101074508
K100,M14 carboxypeptidases,26,100,57.94769230769231,50.61041476923077,50.64057048757661,7.307121820115697,0.045795420457954206,0.06198173286119664
K100,M28 metallopeptidases,10,100,47.51111111111111,50.60137777777778,50.64057048757661,-3.1294593764654977,0.677032296770323,0.7165892399524093
K100,MAGE family,28,100,55.86772486772487,50.62031428571429,50.64057048757661,5.2271543801482565,0.11208879112088792,0.13845029109654478
K100,MAP kinase phosphatases,10,100,68.62222222222222,50.60137777777778,50.64057048757661,17.98165173464561,0.0022997700229977,0.003997017272442498
K100,MAPK activated protein kinases,11,100,69.05454545454545,50.60812181818182,50.64057048757661,18.413974966968837,0.0006999300069993001,0.00139100014049228
K100,MARVEL domain containing,15,100,65.46666666666667,50.61565904761905,50.64057048757661,14.826096179090058,0.0030996900309969004,0.005289688422462102
K100,MIF4G domain containing proteins,11,100,46.8,50.60812181818182,50.64057048757661,-3.8405704875766133,0.7139286071392861,0.750581191880812
K100,MORN repeat containing,13,100,61.705128205128204,50.71687435897436,50.64057048757661,11.064557717551594,0.032896710328967106,0.04557161930865738
K100,Macro domain containing,10,100,73.24444444444444,50.60137777777778,50.64057048757661,22.60387395686783,9.999000099990002e-05,0.0002415143101074508
K100,Mediator complex,33,100,76.67424242424242,50.58895340909091,50.64057048757661,26.03367193666581,9.999000099990002e-05,0.0002415143101074508
K100,Membrane associated guanylate kinases,26,100,50.286153846153844,50.61041476923077,50.64057048757661,-0.3544166414227661,0.5367463253674633,0.5798337597432917
K100,Membrane associated ring-CH-type fingers,11,100,76.30909090909091,50.60812181818182,50.64057048757661,25.6685204215143,9.999000099990002e-05,0.0002415143101074508
K100,Membrane bound O-acyltransferase family,11,100,63.72727272727273,50.60812181818182,50.64057048757661,13.086702239696116,0.0182981701829817,0.026765335888771374
K100,Membrane spanning 4-domains,18,100,59.13725490196079,50.66665032679739,50.64057048757661,8.496684414384177,0.05269473052694731,0.07071002301479254
K100,MicroRNA protein coding host genes,822,100,51.750900184037626,50.64634266531528,50.64057048757661,1.1103296964610152,0.07589241075892411,0.09793239854096783
K100,Minor histocompatibility antigens,47,100,50.40518038852914,50.66691988899168,50.64057048757661,-0.23539009904747132,0.5313468653134686,0.5753203989945833
K100,Mitochondrial complex III: ubiquinol-cytochrome c reductase complex subunits,10,100,86.53333333333333,50.60137777777778,50.64057048757661,35.89276284575672,9.999000099990002e-05,0.0002415143101074508
K100,Mitochondrial complex IV: cytochrome c oxidase subunits,21,100,88.21428571428571,50.62336476190477,50.64057048757661,37.5737152267091,9.999000099990002e-05,0.0002415143101074508
K100,Mitochondrial complex V: ATP synthase subunits,20,100,79.67368421052632,50.66717105263159,50.64057048757661,29.033113722949707,9.999000099990002e-05,0.0002415143101074508
K100,Mitochondrial iron-sulfur assembly components,12,100,62.74242424242424,50.72729696969697,50.64057048757661,12.101853754847632,0.025197480251974803,0.03574702770686787
K100,Mitochondrial nucleoid associated proteins,15,100,58.91428571428571,50.61565904761905,50.64057048757661,8.2737152267091,0.07979202079792021,0.10212511357559896
K100,Mitochondrial respiratory chain complex assembly factors,71,100,55.414889336016095,50.68799247484909,50.64057048757661,4.774318848439485,0.035996400359964,0.04942945938642287
K100,Mitochondrial ribosomal proteins,81,100,84.38302469135803,50.657906481481476,50.64057048757661,33.74245420378142,9.999000099990002e-05,0.0002415143101074508
K100,Mitochondrially encoded protein coding genes,13,100,74.23076923076923,50.71687435897436,50.64057048757661,23.590198743192616,9.999000099990002e-05,0.0002415143101074508
K100,Mitogen-activated protein kinase kinase kinases,24,100,45.66304347826087,50.64061666666666,50.64057048757661,-4.977527009315743,0.8540145985401459,0.8840458811261731
K100,Mixed lineage kinase family,10,100,51.91111111111111,50.60137777777778,50.64057048757661,1.270540623534501,0.45225477452254775,0.49769158598158875
K100,Mucins,17,100,66.78676470588235,50.75129117647059,50.64057048757661,16.146194218305737,0.0006999300069993001,0.00139100014049228
K100,Myb/SANT domain containing,48,100,58.544326241134755,50.65585159574468,50.64057048757661,7.903755753558144,0.0053994600539946005,0.00870940303229951
K100,"Myosin heavy chains, class II",14,100,64.76923076923077,50.5728076923077,50.64057048757661,14.128660281654163,0.005099490050994901,0.008253813793878344
K100,Myotubularins,14,100,59.175824175824175,50.5728076923077,50.64057048757661,8.535253688247565,0.0731926807319268,0.09470811160642179
K100,N-Ank proteins,11,100,72.85454545454546,50.60812181818182,50.64057048757661,22.21397496696885,9.999000099990002e-05,0.0002415143101074508
K100,N-BAR domain containing,12,100,62.63636363636363,50.72729696969697,50.64057048757661,11.995793148787023,0.026497350264973504,0.037366023876654254
K100,N-alpha-acetyltransferase subunits,13,100,79.42307692307692,50.71687435897436,50.64057048757661,28.78250643550031,9.999000099990002e-05,0.0002415143101074508
K100,NADH:ubiquinone oxidoreductase core subunits,14,100,89.34065934065934,50.5728076923077,50.64057048757661,38.70008885308273,9.999000099990002e-05,0.0002415143101074508
K100,NADH:ubiquinone oxidoreductase supernumerary subunits,30,100,88.27126436781609,50.63645057471265,50.64057048757661,37.63069388023948,9.999000099990002e-05,0.0002415143101074508
K100,NBPF members,10,100,76.5111111111111,50.60137777777778,50.64057048757661,25.870540623534495,9.999000099990002e-05,0.0002415143101074508
K100,NIMA related kinase family,11,100,82.32727272727273,50.60812181818182,50.64057048757661,31.686702239696118,9.999000099990002e-05,0.0002415143101074508
K100,NKL subclass homeoboxes and pseudogenes,16,100,69.96666666666667,50.70628833333333,50.64057048757661,19.326096179090058,9.999000099990002e-05,0.0002415143101074508
K100,NLR family,18,100,65.4640522875817,50.66665032679739,50.64057048757661,14.823481800005084,0.0012998700129987,0.002419916111155683
K100,NTC associated proteins,16,100,74.65,50.70628833333333,50.64057048757661,24.009429512423395,9.999000099990002e-05,0.0002415143101074508
K100,Nectins and nectin-like molecules,10,100,72.62222222222222,50.60137777777778,50.64057048757661,21.98165173464561,9.999000099990002e-05,0.0002415143101074508
K100,Neuropeptides,57,100,59.08897243107769,50.66962825814536,50.64057048757661,8.448401943501082,0.0012998700129987,0.002419916111155683
K100,Non-clustered protocadherins,12,100,70.01515151515152,50.72729696969697,50.64057048757661,19.374581027574905,0.0004999500049995,0.001051234162298056
K100,Non-histone lysine methyltransferases,19,100,72.5672514619883,50.565805847953214,50.64057048757661,21.926680974411696,9.999000099990002e-05,0.0002415143101074508
K100,NuRD complex subunits,15,100,79.98095238095237,50.61565904761905,50.64057048757661,29.340381893375763,9.999000099990002e-05,0.0002415143101074508
K100,Nuclear RNase P complex subunits,10,100,83.53333333333333,50.60137777777778,50.64057048757661,32.89276284575672,9.999000099990002e-05,0.0002415143101074508
K100,Nucleoporins,30,100,84.9103448275862,50.63645057471265,50.64057048757661,34.26977434000959,9.999000099990002e-05,0.0002415143101074508
K100,Nucleotide excision repair,17,100,58.97794117647059,50.75129117647059,50.64057048757661,8.337370688893976,0.06479352064793521,0.08524510677423879
K100,Nudix hydrolase family,22,100,65.61904761904762,50.66587489177489,50.64057048757661,14.97847713147101,9.999000099990002e-05,0.0002415143101074508
K100,OTU domain containing,16,100,67.675,50.70628833333333,50.64057048757661,17.034429512423387,0.00039996000399960006,0.000860187953807359
K100,Olfactomedin domain containing,13,100,62.76923076923077,50.71687435897436,50.64057048757661,12.128660281654156,0.0187981201879812,0.027326896939935636
K100,"Olfactory receptors, family 1",24,100,84.3623188405797,50.64061666666666,50.64057048757661,33.72174835300309,9.999000099990002e-05,0.0002415143101074508
K100,"Olfactory receptors, family 10",33,100,77.9715909090909,50.58895340909091,50.64057048757661,27.331020421514296,9.999000099990002e-05,0.0002415143101074508
K100,"Olfactory receptors, family 13",10,100,80.91111111111111,50.60137777777778,50.64057048757661,30.2705406235345,9.999000099990002e-05,0.0002415143101074508
K100,"Olfactory receptors, family 2",64,100,81.6641865079365,50.64056979166667,50.64057048757661,31.023616020359896,9.999000099990002e-05,0.0002415143101074508
K100,"Olfactory receptors, family 4",44,100,82.61099365750529,50.617945243128965,50.64057048757661,31.97042316992868,9.999000099990002e-05,0.0002415143101074508
K100,"Olfactory receptors, family 5",44,100,83.3477801268499,50.617945243128965,50.64057048757661,32.70720963927329,9.999000099990002e-05,0.0002415143101074508
K100,"Olfactory receptors, family 51",21,100,84.32857142857142,50.62336476190477,50.64057048757661,33.68800094099481,9.999000099990002e-05,0.0002415143101074508
K100,"Olfactory receptors, family 52",24,100,78.53985507246377,50.64061666666666,50.64057048757661,27.899284584887155,9.999000099990002e-05,0.0002415143101074508
K100,"Olfactory receptors, family 6",29,100,80.03940886699507,50.58243694581281,50.64057048757661,29.398838379418464,9.999000099990002e-05,0.0002415143101074508
K100,"Olfactory receptors, family 7",11,100,84.56363636363636,50.60812181818182,50.64057048757661,33.92306587605975,9.999000099990002e-05,0.0002415143101074508
K100,"Olfactory receptors, family 8",22,100,84.05194805194805,50.66587489177489,50.64057048757661,33.411377564371435,9.999000099990002e-05,0.0002415143101074508
K100,Oligosaccharyltransferase complex subunits,12,100,79.57575757575758,50.72729696969697,50.64057048757661,28.935187088180967,9.999000099990002e-05,0.0002415143101074508
K100,Opsin receptors,11,100,70.6,50.60812181818182,50.64057048757661,19.959429512423384,0.00019998000199980003,0.00045723582981507674
K100,Oxygenases,23,100,54.48221343873518,50.644890909090904,50.64057048757661,3.841642951158569,0.21677832216778323,0.24722176692742348
K100,Oxysterol binding proteins,12,100,71.27272727272727,50.72729696969697,50.64057048757661,20.632156785150656,0.00029997000299970003,0.0006602143523965361
K100,PAS domain containing,28,100,36.732804232804234,50.62031428571429,50.64057048757661,-13.907766254772376,0.9991000899910009,1.0
K100,PBAF complex subunits,15,100,80.71428571428571,50.61565904761905,50.64057048757661,30.073715226709098,9.999000099990002e-05,0.0002415143101074508
K100,PDZ domain containing,142,100,56.319648386774546,50.65585741684148,50.64057048757661,5.679077899197935,0.0006999300069993001,0.00139100014049228
K100,PHD finger proteins,90,100,67.42022471910113,50.59378459425717,50.64057048757661,16.779654231524518,9.999000099990002e-05,0.0002415143101074508
K100,POTE ankyrin domain containing,11,100,75.76363636363637,50.60812181818182,50.64057048757661,25.123065876059755,9.999000099990002e-05,0.0002415143101074508
K100,PR/SET domain family,13,100,74.98717948717949,50.71687435897436,50.64057048757661,24.34660899960288,9.999000099990002e-05,0.0002415143101074508
K100,PRD class homeoboxes and pseudogenes,12,100,67.16666666666667,50.72729696969697,50.64057048757661,16.52609617909006,0.0024997500249975004,0.004328611256521407
K100,PWWP domain containing,16,100,63.083333333333336,50.70628833333333,50.64057048757661,12.442762845756725,0.009099090090990901,0.014144130141441303
K100,PX-BAR domain containing,12,100,73.75757575757575,50.72729696969697,50.64057048757661,23.11700526999914,9.999000099990002e-05,0.0002415143101074508
K100,Peroxins,16,100,72.90833333333333,50.70628833333333,50.64057048757661,22.26776284575672,9.999000099990002e-05,0.0002415143101074508
K100,Phosphatidylinositol glycan anchor biosynthesis,21,100,77.67142857142858,50.62336476190477,50.64057048757661,27.030858083851967,9.999000099990002e-05,0.0002415143101074508
K100,Phosphodiesterases,24,100,78.22101449275362,50.64061666666666,50.64057048757661,27.580444005177014,9.999000099990002e-05,0.0002415143101074508
K100,Phosphoinositide phosphatases,32,100,47.96975806451613,50.631562903225806,50.64057048757661,-2.6708124230604824,0.7437256274372562,0.7801665267771662
K100,Phospholipases,41,100,55.37073170731707,50.625065243902434,50.64057048757661,4.730161219740459,0.0866913308669133,0.10976241085568862
K100,Pleckstrin homology domain containing,183,100,54.1010028223143,50.67939086050562,50.64057048757661,3.460432334737689,0.016998300169983,0.02533607398753795
K100,Poly(ADP-ribose) polymerases,17,100,60.47794117647059,50.75129117647059,50.64057048757661,9.837370688893976,0.033596640335966405,0.046404743689853895
K100,Polypeptide N-acetylgalactosaminyltransferases,20,100,76.52105263157895,50.66717105263159,50.64057048757661,25.880482144002343,9.999000099990002e-05,0.0002415143101074508
K100,Potassium inwardly rectifying channel subfamily J,16,100,66.55833333333334,50.70628833333333,50.64057048757661,15.917762845756727,0.0012998700129987,0.002419916111155683
K100,Potassium two pore domain channel subfamily K,15,100,64.80952380952381,50.61565904761905,50.64057048757661,14.1689533219472,0.0045995400459954,0.0076550648822043595
K100,Potassium voltage-gated channel regulatory subunits,14,100,72.5934065934066,50.5728076923077,50.64057048757661,21.952836105829988,9.999000099990002e-05,0.0002415143101074508
K100,Potassium voltage-gated channels,40,100,81.3576923076923,50.70636141025642,50.64057048757661,30.717121820115693,9.999000099990002e-05,0.0002415143101074508
K100,Pregnancy specific glycoproteins,10,100,80.71111111111111,50.60137777777778,50.64057048757661,30.070540623534498,9.999000099990002e-05,0.0002415143101074508
K100,Progestin and adipoQ receptor family,11,100,65.25454545454545,50.60812181818182,50.64057048757661,14.61397496696884,0.0091990800919908,0.014252522116209433
K100,Proteasome,45,100,82.32020202020202,50.55892656565657,50.64057048757661,31.679631532625407,9.999000099990002e-05,0.0002415143101074508
K100,Protein disulfide isomerases,21,100,55.766666666666666,50.62336476190477,50.64057048757661,5.126096179090055,0.15178482151784822,0.18007720638515495
K100,Protein phosphatase 1 regulatory subunits,171,100,51.047471620227036,50.645961348469214,50.64057048757661,0.40690113265042527,0.41435856414358563,0.45812883500382356
K100,Protein phosphatase 2 regulatory subunits,15,100,58.13333333333333,50.61565904761905,50.64057048757661,7.492762845756722,0.10338966103389662,0.12916851550919178
K100,Protein phosphatase catalytic subunits,12,100,59.53030303030303,50.72729696969697,50.64057048757661,8.88973254272642,0.0866913308669133,0.10976241085568862
K100,"Protein phosphatases, Mg2+/Mn2+ dependent",18,100,61.248366013071895,50.66665032679739,50.64057048757661,10.607795525495284,0.017198280171982803,0.025472924405672642
K100,Protein tyrosine phosphatases non-receptor type,15,100,65.91428571428571,50.61565904761905,50.64057048757661,15.2737152267091,0.0022997700229977,0.003997017272442498
K100,Protein tyrosine phosphatases receptor type,19,100,57.73099415204678,50.565805847953214,50.64057048757661,7.090423664470173,0.0817918208179182,0.10411877731145805
K100,Proteins encoded by multiple genes,44,100,43.86363636363637,50.617945243128965,50.64057048757661,-6.776934123940244,0.9733026697330267,0.9901199944800336
K100,Pseudoautosomal region 1,16,100,36.3,50.70628833333333,50.64057048757661,-14.340570487576613,0.9919008099190081,1.0
K100,Pseudokinases,29,100,62.53448275862069,50.58243694581281,50.64057048757661,11.89391227104408,0.0007999200079992001,0.0015764113965172522
K100,Pseudouridine synthases,13,100,81.48717948717949,50.71687435897436,50.64057048757661,30.84660899960288,9.999000099990002e-05,0.0002415143101074508
K100,Putative lysine methyltransferases,16,100,74.21666666666667,50.70628833333333,50.64057048757661,23.576096179090058,9.999000099990002e-05,0.0002415143101074508
K100,Pyrin domain containing,16,100,62.90833333333333,50.70628833333333,50.64057048757661,12.267762845756721,0.010498950104989501,0.016003254043527686
K100,"RAB, member RAS oncogene GTPases",64,100,70.01438492063492,50.64056979166667,50.64057048757661,19.373814433058314,9.999000099990002e-05,0.0002415143101074508
K100,RAS type GTPase family,28,100,60.22486772486773,50.62031428571429,50.64057048757661,9.584297237291118,0.009799020097990201,0.01513225726607667
K100,RBR E3 ubiquitin ligases,14,100,72.12087912087912,50.5728076923077,50.64057048757661,21.480308633302513,9.999000099990002e-05,0.0002415143101074508
K100,RNA binding motif containing,196,100,64.32752485609629,50.67218184196756,50.64057048757661,13.686954368519679,9.999000099990002e-05,0.0002415143101074508
K100,RNA polymerase subunits,34,100,74.57397504456328,50.706939750445635,50.64057048757661,23.933404556986673,9.999000099990002e-05,0.0002415143101074508
K100,RNase MRP complex subunits,11,100,82.43636363636364,50.60812181818182,50.64057048757661,31.795793148787027,9.999000099990002e-05,0.0002415143101074508
K100,RUN domain containing,18,100,60.869281045751634,50.66665032679739,50.64057048757661,10.228710558175024,0.021497850214978503,0.03105977745783704
K100,RWD domain containing,12,100,65.16666666666667,50.72729696969697,50.64057048757661,14.526096179090061,0.008399160083991601,0.013142871759335695
K100,Receptor ligands,98,100,44.06269724384599,50.62545343993268,50.64057048757661,-6.577873243730622,0.9968003199680032,1.0
K100,Regulators of G-protein signaling,20,100,66.8578947368421,50.66717105263159,50.64057048757661,16.217324249265488,0.00029997000299970003,0.0006602143523965361
K100,Rho GTPase activating proteins,32,100,66.61290322580645,50.631562903225806,50.64057048757661,15.972332738229838,9.999000099990002e-05,0.0002415143101074508
K100,Rho family GTPases,20,100,66.96315789473684,50.66717105263159,50.64057048757661,16.322587407160228,0.00019998000199980003,0.00045723582981507674
K100,Rhomboid family,14,100,67.43956043956044,50.5728076923077,50.64057048757661,16.798989951983827,0.000999900009999,0.0019301348553669223
K100,Ribonuclease A family,13,100,71.24358974358974,50.71687435897436,50.64057048757661,20.603019256013127,9.999000099990002e-05,0.0002415143101074508
K100,Ribosomal protein S6 kinase family,11,100,65.01818181818182,50.60812181818182,50.64057048757661,14.377611330605205,0.010198980101989802,0.015596492298822066
K100,Ribosome biogenesis factors,37,100,61.37687687687688,50.607732432432435,50.64057048757661,10.736306389300267,0.0012998700129987,0.002419916111155683
K100,Ring finger proteins,260,100,63.85105435105435,50.61968825957826,50.64057048757661,13.21048386347774,9.999000099990002e-05,0.0002415143101074508
K100,S ribosomal proteins,35,100,89.96638655462185,50.67680386554622,50.64057048757661,39.32581606704524,9.999000099990002e-05,0.0002415143101074508
K100,S100 calcium binding proteins,17,100,64.21323529411765,50.75129117647059,50.64057048757661,13.572664806541042,0.0034996500349965005,0.0059292631887890345
K100,SAGA complex,17,100,69.57352941176471,50.75129117647059,50.64057048757661,18.9329589241881,9.999000099990002e-05,0.0002415143101074508
K100,SCAN domain containing,48,100,71.86524822695036,50.65585159574468,50.64057048757661,21.224677739373746,9.999000099990002e-05,0.0002415143101074508
K100,SET domain containing,33,100,71.00189393939394,50.58895340909091,50.64057048757661,20.361323451817327,9.999000099990002e-05,0.0002415143101074508
K100,SH2 domain containing,95,100,52.56394176931691,50.667884658454646,50.64057048757661,1.9233712817403017,0.20877912208779123,0.23925782604221332
K100,SIN3 histone deacetylase complex subunits,10,100,71.33333333333333,50.60137777777778,50.64057048757661,20.692762845756718,0.00019998000199980003,0.00045723582981507674
K100,SNAREs,15,100,64.46666666666667,50.61565904761905,50.64057048757661,13.826096179090058,0.005499450054994501,0.008840412887038941
K100,SNF2 related family,32,100,71.13306451612904,50.631562903225806,50.64057048757661,20.49249402855243,9.999000099990002e-05,0.0002415143101074508
K100,SRY-box transcription factors,12,100,70.24242424242425,50.72729696969697,50.64057048757661,19.60185375484764,0.00039996000399960006,0.000860187953807359
K100,SSU processome,42,100,62.911730545876885,50.60395725900116,50.64057048757661,12.271160058300275,9.999000099990002e-05,0.0002415143101074508
K100,STRIPAK complex,20,100,58.526315789473685,50.66717105263159,50.64057048757661,7.8857453018970745,0.05649435056494351,0.07537914763764418
K100,Scavenger receptor cysteine rich domain containing,28,100,58.53439153439153,50.62031428571429,50.64057048757661,7.893821046814921,0.028897110288971104,0.040507556387218424
K100,Scavenger receptors,27,100,62.407407407407405,50.61576438746439,50.64057048757661,11.766836919830794,0.0015998400159984002,0.0029434556544345567
K100,Secretoglobins,11,100,74.0,50.60812181818182,50.64057048757661,23.35942951242339,9.999000099990002e-05,0.0002415143101074508
K100,Secretory calcium-binding phosphoprotein family,20,100,68.12105263157895,50.66717105263159,50.64057048757661,17.480482144002337,9.999000099990002e-05,0.0002415143101074508
K100,Selenoproteins,24,100,62.822463768115945,50.64061666666666,50.64057048757661,12.181893280539335,0.0018998100189981002,0.003402321364821693
K100,Semaphorins,20,100,66.02105263157895,50.66717105263159,50.64057048757661,15.380482144002343,0.0004999500049995,0.001051234162298056
K100,Septins,13,100,70.98717948717949,50.71687435897436,50.64057048757661,20.34660899960288,9.999000099990002e-05,0.0002415143101074508
K100,Serine and arginine rich splicing factors,12,100,80.54545454545455,50.72729696969697,50.64057048757661,29.904884057877936,9.999000099990002e-05,0.0002415143101074508
K100,"Serine peptidase inhibitors, Kazal type",10,100,77.22222222222223,50.60137777777778,50.64057048757661,26.581651734645618,9.999000099990002e-05,0.0002415143101074508
K100,Serine proteases,52,100,53.575414781297134,50.63044343891402,50.64057048757661,2.9348442937205235,0.17318268173182683,0.20325952479378928
K100,Serpin peptidase inhibitors,34,100,60.51158645276292,50.706939750445635,50.64057048757661,9.87101596518631,0.0036996300369963003,0.00624561199793999
K100,Short chain dehydrogenase/reductase superfamily,72,100,52.91197183098591,50.62360696400626,50.64057048757661,2.271401343409302,0.19218078192180782,0.2229486410964815
K100,Sialic acid binding Ig like lectins,14,100,57.989010989010985,50.5728076923077,50.64057048757661,7.348440501434375,0.11228877112288771,0.13845029109654478
K100,Sialyltransferases,20,100,75.47368421052632,50.66717105263159,50.64057048757661,24.833113722949705,9.999000099990002e-05,0.0002415143101074508
K100,Small leucine rich repeat proteoglycans,12,100,71.72727272727273,50.72729696969697,50.64057048757661,21.086702239696123,0.00029997000299970003,0.0006602143523965361
K100,Small molecule methyltransferases,23,100,57.45454545454545,50.644890909090904,50.64057048757661,6.813974966968843,0.0668933106689331,0.08727631391985455
K100,Small nucleolar RNA protein coding host genes,140,100,42.44665981500514,50.64266714285714,50.64057048757661,-8.19391067257147,1.0,1.0
K100,Small subunit mitochondrial ribosomal proteins,25,100,85.55,50.54556866666667,50.64057048757661,34.90942951242339,9.999000099990002e-05,0.0002415143101074508
K100,Soluble glutathione S-transferases,17,100,69.58088235294117,50.75129117647059,50.64057048757661,18.940311865364563,9.999000099990002e-05,0.0002415143101074508
K100,Solute carrier family 16,13,100,71.32051282051282,50.71687435897436,50.64057048757661,20.679942332936207,9.999000099990002e-05,0.0002415143101074508
K100,Solute carrier family 2,14,100,70.67032967032966,50.5728076923077,50.64057048757661,20.029759182753054,9.999000099990002e-05,0.0002415143101074508
K100,Solute carrier family 22,26,100,46.13230769230769,50.61041476923077,50.64057048757661,-4.508262795268919,0.8418158184181582,0.8733375561122302
K100,Solute carrier family 25,53,100,63.132075471698116,50.59421799709724,50.64057048757661,12.491504984121505,9.999000099990002e-05,0.0002415143101074508
K100,Solute carrier family 26,10,100,72.11111111111111,50.60137777777778,50.64057048757661,21.470540623534504,0.00019998000199980003,0.00045723582981507674
K100,Solute carrier family 30,11,100,70.69090909090909,50.60812181818182,50.64057048757661,20.050338603332477,9.999000099990002e-05,0.0002415143101074508
K100,Solute carrier family 35,31,100,74.54838709677419,50.63722537634409,50.64057048757661,23.90781660919758,9.999000099990002e-05,0.0002415143101074508
K100,Solute carrier family 38,12,100,68.95454545454545,50.72729696969697,50.64057048757661,18.313974966968843,0.0006999300069993001,0.00139100014049228
K100,Solute carrier family 39,14,100,64.94505494505495,50.5728076923077,50.64057048757661,14.304484457478338,0.0046995300469953,0.007766591761876444
K100,Solute carrier family 4,10,100,57.46666666666667,50.60137777777778,50.64057048757661,6.826096179090058,0.1772822717728227,0.20719590571960175
K100,Solute carrier family 5,12,100,51.03030303030303,50.72729696969697,50.64057048757661,0.38973254272642066,0.49655034496550343,0.541377806663778
K100,Solute carrier family 6,19,100,56.78947368421053,50.565805847953214,50.64057048757661,6.148903196633917,0.11458854114588542,0.14091697879820372
K100,Solute carrier family 7,13,100,72.2948717948718,50.71687435897436,50.64057048757661,21.654301307295185,9.999000099990002e-05,0.0002415143101074508
K100,Solute carrier family 9,14,100,58.395604395604394,50.5728076923077,50.64057048757661,7.755033908027784,0.0964903509649035,0.12086956197997221
K100,Solute carrier organic anion transporter family,11,100,69.2909090909091,50.60812181818182,50.64057048757661,18.650338603332486,0.0005999400059994001,0.0012393497492356029
K100,Sorting nexins,28,100,72.06613756613757,50.62031428571429,50.64057048757661,21.42556707856096,9.999000099990002e-05,0.0002415143101074508
K100,Spectrin repeat containing,16,100,53.666666666666664,50.70628833333333,50.64057048757661,3.026096179090054,0.31586841315868414,0.3508821287682553
K100,Spliceosomal A complex,19,100,69.78947368421052,50.565805847953214,50.64057048757661,19.14890319663391,9.999000099990002e-05,0.0002415143101074508
K100,Spliceosomal B complex,19,100,55.2046783625731,50.565805847953214,50.64057048757661,4.564107874996488,0.19208079192080793,0.2229486410964815
K100,Spliceosomal Bact complex,27,100,55.58689458689459,50.61576438746439,50.64057048757661,4.946324099317977,0.12348765123487651,0.15068052780214206
K100,Spliceosomal C complex,51,100,57.63764705882353,50.67007670588236,50.64057048757661,6.997076571246922,0.0124987501249875,0.018928975269675605
K100,Spliceosomal P complex,47,100,52.66327474560592,50.66691988899168,50.64057048757661,2.0227042580293073,0.27617238276172384,0.3089719531609784
K100,StAR related lipid transfer domain containing,13,100,57.782051282051285,50.71687435897436,50.64057048757661,7.141480794474674,0.134986501349865,0.1626052228536737
K100,Sterile alpha motif domain containing,78,100,50.73426573426573,50.63931112221112,50.64057048757661,0.09369524668912277,0.4911508849115088,0.5367333336271941
K100,Sulfatases,17,100,66.97058823529412,50.75129117647059,50.64057048757661,16.330017747717505,0.0006999300069993001,0.00139100014049228
K100,"Sulfotransferases, cytosolic",12,100,73.86363636363636,50.72729696969697,50.64057048757661,23.22306587605975,9.999000099990002e-05,0.0002415143101074508
K100,"Sulfotransferases, membrane bound",39,100,72.18488529014844,50.64304291497975,50.64057048757661,21.544314802571833,9.999000099990002e-05,0.0002415143101074508
K100,Sushi domain containing,56,100,51.31233766233766,50.682139285714285,50.64057048757661,0.671767174761051,0.42695730426957307,0.47095290470952905
K100,Synaptotagmins,17,100,67.375,50.75129117647059,50.64057048757661,16.73442951242339,0.00039996000399960006,0.000860187953807359
K100,Syntaxins,16,100,67.53333333333333,50.70628833333333,50.64057048757661,16.89276284575672,0.00039996000399960006,0.000860187953807359
K100,T cell receptor beta locus at 7q34,13,100,92.41025641025641,50.71687435897436,50.64057048757661,41.7696859226798,9.999000099990002e-05,0.0002415143101074508
K100,T-box transcription factors,10,100,67.31111111111112,50.60137777777778,50.64057048757661,16.670540623534507,0.0046995300469953,0.007766591761876444
K100,TALE class homeoboxes and pseudogenes,11,100,66.34545454545454,50.60812181818182,50.64057048757661,15.704884057877933,0.006099390060993901,0.009738348199078399
K100,THAP domain family,11,100,67.96363636363637,50.60812181818182,50.64057048757661,17.323065876059758,0.001999800019998,0.0035543615449775776
K100,TIM23 complex,12,100,67.3030303030303,50.72729696969697,50.64057048757661,16.662459815453687,0.0022997700229977,0.003997017272442498
K100,TIR domain containing,15,100,44.58095238095238,50.61565904761905,50.64057048757661,-6.059618106624228,0.8409159084091591,0.8733375561122302
K100,TLC domain containing,10,100,65.88888888888889,50.60137777777778,50.64057048757661,15.248318401312275,0.009099090090990901,0.014144130141441303
K100,TOG domain containing,10,100,58.13333333333333,50.60137777777778,50.64057048757661,7.492762845756722,0.1496850314968503,0.1780344692803447
K100,Taste 2 receptors,24,100,87.20289855072464,50.64061666666666,50.64057048757661,36.56232806314803,9.999000099990002e-05,0.0002415143101074508
K100,Terminal nucleotidyltransferases,10,100,63.044444444444444,50.60137777777778,50.64057048757661,12.403873956867834,0.0341965803419658,0.0470952904709529
K100,Tetraspanin family,32,100,62.69758064516129,50.631562903225806,50.64057048757661,12.057010157584678,0.0007999200079992001,0.0015764113965172522
K100,Tetratricopeptide repeat domain containing,103,100,58.516086046068914,50.597783285741485,50.64057048757661,7.875515558492303,0.00029997000299970003,0.0006602143523965361
K100,Thioredoxin domain containing,14,100,66.65934065934066,50.5728076923077,50.64057048757661,16.018770171764046,0.0018998100189981002,0.003402321364821693
K100,Tip60/Nua4 histone acetyltransferase complex subunits,18,100,78.4640522875817,50.66665032679739,50.64057048757661,27.823481800005084,9.999000099990002e-05,0.0002415143101074508
K100,Toll like receptors,10,100,47.977777777777774,50.60137777777778,50.64057048757661,-2.662792709798836,0.6554344565543445,0.6968614650950254
K100,Trafficking protein particle complex subunits,16,100,69.0,50.70628833333333,50.64057048757661,18.35942951242339,9.999000099990002e-05,0.0002415143101074508
K100,Transaminases,11,100,58.18181818181818,50.60812181818182,50.64057048757661,7.541247694241569,0.1384861513848615,0.16639535026089228
K100,Transforming growth factor beta superfamily,15,100,64.20952380952382,50.61565904761905,50.64057048757661,13.568953321947205,0.0065993400659934,0.0104656201046562
K100,Transient receptor potential cation channels,27,100,63.763532763532766,50.61576438746439,50.64057048757661,13.122962275956155,0.00029997000299970003,0.0006602143523965361
K100,Translational GTPases,19,100,47.707602339181285,50.565805847953214,50.64057048757661,-2.932968148395325,0.7085291470852915,0.7466763390775017
K100,Tripartite motif family,52,100,68.53544494720965,50.63044343891402,50.64057048757661,17.894874459633044,9.999000099990002e-05,0.0002415143101074508
K100,Tubulin alpha family,10,100,74.71111111111111,50.60137777777778,50.64057048757661,24.070540623534498,9.999000099990002e-05,0.0002415143101074508
K100,Tubulin beta family,10,100,83.31111111111112,50.60137777777778,50.64057048757661,32.67054062353451,9.999000099990002e-05,0.0002415143101074508
K100,Tudor domain containing,33,100,60.16098484848485,50.58895340909091,50.64057048757661,9.52041436090824,0.005099490050994901,0.008253813793878344
K100,Tumor necrosis factor receptor superfamily,29,100,53.86699507389162,50.58243694581281,50.64057048757661,3.2264245863150123,0.23117688231176883,0.2617411335789498
K100,Tumor necrosis factor superfamily,18,100,53.56209150326797,50.66665032679739,50.64057048757661,2.9215210156913614,0.3056694330566943,0.3403553261695107
K100,Type II classical cadherins,13,100,74.52564102564102,50.71687435897436,50.64057048757661,23.88507053806441,9.999000099990002e-05,0.0002415143101074508
K100,Type II transmembrane serine proteases,18,100,69.67320261437908,50.66665032679739,50.64057048757661,19.03263212680247,9.999000099990002e-05,0.0002415143101074508
K100,UBX domain containing,12,100,69.92424242424242,50.72729696969697,50.64057048757661,19.28367193666581,0.0005999400059994001,0.0012393497492356029
K100,UDP glucuronosyltransferases,22,100,73.82251082251082,50.66587489177489,50.64057048757661,23.18194033493421,9.999000099990002e-05,0.0002415143101074508
K100,UPF1 like RNA helicases,10,100,55.28888888888889,50.60137777777778,50.64057048757661,4.648318401312281,0.27217278272172785,0.30522233490936623
K100,Ubiquitin conjugating enzymes E2,37,100,73.03603603603604,50.607732432432435,50.64057048757661,22.395465548459427,9.999000099990002e-05,0.0002415143101074508
K100,Ubiquitin like modifier activating enzymes,10,100,61.08888888888889,50.60137777777778,50.64057048757661,10.448318401312278,0.06729327067293271,0.08755560907997599
K100,Ubiquitin specific peptidases,53,100,64.19158200290276,50.59421799709724,50.64057048757661,13.551011515326152,9.999000099990002e-05,0.0002415143101074508
K100,V-set domain containing,171,100,52.55954592363261,50.645961348469214,50.64057048757661,1.9189754360560016,0.1342865713428657,0.1621768592371532
K100,V-type ATPase subunits,22,100,77.39393939393939,50.66587489177489,50.64057048757661,26.75336890636278,9.999000099990002e-05,0.0002415143101074508
K100,VPS9 domain containing,10,100,60.48888888888889,50.60137777777778,50.64057048757661,9.848318401312277,0.08049195080491951,0.10274175834449076
K100,WAP four-disulfide core domain containing,18,100,73.52941176470588,50.66665032679739,50.64057048757661,22.888841277129274,9.999000099990002e-05,0.0002415143101074508
K100,WD repeat domain containing,247,100,54.634804647641616,50.66233923175669,50.64057048757661,3.9942341600650053,0.0020997900209979003,0.0037180492477068084
K100,Wnt enhanceosome complex,17,100,69.2279411764706,50.75129117647059,50.64057048757661,18.587370688893984,9.999000099990002e-05,0.0002415143101074508
K100,Wnt family,19,100,79.953216374269,50.565805847953214,50.64057048757661,29.312645886692394,9.999000099990002e-05,0.0002415143101074508
K100,ZF class homeoboxes and pseudogenes,13,100,65.47435897435898,50.71687435897436,50.64057048757661,14.833788486782367,0.004999500049995001,0.00814797412992265
K100,ZU5 domain containing,11,100,68.05454545454545,50.60812181818182,50.64057048757661,17.413974966968837,0.0018998100189981002,0.003402321364821693
K100,Zinc fingers,11,100,58.32727272727273,50.60812181818182,50.64057048757661,7.6867022396961175,0.1326867313268673,0.16065668497417612
K100,Zinc fingers BED-type,10,100,69.33333333333333,50.60137777777778,50.64057048757661,18.692762845756718,0.0013998600139986002,0.0025958034117848057
K100,Zinc fingers C2H2-type,657,100,67.40966885696254,50.64050942940936,50.64057048757661,16.76909836938593,9.999000099990002e-05,0.0002415143101074508
K100,Zinc fingers CCCH-type,50,100,65.40408163265306,50.637265877551016,50.64057048757661,14.76351114507645,9.999000099990002e-05,0.0002415143101074508
K100,Zinc fingers CCHC-type,22,100,63.926406926406926,50.66587489177489,50.64057048757661,13.285836438830316,0.0014998500149985001,0.0027703112041737
K100,Zinc fingers CXXC-type,11,100,62.45454545454545,50.60812181818182,50.64057048757661,11.813974966968843,0.0327967203279672,0.04556712470345886
K100,Zinc fingers DHHC-type,24,100,71.76086956521739,50.64061666666666,50.64057048757661,21.12029907764078,9.999000099990002e-05,0.0002415143101074508
K100,Zinc fingers FYVE-type,30,100,56.98620689655172,50.63645057471265,50.64057048757661,6.3456364089751105,0.063993600639936,0.0844285319367223
K100,Zinc fingers MYND-type,18,100,61.19607843137255,50.66665032679739,50.64057048757661,10.555507943795938,0.0173982601739826,0.025688340256883404
K100,Zinc fingers RANBP2-type,22,100,59.8008658008658,50.66587489177489,50.64057048757661,9.16029531328919,0.025697430256974303,0.03634681576887357
K100,Zinc fingers TRAF-type,11,100,67.16363636363636,50.60812181818182,50.64057048757661,16.523065876059746,0.0033996600339966003,0.005780649371885916
K100,Zinc fingers ZZ-type,18,100,50.64705882352941,50.66665032679739,50.64057048757661,0.006488335952802515,0.5122487751224878,0.5572036329854313
K100,Zinc fingers matrin-type,27,100,62.10826210826211,50.61576438746439,50.64057048757661,11.4676916206855,0.001999800019998,0.0035543615449775776
