gene,targetId,diseaseId,disease,score,known_clinical
RAB10,ENSG00000084733,MONDO_0000544,mucosal melanoma,0.506,False
RAB10,ENSG00000084733,MONDO_0001187,urinary bladder cancer,0.7179,False
RAB10,ENSG00000084733,MONDO_0001402,vaginal cancer,0.5522,False
RAB10,ENSG00000084733,MONDO_0001852,small intestine lymphoma,0.8066,False
RAB10,ENSG00000084733,MONDO_0001879,anus cancer,0.9682,False
RAB10,ENSG00000084733,MONDO_0002087,peritoneum cancer,0.7545,False
RAB10,ENSG00000084733,MONDO_0002158,fallopian tube cancer,0.7207,False
RAB10,ENSG00000084733,MONDO_0002225,ovarian sarcoma,0.7297,False
RAB10,ENSG00000084733,MONDO_0002586,thymus cancer,0.904,False
RAB10,ENSG00000084733,MONDO_0002833,fallopian tube transitional cell carcinoma,0.6857,False
RAB10,ENSG00000084733,MONDO_0002995,"small intestine neuroendocrine tumor, well differentiated, low or intermediate grade",0.9439,False
RAB10,ENSG00000084733,MONDO_0003033,prostate angiosarcoma,0.53,False
RAB10,ENSG00000084733,MONDO_0003090,extrahepatic bile duct carcinoma,0.7935,False
RAB10,ENSG00000084733,MONDO_0003196,appendix carcinoma,0.6665,False
RAB10,ENSG00000084733,MONDO_0003268,mixed glioma,0.6477,False
RAB10,ENSG00000084733,MONDO_0003383,fallopian tube clear cell adenocarcinoma,0.5124,False
RAB10,ENSG00000084733,MONDO_0003478,childhood ependymoma,0.7787,False
RAB10,ENSG00000084733,MONDO_0003503,fallopian tube squamous cell carcinoma,0.5974,False
RAB10,ENSG00000084733,MONDO_0003541,adult acute lymphoblastic leukemia,0.8885,False
RAB10,ENSG00000084733,MONDO_0003659,pediatric lymphoma,0.6516,False
RAB10,ENSG00000084733,MONDO_0003660,adult lymphoma,0.7627,False
RAB10,ENSG00000084733,MONDO_0003666,fallopian tube endometrioid adenocarcinoma,0.5884,False
RAB10,ENSG00000084733,MONDO_0003856,adult malignant hemangiopericytoma,0.5529,False
RAB10,ENSG00000084733,MONDO_0003869,childhood brain stem glioma,0.7724,False
RAB10,ENSG00000084733,MONDO_0003874,ovarian serous surface papillary adenocarcinoma,0.843,False
RAB10,ENSG00000084733,MONDO_0003890,infiltrating bladder urothelial carcinoma,0.623,False
RAB10,ENSG00000084733,MONDO_0004064,iris melanoma,0.5158,False
RAB10,ENSG00000084733,MONDO_0004111,refractory hematologic cancer,0.8995,False
RAB10,ENSG00000084733,MONDO_0004180,benign urinary system neoplasm,0.8345,False
RAB10,ENSG00000084733,MONDO_0004222,ovarian clear cell cystadenocarcinoma,0.8124,False
RAB10,ENSG00000084733,MONDO_0004992,cancer,0.7266,False
RAB10,ENSG00000084733,MONDO_0005411,gallbladder cancer,0.5636,False
RAB10,ENSG00000084733,MONDO_0007254,breast cancer,0.6945,False
RAB10,ENSG00000084733,MONDO_0008170,ovarian cancer,0.597,False
RAB10,ENSG00000084733,MONDO_0008315,prostate cancer,0.8334,False
RAB10,ENSG00000084733,MONDO_0008318,Proteus syndrome,0.8725,False
RAB10,ENSG00000084733,MONDO_0016216,adult hepatocellular carcinoma,0.8035,False
RAB10,ENSG00000084733,MONDO_0017346,Epstein-Barr virus-positive diffuse large B-cell lymphoma of the elderly,0.5635,False
RAB10,ENSG00000084733,MONDO_0018521,squamous cell carcinoma of pancreas,0.7131,False
RAB10,ENSG00000084733,MONDO_0019456,acute myeloid leukemia with multilineage dysplasia,0.8475,False
RAB10,ENSG00000084733,MONDO_0019457,therapy related acute myeloid leukemia and myelodysplastic syndrome,0.8922,False
RAB10,ENSG00000084733,MONDO_0020077,myelodysplastic/myeloproliferative disease,0.6527,False
RAB10,ENSG00000084733,MONDO_0020657,human papillomavirus-related squamous cell carcinoma,0.9042,False
RAB10,ENSG00000084733,MONDO_0020690,adult glioblastoma,0.9462,False
RAB10,ENSG00000084733,MONDO_0021063,malignant colon neoplasm,0.5861,False
RAB10,ENSG00000084733,MONDO_0021074,precancerous condition,0.672,False
RAB10,ENSG00000084733,MONDO_0021115,luminal B breast carcinoma,0.6193,False
RAB10,ENSG00000084733,MONDO_0021538,verrucous carcinoma of oral cavity,0.6458,False
RAB10,ENSG00000084733,MONDO_0024327,chronic renal failure syndrome,0.7435,False
RAB10,ENSG00000084733,MONDO_0036501,refractory malignant neoplasm,0.5965,False
RAB10,ENSG00000084733,MONDO_0040678,infiltrating urothelial carcinoma,0.8275,False
RAB10,ENSG00000084733,MONDO_0044710,lip and oral cavity squamous cell carcinoma,0.9628,False
RAB10,ENSG00000084733,MONDO_0044787,nasal cavity and paranasal sinus squamous cell carcinoma,0.849,False
RAB10,ENSG00000084733,MONDO_0044887,central nervous system non-hodgkin lymphoma,0.5893,False
RAB10,ENSG00000084733,MONDO_0044964,oral cavity mucoepidermoid carcinoma,0.9788,False
RAB10,ENSG00000084733,MONDO_0045056,grade II meningioma,0.8846,False
RAB10,ENSG00000084733,EFO_0000096,neoplasm of mature B-cells,0.9088,False
RAB10,ENSG00000084733,EFO_0000196,metastatic prostate cancer,0.6016,False
RAB10,ENSG00000084733,EFO_0000198,myelodysplastic syndrome,0.6596,False
RAB10,ENSG00000084733,EFO_0000211,unspecified peripheral T-cell lymphoma,0.5133,False
RAB10,ENSG00000084733,EFO_0000221,acute monocytic leukemia,0.5884,False
RAB10,ENSG00000084733,EFO_0000233,adenosquamous lung carcinoma,0.5487,False
RAB10,ENSG00000084733,EFO_0000304,breast adenocarcinoma,0.7341,False
RAB10,ENSG00000084733,EFO_0000330,childhood acute myeloid leukemia,0.7704,False
RAB10,ENSG00000084733,EFO_0000503,gastric adenocarcinoma,0.5156,False
RAB10,ENSG00000084733,EFO_0000574,lymphoma,0.6537,False
RAB10,ENSG00000084733,EFO_0000616,neoplasm,0.8463,False
RAB10,ENSG00000084733,EFO_0000673,prostate adenocarcinoma,0.5837,False
RAB10,ENSG00000084733,EFO_0000756,melanoma,0.6436,False
RAB10,ENSG00000084733,EFO_0001663,prostate carcinoma,0.551,False
RAB10,ENSG00000084733,EFO_0002426,neoplasm of mature T-cells or NK-cells,0.942,False
RAB10,ENSG00000084733,EFO_0002618,pancreatic carcinoma,0.8418,False
RAB10,ENSG00000084733,EFO_0003027,acute myeloblastic leukemia without maturation,0.8585,False
RAB10,ENSG00000084733,EFO_0003028,acute myeloblastic leukemia with maturation,0.9787,False
RAB10,ENSG00000084733,EFO_0003060,non-small cell lung carcinoma,0.9184,False
RAB10,ENSG00000084733,EFO_0003863,urogenital neoplasm,0.5979,False
RAB10,ENSG00000084733,EFO_0003869,breast neoplasm,0.6367,False
RAB10,ENSG00000084733,EFO_0003891,biliary tract neoplasm,0.6906,False
RAB10,ENSG00000084733,EFO_0004284,upper aerodigestive tract neoplasm,0.9749,False
RAB10,ENSG00000084733,EFO_0004289,lymphoid leukemia,0.63,False
RAB10,ENSG00000084733,EFO_0005537,triple-negative breast cancer,0.8144,False
RAB10,ENSG00000084733,EFO_0006861,male breast carcinoma,0.919,False
RAB10,ENSG00000084733,EFO_0007532,uterine corpus cancer,0.7407,False
RAB10,ENSG00000084733,EFO_0009443,BRCAX breast cancer,0.607,False
RAB10,ENSG00000084733,EFO_0009780,HER2 negative breast carcinoma,0.9156,False
RAB10,ENSG00000084733,EFO_0009878,drug interaction,0.8802,False
RAB10,ENSG00000084733,EFO_0010580,blastic plasmacytoid dendritic cell neoplasm,0.5416,False
RAB10,ENSG00000084733,EFO_0010832,primary central chondrosarcoma,0.6717,False
RAB10,ENSG00000084733,EFO_0020003,drug toxicity,0.8762,False
RAB10,ENSG00000084733,EFO_1000044,pancreatic adenocarcinoma,0.5372,False
RAB10,ENSG00000084733,EFO_1000131,"Blast Phase Chronic Myelogenous Leukemia, BCR-ABL1 Positive",0.8141,False
RAB10,ENSG00000084733,EFO_1000238,Endometrial Serous Adenocarcinoma,0.5122,False
RAB10,ENSG00000084733,EFO_1000251,Fallopian Tube Carcinoma,0.8828,False
RAB10,ENSG00000084733,EFO_1000253,Fallopian Tube Serous Adenocarcinoma,0.5108,False
RAB10,ENSG00000084733,EFO_1000294,HER2 Positive Breast Carcinoma,0.5306,False
RAB10,ENSG00000084733,EFO_1000412,Ovarian Carcinosarcoma,0.626,False
RAB10,ENSG00000084733,EFO_1000419,Ovarian Germ Cell Tumor,0.7601,False
RAB10,ENSG00000084733,EFO_1000494,Primary Peritoneal Serous Adenocarcinoma,0.7396,False
RAB10,ENSG00000084733,EFO_1000616,Uveal Melanoma,0.846,False
RAB10,ENSG00000084733,EFO_1000649,estrogen-receptor positive breast cancer,0.6116,False
RAB10,ENSG00000084733,EFO_1001013,lethal midline granuloma,0.9665,False
RAB10,ENSG00000084733,EFO_1001100,peritoneal neoplasm,0.9661,False
RAB10,ENSG00000084733,EFO_1001110,pituitary-dependent Cushing's disease,0.8912,False
RAB10,ENSG00000084733,EFO_1001257,acute erythroblastic leukemia,0.835,False
RAB10,ENSG00000084733,EFO_1001348,HIV-Associated Lipodystrophy Syndrome,0.8543,False
RAB10,ENSG00000084733,EFO_1001799,incomplete abortion,0.5484,False
RAB10,ENSG00000084733,EFO_1001830,precursor T-cell lymphoblastic leukemia-lymphoma,0.5962,False
RAB10,ENSG00000084733,EFO_1001932,adult acute megakaryoblastic leukemia,0.607,False
RAB10,ENSG00000084733,EFO_1001933,adult acute monocytic leukemia,0.7451,False
RAB10,ENSG00000084733,EFO_1001934,adult acute myeloid leukemia,0.8681,False
RAB10,ENSG00000084733,EFO_1001935,adult B acute lymphoblastic leukemia,0.6163,False
RAB10,ENSG00000084733,EFO_1001945,childhood acute myeloid leukemia with maturation,0.8906,False
RAB10,ENSG00000084733,EFO_1001952,endometrial adenosquamous carcinoma,0.7891,False
RAB10,ENSG00000084733,EFO_1001958,high grade ovarian serous adenocarcinoma,0.9859,False
RAB10,ENSG00000084733,EFO_1001963,ovarian mucinous cystadenocarcinoma,0.7405,False
RAB10,ENSG00000084733,EFO_1001973,ureter urothelial carcinoma,0.5661,False
RAB10,ENSG00000084733,EFO_1002001,core binding factor acute myeloid leukemia,0.8958,False
RAB10,ENSG00000084733,Orphanet_145,Hereditary breast and ovarian cancer syndrome,0.8574,False
RAB11A,ENSG00000103769,MONDO_0004111,refractory hematologic cancer,0.7589,False
RAB11A,ENSG00000103769,MONDO_0020690,adult glioblastoma,0.5234,False
RAB11A,ENSG00000103769,MONDO_0024327,chronic renal failure syndrome,0.5588,False
RAB11A,ENSG00000103769,MONDO_0044710,lip and oral cavity squamous cell carcinoma,0.7958,False
RAB11A,ENSG00000103769,EFO_0004284,upper aerodigestive tract neoplasm,0.6327,False
RAB11A,ENSG00000103769,EFO_0020003,drug toxicity,0.8366,False
RAB11A,ENSG00000103769,EFO_1000251,Fallopian Tube Carcinoma,0.5701,False
RAB11A,ENSG00000103769,EFO_1000466,Penile Fibromatosis,0.6119,False
RAB11A,ENSG00000103769,EFO_1001100,peritoneal neoplasm,0.7921,False
RAB11A,ENSG00000103769,EFO_1001110,pituitary-dependent Cushing's disease,0.5707,False
RAB11A,ENSG00000103769,EFO_1001159,Rh isoimmunization,0.5964,False
RAB11A,ENSG00000103769,EFO_1001348,HIV-Associated Lipodystrophy Syndrome,0.5087,False
RAB11A,ENSG00000103769,EFO_1001799,incomplete abortion,0.5863,False
RAB11B,ENSG00000185236,MONDO_0004111,refractory hematologic cancer,0.7308,False
RAB11B,ENSG00000185236,MONDO_0024327,chronic renal failure syndrome,0.7467,False
RAB11B,ENSG00000185236,MONDO_0044710,lip and oral cavity squamous cell carcinoma,0.6404,False
RAB11B,ENSG00000185236,EFO_0004284,upper aerodigestive tract neoplasm,0.6689,False
RAB11B,ENSG00000185236,EFO_0020003,drug toxicity,0.9139,False
RAB11B,ENSG00000185236,EFO_1000466,Penile Fibromatosis,0.6194,False
RAB11B,ENSG00000185236,EFO_1001100,peritoneal neoplasm,0.773,False
RAB11B,ENSG00000185236,EFO_1001110,pituitary-dependent Cushing's disease,0.5088,False
RAB11B,ENSG00000185236,EFO_1001159,Rh isoimmunization,0.7753,False
RAB11B,ENSG00000185236,EFO_1001348,HIV-Associated Lipodystrophy Syndrome,0.7502,False
RAB11B,ENSG00000185236,EFO_1001799,incomplete abortion,0.8195,False
RAB11B,ENSG00000185236,EFO_1001958,high grade ovarian serous adenocarcinoma,0.516,False
RAB13,ENSG00000143545,MONDO_0001187,urinary bladder cancer,0.7203,False
RAB13,ENSG00000143545,MONDO_0001852,small intestine lymphoma,0.7911,False
RAB13,ENSG00000143545,MONDO_0001879,anus cancer,0.9623,False
RAB13,ENSG00000143545,MONDO_0002087,peritoneum cancer,0.8168,False
RAB13,ENSG00000143545,MONDO_0002158,fallopian tube cancer,0.8219,False
RAB13,ENSG00000143545,MONDO_0002225,ovarian sarcoma,0.6453,False
RAB13,ENSG00000143545,MONDO_0002586,thymus cancer,0.8473,False
RAB13,ENSG00000143545,MONDO_0002833,fallopian tube transitional cell carcinoma,0.6624,False
RAB13,ENSG00000143545,MONDO_0002995,"small intestine neuroendocrine tumor, well differentiated, low or intermediate grade",0.9101,False
RAB13,ENSG00000143545,MONDO_0003089,extrahepatic bile duct mucoepidermoid carcinoma,0.5279,False
RAB13,ENSG00000143545,MONDO_0003090,extrahepatic bile duct carcinoma,0.8538,False
RAB13,ENSG00000143545,MONDO_0003196,appendix carcinoma,0.7146,False
RAB13,ENSG00000143545,MONDO_0003383,fallopian tube clear cell adenocarcinoma,0.5785,False
RAB13,ENSG00000143545,MONDO_0003478,childhood ependymoma,0.7465,False
RAB13,ENSG00000143545,MONDO_0003503,fallopian tube squamous cell carcinoma,0.5989,False
RAB13,ENSG00000143545,MONDO_0003541,adult acute lymphoblastic leukemia,0.9083,False
RAB13,ENSG00000143545,MONDO_0003660,adult lymphoma,0.5883,False
RAB13,ENSG00000143545,MONDO_0003666,fallopian tube endometrioid adenocarcinoma,0.7043,False
RAB13,ENSG00000143545,MONDO_0003869,childhood brain stem glioma,0.7327,False
RAB13,ENSG00000143545,MONDO_0003874,ovarian serous surface papillary adenocarcinoma,0.8183,False
RAB13,ENSG00000143545,MONDO_0004111,refractory hematologic cancer,0.8256,False
RAB13,ENSG00000143545,MONDO_0004180,benign urinary system neoplasm,0.7179,False
RAB13,ENSG00000143545,MONDO_0004222,ovarian clear cell cystadenocarcinoma,0.7723,False
RAB13,ENSG00000143545,MONDO_0004992,cancer,0.7206,False
RAB13,ENSG00000143545,MONDO_0005411,gallbladder cancer,0.6176,False
RAB13,ENSG00000143545,MONDO_0007254,breast cancer,0.6883,False
RAB13,ENSG00000143545,MONDO_0008170,ovarian cancer,0.8245,False
RAB13,ENSG00000143545,MONDO_0008315,prostate cancer,0.734,False
RAB13,ENSG00000143545,MONDO_0008318,Proteus syndrome,0.9075,False
RAB13,ENSG00000143545,MONDO_0016216,adult hepatocellular carcinoma,0.7797,False
RAB13,ENSG00000143545,MONDO_0017346,Epstein-Barr virus-positive diffuse large B-cell lymphoma of the elderly,0.5116,False
RAB13,ENSG00000143545,MONDO_0018521,squamous cell carcinoma of pancreas,0.7914,False
RAB13,ENSG00000143545,MONDO_0019456,acute myeloid leukemia with multilineage dysplasia,0.7629,False
RAB13,ENSG00000143545,MONDO_0019457,therapy related acute myeloid leukemia and myelodysplastic syndrome,0.8638,False
RAB13,ENSG00000143545,MONDO_0020077,myelodysplastic/myeloproliferative disease,0.5191,False
RAB13,ENSG00000143545,MONDO_0020657,human papillomavirus-related squamous cell carcinoma,0.8161,False
RAB13,ENSG00000143545,MONDO_0020690,adult glioblastoma,0.9224,False
RAB13,ENSG00000143545,MONDO_0021063,malignant colon neoplasm,0.5473,False
RAB13,ENSG00000143545,MONDO_0021074,precancerous condition,0.6462,False
RAB13,ENSG00000143545,MONDO_0021321,malignant tumor of extrahepatic bile duct,0.6032,False
RAB13,ENSG00000143545,MONDO_0021538,verrucous carcinoma of oral cavity,0.6175,False
RAB13,ENSG00000143545,MONDO_0024327,chronic renal failure syndrome,0.8651,False
RAB13,ENSG00000143545,MONDO_0036501,refractory malignant neoplasm,0.5669,False
RAB13,ENSG00000143545,MONDO_0040678,infiltrating urothelial carcinoma,0.7233,False
RAB13,ENSG00000143545,MONDO_0044710,lip and oral cavity squamous cell carcinoma,0.9527,False
RAB13,ENSG00000143545,MONDO_0044787,nasal cavity and paranasal sinus squamous cell carcinoma,0.8231,False
RAB13,ENSG00000143545,MONDO_0044964,oral cavity mucoepidermoid carcinoma,0.9779,False
RAB13,ENSG00000143545,MONDO_0045056,grade II meningioma,0.8538,False
RAB13,ENSG00000143545,MONDO_0850302,intracranial meningioma,0.6361,False
RAB13,ENSG00000143545,EFO_0000096,neoplasm of mature B-cells,0.897,False
RAB13,ENSG00000143545,EFO_0000196,metastatic prostate cancer,0.5479,False
RAB13,ENSG00000143545,EFO_0000221,acute monocytic leukemia,0.6221,False
RAB13,ENSG00000143545,EFO_0000223,acute myelomonocytic leukemia,0.5156,False
RAB13,ENSG00000143545,EFO_0000233,adenosquamous lung carcinoma,0.5915,False
RAB13,ENSG00000143545,EFO_0000304,breast adenocarcinoma,0.6856,False
RAB13,ENSG00000143545,EFO_0000330,childhood acute myeloid leukemia,0.8169,False
RAB13,ENSG00000143545,EFO_0000616,neoplasm,0.7574,False
RAB13,ENSG00000143545,EFO_0001378,multiple myeloma,0.5426,False
RAB13,ENSG00000143545,EFO_0001663,prostate carcinoma,0.5604,False
RAB13,ENSG00000143545,EFO_0002426,neoplasm of mature T-cells or NK-cells,0.9174,False
RAB13,ENSG00000143545,EFO_0002618,pancreatic carcinoma,0.8612,False
RAB13,ENSG00000143545,EFO_0003027,acute myeloblastic leukemia without maturation,0.8489,False
RAB13,ENSG00000143545,EFO_0003028,acute myeloblastic leukemia with maturation,0.975,False
RAB13,ENSG00000143545,EFO_0003060,non-small cell lung carcinoma,0.9043,False
RAB13,ENSG00000143545,EFO_0003859,uterine neoplasm,0.6732,False
RAB13,ENSG00000143545,EFO_0003863,urogenital neoplasm,0.5147,False
RAB13,ENSG00000143545,EFO_0003869,breast neoplasm,0.6876,False
RAB13,ENSG00000143545,EFO_0003891,biliary tract neoplasm,0.6422,False
RAB13,ENSG00000143545,EFO_0004284,upper aerodigestive tract neoplasm,0.9805,False
RAB13,ENSG00000143545,EFO_0004289,lymphoid leukemia,0.5573,False
RAB13,ENSG00000143545,EFO_0004606,gallbladder neoplasm,0.5186,False
RAB13,ENSG00000143545,EFO_0005537,triple-negative breast cancer,0.7199,False
RAB13,ENSG00000143545,EFO_0006861,male breast carcinoma,0.9054,False
RAB13,ENSG00000143545,EFO_0007532,uterine corpus cancer,0.6222,False
RAB13,ENSG00000143545,EFO_0009780,HER2 negative breast carcinoma,0.8597,False
RAB13,ENSG00000143545,EFO_0009878,drug interaction,0.8289,False
RAB13,ENSG00000143545,EFO_0010580,blastic plasmacytoid dendritic cell neoplasm,0.5316,False
RAB13,ENSG00000143545,EFO_0010832,primary central chondrosarcoma,0.546,False
RAB13,ENSG00000143545,EFO_0020003,drug toxicity,0.811,False
RAB13,ENSG00000143545,EFO_1000044,pancreatic adenocarcinoma,0.6096,False
RAB13,ENSG00000143545,EFO_1000131,"Blast Phase Chronic Myelogenous Leukemia, BCR-ABL1 Positive",0.8035,False
RAB13,ENSG00000143545,EFO_1000251,Fallopian Tube Carcinoma,0.9011,False
RAB13,ENSG00000143545,EFO_1000253,Fallopian Tube Serous Adenocarcinoma,0.5795,False
RAB13,ENSG00000143545,EFO_1000412,Ovarian Carcinosarcoma,0.5354,False
RAB13,ENSG00000143545,EFO_1000419,Ovarian Germ Cell Tumor,0.7859,False
RAB13,ENSG00000143545,EFO_1000494,Primary Peritoneal Serous Adenocarcinoma,0.8166,False
RAB13,ENSG00000143545,EFO_1000616,Uveal Melanoma,0.7619,False
RAB13,ENSG00000143545,EFO_1000649,estrogen-receptor positive breast cancer,0.5656,False
RAB13,ENSG00000143545,EFO_1001013,lethal midline granuloma,0.9613,False
RAB13,ENSG00000143545,EFO_1001100,peritoneal neoplasm,0.9748,False
RAB13,ENSG00000143545,EFO_1001110,pituitary-dependent Cushing's disease,0.8234,False
RAB13,ENSG00000143545,EFO_1001257,acute erythroblastic leukemia,0.7747,False
RAB13,ENSG00000143545,EFO_1001348,HIV-Associated Lipodystrophy Syndrome,0.8474,False
RAB13,ENSG00000143545,EFO_1001799,incomplete abortion,0.6847,False
RAB13,ENSG00000143545,EFO_1001830,precursor T-cell lymphoblastic leukemia-lymphoma,0.5458,False
RAB13,ENSG00000143545,EFO_1001932,adult acute megakaryoblastic leukemia,0.633,False
RAB13,ENSG00000143545,EFO_1001933,adult acute monocytic leukemia,0.7589,False
RAB13,ENSG00000143545,EFO_1001934,adult acute myeloid leukemia,0.8672,False
RAB13,ENSG00000143545,EFO_1001935,adult B acute lymphoblastic leukemia,0.6888,False
RAB13,ENSG00000143545,EFO_1001945,childhood acute myeloid leukemia with maturation,0.8796,False
RAB13,ENSG00000143545,EFO_1001946,childhood B acute lymphoblastic leukemia,0.5821,False
RAB13,ENSG00000143545,EFO_1001947,childhood T acute lymphoblastic leukemia,0.6195,False
RAB13,ENSG00000143545,EFO_1001952,endometrial adenosquamous carcinoma,0.8041,False
RAB13,ENSG00000143545,EFO_1001958,high grade ovarian serous adenocarcinoma,0.9861,False
RAB13,ENSG00000143545,EFO_1001959,hilar cholangiocarcinoma,0.5987,False
RAB13,ENSG00000143545,EFO_1001963,ovarian mucinous cystadenocarcinoma,0.648,False
RAB13,ENSG00000143545,EFO_1002001,core binding factor acute myeloid leukemia,0.8914,False
RAB13,ENSG00000143545,Orphanet_145,Hereditary breast and ovarian cancer syndrome,0.7559,False
RAB14,ENSG00000119396,MONDO_0001056,gastric cancer,0.6372,False
RAB14,ENSG00000119396,MONDO_0001187,urinary bladder cancer,0.8144,False
RAB14,ENSG00000119396,MONDO_0001325,penile cancer,0.5377,False
RAB14,ENSG00000119396,MONDO_0001402,vaginal cancer,0.6457,False
RAB14,ENSG00000119396,MONDO_0001852,small intestine lymphoma,0.8535,False
RAB14,ENSG00000119396,MONDO_0001879,anus cancer,0.9805,False
RAB14,ENSG00000119396,MONDO_0002087,peritoneum cancer,0.8151,False
RAB14,ENSG00000119396,MONDO_0002158,fallopian tube cancer,0.7521,False
RAB14,ENSG00000119396,MONDO_0002225,ovarian sarcoma,0.7137,False
RAB14,ENSG00000119396,MONDO_0002280,anemia,0.5099,False
RAB14,ENSG00000119396,MONDO_0002543,adult oligodendroglioma,0.5541,False
RAB14,ENSG00000119396,MONDO_0002586,thymus cancer,0.9481,False
RAB14,ENSG00000119396,MONDO_0002716,childhood spinal cord tumor,0.6148,False
RAB14,ENSG00000119396,MONDO_0002744,fallopian tube mucinous adenocarcinoma,0.5511,False
RAB14,ENSG00000119396,MONDO_0002833,fallopian tube transitional cell carcinoma,0.776,False
RAB14,ENSG00000119396,MONDO_0002974,cervical cancer,0.5659,False
RAB14,ENSG00000119396,MONDO_0002995,"small intestine neuroendocrine tumor, well differentiated, low or intermediate grade",0.9426,False
RAB14,ENSG00000119396,MONDO_0003090,extrahepatic bile duct carcinoma,0.8357,False
RAB14,ENSG00000119396,MONDO_0003196,appendix carcinoma,0.6932,False
RAB14,ENSG00000119396,MONDO_0003212,nasal cavity carcinoma,0.5057,False
RAB14,ENSG00000119396,MONDO_0003268,mixed glioma,0.6939,False
RAB14,ENSG00000119396,MONDO_0003383,fallopian tube clear cell adenocarcinoma,0.6084,False
RAB14,ENSG00000119396,MONDO_0003478,childhood ependymoma,0.9005,False
RAB14,ENSG00000119396,MONDO_0003503,fallopian tube squamous cell carcinoma,0.6041,False
RAB14,ENSG00000119396,MONDO_0003541,adult acute lymphoblastic leukemia,0.9313,False
RAB14,ENSG00000119396,MONDO_0003659,pediatric lymphoma,0.7821,False
RAB14,ENSG00000119396,MONDO_0003660,adult lymphoma,0.8157,False
RAB14,ENSG00000119396,MONDO_0003666,fallopian tube endometrioid adenocarcinoma,0.7063,False
RAB14,ENSG00000119396,MONDO_0003692,adult malignant mesenchymoma,0.5437,False
RAB14,ENSG00000119396,MONDO_0003856,adult malignant hemangiopericytoma,0.6036,False
RAB14,ENSG00000119396,MONDO_0003869,childhood brain stem glioma,0.8628,False
RAB14,ENSG00000119396,MONDO_0003874,ovarian serous surface papillary adenocarcinoma,0.9021,False
RAB14,ENSG00000119396,MONDO_0003890,infiltrating bladder urothelial carcinoma,0.7156,False
RAB14,ENSG00000119396,MONDO_0004111,refractory hematologic cancer,0.8936,False
RAB14,ENSG00000119396,MONDO_0004180,benign urinary system neoplasm,0.8547,False
RAB14,ENSG00000119396,MONDO_0004192,urethra cancer,0.5801,False
RAB14,ENSG00000119396,MONDO_0004222,ovarian clear cell cystadenocarcinoma,0.8782,False
RAB14,ENSG00000119396,MONDO_0004992,cancer,0.8464,False
RAB14,ENSG00000119396,MONDO_0005411,gallbladder cancer,0.6228,False
RAB14,ENSG00000119396,MONDO_0007254,breast cancer,0.8381,False
RAB14,ENSG00000119396,MONDO_0008170,ovarian cancer,0.7895,False
RAB14,ENSG00000119396,MONDO_0008315,prostate cancer,0.8692,False
RAB14,ENSG00000119396,MONDO_0008318,Proteus syndrome,0.7855,False
RAB14,ENSG00000119396,MONDO_0008627,ureter cancer,0.5127,False
RAB14,ENSG00000119396,MONDO_0008903,lung cancer,0.7383,False
RAB14,ENSG00000119396,MONDO_0011962,endometrial cancer,0.5934,False
RAB14,ENSG00000119396,MONDO_0016216,adult hepatocellular carcinoma,0.8375,False
RAB14,ENSG00000119396,MONDO_0017346,Epstein-Barr virus-positive diffuse large B-cell lymphoma of the elderly,0.6898,False
RAB14,ENSG00000119396,MONDO_0018521,squamous cell carcinoma of pancreas,0.7479,False
RAB14,ENSG00000119396,MONDO_0019456,acute myeloid leukemia with multilineage dysplasia,0.9158,False
RAB14,ENSG00000119396,MONDO_0019457,therapy related acute myeloid leukemia and myelodysplastic syndrome,0.9357,False
RAB14,ENSG00000119396,MONDO_0019460,acute leukemia of ambiguous lineage,0.5169,False
RAB14,ENSG00000119396,MONDO_0020077,myelodysplastic/myeloproliferative disease,0.7281,False
RAB14,ENSG00000119396,MONDO_0020657,human papillomavirus-related squamous cell carcinoma,0.8949,False
RAB14,ENSG00000119396,MONDO_0020690,adult glioblastoma,0.9461,False
RAB14,ENSG00000119396,MONDO_0021063,malignant colon neoplasm,0.5394,False
RAB14,ENSG00000119396,MONDO_0021074,precancerous condition,0.7097,False
RAB14,ENSG00000119396,MONDO_0021321,malignant tumor of extrahepatic bile duct,0.5256,False
RAB14,ENSG00000119396,MONDO_0021535,pancreatic neuroendocrine tumor G1,0.6765,False
RAB14,ENSG00000119396,MONDO_0021538,verrucous carcinoma of oral cavity,0.8016,False
RAB14,ENSG00000119396,MONDO_0024327,chronic renal failure syndrome,0.7774,False
RAB14,ENSG00000119396,MONDO_0036501,refractory malignant neoplasm,0.6913,False
RAB14,ENSG00000119396,MONDO_0040678,infiltrating urothelial carcinoma,0.8861,False
RAB14,ENSG00000119396,MONDO_0044334,connective and soft tissue neoplasm,0.6487,False
RAB14,ENSG00000119396,MONDO_0044710,lip and oral cavity squamous cell carcinoma,0.9816,False
RAB14,ENSG00000119396,MONDO_0044787,nasal cavity and paranasal sinus squamous cell carcinoma,0.7794,False
RAB14,ENSG00000119396,MONDO_0044887,central nervous system non-hodgkin lymphoma,0.72,False
RAB14,ENSG00000119396,MONDO_0044889,high grade B-cell lymphoma,0.6493,False
RAB14,ENSG00000119396,MONDO_0044903,myelofibrosis,0.7038,False
RAB14,ENSG00000119396,MONDO_0044964,oral cavity mucoepidermoid carcinoma,0.9799,False
RAB14,ENSG00000119396,MONDO_0045056,grade II meningioma,0.9215,False
RAB14,ENSG00000119396,MONDO_0850302,intracranial meningioma,0.6033,False
RAB14,ENSG00000119396,EFO_0000096,neoplasm of mature B-cells,0.9101,False
RAB14,ENSG00000119396,EFO_0000181,head and neck squamous cell carcinoma,0.524,False
RAB14,ENSG00000119396,EFO_0000196,metastatic prostate cancer,0.7121,False
RAB14,ENSG00000119396,EFO_0000198,myelodysplastic syndrome,0.8114,False
RAB14,ENSG00000119396,EFO_0000211,unspecified peripheral T-cell lymphoma,0.5494,False
RAB14,ENSG00000119396,EFO_0000221,acute monocytic leukemia,0.6544,False
RAB14,ENSG00000119396,EFO_0000222,acute myeloid leukemia,0.7426,False
RAB14,ENSG00000119396,EFO_0000304,breast adenocarcinoma,0.8362,False
RAB14,ENSG00000119396,EFO_0000330,childhood acute myeloid leukemia,0.8384,False
RAB14,ENSG00000119396,EFO_0000403,diffuse large B-cell lymphoma,0.668,False
RAB14,ENSG00000119396,EFO_0000503,gastric adenocarcinoma,0.6639,False
RAB14,ENSG00000119396,EFO_0000574,lymphoma,0.6684,False
RAB14,ENSG00000119396,EFO_0000616,neoplasm,0.8461,False
RAB14,ENSG00000119396,EFO_0000702,small cell lung carcinoma,0.663,False
RAB14,ENSG00000119396,EFO_0000756,melanoma,0.6253,False
RAB14,ENSG00000119396,EFO_0001378,multiple myeloma,0.6053,False
RAB14,ENSG00000119396,EFO_0001663,prostate carcinoma,0.6544,False
RAB14,ENSG00000119396,EFO_0002426,neoplasm of mature T-cells or NK-cells,0.9745,False
RAB14,ENSG00000119396,EFO_0002618,pancreatic carcinoma,0.8964,False
RAB14,ENSG00000119396,EFO_0003026,minimally differentiated acute myeloblastic leukemia,0.5453,False
RAB14,ENSG00000119396,EFO_0003027,acute myeloblastic leukemia without maturation,0.8909,False
RAB14,ENSG00000119396,EFO_0003028,acute myeloblastic leukemia with maturation,0.9862,False
RAB14,ENSG00000119396,EFO_0003060,non-small cell lung carcinoma,0.9567,False
RAB14,ENSG00000119396,EFO_0003853,respiratory system neoplasm,0.5152,False
RAB14,ENSG00000119396,EFO_0003859,uterine neoplasm,0.6527,False
RAB14,ENSG00000119396,EFO_0003863,urogenital neoplasm,0.7139,False
RAB14,ENSG00000119396,EFO_0003869,breast neoplasm,0.7979,False
RAB14,ENSG00000119396,EFO_0003891,biliary tract neoplasm,0.766,False
RAB14,ENSG00000119396,EFO_0004252,nasopharyngeal neoplasm,0.5501,False
RAB14,ENSG00000119396,EFO_0004284,upper aerodigestive tract neoplasm,0.9905,False
RAB14,ENSG00000119396,EFO_0004289,lymphoid leukemia,0.7647,False
RAB14,ENSG00000119396,EFO_0004606,gallbladder neoplasm,0.6302,False
RAB14,ENSG00000119396,EFO_0005537,triple-negative breast cancer,0.8593,False
RAB14,ENSG00000119396,EFO_0005952,non-Hodgkins lymphoma,0.6082,False
RAB14,ENSG00000119396,EFO_0006861,male breast carcinoma,0.905,False
RAB14,ENSG00000119396,EFO_0007532,uterine corpus cancer,0.8538,False
RAB14,ENSG00000119396,EFO_0009443,BRCAX breast cancer,0.681,False
RAB14,ENSG00000119396,EFO_0009780,HER2 negative breast carcinoma,0.9101,False
RAB14,ENSG00000119396,EFO_0009878,drug interaction,0.8912,False
RAB14,ENSG00000119396,EFO_0010580,blastic plasmacytoid dendritic cell neoplasm,0.5668,False
RAB14,ENSG00000119396,EFO_0010832,primary central chondrosarcoma,0.6526,False
RAB14,ENSG00000119396,EFO_0020003,drug toxicity,0.7436,False
RAB14,ENSG00000119396,EFO_1000044,pancreatic adenocarcinoma,0.6443,False
RAB14,ENSG00000119396,EFO_1000131,"Blast Phase Chronic Myelogenous Leukemia, BCR-ABL1 Positive",0.7927,False
RAB14,ENSG00000119396,EFO_1000238,Endometrial Serous Adenocarcinoma,0.731,False
RAB14,ENSG00000119396,EFO_1000251,Fallopian Tube Carcinoma,0.8908,False
RAB14,ENSG00000119396,EFO_1000253,Fallopian Tube Serous Adenocarcinoma,0.522,False
RAB14,ENSG00000119396,EFO_1000412,Ovarian Carcinosarcoma,0.6301,False
RAB14,ENSG00000119396,EFO_1000419,Ovarian Germ Cell Tumor,0.7587,False
RAB14,ENSG00000119396,EFO_1000494,Primary Peritoneal Serous Adenocarcinoma,0.7916,False
RAB14,ENSG00000119396,EFO_1000616,Uveal Melanoma,0.7831,False
RAB14,ENSG00000119396,EFO_1000649,estrogen-receptor positive breast cancer,0.5516,False
RAB14,ENSG00000119396,EFO_1001013,lethal midline granuloma,0.9758,False
RAB14,ENSG00000119396,EFO_1001100,peritoneal neoplasm,0.9794,False
RAB14,ENSG00000119396,EFO_1001110,pituitary-dependent Cushing's disease,0.9224,False
RAB14,ENSG00000119396,EFO_1001257,acute erythroblastic leukemia,0.8793,False
RAB14,ENSG00000119396,EFO_1001348,HIV-Associated Lipodystrophy Syndrome,0.8014,False
RAB14,ENSG00000119396,EFO_1001830,precursor T-cell lymphoblastic leukemia-lymphoma,0.7462,False
RAB14,ENSG00000119396,EFO_1001932,adult acute megakaryoblastic leukemia,0.6799,False
RAB14,ENSG00000119396,EFO_1001933,adult acute monocytic leukemia,0.813,False
RAB14,ENSG00000119396,EFO_1001934,adult acute myeloid leukemia,0.8884,False
RAB14,ENSG00000119396,EFO_1001935,adult B acute lymphoblastic leukemia,0.7239,False
RAB14,ENSG00000119396,EFO_1001945,childhood acute myeloid leukemia with maturation,0.9229,False
RAB14,ENSG00000119396,EFO_1001946,childhood B acute lymphoblastic leukemia,0.5982,False
RAB14,ENSG00000119396,EFO_1001947,childhood T acute lymphoblastic leukemia,0.6367,False
RAB14,ENSG00000119396,EFO_1001952,endometrial adenosquamous carcinoma,0.8447,False
RAB14,ENSG00000119396,EFO_1001953,"endometrial endometrioid adenocarcinoma, variant with squamous differentiation",0.5678,False
RAB14,ENSG00000119396,EFO_1001958,high grade ovarian serous adenocarcinoma,0.9884,False
RAB14,ENSG00000119396,EFO_1001959,hilar cholangiocarcinoma,0.577,False
RAB14,ENSG00000119396,EFO_1001963,ovarian mucinous cystadenocarcinoma,0.8717,False
RAB14,ENSG00000119396,EFO_1001973,ureter urothelial carcinoma,0.7338,False
RAB14,ENSG00000119396,EFO_1002001,core binding factor acute myeloid leukemia,0.939,False
RAB14,ENSG00000119396,Orphanet_145,Hereditary breast and ovarian cancer syndrome,0.8507,False
RAB15,ENSG00000139998,GO_0030728,ovulation,0.6183,False
RAB15,ENSG00000139998,MONDO_0000544,mucosal melanoma,0.82,False
RAB15,ENSG00000139998,MONDO_0000645,fallopian tube benign neoplasm,0.6979,False
RAB15,ENSG00000139998,MONDO_0000870,childhood acute lymphoblastic leukemia,0.5971,False
RAB15,ENSG00000139998,MONDO_0000873,lymphoblastic lymphoma,0.6412,False
RAB15,ENSG00000139998,MONDO_0000956,small intestine cancer,0.8538,False
RAB15,ENSG00000139998,MONDO_0001023,prolymphocytic leukemia,0.6679,False
RAB15,ENSG00000139998,MONDO_0001056,gastric cancer,0.5496,False
RAB15,ENSG00000139998,MONDO_0001187,urinary bladder cancer,0.903,False
RAB15,ENSG00000139998,MONDO_0001340,heart cancer,0.6632,False
RAB15,ENSG00000139998,MONDO_0001402,vaginal cancer,0.6348,False
RAB15,ENSG00000139998,MONDO_0001410,postmenopausal atrophic vaginitis,0.7331,False
RAB15,ENSG00000139998,MONDO_0001763,ethmoid sinus cancer,0.5959,False
RAB15,ENSG00000139998,MONDO_0001852,small intestine lymphoma,0.9626,False
RAB15,ENSG00000139998,MONDO_0001879,anus cancer,0.9912,False
RAB15,ENSG00000139998,MONDO_0002087,peritoneum cancer,0.9697,False
RAB15,ENSG00000139998,MONDO_0002158,fallopian tube cancer,0.9606,False
RAB15,ENSG00000139998,MONDO_0002203,constipation disorder,0.5243,False
RAB15,ENSG00000139998,MONDO_0002225,ovarian sarcoma,0.8229,False
RAB15,ENSG00000139998,MONDO_0002280,anemia,0.6738,False
RAB15,ENSG00000139998,MONDO_0002367,kidney cancer,0.5607,False
RAB15,ENSG00000139998,MONDO_0002482,nipple neoplasm,0.5353,False
RAB15,ENSG00000139998,MONDO_0002537,inverted papilloma,0.7576,False
RAB15,ENSG00000139998,MONDO_0002543,adult oligodendroglioma,0.7677,False
RAB15,ENSG00000139998,MONDO_0002586,thymus cancer,0.9514,False
RAB15,ENSG00000139998,MONDO_0002618,undifferentiated high grade pleomorphic sarcoma of bone,0.5617,False
RAB15,ENSG00000139998,MONDO_0002683,adult choroid plexus neoplasm,0.6167,False
RAB15,ENSG00000139998,MONDO_0002716,childhood spinal cord tumor,0.7347,False
RAB15,ENSG00000139998,MONDO_0002744,fallopian tube mucinous adenocarcinoma,0.7242,False
RAB15,ENSG00000139998,MONDO_0002794,adult medulloblastoma,0.5806,False
RAB15,ENSG00000139998,MONDO_0002833,fallopian tube transitional cell carcinoma,0.8628,False
RAB15,ENSG00000139998,MONDO_0002974,cervical cancer,0.6206,False
RAB15,ENSG00000139998,MONDO_0002995,"small intestine neuroendocrine tumor, well differentiated, low or intermediate grade",0.9639,False
RAB15,ENSG00000139998,MONDO_0003033,prostate angiosarcoma,0.6403,False
RAB15,ENSG00000139998,MONDO_0003059,bile duct cancer,0.595,False
RAB15,ENSG00000139998,MONDO_0003089,extrahepatic bile duct mucoepidermoid carcinoma,0.6192,False
RAB15,ENSG00000139998,MONDO_0003090,extrahepatic bile duct carcinoma,0.9387,False
RAB15,ENSG00000139998,MONDO_0003153,adult brainstem glioma,0.7416,False
RAB15,ENSG00000139998,MONDO_0003165,cerebellar astrocytoma,0.624,False
RAB15,ENSG00000139998,MONDO_0003196,appendix carcinoma,0.9503,False
RAB15,ENSG00000139998,MONDO_0003212,nasal cavity carcinoma,0.8577,False
RAB15,ENSG00000139998,MONDO_0003268,mixed glioma,0.882,False
RAB15,ENSG00000139998,MONDO_0003383,fallopian tube clear cell adenocarcinoma,0.8517,False
RAB15,ENSG00000139998,MONDO_0003392,fallopian tube germ cell tumor,0.5827,False
RAB15,ENSG00000139998,MONDO_0003478,childhood ependymoma,0.9169,False
RAB15,ENSG00000139998,MONDO_0003503,fallopian tube squamous cell carcinoma,0.8211,False
RAB15,ENSG00000139998,MONDO_0003541,adult acute lymphoblastic leukemia,0.9899,False
RAB15,ENSG00000139998,MONDO_0003572,nasopharyngeal type undifferentiated carcinoma,0.791,False
RAB15,ENSG00000139998,MONDO_0003585,adult liposarcoma,0.6131,False
RAB15,ENSG00000139998,MONDO_0003659,pediatric lymphoma,0.8013,False
RAB15,ENSG00000139998,MONDO_0003660,adult lymphoma,0.9007,False
RAB15,ENSG00000139998,MONDO_0003666,fallopian tube endometrioid adenocarcinoma,0.8773,False
RAB15,ENSG00000139998,MONDO_0003692,adult malignant mesenchymoma,0.8571,False
RAB15,ENSG00000139998,MONDO_0003751,childhood germ cell tumor,0.7151,False
RAB15,ENSG00000139998,MONDO_0003856,adult malignant hemangiopericytoma,0.877,False
RAB15,ENSG00000139998,MONDO_0003869,childhood brain stem glioma,0.9138,False
RAB15,ENSG00000139998,MONDO_0003874,ovarian serous surface papillary adenocarcinoma,0.947,False
RAB15,ENSG00000139998,MONDO_0003890,infiltrating bladder urothelial carcinoma,0.5954,False
RAB15,ENSG00000139998,MONDO_0003936,invasive tubular breast carcinoma,0.63,False
RAB15,ENSG00000139998,MONDO_0003950,nipple carcinoma,0.5587,False
RAB15,ENSG00000139998,MONDO_0003982,bilateral breast carcinoma,0.7657,False
RAB15,ENSG00000139998,MONDO_0004064,iris melanoma,0.9063,False
RAB15,ENSG00000139998,MONDO_0004110,refractory hairy cell leukemia,0.7607,False
RAB15,ENSG00000139998,MONDO_0004111,refractory hematologic cancer,0.8961,False
RAB15,ENSG00000139998,MONDO_0004180,benign urinary system neoplasm,0.8817,False
RAB15,ENSG00000139998,MONDO_0004192,urethra cancer,0.7305,False
RAB15,ENSG00000139998,MONDO_0004222,ovarian clear cell cystadenocarcinoma,0.9701,False
RAB15,ENSG00000139998,MONDO_0004374,adult extraskeletal osteosarcoma,0.7644,False
RAB15,ENSG00000139998,MONDO_0004658,breast carcinoma in situ,0.6789,False
RAB15,ENSG00000139998,MONDO_0004669,salivary gland cancer,0.6981,False
RAB15,ENSG00000139998,MONDO_0004695,liver lymphoma,0.6245,False
RAB15,ENSG00000139998,MONDO_0004976,amyotrophic lateral sclerosis,0.5692,False
RAB15,ENSG00000139998,MONDO_0004992,cancer,0.9276,False
RAB15,ENSG00000139998,MONDO_0005411,gallbladder cancer,0.8473,False
RAB15,ENSG00000139998,MONDO_0007254,breast cancer,0.9389,False
RAB15,ENSG00000139998,MONDO_0008170,ovarian cancer,0.7652,False
RAB15,ENSG00000139998,MONDO_0008315,prostate cancer,0.9561,False
RAB15,ENSG00000139998,MONDO_0008318,Proteus syndrome,0.9676,False
RAB15,ENSG00000139998,MONDO_0008903,lung cancer,0.5561,False
RAB15,ENSG00000139998,MONDO_0008978,chordoma,0.5011,False
RAB15,ENSG00000139998,MONDO_0015686,primary peritoneal carcinoma,0.6519,False
RAB15,ENSG00000139998,MONDO_0016216,adult hepatocellular carcinoma,0.9549,False
RAB15,ENSG00000139998,MONDO_0016586,systemic mastocytosis,0.7958,False
RAB15,ENSG00000139998,MONDO_0017346,Epstein-Barr virus-positive diffuse large B-cell lymphoma of the elderly,0.8438,False
RAB15,ENSG00000139998,MONDO_0018044,idiopathic hypersomnia,0.7345,False
RAB15,ENSG00000139998,MONDO_0018364,malignant epithelial tumor of ovary,0.8638,False
RAB15,ENSG00000139998,MONDO_0018521,squamous cell carcinoma of pancreas,0.9539,False
RAB15,ENSG00000139998,MONDO_0018542,severe congenital neutropenia,0.5729,False
RAB15,ENSG00000139998,MONDO_0019079,proximal spinal muscular atrophy,0.6652,False
RAB15,ENSG00000139998,MONDO_0019456,acute myeloid leukemia with multilineage dysplasia,0.896,False
RAB15,ENSG00000139998,MONDO_0019457,therapy related acute myeloid leukemia and myelodysplastic syndrome,0.9792,False
RAB15,ENSG00000139998,MONDO_0019460,acute leukemia of ambiguous lineage,0.811,False
RAB15,ENSG00000139998,MONDO_0019465,nodal marginal zone B-cell lymphoma,0.6302,False
RAB15,ENSG00000139998,MONDO_0020077,myelodysplastic/myeloproliferative disease,0.9065,False
RAB15,ENSG00000139998,MONDO_0020541,maligant granulosa cell tumor of ovary,0.7958,False
RAB15,ENSG00000139998,MONDO_0020657,human papillomavirus-related squamous cell carcinoma,0.9697,False
RAB15,ENSG00000139998,MONDO_0020690,adult glioblastoma,0.9776,False
RAB15,ENSG00000139998,MONDO_0020743,mixed phenotype acute leukemia,0.693,False
RAB15,ENSG00000139998,MONDO_0021063,malignant colon neoplasm,0.947,False
RAB15,ENSG00000139998,MONDO_0021069,malignant endocrine neoplasm,0.5105,False
RAB15,ENSG00000139998,MONDO_0021074,precancerous condition,0.8552,False
RAB15,ENSG00000139998,MONDO_0021092,fallopian tube neoplasm,0.5212,False
RAB15,ENSG00000139998,MONDO_0021115,luminal B breast carcinoma,0.6814,False
RAB15,ENSG00000139998,MONDO_0021321,malignant tumor of extrahepatic bile duct,0.9126,False
RAB15,ENSG00000139998,MONDO_0021535,pancreatic neuroendocrine tumor G1,0.6725,False
RAB15,ENSG00000139998,MONDO_0021538,verrucous carcinoma of oral cavity,0.6671,False
RAB15,ENSG00000139998,MONDO_0021576,fallopian tube endometrioid tumor,0.6956,False
RAB15,ENSG00000139998,MONDO_0021633,cerebral astrocytoma,0.7439,False
RAB15,ENSG00000139998,MONDO_0021639,grade II glioma,0.5199,False
RAB15,ENSG00000139998,MONDO_0024327,chronic renal failure syndrome,0.9548,False
RAB15,ENSG00000139998,MONDO_0024797,adult brain stem neoplasm,0.5868,False
RAB15,ENSG00000139998,MONDO_0036501,refractory malignant neoplasm,0.8005,False
RAB15,ENSG00000139998,MONDO_0040678,infiltrating urothelial carcinoma,0.9281,False
RAB15,ENSG00000139998,MONDO_0041052,postherpetic neuralgia,0.7554,False
RAB15,ENSG00000139998,MONDO_0044334,connective and soft tissue neoplasm,0.5295,False
RAB15,ENSG00000139998,MONDO_0044710,lip and oral cavity squamous cell carcinoma,0.924,False
RAB15,ENSG00000139998,MONDO_0044787,nasal cavity and paranasal sinus squamous cell carcinoma,0.9647,False
RAB15,ENSG00000139998,MONDO_0044887,central nervous system non-hodgkin lymphoma,0.8226,False
RAB15,ENSG00000139998,MONDO_0044889,high grade B-cell lymphoma,0.7091,False
RAB15,ENSG00000139998,MONDO_0044903,myelofibrosis,0.7487,False
RAB15,ENSG00000139998,MONDO_0044964,oral cavity mucoepidermoid carcinoma,0.9933,False
RAB15,ENSG00000139998,MONDO_0045054,cancer-related condition,0.5467,False
RAB15,ENSG00000139998,MONDO_0045056,grade II meningioma,0.9006,False
RAB15,ENSG00000139998,MONDO_0100234,paroxysmal familial ventricular fibrillation,0.531,False
RAB15,ENSG00000139998,MONDO_0100342,malignant glioma,0.5078,False
RAB15,ENSG00000139998,MONDO_0100431,migraine without aura,0.6377,False
RAB15,ENSG00000139998,MONDO_0850302,intracranial meningioma,0.7036,False
RAB15,ENSG00000139998,EFO_0000095,chronic lymphocytic leukemia,0.8057,False
RAB15,ENSG00000139998,EFO_0000096,neoplasm of mature B-cells,0.98,False
RAB15,ENSG00000139998,EFO_0000196,metastatic prostate cancer,0.7493,False
RAB15,ENSG00000139998,EFO_0000198,myelodysplastic syndrome,0.8308,False
RAB15,ENSG00000139998,EFO_0000209,T-cell acute lymphoblastic leukemia,0.5111,False
RAB15,ENSG00000139998,EFO_0000211,unspecified peripheral T-cell lymphoma,0.7368,False
RAB15,ENSG00000139998,EFO_0000220,acute lymphoblastic leukemia,0.6351,False
RAB15,ENSG00000139998,EFO_0000221,acute monocytic leukemia,0.8206,False
RAB15,ENSG00000139998,EFO_0000222,acute myeloid leukemia,0.6773,False
RAB15,ENSG00000139998,EFO_0000223,acute myelomonocytic leukemia,0.7134,False
RAB15,ENSG00000139998,EFO_0000233,adenosquamous lung carcinoma,0.8854,False
RAB15,ENSG00000139998,EFO_0000278,pancreatitis,0.7873,False
RAB15,ENSG00000139998,EFO_0000304,breast adenocarcinoma,0.7974,False
RAB15,ENSG00000139998,EFO_0000308,bronchoalveolar adenocarcinoma,0.7085,False
RAB15,ENSG00000139998,EFO_0000330,childhood acute myeloid leukemia,0.9267,False
RAB15,ENSG00000139998,EFO_0000373,congestive heart failure,0.6693,False
RAB15,ENSG00000139998,EFO_0000403,diffuse large B-cell lymphoma,0.7475,False
RAB15,ENSG00000139998,EFO_0000565,leukemia,0.8531,False
RAB15,ENSG00000139998,EFO_0000574,lymphoma,0.8638,False
RAB15,ENSG00000139998,EFO_0000616,neoplasm,0.954,False
RAB15,ENSG00000139998,EFO_0000673,prostate adenocarcinoma,0.8435,False
RAB15,ENSG00000139998,EFO_0000685,rheumatoid arthritis,0.5106,False
RAB15,ENSG00000139998,EFO_0000702,small cell lung carcinoma,0.6018,False
RAB15,ENSG00000139998,EFO_0000756,melanoma,0.9081,False
RAB15,ENSG00000139998,EFO_0001378,multiple myeloma,0.7893,False
RAB15,ENSG00000139998,EFO_0001642,lymphoid neoplasm,0.8933,False
RAB15,ENSG00000139998,EFO_0001663,prostate carcinoma,0.7466,False
RAB15,ENSG00000139998,EFO_0002426,neoplasm of mature T-cells or NK-cells,0.9555,False
RAB15,ENSG00000139998,EFO_0002615,internal carotid artery stenosis,0.7998,False
RAB15,ENSG00000139998,EFO_0002617,metastatic melanoma,0.5011,False
RAB15,ENSG00000139998,EFO_0002618,pancreatic carcinoma,0.9687,False
RAB15,ENSG00000139998,EFO_0002938,hypopharyngeal carcinoma,0.5207,False
RAB15,ENSG00000139998,EFO_0002950,pregnancy,0.695,False
RAB15,ENSG00000139998,EFO_0003025,acute megakaryoblastic leukaemia,0.6866,False
RAB15,ENSG00000139998,EFO_0003026,minimally differentiated acute myeloblastic leukemia,0.7929,False
RAB15,ENSG00000139998,EFO_0003027,acute myeloblastic leukemia without maturation,0.9653,False
RAB15,ENSG00000139998,EFO_0003028,acute myeloblastic leukemia with maturation,0.9888,False
RAB15,ENSG00000139998,EFO_0003060,non-small cell lung carcinoma,0.9788,False
RAB15,ENSG00000139998,EFO_0003073,asymptomatic myeloma,0.5152,False
RAB15,ENSG00000139998,EFO_0003144,heart failure,0.5846,False
RAB15,ENSG00000139998,EFO_0003859,uterine neoplasm,0.5902,False
RAB15,ENSG00000139998,EFO_0003863,urogenital neoplasm,0.6049,False
RAB15,ENSG00000139998,EFO_0003866,paranasal sinus neoplasm,0.8781,False
RAB15,ENSG00000139998,EFO_0003869,breast neoplasm,0.87,False
RAB15,ENSG00000139998,EFO_0003876,intermittent vascular claudication,0.901,False
RAB15,ENSG00000139998,EFO_0003891,biliary tract neoplasm,0.864,False
RAB15,ENSG00000139998,EFO_0004252,nasopharyngeal neoplasm,0.6027,False
RAB15,ENSG00000139998,EFO_0004284,upper aerodigestive tract neoplasm,0.9911,False
RAB15,ENSG00000139998,EFO_0004289,lymphoid leukemia,0.9037,False
RAB15,ENSG00000139998,EFO_0004599,acute graft vs. host disease,0.8529,False
RAB15,ENSG00000139998,EFO_0004606,gallbladder neoplasm,0.7751,False
RAB15,ENSG00000139998,EFO_0005537,triple-negative breast cancer,0.8811,False
RAB15,ENSG00000139998,EFO_0005952,non-Hodgkins lymphoma,0.7713,False
RAB15,ENSG00000139998,EFO_0006732,pancreatic adenosquamous carcinoma,0.8435,False
RAB15,ENSG00000139998,EFO_0006861,male breast carcinoma,0.9835,False
RAB15,ENSG00000139998,EFO_0007359,mast-cell leukemia,0.5077,False
RAB15,ENSG00000139998,EFO_0007372,mitral valve stenosis,0.7035,False
RAB15,ENSG00000139998,EFO_0007532,uterine corpus cancer,0.8883,False
RAB15,ENSG00000139998,EFO_0007535,verrucous carcinoma,0.8168,False
RAB15,ENSG00000139998,EFO_0008585,ST Elevation Myocardial Infarction,0.7356,False
RAB15,ENSG00000139998,EFO_0008586,Non-ST Elevation Myocardial Infarction,0.5683,False
RAB15,ENSG00000139998,EFO_0009443,BRCAX breast cancer,0.6122,False
RAB15,ENSG00000139998,EFO_0009523,fecal incontinence,0.5465,False
RAB15,ENSG00000139998,EFO_0009582,sprain,0.5742,False
RAB15,ENSG00000139998,EFO_0009606,macular degeneration,0.5337,False
RAB15,ENSG00000139998,EFO_0009780,HER2 negative breast carcinoma,0.9509,False
RAB15,ENSG00000139998,EFO_0009878,drug interaction,0.9858,False
RAB15,ENSG00000139998,EFO_0010580,blastic plasmacytoid dendritic cell neoplasm,0.7676,False
RAB15,ENSG00000139998,EFO_0010832,primary central chondrosarcoma,0.8409,False
RAB15,ENSG00000139998,EFO_0020003,drug toxicity,0.936,False
RAB15,ENSG00000139998,EFO_0700108,non-infectious posterior uveitis,0.8471,False
RAB15,ENSG00000139998,EFO_1000044,pancreatic adenocarcinoma,0.8053,False
RAB15,ENSG00000139998,EFO_1000059,cervical artery dissection,0.8544,False
RAB15,ENSG00000139998,EFO_1000131,"Blast Phase Chronic Myelogenous Leukemia, BCR-ABL1 Positive",0.9663,False
RAB15,ENSG00000139998,EFO_1000140,Borderline Ovarian Surface Epithelial-Stromal Tumor,0.6682,False
RAB15,ENSG00000139998,EFO_1000234,Endometrial Hyperplasia without Atypia,0.7693,False
RAB15,ENSG00000139998,EFO_1000238,Endometrial Serous Adenocarcinoma,0.6993,False
RAB15,ENSG00000139998,EFO_1000251,Fallopian Tube Carcinoma,0.933,False
RAB15,ENSG00000139998,EFO_1000252,Fallopian Tube Carcinosarcoma,0.5183,False
RAB15,ENSG00000139998,EFO_1000253,Fallopian Tube Serous Adenocarcinoma,0.8498,False
RAB15,ENSG00000139998,EFO_1000294,HER2 Positive Breast Carcinoma,0.6284,False
RAB15,ENSG00000139998,EFO_1000357,Malignant Ovarian Brenner Tumor,0.89,False
RAB15,ENSG00000139998,EFO_1000407,Olfactory Neuroblastoma,0.6973,False
RAB15,ENSG00000139998,EFO_1000412,Ovarian Carcinosarcoma,0.7444,False
RAB15,ENSG00000139998,EFO_1000419,Ovarian Germ Cell Tumor,0.9774,False
RAB15,ENSG00000139998,EFO_1000494,Primary Peritoneal Serous Adenocarcinoma,0.9109,False
RAB15,ENSG00000139998,EFO_1000550,Splenic Marginal Zone Lymphoma,0.6024,False
RAB15,ENSG00000139998,EFO_1000616,Uveal Melanoma,0.9363,False
RAB15,ENSG00000139998,EFO_1000649,estrogen-receptor positive breast cancer,0.7399,False
RAB15,ENSG00000139998,EFO_1000652,acute pancreatitis,0.6156,False
RAB15,ENSG00000139998,EFO_1000657,rectum cancer,0.8053,False
RAB15,ENSG00000139998,EFO_1000727,lipodystrophy,0.5026,False
RAB15,ENSG00000139998,EFO_1000789,"osteoarthritis, hand",0.5318,False
RAB15,ENSG00000139998,EFO_1000844,brachial plexus neuropathy,0.6272,False
RAB15,ENSG00000139998,EFO_1000866,choroid cancer,0.5435,False
RAB15,ENSG00000139998,EFO_1000877,complex partial epilepsy,0.533,False
RAB15,ENSG00000139998,EFO_1001013,lethal midline granuloma,0.9805,False
RAB15,ENSG00000139998,EFO_1001082,panuveitis,0.684,False
RAB15,ENSG00000139998,EFO_1001100,peritoneal neoplasm,0.9905,False
RAB15,ENSG00000139998,EFO_1001110,pituitary-dependent Cushing's disease,0.9693,False
RAB15,ENSG00000139998,EFO_1001119,posterior uveitis,0.8357,False
RAB15,ENSG00000139998,EFO_1001231,uveitis,0.5123,False
RAB15,ENSG00000139998,EFO_1001257,acute erythroblastic leukemia,0.9601,False
RAB15,ENSG00000139998,EFO_1001348,HIV-Associated Lipodystrophy Syndrome,0.9527,False
RAB15,ENSG00000139998,EFO_1001465,gliosarcoma,0.6855,False
RAB15,ENSG00000139998,EFO_1001480,metastatic colorectal cancer,0.5772,False
RAB15,ENSG00000139998,EFO_1001512,endometrial carcinoma,0.6555,False
RAB15,ENSG00000139998,EFO_1001769,carcinoid heart disease,0.7637,False
RAB15,ENSG00000139998,EFO_1001797,Hemoglobin SC Disease,0.5642,False
RAB15,ENSG00000139998,EFO_1001799,incomplete abortion,0.6173,False
RAB15,ENSG00000139998,EFO_1001830,precursor T-cell lymphoblastic leukemia-lymphoma,0.893,False
RAB15,ENSG00000139998,EFO_1001932,adult acute megakaryoblastic leukemia,0.9123,False
RAB15,ENSG00000139998,EFO_1001933,adult acute monocytic leukemia,0.9673,False
RAB15,ENSG00000139998,EFO_1001934,adult acute myeloid leukemia,0.9706,False
RAB15,ENSG00000139998,EFO_1001935,adult B acute lymphoblastic leukemia,0.9467,False
RAB15,ENSG00000139998,EFO_1001936,adult T acute lymphoblastic leukemia,0.8411,False
RAB15,ENSG00000139998,EFO_1001944,childhood acute monocytic leukemia,0.5463,False
RAB15,ENSG00000139998,EFO_1001945,childhood acute myeloid leukemia with maturation,0.9609,False
RAB15,ENSG00000139998,EFO_1001946,childhood B acute lymphoblastic leukemia,0.944,False
RAB15,ENSG00000139998,EFO_1001947,childhood T acute lymphoblastic leukemia,0.9193,False
RAB15,ENSG00000139998,EFO_1001952,endometrial adenosquamous carcinoma,0.9136,False
RAB15,ENSG00000139998,EFO_1001953,"endometrial endometrioid adenocarcinoma, variant with squamous differentiation",0.8585,False
RAB15,ENSG00000139998,EFO_1001958,high grade ovarian serous adenocarcinoma,0.9929,False
RAB15,ENSG00000139998,EFO_1001959,hilar cholangiocarcinoma,0.7621,False
RAB15,ENSG00000139998,EFO_1001963,ovarian mucinous cystadenocarcinoma,0.8392,False
RAB15,ENSG00000139998,EFO_1001973,ureter urothelial carcinoma,0.651,False
RAB15,ENSG00000139998,EFO_1002001,core binding factor acute myeloid leukemia,0.9709,False
RAB15,ENSG00000139998,Orphanet_145,Hereditary breast and ovarian cancer syndrome,0.9126,False
RAB15,ENSG00000139998,Orphanet_273,Steinert myotonic dystrophy,0.7296,False
RAB15,ENSG00000139998,Orphanet_325690,Genetic disorder of sex development,0.8243,False
RAB17,ENSG00000124839,MONDO_0001187,urinary bladder cancer,0.5037,False
RAB17,ENSG00000124839,MONDO_0001852,small intestine lymphoma,0.5984,False
RAB17,ENSG00000124839,MONDO_0001879,anus cancer,0.8754,False
RAB17,ENSG00000124839,MONDO_0002087,peritoneum cancer,0.5765,False
RAB17,ENSG00000124839,MONDO_0002158,fallopian tube cancer,0.5795,False
RAB17,ENSG00000124839,MONDO_0002225,ovarian sarcoma,0.6575,False
RAB17,ENSG00000124839,MONDO_0002586,thymus cancer,0.5906,False
RAB17,ENSG00000124839,MONDO_0002995,"small intestine neuroendocrine tumor, well differentiated, low or intermediate grade",0.8087,False
RAB17,ENSG00000124839,MONDO_0003090,extrahepatic bile duct carcinoma,0.693,False
RAB17,ENSG00000124839,MONDO_0003196,appendix carcinoma,0.6284,False
RAB17,ENSG00000124839,MONDO_0003478,childhood ependymoma,0.5103,False
RAB17,ENSG00000124839,MONDO_0003541,adult acute lymphoblastic leukemia,0.7243,False
RAB17,ENSG00000124839,MONDO_0003869,childhood brain stem glioma,0.6881,False
RAB17,ENSG00000124839,MONDO_0003874,ovarian serous surface papillary adenocarcinoma,0.5698,False
RAB17,ENSG00000124839,MONDO_0004111,refractory hematologic cancer,0.862,False
RAB17,ENSG00000124839,MONDO_0004180,benign urinary system neoplasm,0.5258,False
RAB17,ENSG00000124839,MONDO_0004222,ovarian clear cell cystadenocarcinoma,0.5817,False
RAB17,ENSG00000124839,MONDO_0008318,Proteus syndrome,0.7681,False
RAB17,ENSG00000124839,MONDO_0018521,squamous cell carcinoma of pancreas,0.5054,False
RAB17,ENSG00000124839,MONDO_0019456,acute myeloid leukemia with multilineage dysplasia,0.7925,False
RAB17,ENSG00000124839,MONDO_0019457,therapy related acute myeloid leukemia and myelodysplastic syndrome,0.713,False
RAB17,ENSG00000124839,MONDO_0020657,human papillomavirus-related squamous cell carcinoma,0.7569,False
RAB17,ENSG00000124839,MONDO_0020690,adult glioblastoma,0.8381,False
RAB17,ENSG00000124839,MONDO_0021074,precancerous condition,0.5838,False
RAB17,ENSG00000124839,MONDO_0024327,chronic renal failure syndrome,0.8158,False
RAB17,ENSG00000124839,MONDO_0044710,lip and oral cavity squamous cell carcinoma,0.9076,False
RAB17,ENSG00000124839,MONDO_0044787,nasal cavity and paranasal sinus squamous cell carcinoma,0.6512,False
RAB17,ENSG00000124839,MONDO_0044964,oral cavity mucoepidermoid carcinoma,0.9493,False
RAB17,ENSG00000124839,MONDO_0045056,grade II meningioma,0.608,False
RAB17,ENSG00000124839,EFO_0000096,neoplasm of mature B-cells,0.7836,False
RAB17,ENSG00000124839,EFO_0000198,myelodysplastic syndrome,0.5059,False
RAB17,ENSG00000124839,EFO_0000330,childhood acute myeloid leukemia,0.6102,False
RAB17,ENSG00000124839,EFO_0000616,neoplasm,0.6522,False
RAB17,ENSG00000124839,EFO_0002426,neoplasm of mature T-cells or NK-cells,0.8212,False
RAB17,ENSG00000124839,EFO_0002618,pancreatic carcinoma,0.6323,False
RAB17,ENSG00000124839,EFO_0003027,acute myeloblastic leukemia without maturation,0.6773,False
RAB17,ENSG00000124839,EFO_0003028,acute myeloblastic leukemia with maturation,0.9452,False
RAB17,ENSG00000124839,EFO_0003060,non-small cell lung carcinoma,0.7828,False
RAB17,ENSG00000124839,EFO_0004284,upper aerodigestive tract neoplasm,0.9343,False
RAB17,ENSG00000124839,EFO_0006861,male breast carcinoma,0.677,False
RAB17,ENSG00000124839,EFO_0009582,sprain,0.564,False
RAB17,ENSG00000124839,EFO_0009780,HER2 negative breast carcinoma,0.7941,False
RAB17,ENSG00000124839,EFO_0009878,drug interaction,0.7817,False
RAB17,ENSG00000124839,EFO_0010580,blastic plasmacytoid dendritic cell neoplasm,0.6054,False
RAB17,ENSG00000124839,EFO_0020003,drug toxicity,0.92,False
RAB17,ENSG00000124839,EFO_1000131,"Blast Phase Chronic Myelogenous Leukemia, BCR-ABL1 Positive",0.5363,False
RAB17,ENSG00000124839,EFO_1000251,Fallopian Tube Carcinoma,0.7851,False
RAB17,ENSG00000124839,EFO_1000419,Ovarian Germ Cell Tumor,0.685,False
RAB17,ENSG00000124839,EFO_1000466,Penile Fibromatosis,0.5945,False
RAB17,ENSG00000124839,EFO_1000494,Primary Peritoneal Serous Adenocarcinoma,0.5219,False
RAB17,ENSG00000124839,EFO_1000616,Uveal Melanoma,0.5199,False
RAB17,ENSG00000124839,EFO_1001013,lethal midline granuloma,0.9233,False
RAB17,ENSG00000124839,EFO_1001100,peritoneal neoplasm,0.9474,False
RAB17,ENSG00000124839,EFO_1001110,pituitary-dependent Cushing's disease,0.7552,False
RAB17,ENSG00000124839,EFO_1001257,acute erythroblastic leukemia,0.6994,False
RAB17,ENSG00000124839,EFO_1001348,HIV-Associated Lipodystrophy Syndrome,0.8125,False
RAB17,ENSG00000124839,EFO_1001799,incomplete abortion,0.6987,False
RAB17,ENSG00000124839,EFO_1001933,adult acute monocytic leukemia,0.5938,False
RAB17,ENSG00000124839,EFO_1001934,adult acute myeloid leukemia,0.7734,False
RAB17,ENSG00000124839,EFO_1001945,childhood acute myeloid leukemia with maturation,0.7547,False
RAB17,ENSG00000124839,EFO_1001952,endometrial adenosquamous carcinoma,0.5539,False
RAB17,ENSG00000124839,EFO_1001958,high grade ovarian serous adenocarcinoma,0.9659,False
RAB17,ENSG00000124839,EFO_1002001,core binding factor acute myeloid leukemia,0.6678,False
RAB17,ENSG00000124839,Orphanet_145,Hereditary breast and ovarian cancer syndrome,0.5367,False
RAB18,ENSG00000099246,MONDO_0000544,mucosal melanoma,0.5288,False
RAB18,ENSG00000099246,MONDO_0001056,gastric cancer,0.6148,False
RAB18,ENSG00000099246,MONDO_0001187,urinary bladder cancer,0.8123,False
RAB18,ENSG00000099246,MONDO_0001402,vaginal cancer,0.623,False
RAB18,ENSG00000099246,MONDO_0001852,small intestine lymphoma,0.8322,False
RAB18,ENSG00000099246,MONDO_0001879,anus cancer,0.9801,False
RAB18,ENSG00000099246,MONDO_0002087,peritoneum cancer,0.882,False
RAB18,ENSG00000099246,MONDO_0002158,fallopian tube cancer,0.8779,False
RAB18,ENSG00000099246,MONDO_0002225,ovarian sarcoma,0.7334,False
RAB18,ENSG00000099246,MONDO_0002586,thymus cancer,0.9333,False
RAB18,ENSG00000099246,MONDO_0002744,fallopian tube mucinous adenocarcinoma,0.543,False
RAB18,ENSG00000099246,MONDO_0002833,fallopian tube transitional cell carcinoma,0.7317,False
RAB18,ENSG00000099246,MONDO_0002974,cervical cancer,0.6804,False
RAB18,ENSG00000099246,MONDO_0002995,"small intestine neuroendocrine tumor, well differentiated, low or intermediate grade",0.9516,False
RAB18,ENSG00000099246,MONDO_0003033,prostate angiosarcoma,0.7137,False
RAB18,ENSG00000099246,MONDO_0003059,bile duct cancer,0.7817,False
RAB18,ENSG00000099246,MONDO_0003060,biliary tract cancer,0.6781,False
RAB18,ENSG00000099246,MONDO_0003089,extrahepatic bile duct mucoepidermoid carcinoma,0.685,False
RAB18,ENSG00000099246,MONDO_0003090,extrahepatic bile duct carcinoma,0.9417,False
RAB18,ENSG00000099246,MONDO_0003196,appendix carcinoma,0.7623,False
RAB18,ENSG00000099246,MONDO_0003212,nasal cavity carcinoma,0.5725,False
RAB18,ENSG00000099246,MONDO_0003268,mixed glioma,0.6629,False
RAB18,ENSG00000099246,MONDO_0003383,fallopian tube clear cell adenocarcinoma,0.639,False
RAB18,ENSG00000099246,MONDO_0003478,childhood ependymoma,0.8457,False
RAB18,ENSG00000099246,MONDO_0003503,fallopian tube squamous cell carcinoma,0.733,False
RAB18,ENSG00000099246,MONDO_0003541,adult acute lymphoblastic leukemia,0.9476,False
RAB18,ENSG00000099246,MONDO_0003572,nasopharyngeal type undifferentiated carcinoma,0.6966,False
RAB18,ENSG00000099246,MONDO_0003659,pediatric lymphoma,0.5981,False
RAB18,ENSG00000099246,MONDO_0003660,adult lymphoma,0.7929,False
RAB18,ENSG00000099246,MONDO_0003666,fallopian tube endometrioid adenocarcinoma,0.7157,False
RAB18,ENSG00000099246,MONDO_0003692,adult malignant mesenchymoma,0.6562,False
RAB18,ENSG00000099246,MONDO_0003856,adult malignant hemangiopericytoma,0.691,False
RAB18,ENSG00000099246,MONDO_0003869,childhood brain stem glioma,0.6777,False
RAB18,ENSG00000099246,MONDO_0003874,ovarian serous surface papillary adenocarcinoma,0.9191,False
RAB18,ENSG00000099246,MONDO_0003890,infiltrating bladder urothelial carcinoma,0.6636,False
RAB18,ENSG00000099246,MONDO_0003936,invasive tubular breast carcinoma,0.606,False
RAB18,ENSG00000099246,MONDO_0003950,nipple carcinoma,0.5273,False
RAB18,ENSG00000099246,MONDO_0003982,bilateral breast carcinoma,0.606,False
RAB18,ENSG00000099246,MONDO_0004064,iris melanoma,0.7472,False
RAB18,ENSG00000099246,MONDO_0004111,refractory hematologic cancer,0.8064,False
RAB18,ENSG00000099246,MONDO_0004180,benign urinary system neoplasm,0.861,False
RAB18,ENSG00000099246,MONDO_0004192,urethra cancer,0.5078,False
RAB18,ENSG00000099246,MONDO_0004222,ovarian clear cell cystadenocarcinoma,0.9223,False
RAB18,ENSG00000099246,MONDO_0004374,adult extraskeletal osteosarcoma,0.5203,False
RAB18,ENSG00000099246,MONDO_0004658,breast carcinoma in situ,0.7441,False
RAB18,ENSG00000099246,MONDO_0004992,cancer,0.776,False
RAB18,ENSG00000099246,MONDO_0005411,gallbladder cancer,0.8468,False
RAB18,ENSG00000099246,MONDO_0007254,breast cancer,0.8219,False
RAB18,ENSG00000099246,MONDO_0008170,ovarian cancer,0.6693,False
RAB18,ENSG00000099246,MONDO_0008315,prostate cancer,0.9208,False
RAB18,ENSG00000099246,MONDO_0008318,Proteus syndrome,0.9835,False
RAB18,ENSG00000099246,MONDO_0008903,lung cancer,0.5476,False
RAB18,ENSG00000099246,MONDO_0011962,endometrial cancer,0.6067,False
RAB18,ENSG00000099246,MONDO_0015686,primary peritoneal carcinoma,0.5536,False
RAB18,ENSG00000099246,MONDO_0016216,adult hepatocellular carcinoma,0.9169,False
RAB18,ENSG00000099246,MONDO_0017346,Epstein-Barr virus-positive diffuse large B-cell lymphoma of the elderly,0.7002,False
RAB18,ENSG00000099246,MONDO_0018521,squamous cell carcinoma of pancreas,0.9421,False
RAB18,ENSG00000099246,MONDO_0019456,acute myeloid leukemia with multilineage dysplasia,0.8177,False
RAB18,ENSG00000099246,MONDO_0019457,therapy related acute myeloid leukemia and myelodysplastic syndrome,0.9387,False
RAB18,ENSG00000099246,MONDO_0019460,acute leukemia of ambiguous lineage,0.66,False
RAB18,ENSG00000099246,MONDO_0020077,myelodysplastic/myeloproliferative disease,0.6973,False
RAB18,ENSG00000099246,MONDO_0020657,human papillomavirus-related squamous cell carcinoma,0.9098,False
RAB18,ENSG00000099246,MONDO_0020690,adult glioblastoma,0.9364,False
RAB18,ENSG00000099246,MONDO_0020743,mixed phenotype acute leukemia,0.6516,False
RAB18,ENSG00000099246,MONDO_0021063,malignant colon neoplasm,0.8401,False
RAB18,ENSG00000099246,MONDO_0021074,precancerous condition,0.7366,False
RAB18,ENSG00000099246,MONDO_0021115,luminal B breast carcinoma,0.8015,False
RAB18,ENSG00000099246,MONDO_0021321,malignant tumor of extrahepatic bile duct,0.6512,False
RAB18,ENSG00000099246,MONDO_0021535,pancreatic neuroendocrine tumor G1,0.7283,False
RAB18,ENSG00000099246,MONDO_0024327,chronic renal failure syndrome,0.8156,False
RAB18,ENSG00000099246,MONDO_0036501,refractory malignant neoplasm,0.7547,False
RAB18,ENSG00000099246,MONDO_0040678,infiltrating urothelial carcinoma,0.8875,False
RAB18,ENSG00000099246,MONDO_0044710,lip and oral cavity squamous cell carcinoma,0.9201,False
RAB18,ENSG00000099246,MONDO_0044787,nasal cavity and paranasal sinus squamous cell carcinoma,0.919,False
RAB18,ENSG00000099246,MONDO_0044887,central nervous system non-hodgkin lymphoma,0.5572,False
RAB18,ENSG00000099246,MONDO_0044903,myelofibrosis,0.5688,False
RAB18,ENSG00000099246,MONDO_0044964,oral cavity mucoepidermoid carcinoma,0.9799,False
RAB18,ENSG00000099246,MONDO_0045056,grade II meningioma,0.9032,False
RAB18,ENSG00000099246,MONDO_0850302,intracranial meningioma,0.7825,False
RAB18,ENSG00000099246,EFO_0000095,chronic lymphocytic leukemia,0.5447,False
RAB18,ENSG00000099246,EFO_0000096,neoplasm of mature B-cells,0.9389,False
RAB18,ENSG00000099246,EFO_0000196,metastatic prostate cancer,0.8381,False
RAB18,ENSG00000099246,EFO_0000198,myelodysplastic syndrome,0.6752,False
RAB18,ENSG00000099246,EFO_0000221,acute monocytic leukemia,0.788,False
RAB18,ENSG00000099246,EFO_0000222,acute myeloid leukemia,0.5238,False
RAB18,ENSG00000099246,EFO_0000223,acute myelomonocytic leukemia,0.6003,False
RAB18,ENSG00000099246,EFO_0000233,adenosquamous lung carcinoma,0.8946,False
RAB18,ENSG00000099246,EFO_0000304,breast adenocarcinoma,0.8808,False
RAB18,ENSG00000099246,EFO_0000305,breast carcinoma,0.6371,False
RAB18,ENSG00000099246,EFO_0000308,bronchoalveolar adenocarcinoma,0.8056,False
RAB18,ENSG00000099246,EFO_0000330,childhood acute myeloid leukemia,0.7981,False
RAB18,ENSG00000099246,EFO_0000403,diffuse large B-cell lymphoma,0.6541,False
RAB18,ENSG00000099246,EFO_0000503,gastric adenocarcinoma,0.6641,False
RAB18,ENSG00000099246,EFO_0000574,lymphoma,0.5792,False
RAB18,ENSG00000099246,EFO_0000616,neoplasm,0.9111,False
RAB18,ENSG00000099246,EFO_0000673,prostate adenocarcinoma,0.7641,False
RAB18,ENSG00000099246,EFO_0000756,melanoma,0.7914,False
RAB18,ENSG00000099246,EFO_0001075,ovarian carcinoma,0.6509,False
RAB18,ENSG00000099246,EFO_0001378,multiple myeloma,0.614,False
RAB18,ENSG00000099246,EFO_0001642,lymphoid neoplasm,0.7567,False
RAB18,ENSG00000099246,EFO_0001663,prostate carcinoma,0.7942,False
RAB18,ENSG00000099246,EFO_0002426,neoplasm of mature T-cells or NK-cells,0.9437,False
RAB18,ENSG00000099246,EFO_0002618,pancreatic carcinoma,0.9441,False
RAB18,ENSG00000099246,EFO_0003025,acute megakaryoblastic leukaemia,0.5858,False
RAB18,ENSG00000099246,EFO_0003026,minimally differentiated acute myeloblastic leukemia,0.6595,False
RAB18,ENSG00000099246,EFO_0003027,acute myeloblastic leukemia without maturation,0.9014,False
RAB18,ENSG00000099246,EFO_0003028,acute myeloblastic leukemia with maturation,0.9812,False
RAB18,ENSG00000099246,EFO_0003050,large cell lung carcinoma,0.7458,False
RAB18,ENSG00000099246,EFO_0003060,non-small cell lung carcinoma,0.9627,False
RAB18,ENSG00000099246,EFO_0003859,uterine neoplasm,0.8198,False
RAB18,ENSG00000099246,EFO_0003860,pancreatic neoplasm,0.5373,False
RAB18,ENSG00000099246,EFO_0003863,urogenital neoplasm,0.6482,False
RAB18,ENSG00000099246,EFO_0003866,paranasal sinus neoplasm,0.5037,False
RAB18,ENSG00000099246,EFO_0003869,breast neoplasm,0.8175,False
RAB18,ENSG00000099246,EFO_0003876,intermittent vascular claudication,0.6843,False
RAB18,ENSG00000099246,EFO_0003891,biliary tract neoplasm,0.8076,False
RAB18,ENSG00000099246,EFO_0004252,nasopharyngeal neoplasm,0.7803,False
RAB18,ENSG00000099246,EFO_0004284,upper aerodigestive tract neoplasm,0.9751,False
RAB18,ENSG00000099246,EFO_0004289,lymphoid leukemia,0.7873,False
RAB18,ENSG00000099246,EFO_0004599,acute graft vs. host disease,0.5443,False
RAB18,ENSG00000099246,EFO_0004606,gallbladder neoplasm,0.7897,False
RAB18,ENSG00000099246,EFO_0005537,triple-negative breast cancer,0.9322,False
RAB18,ENSG00000099246,EFO_0005540,bile duct carcinoma,0.7945,False
RAB18,ENSG00000099246,EFO_0006732,pancreatic adenosquamous carcinoma,0.8088,False
RAB18,ENSG00000099246,EFO_0006861,male breast carcinoma,0.9614,False
RAB18,ENSG00000099246,EFO_0007532,uterine corpus cancer,0.8762,False
RAB18,ENSG00000099246,EFO_0007535,verrucous carcinoma,0.5586,False
RAB18,ENSG00000099246,EFO_0008585,ST Elevation Myocardial Infarction,0.5164,False
RAB18,ENSG00000099246,EFO_0009443,BRCAX breast cancer,0.8257,False
RAB18,ENSG00000099246,EFO_0009780,HER2 negative breast carcinoma,0.9547,False
RAB18,ENSG00000099246,EFO_0009878,drug interaction,0.8838,False
RAB18,ENSG00000099246,EFO_0010580,blastic plasmacytoid dendritic cell neoplasm,0.7123,False
RAB18,ENSG00000099246,EFO_0010832,primary central chondrosarcoma,0.725,False
RAB18,ENSG00000099246,EFO_0020003,drug toxicity,0.8314,False
RAB18,ENSG00000099246,EFO_0700108,non-infectious posterior uveitis,0.5217,False
RAB18,ENSG00000099246,EFO_1000044,pancreatic adenocarcinoma,0.8583,False
RAB18,ENSG00000099246,EFO_1000131,"Blast Phase Chronic Myelogenous Leukemia, BCR-ABL1 Positive",0.8861,False
RAB18,ENSG00000099246,EFO_1000238,Endometrial Serous Adenocarcinoma,0.5256,False
RAB18,ENSG00000099246,EFO_1000251,Fallopian Tube Carcinoma,0.8696,False
RAB18,ENSG00000099246,EFO_1000253,Fallopian Tube Serous Adenocarcinoma,0.6342,False
RAB18,ENSG00000099246,EFO_1000294,HER2 Positive Breast Carcinoma,0.6923,False
RAB18,ENSG00000099246,EFO_1000357,Malignant Ovarian Brenner Tumor,0.6676,False
RAB18,ENSG00000099246,EFO_1000407,Olfactory Neuroblastoma,0.5685,False
RAB18,ENSG00000099246,EFO_1000412,Ovarian Carcinosarcoma,0.7335,False
RAB18,ENSG00000099246,EFO_1000419,Ovarian Germ Cell Tumor,0.9475,False
RAB18,ENSG00000099246,EFO_1000494,Primary Peritoneal Serous Adenocarcinoma,0.8313,False
RAB18,ENSG00000099246,EFO_1000616,Uveal Melanoma,0.8594,False
RAB18,ENSG00000099246,EFO_1000649,estrogen-receptor positive breast cancer,0.757,False
RAB18,ENSG00000099246,EFO_1000657,rectum cancer,0.7203,False
RAB18,ENSG00000099246,EFO_1001013,lethal midline granuloma,0.9688,False
RAB18,ENSG00000099246,EFO_1001100,peritoneal neoplasm,0.9732,False
RAB18,ENSG00000099246,EFO_1001110,pituitary-dependent Cushing's disease,0.8751,False
RAB18,ENSG00000099246,EFO_1001257,acute erythroblastic leukemia,0.8974,False
RAB18,ENSG00000099246,EFO_1001348,HIV-Associated Lipodystrophy Syndrome,0.953,False
RAB18,ENSG00000099246,EFO_1001480,metastatic colorectal cancer,0.5011,False
RAB18,ENSG00000099246,EFO_1001512,endometrial carcinoma,0.5292,False
RAB18,ENSG00000099246,EFO_1001799,incomplete abortion,0.7328,False
RAB18,ENSG00000099246,EFO_1001830,precursor T-cell lymphoblastic leukemia-lymphoma,0.7465,False
RAB18,ENSG00000099246,EFO_1001932,adult acute megakaryoblastic leukemia,0.8199,False
RAB18,ENSG00000099246,EFO_1001933,adult acute monocytic leukemia,0.8746,False
RAB18,ENSG00000099246,EFO_1001934,adult acute myeloid leukemia,0.9322,False
RAB18,ENSG00000099246,EFO_1001935,adult B acute lymphoblastic leukemia,0.7457,False
RAB18,ENSG00000099246,EFO_1001936,adult T acute lymphoblastic leukemia,0.5242,False
RAB18,ENSG00000099246,EFO_1001945,childhood acute myeloid leukemia with maturation,0.9076,False
RAB18,ENSG00000099246,EFO_1001946,childhood B acute lymphoblastic leukemia,0.7552,False
RAB18,ENSG00000099246,EFO_1001947,childhood T acute lymphoblastic leukemia,0.7089,False
RAB18,ENSG00000099246,EFO_1001952,endometrial adenosquamous carcinoma,0.8824,False
RAB18,ENSG00000099246,EFO_1001953,"endometrial endometrioid adenocarcinoma, variant with squamous differentiation",0.6228,False
RAB18,ENSG00000099246,EFO_1001958,high grade ovarian serous adenocarcinoma,0.9943,False
RAB18,ENSG00000099246,EFO_1001959,hilar cholangiocarcinoma,0.7137,False
RAB18,ENSG00000099246,EFO_1001963,ovarian mucinous cystadenocarcinoma,0.767,False
RAB18,ENSG00000099246,EFO_1001973,ureter urothelial carcinoma,0.6182,False
RAB18,ENSG00000099246,EFO_1002001,core binding factor acute myeloid leukemia,0.9295,False
RAB18,ENSG00000099246,Orphanet_145,Hereditary breast and ovarian cancer syndrome,0.9509,False
RAB18,ENSG00000099246,Orphanet_273,Steinert myotonic dystrophy,0.5168,False
RAB18,ENSG00000099246,Orphanet_325690,Genetic disorder of sex development,0.5837,False
RAB19,ENSG00000146955,MONDO_0000645,fallopian tube benign neoplasm,0.6028,False
RAB19,ENSG00000146955,MONDO_0000873,lymphoblastic lymphoma,0.5091,False
RAB19,ENSG00000146955,MONDO_0001023,prolymphocytic leukemia,0.7219,False
RAB19,ENSG00000146955,MONDO_0001187,urinary bladder cancer,0.7112,False
RAB19,ENSG00000146955,MONDO_0001325,penile cancer,0.5114,False
RAB19,ENSG00000146955,MONDO_0001402,vaginal cancer,0.6155,False
RAB19,ENSG00000146955,MONDO_0001852,small intestine lymphoma,0.9411,False
RAB19,ENSG00000146955,MONDO_0001879,anus cancer,0.9826,False
RAB19,ENSG00000146955,MONDO_0002087,peritoneum cancer,0.9097,False
RAB19,ENSG00000146955,MONDO_0002158,fallopian tube cancer,0.8974,False
RAB19,ENSG00000146955,MONDO_0002225,ovarian sarcoma,0.8367,False
RAB19,ENSG00000146955,MONDO_0002537,inverted papilloma,0.7481,False
RAB19,ENSG00000146955,MONDO_0002586,thymus cancer,0.9285,False
RAB19,ENSG00000146955,MONDO_0002716,childhood spinal cord tumor,0.5549,False
RAB19,ENSG00000146955,MONDO_0002744,fallopian tube mucinous adenocarcinoma,0.6562,False
RAB19,ENSG00000146955,MONDO_0002833,fallopian tube transitional cell carcinoma,0.8299,False
RAB19,ENSG00000146955,MONDO_0002974,cervical cancer,0.5274,False
RAB19,ENSG00000146955,MONDO_0002995,"small intestine neuroendocrine tumor, well differentiated, low or intermediate grade",0.96,False
RAB19,ENSG00000146955,MONDO_0003059,bile duct cancer,0.5056,False
RAB19,ENSG00000146955,MONDO_0003060,biliary tract cancer,0.5582,False
RAB19,ENSG00000146955,MONDO_0003089,extrahepatic bile duct mucoepidermoid carcinoma,0.5576,False
RAB19,ENSG00000146955,MONDO_0003090,extrahepatic bile duct carcinoma,0.9431,False
RAB19,ENSG00000146955,MONDO_0003196,appendix carcinoma,0.9429,False
RAB19,ENSG00000146955,MONDO_0003212,nasal cavity carcinoma,0.6305,False
RAB19,ENSG00000146955,MONDO_0003268,mixed glioma,0.5955,False
RAB19,ENSG00000146955,MONDO_0003383,fallopian tube clear cell adenocarcinoma,0.7631,False
RAB19,ENSG00000146955,MONDO_0003478,childhood ependymoma,0.88,False
RAB19,ENSG00000146955,MONDO_0003503,fallopian tube squamous cell carcinoma,0.7649,False
RAB19,ENSG00000146955,MONDO_0003541,adult acute lymphoblastic leukemia,0.9699,False
RAB19,ENSG00000146955,MONDO_0003572,nasopharyngeal type undifferentiated carcinoma,0.742,False
RAB19,ENSG00000146955,MONDO_0003659,pediatric lymphoma,0.7567,False
RAB19,ENSG00000146955,MONDO_0003660,adult lymphoma,0.8277,False
RAB19,ENSG00000146955,MONDO_0003666,fallopian tube endometrioid adenocarcinoma,0.8395,False
RAB19,ENSG00000146955,MONDO_0003692,adult malignant mesenchymoma,0.6419,False
RAB19,ENSG00000146955,MONDO_0003751,childhood germ cell tumor,0.5513,False
RAB19,ENSG00000146955,MONDO_0003856,adult malignant hemangiopericytoma,0.7307,False
RAB19,ENSG00000146955,MONDO_0003869,childhood brain stem glioma,0.7984,False
RAB19,ENSG00000146955,MONDO_0003874,ovarian serous surface papillary adenocarcinoma,0.923,False
RAB19,ENSG00000146955,MONDO_0003890,infiltrating bladder urothelial carcinoma,0.5794,False
RAB19,ENSG00000146955,MONDO_0003936,invasive tubular breast carcinoma,0.5546,False
RAB19,ENSG00000146955,MONDO_0004110,refractory hairy cell leukemia,0.5235,False
RAB19,ENSG00000146955,MONDO_0004111,refractory hematologic cancer,0.9063,False
RAB19,ENSG00000146955,MONDO_0004180,benign urinary system neoplasm,0.8734,False
RAB19,ENSG00000146955,MONDO_0004192,urethra cancer,0.5092,False
RAB19,ENSG00000146955,MONDO_0004222,ovarian clear cell cystadenocarcinoma,0.931,False
RAB19,ENSG00000146955,MONDO_0004374,adult extraskeletal osteosarcoma,0.6192,False
RAB19,ENSG00000146955,MONDO_0004658,breast carcinoma in situ,0.5385,False
RAB19,ENSG00000146955,MONDO_0004669,salivary gland cancer,0.55,False
RAB19,ENSG00000146955,MONDO_0004992,cancer,0.8074,False
RAB19,ENSG00000146955,MONDO_0005411,gallbladder cancer,0.7291,False
RAB19,ENSG00000146955,MONDO_0007254,breast cancer,0.72,False
RAB19,ENSG00000146955,MONDO_0008170,ovarian cancer,0.7175,False
RAB19,ENSG00000146955,MONDO_0008315,prostate cancer,0.7989,False
RAB19,ENSG00000146955,MONDO_0008318,Proteus syndrome,0.9364,False
RAB19,ENSG00000146955,MONDO_0016216,adult hepatocellular carcinoma,0.8111,False
RAB19,ENSG00000146955,MONDO_0016586,systemic mastocytosis,0.5027,False
RAB19,ENSG00000146955,MONDO_0017346,Epstein-Barr virus-positive diffuse large B-cell lymphoma of the elderly,0.8668,False
RAB19,ENSG00000146955,MONDO_0018364,malignant epithelial tumor of ovary,0.6219,False
RAB19,ENSG00000146955,MONDO_0018521,squamous cell carcinoma of pancreas,0.9062,False
RAB19,ENSG00000146955,MONDO_0018542,severe congenital neutropenia,0.6851,False
RAB19,ENSG00000146955,MONDO_0019456,acute myeloid leukemia with multilineage dysplasia,0.9153,False
RAB19,ENSG00000146955,MONDO_0019457,therapy related acute myeloid leukemia and myelodysplastic syndrome,0.9596,False
RAB19,ENSG00000146955,MONDO_0019460,acute leukemia of ambiguous lineage,0.7026,False
RAB19,ENSG00000146955,MONDO_0019465,nodal marginal zone B-cell lymphoma,0.566,False
RAB19,ENSG00000146955,MONDO_0020077,myelodysplastic/myeloproliferative disease,0.7863,False
RAB19,ENSG00000146955,MONDO_0020657,human papillomavirus-related squamous cell carcinoma,0.9107,False
RAB19,ENSG00000146955,MONDO_0020690,adult glioblastoma,0.8971,False
RAB19,ENSG00000146955,MONDO_0020743,mixed phenotype acute leukemia,0.7433,False
RAB19,ENSG00000146955,MONDO_0021063,malignant colon neoplasm,0.6962,False
RAB19,ENSG00000146955,MONDO_0021074,precancerous condition,0.5765,False
RAB19,ENSG00000146955,MONDO_0021115,luminal B breast carcinoma,0.703,False
RAB19,ENSG00000146955,MONDO_0021321,malignant tumor of extrahepatic bile duct,0.763,False
RAB19,ENSG00000146955,MONDO_0021535,pancreatic neuroendocrine tumor G1,0.6926,False
RAB19,ENSG00000146955,MONDO_0021538,verrucous carcinoma of oral cavity,0.5472,False
RAB19,ENSG00000146955,MONDO_0021576,fallopian tube endometrioid tumor,0.5954,False
RAB19,ENSG00000146955,MONDO_0024327,chronic renal failure syndrome,0.8531,False
RAB19,ENSG00000146955,MONDO_0036501,refractory malignant neoplasm,0.5736,False
RAB19,ENSG00000146955,MONDO_0040678,infiltrating urothelial carcinoma,0.8812,False
RAB19,ENSG00000146955,MONDO_0041052,postherpetic neuralgia,0.5222,False
RAB19,ENSG00000146955,MONDO_0044710,lip and oral cavity squamous cell carcinoma,0.932,False
RAB19,ENSG00000146955,MONDO_0044787,nasal cavity and paranasal sinus squamous cell carcinoma,0.9125,False
RAB19,ENSG00000146955,MONDO_0044887,central nervous system non-hodgkin lymphoma,0.7184,False
RAB19,ENSG00000146955,MONDO_0044889,high grade B-cell lymphoma,0.7204,False
RAB19,ENSG00000146955,MONDO_0044903,myelofibrosis,0.7857,False
RAB19,ENSG00000146955,MONDO_0044964,oral cavity mucoepidermoid carcinoma,0.9912,False
RAB19,ENSG00000146955,MONDO_0045056,grade II meningioma,0.8613,False
RAB19,ENSG00000146955,MONDO_0850302,intracranial meningioma,0.7231,False
RAB19,ENSG00000146955,EFO_0000095,chronic lymphocytic leukemia,0.6401,False
RAB19,ENSG00000146955,EFO_0000096,neoplasm of mature B-cells,0.9625,False
RAB19,ENSG00000146955,EFO_0000196,metastatic prostate cancer,0.6218,False
RAB19,ENSG00000146955,EFO_0000198,myelodysplastic syndrome,0.8138,False
RAB19,ENSG00000146955,EFO_0000211,unspecified peripheral T-cell lymphoma,0.7369,False
RAB19,ENSG00000146955,EFO_0000220,acute lymphoblastic leukemia,0.6861,False
RAB19,ENSG00000146955,EFO_0000221,acute monocytic leukemia,0.8468,False
RAB19,ENSG00000146955,EFO_0000222,acute myeloid leukemia,0.518,False
RAB19,ENSG00000146955,EFO_0000223,acute myelomonocytic leukemia,0.7296,False
RAB19,ENSG00000146955,EFO_0000233,adenosquamous lung carcinoma,0.7381,False
RAB19,ENSG00000146955,EFO_0000304,breast adenocarcinoma,0.7575,False
RAB19,ENSG00000146955,EFO_0000308,bronchoalveolar adenocarcinoma,0.5329,False
RAB19,ENSG00000146955,EFO_0000330,childhood acute myeloid leukemia,0.8893,False
RAB19,ENSG00000146955,EFO_0000403,diffuse large B-cell lymphoma,0.7914,False
RAB19,ENSG00000146955,EFO_0000565,leukemia,0.5717,False
RAB19,ENSG00000146955,EFO_0000574,lymphoma,0.6762,False
RAB19,ENSG00000146955,EFO_0000616,neoplasm,0.8706,False
RAB19,ENSG00000146955,EFO_0000673,prostate adenocarcinoma,0.5292,False
RAB19,ENSG00000146955,EFO_0000702,small cell lung carcinoma,0.6511,False
RAB19,ENSG00000146955,EFO_0000756,melanoma,0.5218,False
RAB19,ENSG00000146955,EFO_0001378,multiple myeloma,0.5871,False
RAB19,ENSG00000146955,EFO_0001642,lymphoid neoplasm,0.6465,False
RAB19,ENSG00000146955,EFO_0002426,neoplasm of mature T-cells or NK-cells,0.9598,False
RAB19,ENSG00000146955,EFO_0002618,pancreatic carcinoma,0.9199,False
RAB19,ENSG00000146955,EFO_0003025,acute megakaryoblastic leukaemia,0.6916,False
RAB19,ENSG00000146955,EFO_0003026,minimally differentiated acute myeloblastic leukemia,0.6463,False
RAB19,ENSG00000146955,EFO_0003027,acute myeloblastic leukemia without maturation,0.9442,False
RAB19,ENSG00000146955,EFO_0003028,acute myeloblastic leukemia with maturation,0.988,False
RAB19,ENSG00000146955,EFO_0003060,non-small cell lung carcinoma,0.9385,False
RAB19,ENSG00000146955,EFO_0003859,uterine neoplasm,0.6904,False
RAB19,ENSG00000146955,EFO_0003863,urogenital neoplasm,0.62,False
RAB19,ENSG00000146955,EFO_0003866,paranasal sinus neoplasm,0.6235,False
RAB19,ENSG00000146955,EFO_0003869,breast neoplasm,0.6928,False
RAB19,ENSG00000146955,EFO_0003876,intermittent vascular claudication,0.6025,False
RAB19,ENSG00000146955,EFO_0003891,biliary tract neoplasm,0.7047,False
RAB19,ENSG00000146955,EFO_0004252,nasopharyngeal neoplasm,0.5206,False
RAB19,ENSG00000146955,EFO_0004284,upper aerodigestive tract neoplasm,0.976,False
RAB19,ENSG00000146955,EFO_0004289,lymphoid leukemia,0.8251,False
RAB19,ENSG00000146955,EFO_0004599,acute graft vs. host disease,0.5728,False
RAB19,ENSG00000146955,EFO_0004606,gallbladder neoplasm,0.6939,False
RAB19,ENSG00000146955,EFO_0005537,triple-negative breast cancer,0.87,False
RAB19,ENSG00000146955,EFO_0005952,non-Hodgkins lymphoma,0.7172,False
RAB19,ENSG00000146955,EFO_0006732,pancreatic adenosquamous carcinoma,0.6987,False
RAB19,ENSG00000146955,EFO_0006861,male breast carcinoma,0.9211,False
RAB19,ENSG00000146955,EFO_0007532,uterine corpus cancer,0.7895,False
RAB19,ENSG00000146955,EFO_0007535,verrucous carcinoma,0.6086,False
RAB19,ENSG00000146955,EFO_0009443,BRCAX breast cancer,0.6626,False
RAB19,ENSG00000146955,EFO_0009582,sprain,0.5321,False
RAB19,ENSG00000146955,EFO_0009780,HER2 negative breast carcinoma,0.9573,False
RAB19,ENSG00000146955,EFO_0009878,drug interaction,0.898,False
RAB19,ENSG00000146955,EFO_0010580,blastic plasmacytoid dendritic cell neoplasm,0.8366,False
RAB19,ENSG00000146955,EFO_0010832,primary central chondrosarcoma,0.8027,False
RAB19,ENSG00000146955,EFO_0020003,drug toxicity,0.8612,False
RAB19,ENSG00000146955,EFO_1000044,pancreatic adenocarcinoma,0.6651,False
RAB19,ENSG00000146955,EFO_1000131,"Blast Phase Chronic Myelogenous Leukemia, BCR-ABL1 Positive",0.9243,False
RAB19,ENSG00000146955,EFO_1000140,Borderline Ovarian Surface Epithelial-Stromal Tumor,0.5368,False
RAB19,ENSG00000146955,EFO_1000231,Endometrial Clear Cell Adenocarcinoma,0.5361,False
RAB19,ENSG00000146955,EFO_1000238,Endometrial Serous Adenocarcinoma,0.7234,False
RAB19,ENSG00000146955,EFO_1000251,Fallopian Tube Carcinoma,0.9331,False
RAB19,ENSG00000146955,EFO_1000253,Fallopian Tube Serous Adenocarcinoma,0.6995,False
RAB19,ENSG00000146955,EFO_1000294,HER2 Positive Breast Carcinoma,0.6658,False
RAB19,ENSG00000146955,EFO_1000357,Malignant Ovarian Brenner Tumor,0.7186,False
RAB19,ENSG00000146955,EFO_1000407,Olfactory Neuroblastoma,0.7874,False
RAB19,ENSG00000146955,EFO_1000412,Ovarian Carcinosarcoma,0.8064,False
RAB19,ENSG00000146955,EFO_1000419,Ovarian Germ Cell Tumor,0.9634,False
RAB19,ENSG00000146955,EFO_1000494,Primary Peritoneal Serous Adenocarcinoma,0.8839,False
RAB19,ENSG00000146955,EFO_1000616,Uveal Melanoma,0.7714,False
RAB19,ENSG00000146955,EFO_1000649,estrogen-receptor positive breast cancer,0.6691,False
RAB19,ENSG00000146955,EFO_1000657,rectum cancer,0.6234,False
RAB19,ENSG00000146955,EFO_1001013,lethal midline granuloma,0.9861,False
RAB19,ENSG00000146955,EFO_1001100,peritoneal neoplasm,0.9875,False
RAB19,ENSG00000146955,EFO_1001110,pituitary-dependent Cushing's disease,0.879,False
RAB19,ENSG00000146955,EFO_1001257,acute erythroblastic leukemia,0.9523,False
RAB19,ENSG00000146955,EFO_1001348,HIV-Associated Lipodystrophy Syndrome,0.8942,False
RAB19,ENSG00000146955,EFO_1001512,endometrial carcinoma,0.5656,False
RAB19,ENSG00000146955,EFO_1001779,chronic myelomonocytic leukemia,0.5605,False
RAB19,ENSG00000146955,EFO_1001799,incomplete abortion,0.5578,False
RAB19,ENSG00000146955,EFO_1001830,precursor T-cell lymphoblastic leukemia-lymphoma,0.842,False
RAB19,ENSG00000146955,EFO_1001932,adult acute megakaryoblastic leukemia,0.8568,False
RAB19,ENSG00000146955,EFO_1001933,adult acute monocytic leukemia,0.9328,False
RAB19,ENSG00000146955,EFO_1001934,adult acute myeloid leukemia,0.9556,False
RAB19,ENSG00000146955,EFO_1001935,adult B acute lymphoblastic leukemia,0.8757,False
RAB19,ENSG00000146955,EFO_1001936,adult T acute lymphoblastic leukemia,0.643,False
RAB19,ENSG00000146955,EFO_1001944,childhood acute monocytic leukemia,0.5414,False
RAB19,ENSG00000146955,EFO_1001945,childhood acute myeloid leukemia with maturation,0.9484,False
RAB19,ENSG00000146955,EFO_1001946,childhood B acute lymphoblastic leukemia,0.8536,False
RAB19,ENSG00000146955,EFO_1001947,childhood T acute lymphoblastic leukemia,0.8382,False
RAB19,ENSG00000146955,EFO_1001952,endometrial adenosquamous carcinoma,0.887,False
RAB19,ENSG00000146955,EFO_1001953,"endometrial endometrioid adenocarcinoma, variant with squamous differentiation",0.7029,False
RAB19,ENSG00000146955,EFO_1001958,high grade ovarian serous adenocarcinoma,0.9891,False
RAB19,ENSG00000146955,EFO_1001959,hilar cholangiocarcinoma,0.8316,False
RAB19,ENSG00000146955,EFO_1001963,ovarian mucinous cystadenocarcinoma,0.8618,False
RAB19,ENSG00000146955,EFO_1001973,ureter urothelial carcinoma,0.7451,False
RAB19,ENSG00000146955,EFO_1002001,core binding factor acute myeloid leukemia,0.9524,False
RAB19,ENSG00000146955,Orphanet_145,Hereditary breast and ovarian cancer syndrome,0.9068,False
RAB1A,ENSG00000138069,MONDO_0001187,urinary bladder cancer,0.6421,False
RAB1A,ENSG00000138069,MONDO_0001879,anus cancer,0.8222,False
RAB1A,ENSG00000138069,MONDO_0002087,peritoneum cancer,0.6051,False
RAB1A,ENSG00000138069,MONDO_0002158,fallopian tube cancer,0.5679,False
RAB1A,ENSG00000138069,MONDO_0002586,thymus cancer,0.5464,False
RAB1A,ENSG00000138069,MONDO_0002833,fallopian tube transitional cell carcinoma,0.5748,False
RAB1A,ENSG00000138069,MONDO_0002995,"small intestine neuroendocrine tumor, well differentiated, low or intermediate grade",0.7678,False
RAB1A,ENSG00000138069,MONDO_0003869,childhood brain stem glioma,0.6635,False
RAB1A,ENSG00000138069,MONDO_0004111,refractory hematologic cancer,0.7401,False
RAB1A,ENSG00000138069,MONDO_0004180,benign urinary system neoplasm,0.5454,False
RAB1A,ENSG00000138069,MONDO_0008315,prostate cancer,0.5073,False
RAB1A,ENSG00000138069,MONDO_0008318,Proteus syndrome,0.6362,False
RAB1A,ENSG00000138069,MONDO_0020657,human papillomavirus-related squamous cell carcinoma,0.7317,False
RAB1A,ENSG00000138069,MONDO_0020690,adult glioblastoma,0.8544,False
RAB1A,ENSG00000138069,MONDO_0021074,precancerous condition,0.5967,False
RAB1A,ENSG00000138069,MONDO_0021538,verrucous carcinoma of oral cavity,0.6279,False
RAB1A,ENSG00000138069,MONDO_0024327,chronic renal failure syndrome,0.6589,False
RAB1A,ENSG00000138069,MONDO_0044710,lip and oral cavity squamous cell carcinoma,0.9583,False
RAB1A,ENSG00000138069,MONDO_0044787,nasal cavity and paranasal sinus squamous cell carcinoma,0.5094,False
RAB1A,ENSG00000138069,MONDO_0044964,oral cavity mucoepidermoid carcinoma,0.8954,False
RAB1A,ENSG00000138069,MONDO_0045056,grade II meningioma,0.748,False
RAB1A,ENSG00000138069,EFO_0000096,neoplasm of mature B-cells,0.5902,False
RAB1A,ENSG00000138069,EFO_0000616,neoplasm,0.6326,False
RAB1A,ENSG00000138069,EFO_0002426,neoplasm of mature T-cells or NK-cells,0.7224,False
RAB1A,ENSG00000138069,EFO_0002618,pancreatic carcinoma,0.5506,False
RAB1A,ENSG00000138069,EFO_0003028,acute myeloblastic leukemia with maturation,0.8203,False
RAB1A,ENSG00000138069,EFO_0003060,non-small cell lung carcinoma,0.685,False
RAB1A,ENSG00000138069,EFO_0004284,upper aerodigestive tract neoplasm,0.9237,False
RAB1A,ENSG00000138069,EFO_0006861,male breast carcinoma,0.7493,False
RAB1A,ENSG00000138069,EFO_0009780,HER2 negative breast carcinoma,0.8002,False
RAB1A,ENSG00000138069,EFO_0009878,drug interaction,0.6557,False
RAB1A,ENSG00000138069,EFO_0020003,drug toxicity,0.7899,False
RAB1A,ENSG00000138069,EFO_1000251,Fallopian Tube Carcinoma,0.848,False
RAB1A,ENSG00000138069,EFO_1000253,Fallopian Tube Serous Adenocarcinoma,0.6519,False
RAB1A,ENSG00000138069,EFO_1000294,HER2 Positive Breast Carcinoma,0.5239,False
RAB1A,ENSG00000138069,EFO_1000494,Primary Peritoneal Serous Adenocarcinoma,0.5289,False
RAB1A,ENSG00000138069,EFO_1000616,Uveal Melanoma,0.5016,False
RAB1A,ENSG00000138069,EFO_1001013,lethal midline granuloma,0.8265,False
RAB1A,ENSG00000138069,EFO_1001100,peritoneal neoplasm,0.945,False
RAB1A,ENSG00000138069,EFO_1001110,pituitary-dependent Cushing's disease,0.7781,False
RAB1A,ENSG00000138069,EFO_1001348,HIV-Associated Lipodystrophy Syndrome,0.842,False
RAB1A,ENSG00000138069,EFO_1001799,incomplete abortion,0.7019,False
RAB1A,ENSG00000138069,EFO_1001958,high grade ovarian serous adenocarcinoma,0.9615,False
RAB1B,ENSG00000174903,MONDO_0001187,urinary bladder cancer,0.788,False
RAB1B,ENSG00000174903,MONDO_0001325,penile cancer,0.5248,False
RAB1B,ENSG00000174903,MONDO_0001402,vaginal cancer,0.6113,False
RAB1B,ENSG00000174903,MONDO_0001852,small intestine lymphoma,0.6602,False
RAB1B,ENSG00000174903,MONDO_0001879,anus cancer,0.9554,False
RAB1B,ENSG00000174903,MONDO_0002087,peritoneum cancer,0.8056,False
RAB1B,ENSG00000174903,MONDO_0002158,fallopian tube cancer,0.7153,False
RAB1B,ENSG00000174903,MONDO_0002225,ovarian sarcoma,0.7196,False
RAB1B,ENSG00000174903,MONDO_0002586,thymus cancer,0.8489,False
RAB1B,ENSG00000174903,MONDO_0002744,fallopian tube mucinous adenocarcinoma,0.5678,False
RAB1B,ENSG00000174903,MONDO_0002833,fallopian tube transitional cell carcinoma,0.707,False
RAB1B,ENSG00000174903,MONDO_0002995,"small intestine neuroendocrine tumor, well differentiated, low or intermediate grade",0.9191,False
RAB1B,ENSG00000174903,MONDO_0003033,prostate angiosarcoma,0.5182,False
RAB1B,ENSG00000174903,MONDO_0003090,extrahepatic bile duct carcinoma,0.836,False
RAB1B,ENSG00000174903,MONDO_0003196,appendix carcinoma,0.6269,False
RAB1B,ENSG00000174903,MONDO_0003478,childhood ependymoma,0.7217,False
RAB1B,ENSG00000174903,MONDO_0003503,fallopian tube squamous cell carcinoma,0.5955,False
RAB1B,ENSG00000174903,MONDO_0003541,adult acute lymphoblastic leukemia,0.7625,False
RAB1B,ENSG00000174903,MONDO_0003660,adult lymphoma,0.5909,False
RAB1B,ENSG00000174903,MONDO_0003666,fallopian tube endometrioid adenocarcinoma,0.5728,False
RAB1B,ENSG00000174903,MONDO_0003869,childhood brain stem glioma,0.7516,False
RAB1B,ENSG00000174903,MONDO_0003874,ovarian serous surface papillary adenocarcinoma,0.8516,False
RAB1B,ENSG00000174903,MONDO_0003890,infiltrating bladder urothelial carcinoma,0.5133,False
RAB1B,ENSG00000174903,MONDO_0004111,refractory hematologic cancer,0.6674,False
RAB1B,ENSG00000174903,MONDO_0004180,benign urinary system neoplasm,0.7866,False
RAB1B,ENSG00000174903,MONDO_0004222,ovarian clear cell cystadenocarcinoma,0.7766,False
RAB1B,ENSG00000174903,MONDO_0004992,cancer,0.6859,False
RAB1B,ENSG00000174903,MONDO_0005411,gallbladder cancer,0.5787,False
RAB1B,ENSG00000174903,MONDO_0007254,breast cancer,0.6171,False
RAB1B,ENSG00000174903,MONDO_0008170,ovarian cancer,0.5085,False
RAB1B,ENSG00000174903,MONDO_0008315,prostate cancer,0.7656,False
RAB1B,ENSG00000174903,MONDO_0008318,Proteus syndrome,0.9299,False
RAB1B,ENSG00000174903,MONDO_0016216,adult hepatocellular carcinoma,0.7294,False
RAB1B,ENSG00000174903,MONDO_0018521,squamous cell carcinoma of pancreas,0.7771,False
RAB1B,ENSG00000174903,MONDO_0019456,acute myeloid leukemia with multilineage dysplasia,0.645,False
RAB1B,ENSG00000174903,MONDO_0019457,therapy related acute myeloid leukemia and myelodysplastic syndrome,0.7213,False
RAB1B,ENSG00000174903,MONDO_0020657,human papillomavirus-related squamous cell carcinoma,0.8699,False
RAB1B,ENSG00000174903,MONDO_0020690,adult glioblastoma,0.8775,False
RAB1B,ENSG00000174903,MONDO_0021063,malignant colon neoplasm,0.5516,False
RAB1B,ENSG00000174903,MONDO_0021074,precancerous condition,0.6928,False
RAB1B,ENSG00000174903,MONDO_0021115,luminal B breast carcinoma,0.7205,False
RAB1B,ENSG00000174903,MONDO_0021538,verrucous carcinoma of oral cavity,0.7367,False
RAB1B,ENSG00000174903,MONDO_0024327,chronic renal failure syndrome,0.5422,False
RAB1B,ENSG00000174903,MONDO_0036501,refractory malignant neoplasm,0.5432,False
RAB1B,ENSG00000174903,MONDO_0040678,infiltrating urothelial carcinoma,0.8006,False
RAB1B,ENSG00000174903,MONDO_0044710,lip and oral cavity squamous cell carcinoma,0.968,False
RAB1B,ENSG00000174903,MONDO_0044787,nasal cavity and paranasal sinus squamous cell carcinoma,0.8163,False
RAB1B,ENSG00000174903,MONDO_0044964,oral cavity mucoepidermoid carcinoma,0.9661,False
RAB1B,ENSG00000174903,MONDO_0045056,grade II meningioma,0.8985,False
RAB1B,ENSG00000174903,MONDO_0850302,intracranial meningioma,0.5925,False
RAB1B,ENSG00000174903,EFO_0000096,neoplasm of mature B-cells,0.8393,False
RAB1B,ENSG00000174903,EFO_0000196,metastatic prostate cancer,0.6364,False
RAB1B,ENSG00000174903,EFO_0000233,adenosquamous lung carcinoma,0.722,False
RAB1B,ENSG00000174903,EFO_0000304,breast adenocarcinoma,0.7679,False
RAB1B,ENSG00000174903,EFO_0000308,bronchoalveolar adenocarcinoma,0.6358,False
RAB1B,ENSG00000174903,EFO_0000503,gastric adenocarcinoma,0.5538,False
RAB1B,ENSG00000174903,EFO_0000616,neoplasm,0.7976,False
RAB1B,ENSG00000174903,EFO_0000673,prostate adenocarcinoma,0.5156,False
RAB1B,ENSG00000174903,EFO_0001663,prostate carcinoma,0.7037,False
RAB1B,ENSG00000174903,EFO_0002426,neoplasm of mature T-cells or NK-cells,0.8457,False
RAB1B,ENSG00000174903,EFO_0002618,pancreatic carcinoma,0.8412,False
RAB1B,ENSG00000174903,EFO_0003027,acute myeloblastic leukemia without maturation,0.6108,False
RAB1B,ENSG00000174903,EFO_0003028,acute myeloblastic leukemia with maturation,0.9229,False
RAB1B,ENSG00000174903,EFO_0003060,non-small cell lung carcinoma,0.912,False
RAB1B,ENSG00000174903,EFO_0003859,uterine neoplasm,0.664,False
RAB1B,ENSG00000174903,EFO_0003863,urogenital neoplasm,0.7079,False
RAB1B,ENSG00000174903,EFO_0003869,breast neoplasm,0.6775,False
RAB1B,ENSG00000174903,EFO_0003891,biliary tract neoplasm,0.6629,False
RAB1B,ENSG00000174903,EFO_0004284,upper aerodigestive tract neoplasm,0.9556,False
RAB1B,ENSG00000174903,EFO_0004289,lymphoid leukemia,0.5704,False
RAB1B,ENSG00000174903,EFO_0004606,gallbladder neoplasm,0.532,False
RAB1B,ENSG00000174903,EFO_0005537,triple-negative breast cancer,0.7646,False
RAB1B,ENSG00000174903,EFO_0005540,bile duct carcinoma,0.5361,False
RAB1B,ENSG00000174903,EFO_0006861,male breast carcinoma,0.9113,False
RAB1B,ENSG00000174903,EFO_0007532,uterine corpus cancer,0.7159,False
RAB1B,ENSG00000174903,EFO_0009443,BRCAX breast cancer,0.5799,False
RAB1B,ENSG00000174903,EFO_0009780,HER2 negative breast carcinoma,0.9509,False
RAB1B,ENSG00000174903,EFO_0009878,drug interaction,0.7592,False
RAB1B,ENSG00000174903,EFO_0010832,primary central chondrosarcoma,0.5,False
RAB1B,ENSG00000174903,EFO_0020003,drug toxicity,0.701,False
RAB1B,ENSG00000174903,EFO_1000044,pancreatic adenocarcinoma,0.5609,False
RAB1B,ENSG00000174903,EFO_1000131,"Blast Phase Chronic Myelogenous Leukemia, BCR-ABL1 Positive",0.6656,False
RAB1B,ENSG00000174903,EFO_1000238,Endometrial Serous Adenocarcinoma,0.6653,False
RAB1B,ENSG00000174903,EFO_1000251,Fallopian Tube Carcinoma,0.8605,False
RAB1B,ENSG00000174903,EFO_1000253,Fallopian Tube Serous Adenocarcinoma,0.6823,False
RAB1B,ENSG00000174903,EFO_1000294,HER2 Positive Breast Carcinoma,0.769,False
RAB1B,ENSG00000174903,EFO_1000357,Malignant Ovarian Brenner Tumor,0.5886,False
RAB1B,ENSG00000174903,EFO_1000412,Ovarian Carcinosarcoma,0.6443,False
RAB1B,ENSG00000174903,EFO_1000419,Ovarian Germ Cell Tumor,0.8231,False
RAB1B,ENSG00000174903,EFO_1000494,Primary Peritoneal Serous Adenocarcinoma,0.6521,False
RAB1B,ENSG00000174903,EFO_1000616,Uveal Melanoma,0.7723,False
RAB1B,ENSG00000174903,EFO_1000649,estrogen-receptor positive breast cancer,0.5951,False
RAB1B,ENSG00000174903,EFO_1001013,lethal midline granuloma,0.9255,False
RAB1B,ENSG00000174903,EFO_1001100,peritoneal neoplasm,0.973,False
RAB1B,ENSG00000174903,EFO_1001110,pituitary-dependent Cushing's disease,0.8877,False
RAB1B,ENSG00000174903,EFO_1001257,acute erythroblastic leukemia,0.634,False
RAB1B,ENSG00000174903,EFO_1001348,HIV-Associated Lipodystrophy Syndrome,0.8854,False
RAB1B,ENSG00000174903,EFO_1001799,incomplete abortion,0.5486,False
RAB1B,ENSG00000174903,EFO_1001830,precursor T-cell lymphoblastic leukemia-lymphoma,0.5789,False
RAB1B,ENSG00000174903,EFO_1001933,adult acute monocytic leukemia,0.5332,False
RAB1B,ENSG00000174903,EFO_1001934,adult acute myeloid leukemia,0.6822,False
RAB1B,ENSG00000174903,EFO_1001945,childhood acute myeloid leukemia with maturation,0.6296,False
RAB1B,ENSG00000174903,EFO_1001952,endometrial adenosquamous carcinoma,0.7333,False
RAB1B,ENSG00000174903,EFO_1001958,high grade ovarian serous adenocarcinoma,0.9871,False
RAB1B,ENSG00000174903,EFO_1001959,hilar cholangiocarcinoma,0.5457,False
RAB1B,ENSG00000174903,EFO_1001963,ovarian mucinous cystadenocarcinoma,0.6245,False
RAB1B,ENSG00000174903,EFO_1001973,ureter urothelial carcinoma,0.6209,False
RAB1B,ENSG00000174903,EFO_1002001,core binding factor acute myeloid leukemia,0.7548,False
RAB1B,ENSG00000174903,Orphanet_145,Hereditary breast and ovarian cancer syndrome,0.7976,False
RAB20,ENSG00000139832,MONDO_0001852,small intestine lymphoma,0.8635,False
RAB20,ENSG00000139832,MONDO_0001879,anus cancer,0.9539,False
RAB20,ENSG00000139832,MONDO_0002087,peritoneum cancer,0.7692,False
RAB20,ENSG00000139832,MONDO_0002158,fallopian tube cancer,0.797,False
RAB20,ENSG00000139832,MONDO_0002225,ovarian sarcoma,0.7291,False
RAB20,ENSG00000139832,MONDO_0002537,inverted papilloma,0.5794,False
RAB20,ENSG00000139832,MONDO_0002586,thymus cancer,0.8472,False
RAB20,ENSG00000139832,MONDO_0002833,fallopian tube transitional cell carcinoma,0.6554,False
RAB20,ENSG00000139832,MONDO_0002995,"small intestine neuroendocrine tumor, well differentiated, low or intermediate grade",0.9318,False
RAB20,ENSG00000139832,MONDO_0003090,extrahepatic bile duct carcinoma,0.9019,False
RAB20,ENSG00000139832,MONDO_0003196,appendix carcinoma,0.912,False
RAB20,ENSG00000139832,MONDO_0003383,fallopian tube clear cell adenocarcinoma,0.6537,False
RAB20,ENSG00000139832,MONDO_0003478,childhood ependymoma,0.8019,False
RAB20,ENSG00000139832,MONDO_0003503,fallopian tube squamous cell carcinoma,0.6518,False
RAB20,ENSG00000139832,MONDO_0003541,adult acute lymphoblastic leukemia,0.9341,False
RAB20,ENSG00000139832,MONDO_0003572,nasopharyngeal type undifferentiated carcinoma,0.5333,False
RAB20,ENSG00000139832,MONDO_0003659,pediatric lymphoma,0.6429,False
RAB20,ENSG00000139832,MONDO_0003660,adult lymphoma,0.7167,False
RAB20,ENSG00000139832,MONDO_0003666,fallopian tube endometrioid adenocarcinoma,0.7818,False
RAB20,ENSG00000139832,MONDO_0003869,childhood brain stem glioma,0.549,False
RAB20,ENSG00000139832,MONDO_0003874,ovarian serous surface papillary adenocarcinoma,0.8241,False
RAB20,ENSG00000139832,MONDO_0004111,refractory hematologic cancer,0.862,False
RAB20,ENSG00000139832,MONDO_0004180,benign urinary system neoplasm,0.7313,False
RAB20,ENSG00000139832,MONDO_0004222,ovarian clear cell cystadenocarcinoma,0.8949,False
RAB20,ENSG00000139832,MONDO_0004992,cancer,0.7774,False
RAB20,ENSG00000139832,MONDO_0007254,breast cancer,0.6578,False
RAB20,ENSG00000139832,MONDO_0008170,ovarian cancer,0.5773,False
RAB20,ENSG00000139832,MONDO_0008315,prostate cancer,0.6453,False
RAB20,ENSG00000139832,MONDO_0008318,Proteus syndrome,0.8649,False
RAB20,ENSG00000139832,MONDO_0016216,adult hepatocellular carcinoma,0.6234,False
RAB20,ENSG00000139832,MONDO_0017346,Epstein-Barr virus-positive diffuse large B-cell lymphoma of the elderly,0.7057,False
RAB20,ENSG00000139832,MONDO_0018521,squamous cell carcinoma of pancreas,0.7805,False
RAB20,ENSG00000139832,MONDO_0019456,acute myeloid leukemia with multilineage dysplasia,0.9185,False
RAB20,ENSG00000139832,MONDO_0019457,therapy related acute myeloid leukemia and myelodysplastic syndrome,0.945,False
RAB20,ENSG00000139832,MONDO_0019460,acute leukemia of ambiguous lineage,0.5207,False
RAB20,ENSG00000139832,MONDO_0020077,myelodysplastic/myeloproliferative disease,0.7893,False
RAB20,ENSG00000139832,MONDO_0020657,human papillomavirus-related squamous cell carcinoma,0.8118,False
RAB20,ENSG00000139832,MONDO_0020690,adult glioblastoma,0.8835,False
RAB20,ENSG00000139832,MONDO_0020743,mixed phenotype acute leukemia,0.5366,False
RAB20,ENSG00000139832,MONDO_0021535,pancreatic neuroendocrine tumor G1,0.5674,False
RAB20,ENSG00000139832,MONDO_0024327,chronic renal failure syndrome,0.9133,False
RAB20,ENSG00000139832,MONDO_0040678,infiltrating urothelial carcinoma,0.752,False
RAB20,ENSG00000139832,MONDO_0044710,lip and oral cavity squamous cell carcinoma,0.8833,False
RAB20,ENSG00000139832,MONDO_0044787,nasal cavity and paranasal sinus squamous cell carcinoma,0.7913,False
RAB20,ENSG00000139832,MONDO_0044887,central nervous system non-hodgkin lymphoma,0.5435,False
RAB20,ENSG00000139832,MONDO_0044889,high grade B-cell lymphoma,0.6817,False
RAB20,ENSG00000139832,MONDO_0044903,myelofibrosis,0.7631,False
RAB20,ENSG00000139832,MONDO_0044964,oral cavity mucoepidermoid carcinoma,0.9802,False
RAB20,ENSG00000139832,MONDO_0045056,grade II meningioma,0.7674,False
RAB20,ENSG00000139832,MONDO_0850302,intracranial meningioma,0.7436,False
RAB20,ENSG00000139832,EFO_0000096,neoplasm of mature B-cells,0.9414,False
RAB20,ENSG00000139832,EFO_0000196,metastatic prostate cancer,0.5635,False
RAB20,ENSG00000139832,EFO_0000198,myelodysplastic syndrome,0.8436,False
RAB20,ENSG00000139832,EFO_0000211,unspecified peripheral T-cell lymphoma,0.6229,False
RAB20,ENSG00000139832,EFO_0000220,acute lymphoblastic leukemia,0.5985,False
RAB20,ENSG00000139832,EFO_0000221,acute monocytic leukemia,0.706,False
RAB20,ENSG00000139832,EFO_0000223,acute myelomonocytic leukemia,0.6246,False
RAB20,ENSG00000139832,EFO_0000233,adenosquamous lung carcinoma,0.6599,False
RAB20,ENSG00000139832,EFO_0000304,breast adenocarcinoma,0.6559,False
RAB20,ENSG00000139832,EFO_0000330,childhood acute myeloid leukemia,0.8489,False
RAB20,ENSG00000139832,EFO_0000403,diffuse large B-cell lymphoma,0.659,False
RAB20,ENSG00000139832,EFO_0000565,leukemia,0.5137,False
RAB20,ENSG00000139832,EFO_0000574,lymphoma,0.6152,False
RAB20,ENSG00000139832,EFO_0000616,neoplasm,0.8038,False
RAB20,ENSG00000139832,EFO_0000756,melanoma,0.5274,False
RAB20,ENSG00000139832,EFO_0001378,multiple myeloma,0.5463,False
RAB20,ENSG00000139832,EFO_0002426,neoplasm of mature T-cells or NK-cells,0.9412,False
RAB20,ENSG00000139832,EFO_0002618,pancreatic carcinoma,0.8476,False
RAB20,ENSG00000139832,EFO_0003025,acute megakaryoblastic leukaemia,0.5077,False
RAB20,ENSG00000139832,EFO_0003026,minimally differentiated acute myeloblastic leukemia,0.5054,False
RAB20,ENSG00000139832,EFO_0003027,acute myeloblastic leukemia without maturation,0.894,False
RAB20,ENSG00000139832,EFO_0003028,acute myeloblastic leukemia with maturation,0.9806,False
RAB20,ENSG00000139832,EFO_0003060,non-small cell lung carcinoma,0.9045,False
RAB20,ENSG00000139832,EFO_0003859,uterine neoplasm,0.5449,False
RAB20,ENSG00000139832,EFO_0003869,breast neoplasm,0.5497,False
RAB20,ENSG00000139832,EFO_0003876,intermittent vascular claudication,0.6274,False
RAB20,ENSG00000139832,EFO_0004284,upper aerodigestive tract neoplasm,0.9729,False
RAB20,ENSG00000139832,EFO_0004289,lymphoid leukemia,0.5902,False
RAB20,ENSG00000139832,EFO_0004599,acute graft vs. host disease,0.5814,False
RAB20,ENSG00000139832,EFO_0005537,triple-negative breast cancer,0.7553,False
RAB20,ENSG00000139832,EFO_0005952,non-Hodgkins lymphoma,0.5715,False
RAB20,ENSG00000139832,EFO_0006732,pancreatic adenosquamous carcinoma,0.5135,False
RAB20,ENSG00000139832,EFO_0006861,male breast carcinoma,0.832,False
RAB20,ENSG00000139832,EFO_0007532,uterine corpus cancer,0.5733,False
RAB20,ENSG00000139832,EFO_0009780,HER2 negative breast carcinoma,0.8768,False
RAB20,ENSG00000139832,EFO_0009878,drug interaction,0.8859,False
RAB20,ENSG00000139832,EFO_0010580,blastic plasmacytoid dendritic cell neoplasm,0.7314,False
RAB20,ENSG00000139832,EFO_0010832,primary central chondrosarcoma,0.7667,False
RAB20,ENSG00000139832,EFO_0020003,drug toxicity,0.8423,False
RAB20,ENSG00000139832,EFO_1000044,pancreatic adenocarcinoma,0.5134,False
RAB20,ENSG00000139832,EFO_1000131,"Blast Phase Chronic Myelogenous Leukemia, BCR-ABL1 Positive",0.8192,False
RAB20,ENSG00000139832,EFO_1000238,Endometrial Serous Adenocarcinoma,0.6628,False
RAB20,ENSG00000139832,EFO_1000251,Fallopian Tube Carcinoma,0.8745,False
RAB20,ENSG00000139832,EFO_1000253,Fallopian Tube Serous Adenocarcinoma,0.5065,False
RAB20,ENSG00000139832,EFO_1000407,Olfactory Neuroblastoma,0.5202,False
RAB20,ENSG00000139832,EFO_1000412,Ovarian Carcinosarcoma,0.643,False
RAB20,ENSG00000139832,EFO_1000419,Ovarian Germ Cell Tumor,0.9378,False
RAB20,ENSG00000139832,EFO_1000494,Primary Peritoneal Serous Adenocarcinoma,0.8338,False
RAB20,ENSG00000139832,EFO_1000616,Uveal Melanoma,0.6711,False
RAB20,ENSG00000139832,EFO_1001013,lethal midline granuloma,0.9751,False
RAB20,ENSG00000139832,EFO_1001100,peritoneal neoplasm,0.9545,False
RAB20,ENSG00000139832,EFO_1001110,pituitary-dependent Cushing's disease,0.8914,False
RAB20,ENSG00000139832,EFO_1001257,acute erythroblastic leukemia,0.9006,False
RAB20,ENSG00000139832,EFO_1001348,HIV-Associated Lipodystrophy Syndrome,0.9061,False
RAB20,ENSG00000139832,EFO_1001779,chronic myelomonocytic leukemia,0.529,False
RAB20,ENSG00000139832,EFO_1001799,incomplete abortion,0.6435,False
RAB20,ENSG00000139832,EFO_1001830,precursor T-cell lymphoblastic leukemia-lymphoma,0.642,False
RAB20,ENSG00000139832,EFO_1001932,adult acute megakaryoblastic leukemia,0.7253,False
RAB20,ENSG00000139832,EFO_1001933,adult acute monocytic leukemia,0.8767,False
RAB20,ENSG00000139832,EFO_1001934,adult acute myeloid leukemia,0.9421,False
RAB20,ENSG00000139832,EFO_1001935,adult B acute lymphoblastic leukemia,0.737,False
RAB20,ENSG00000139832,EFO_1001945,childhood acute myeloid leukemia with maturation,0.9237,False
RAB20,ENSG00000139832,EFO_1001946,childhood B acute lymphoblastic leukemia,0.6871,False
RAB20,ENSG00000139832,EFO_1001947,childhood T acute lymphoblastic leukemia,0.697,False
RAB20,ENSG00000139832,EFO_1001952,endometrial adenosquamous carcinoma,0.728,False
RAB20,ENSG00000139832,EFO_1001953,"endometrial endometrioid adenocarcinoma, variant with squamous differentiation",0.5049,False
RAB20,ENSG00000139832,EFO_1001958,high grade ovarian serous adenocarcinoma,0.9816,False
RAB20,ENSG00000139832,EFO_1001959,hilar cholangiocarcinoma,0.5673,False
RAB20,ENSG00000139832,EFO_1001963,ovarian mucinous cystadenocarcinoma,0.8079,False
RAB20,ENSG00000139832,EFO_1002001,core binding factor acute myeloid leukemia,0.8876,False
RAB20,ENSG00000139832,Orphanet_145,Hereditary breast and ovarian cancer syndrome,0.8734,False
RAB21,ENSG00000080371,MONDO_0001852,small intestine lymphoma,0.5768,False
RAB21,ENSG00000080371,MONDO_0001879,anus cancer,0.9053,False
RAB21,ENSG00000080371,MONDO_0002087,peritoneum cancer,0.548,False
RAB21,ENSG00000080371,MONDO_0002225,ovarian sarcoma,0.5313,False
RAB21,ENSG00000080371,MONDO_0002586,thymus cancer,0.7443,False
RAB21,ENSG00000080371,MONDO_0002995,"small intestine neuroendocrine tumor, well differentiated, low or intermediate grade",0.8765,False
RAB21,ENSG00000080371,MONDO_0003090,extrahepatic bile duct carcinoma,0.7149,False
RAB21,ENSG00000080371,MONDO_0003478,childhood ependymoma,0.5056,False
RAB21,ENSG00000080371,MONDO_0003541,adult acute lymphoblastic leukemia,0.7305,False
RAB21,ENSG00000080371,MONDO_0003869,childhood brain stem glioma,0.6624,False
RAB21,ENSG00000080371,MONDO_0003874,ovarian serous surface papillary adenocarcinoma,0.672,False
RAB21,ENSG00000080371,MONDO_0004111,refractory hematologic cancer,0.7648,False
RAB21,ENSG00000080371,MONDO_0004180,benign urinary system neoplasm,0.5526,False
RAB21,ENSG00000080371,MONDO_0007254,breast cancer,0.5242,False
RAB21,ENSG00000080371,MONDO_0008170,ovarian cancer,0.5297,False
RAB21,ENSG00000080371,MONDO_0008315,prostate cancer,0.6487,False
RAB21,ENSG00000080371,MONDO_0008318,Proteus syndrome,0.815,False
RAB21,ENSG00000080371,MONDO_0016216,adult hepatocellular carcinoma,0.5759,False
RAB21,ENSG00000080371,MONDO_0019456,acute myeloid leukemia with multilineage dysplasia,0.7196,False
RAB21,ENSG00000080371,MONDO_0019457,therapy related acute myeloid leukemia and myelodysplastic syndrome,0.7026,False
RAB21,ENSG00000080371,MONDO_0020657,human papillomavirus-related squamous cell carcinoma,0.6707,False
RAB21,ENSG00000080371,MONDO_0020690,adult glioblastoma,0.9053,False
RAB21,ENSG00000080371,MONDO_0021538,verrucous carcinoma of oral cavity,0.5366,False
RAB21,ENSG00000080371,MONDO_0024327,chronic renal failure syndrome,0.5869,False
RAB21,ENSG00000080371,MONDO_0044710,lip and oral cavity squamous cell carcinoma,0.9424,False
RAB21,ENSG00000080371,MONDO_0044787,nasal cavity and paranasal sinus squamous cell carcinoma,0.6666,False
RAB21,ENSG00000080371,MONDO_0044964,oral cavity mucoepidermoid carcinoma,0.948,False
RAB21,ENSG00000080371,MONDO_0045056,grade II meningioma,0.8044,False
RAB21,ENSG00000080371,EFO_0000096,neoplasm of mature B-cells,0.7215,False
RAB21,ENSG00000080371,EFO_0000304,breast adenocarcinoma,0.5651,False
RAB21,ENSG00000080371,EFO_0000330,childhood acute myeloid leukemia,0.6297,False
RAB21,ENSG00000080371,EFO_0000616,neoplasm,0.6067,False
RAB21,ENSG00000080371,EFO_0002426,neoplasm of mature T-cells or NK-cells,0.8988,False
RAB21,ENSG00000080371,EFO_0002618,pancreatic carcinoma,0.7424,False
RAB21,ENSG00000080371,EFO_0003027,acute myeloblastic leukemia without maturation,0.7007,False
RAB21,ENSG00000080371,EFO_0003028,acute myeloblastic leukemia with maturation,0.9559,False
RAB21,ENSG00000080371,EFO_0003060,non-small cell lung carcinoma,0.9052,False
RAB21,ENSG00000080371,EFO_0003863,urogenital neoplasm,0.5774,False
RAB21,ENSG00000080371,EFO_0004284,upper aerodigestive tract neoplasm,0.9577,False
RAB21,ENSG00000080371,EFO_0005537,triple-negative breast cancer,0.6838,False
RAB21,ENSG00000080371,EFO_0006861,male breast carcinoma,0.7778,False
RAB21,ENSG00000080371,EFO_0009780,HER2 negative breast carcinoma,0.7736,False
RAB21,ENSG00000080371,EFO_0009878,drug interaction,0.6484,False
RAB21,ENSG00000080371,EFO_0020003,drug toxicity,0.7182,False
RAB21,ENSG00000080371,EFO_1000131,"Blast Phase Chronic Myelogenous Leukemia, BCR-ABL1 Positive",0.5452,False
RAB21,ENSG00000080371,EFO_1000251,Fallopian Tube Carcinoma,0.7849,False
RAB21,ENSG00000080371,EFO_1000494,Primary Peritoneal Serous Adenocarcinoma,0.5363,False
RAB21,ENSG00000080371,EFO_1000616,Uveal Melanoma,0.7235,False
RAB21,ENSG00000080371,EFO_1000649,estrogen-receptor positive breast cancer,0.5249,False
RAB21,ENSG00000080371,EFO_1001013,lethal midline granuloma,0.9325,False
RAB21,ENSG00000080371,EFO_1001100,peritoneal neoplasm,0.9311,False
RAB21,ENSG00000080371,EFO_1001110,pituitary-dependent Cushing's disease,0.7211,False
RAB21,ENSG00000080371,EFO_1001257,acute erythroblastic leukemia,0.5648,False
RAB21,ENSG00000080371,EFO_1001348,HIV-Associated Lipodystrophy Syndrome,0.6707,False
RAB21,ENSG00000080371,EFO_1001799,incomplete abortion,0.5133,False
RAB21,ENSG00000080371,EFO_1001933,adult acute monocytic leukemia,0.5039,False
RAB21,ENSG00000080371,EFO_1001934,adult acute myeloid leukemia,0.7394,False
RAB21,ENSG00000080371,EFO_1001945,childhood acute myeloid leukemia with maturation,0.7618,False
RAB21,ENSG00000080371,EFO_1001952,endometrial adenosquamous carcinoma,0.6239,False
RAB21,ENSG00000080371,EFO_1001958,high grade ovarian serous adenocarcinoma,0.9609,False
RAB21,ENSG00000080371,EFO_1001963,ovarian mucinous cystadenocarcinoma,0.5005,False
RAB21,ENSG00000080371,EFO_1002001,core binding factor acute myeloid leukemia,0.7755,False
RAB21,ENSG00000080371,Orphanet_145,Hereditary breast and ovarian cancer syndrome,0.6444,False
RAB22A,ENSG00000124209,MONDO_0001187,urinary bladder cancer,0.5621,False
RAB22A,ENSG00000124209,MONDO_0002833,fallopian tube transitional cell carcinoma,0.6662,False
RAB22A,ENSG00000124209,MONDO_0002995,"small intestine neuroendocrine tumor, well differentiated, low or intermediate grade",0.742,False
RAB22A,ENSG00000124209,MONDO_0003869,childhood brain stem glioma,0.5622,False
RAB22A,ENSG00000124209,MONDO_0004111,refractory hematologic cancer,0.7698,False
RAB22A,ENSG00000124209,MONDO_0004180,benign urinary system neoplasm,0.5177,False
RAB22A,ENSG00000124209,MONDO_0020657,human papillomavirus-related squamous cell carcinoma,0.6533,False
RAB22A,ENSG00000124209,MONDO_0020690,adult glioblastoma,0.8818,False
RAB22A,ENSG00000124209,MONDO_0024327,chronic renal failure syndrome,0.7412,False
RAB22A,ENSG00000124209,MONDO_0044710,lip and oral cavity squamous cell carcinoma,0.9137,False
RAB22A,ENSG00000124209,MONDO_0044964,oral cavity mucoepidermoid carcinoma,0.5734,False
RAB22A,ENSG00000124209,MONDO_0045056,grade II meningioma,0.5995,False
RAB22A,ENSG00000124209,EFO_0000616,neoplasm,0.6597,False
RAB22A,ENSG00000124209,EFO_0002426,neoplasm of mature T-cells or NK-cells,0.6468,False
RAB22A,ENSG00000124209,EFO_0003028,acute myeloblastic leukemia with maturation,0.7186,False
RAB22A,ENSG00000124209,EFO_0003060,non-small cell lung carcinoma,0.5686,False
RAB22A,ENSG00000124209,EFO_0004284,upper aerodigestive tract neoplasm,0.8657,False
RAB22A,ENSG00000124209,EFO_0009052,Pleuropulmonary blastoma,0.6184,False
RAB22A,ENSG00000124209,EFO_0009780,HER2 negative breast carcinoma,0.5956,False
RAB22A,ENSG00000124209,EFO_0009878,drug interaction,0.5012,False
RAB22A,ENSG00000124209,EFO_0020003,drug toxicity,0.7152,False
RAB22A,ENSG00000124209,EFO_1000251,Fallopian Tube Carcinoma,0.8115,False
RAB22A,ENSG00000124209,EFO_1000253,Fallopian Tube Serous Adenocarcinoma,0.556,False
RAB22A,ENSG00000124209,EFO_1000494,Primary Peritoneal Serous Adenocarcinoma,0.5151,False
RAB22A,ENSG00000124209,EFO_1001013,lethal midline granuloma,0.5637,False
RAB22A,ENSG00000124209,EFO_1001100,peritoneal neoplasm,0.8733,False
RAB22A,ENSG00000124209,EFO_1001110,pituitary-dependent Cushing's disease,0.6076,False
RAB22A,ENSG00000124209,EFO_1001348,HIV-Associated Lipodystrophy Syndrome,0.7779,False
RAB22A,ENSG00000124209,EFO_1001799,incomplete abortion,0.7582,False
RAB22A,ENSG00000124209,EFO_1001958,high grade ovarian serous adenocarcinoma,0.8353,False
RAB23,ENSG00000112210,MONDO_0000645,fallopian tube benign neoplasm,0.502,False
RAB23,ENSG00000112210,MONDO_0001187,urinary bladder cancer,0.6295,False
RAB23,ENSG00000112210,MONDO_0001852,small intestine lymphoma,0.6853,False
RAB23,ENSG00000112210,MONDO_0001879,anus cancer,0.9284,False
RAB23,ENSG00000112210,MONDO_0002087,peritoneum cancer,0.765,False
RAB23,ENSG00000112210,MONDO_0002158,fallopian tube cancer,0.8283,False
RAB23,ENSG00000112210,MONDO_0002586,thymus cancer,0.7722,False
RAB23,ENSG00000112210,MONDO_0002833,fallopian tube transitional cell carcinoma,0.5888,False
RAB23,ENSG00000112210,MONDO_0002995,"small intestine neuroendocrine tumor, well differentiated, low or intermediate grade",0.9376,False
RAB23,ENSG00000112210,MONDO_0003090,extrahepatic bile duct carcinoma,0.7776,False
RAB23,ENSG00000112210,MONDO_0003196,appendix carcinoma,0.733,False
RAB23,ENSG00000112210,MONDO_0003383,fallopian tube clear cell adenocarcinoma,0.6544,False
RAB23,ENSG00000112210,MONDO_0003478,childhood ependymoma,0.6814,False
RAB23,ENSG00000112210,MONDO_0003503,fallopian tube squamous cell carcinoma,0.6072,False
RAB23,ENSG00000112210,MONDO_0003541,adult acute lymphoblastic leukemia,0.809,False
RAB23,ENSG00000112210,MONDO_0003660,adult lymphoma,0.5186,False
RAB23,ENSG00000112210,MONDO_0003666,fallopian tube endometrioid adenocarcinoma,0.7993,False
RAB23,ENSG00000112210,MONDO_0003869,childhood brain stem glioma,0.6375,False
RAB23,ENSG00000112210,MONDO_0003874,ovarian serous surface papillary adenocarcinoma,0.7185,False
RAB23,ENSG00000112210,MONDO_0004111,refractory hematologic cancer,0.8646,False
RAB23,ENSG00000112210,MONDO_0004180,benign urinary system neoplasm,0.5344,False
RAB23,ENSG00000112210,MONDO_0004222,ovarian clear cell cystadenocarcinoma,0.8456,False
RAB23,ENSG00000112210,MONDO_0004992,cancer,0.8739,False
RAB23,ENSG00000112210,MONDO_0007254,breast cancer,0.7028,False
RAB23,ENSG00000112210,MONDO_0008170,ovarian cancer,0.5369,False
RAB23,ENSG00000112210,MONDO_0008315,prostate cancer,0.7044,False
RAB23,ENSG00000112210,MONDO_0008318,Proteus syndrome,0.7524,False
RAB23,ENSG00000112210,MONDO_0016216,adult hepatocellular carcinoma,0.5405,False
RAB23,ENSG00000112210,MONDO_0018521,squamous cell carcinoma of pancreas,0.7106,False
RAB23,ENSG00000112210,MONDO_0019456,acute myeloid leukemia with multilineage dysplasia,0.7688,False
RAB23,ENSG00000112210,MONDO_0019457,therapy related acute myeloid leukemia and myelodysplastic syndrome,0.8827,False
RAB23,ENSG00000112210,MONDO_0020077,myelodysplastic/myeloproliferative disease,0.6703,False
RAB23,ENSG00000112210,MONDO_0020657,human papillomavirus-related squamous cell carcinoma,0.7544,False
RAB23,ENSG00000112210,MONDO_0020690,adult glioblastoma,0.9169,False
RAB23,ENSG00000112210,MONDO_0021074,precancerous condition,0.6319,False
RAB23,ENSG00000112210,MONDO_0021535,pancreatic neuroendocrine tumor G1,0.5131,False
RAB23,ENSG00000112210,MONDO_0024327,chronic renal failure syndrome,0.9474,False
RAB23,ENSG00000112210,MONDO_0036501,refractory malignant neoplasm,0.5439,False
RAB23,ENSG00000112210,MONDO_0040678,infiltrating urothelial carcinoma,0.5942,False
RAB23,ENSG00000112210,MONDO_0044710,lip and oral cavity squamous cell carcinoma,0.9422,False
RAB23,ENSG00000112210,MONDO_0044787,nasal cavity and paranasal sinus squamous cell carcinoma,0.6645,False
RAB23,ENSG00000112210,MONDO_0044889,high grade B-cell lymphoma,0.513,False
RAB23,ENSG00000112210,MONDO_0044903,myelofibrosis,0.5989,False
RAB23,ENSG00000112210,MONDO_0044964,oral cavity mucoepidermoid carcinoma,0.9717,False
RAB23,ENSG00000112210,MONDO_0045056,grade II meningioma,0.8387,False
RAB23,ENSG00000112210,MONDO_0850302,intracranial meningioma,0.6654,False
RAB23,ENSG00000112210,EFO_0000096,neoplasm of mature B-cells,0.9127,False
RAB23,ENSG00000112210,EFO_0000198,myelodysplastic syndrome,0.5897,False
RAB23,ENSG00000112210,EFO_0000233,adenosquamous lung carcinoma,0.606,False
RAB23,ENSG00000112210,EFO_0000304,breast adenocarcinoma,0.5422,False
RAB23,ENSG00000112210,EFO_0000330,childhood acute myeloid leukemia,0.7513,False
RAB23,ENSG00000112210,EFO_0000574,lymphoma,0.6132,False
RAB23,ENSG00000112210,EFO_0000616,neoplasm,0.8604,False
RAB23,ENSG00000112210,EFO_0001378,multiple myeloma,0.6866,False
RAB23,ENSG00000112210,EFO_0002426,neoplasm of mature T-cells or NK-cells,0.8395,False
RAB23,ENSG00000112210,EFO_0002618,pancreatic carcinoma,0.8231,False
RAB23,ENSG00000112210,EFO_0003027,acute myeloblastic leukemia without maturation,0.7613,False
RAB23,ENSG00000112210,EFO_0003028,acute myeloblastic leukemia with maturation,0.9647,False
RAB23,ENSG00000112210,EFO_0003060,non-small cell lung carcinoma,0.9016,False
RAB23,ENSG00000112210,EFO_0003859,uterine neoplasm,0.5015,False
RAB23,ENSG00000112210,EFO_0003869,breast neoplasm,0.5348,False
RAB23,ENSG00000112210,EFO_0003876,intermittent vascular claudication,0.6079,False
RAB23,ENSG00000112210,EFO_0004284,upper aerodigestive tract neoplasm,0.9828,False
RAB23,ENSG00000112210,EFO_0004599,acute graft vs. host disease,0.545,False
RAB23,ENSG00000112210,EFO_0006861,male breast carcinoma,0.8687,False
RAB23,ENSG00000112210,EFO_0009780,HER2 negative breast carcinoma,0.77,False
RAB23,ENSG00000112210,EFO_0009878,drug interaction,0.8661,False
RAB23,ENSG00000112210,EFO_0020003,drug toxicity,0.8615,False
RAB23,ENSG00000112210,EFO_1000131,"Blast Phase Chronic Myelogenous Leukemia, BCR-ABL1 Positive",0.642,False
RAB23,ENSG00000112210,EFO_1000238,Endometrial Serous Adenocarcinoma,0.5267,False
RAB23,ENSG00000112210,EFO_1000251,Fallopian Tube Carcinoma,0.8727,False
RAB23,ENSG00000112210,EFO_1000253,Fallopian Tube Serous Adenocarcinoma,0.5868,False
RAB23,ENSG00000112210,EFO_1000419,Ovarian Germ Cell Tumor,0.8478,False
RAB23,ENSG00000112210,EFO_1000494,Primary Peritoneal Serous Adenocarcinoma,0.8482,False
RAB23,ENSG00000112210,EFO_1000616,Uveal Melanoma,0.6669,False
RAB23,ENSG00000112210,EFO_1000652,acute pancreatitis,0.5717,False
RAB23,ENSG00000112210,EFO_1001013,lethal midline granuloma,0.9533,False
RAB23,ENSG00000112210,EFO_1001100,peritoneal neoplasm,0.9529,False
RAB23,ENSG00000112210,EFO_1001110,pituitary-dependent Cushing's disease,0.9047,False
RAB23,ENSG00000112210,EFO_1001257,acute erythroblastic leukemia,0.721,False
RAB23,ENSG00000112210,EFO_1001348,HIV-Associated Lipodystrophy Syndrome,0.945,False
RAB23,ENSG00000112210,EFO_1001799,incomplete abortion,0.734,False
RAB23,ENSG00000112210,EFO_1001933,adult acute monocytic leukemia,0.6788,False
RAB23,ENSG00000112210,EFO_1001934,adult acute myeloid leukemia,0.837,False
RAB23,ENSG00000112210,EFO_1001945,childhood acute myeloid leukemia with maturation,0.8377,False
RAB23,ENSG00000112210,EFO_1001952,endometrial adenosquamous carcinoma,0.6187,False
RAB23,ENSG00000112210,EFO_1001958,high grade ovarian serous adenocarcinoma,0.9878,False
RAB23,ENSG00000112210,EFO_1001963,ovarian mucinous cystadenocarcinoma,0.6295,False
RAB23,ENSG00000112210,EFO_1002001,core binding factor acute myeloid leukemia,0.7763,False
RAB23,ENSG00000112210,Orphanet_145,Hereditary breast and ovarian cancer syndrome,0.7883,False
RAB24,ENSG00000169228,MONDO_0001852,small intestine lymphoma,0.714,False
RAB24,ENSG00000169228,MONDO_0001879,anus cancer,0.9269,False
RAB24,ENSG00000169228,MONDO_0002087,peritoneum cancer,0.613,False
RAB24,ENSG00000169228,MONDO_0002158,fallopian tube cancer,0.6543,False
RAB24,ENSG00000169228,MONDO_0002586,thymus cancer,0.7961,False
RAB24,ENSG00000169228,MONDO_0002995,"small intestine neuroendocrine tumor, well differentiated, low or intermediate grade",0.9123,False
RAB24,ENSG00000169228,MONDO_0003090,extrahepatic bile duct carcinoma,0.7423,False
RAB24,ENSG00000169228,MONDO_0003196,appendix carcinoma,0.7226,False
RAB24,ENSG00000169228,MONDO_0003478,childhood ependymoma,0.5965,False
RAB24,ENSG00000169228,MONDO_0003503,fallopian tube squamous cell carcinoma,0.5151,False
RAB24,ENSG00000169228,MONDO_0003541,adult acute lymphoblastic leukemia,0.8503,False
RAB24,ENSG00000169228,MONDO_0003666,fallopian tube endometrioid adenocarcinoma,0.6175,False
RAB24,ENSG00000169228,MONDO_0003874,ovarian serous surface papillary adenocarcinoma,0.6633,False
RAB24,ENSG00000169228,MONDO_0004111,refractory hematologic cancer,0.9022,False
RAB24,ENSG00000169228,MONDO_0004180,benign urinary system neoplasm,0.5219,False
RAB24,ENSG00000169228,MONDO_0004222,ovarian clear cell cystadenocarcinoma,0.7494,False
RAB24,ENSG00000169228,MONDO_0004992,cancer,0.6239,False
RAB24,ENSG00000169228,MONDO_0007254,breast cancer,0.6269,False
RAB24,ENSG00000169228,MONDO_0008315,prostate cancer,0.5789,False
RAB24,ENSG00000169228,MONDO_0008318,Proteus syndrome,0.7106,False
RAB24,ENSG00000169228,MONDO_0018521,squamous cell carcinoma of pancreas,0.6958,False
RAB24,ENSG00000169228,MONDO_0019456,acute myeloid leukemia with multilineage dysplasia,0.8781,False
RAB24,ENSG00000169228,MONDO_0019457,therapy related acute myeloid leukemia and myelodysplastic syndrome,0.9053,False
RAB24,ENSG00000169228,MONDO_0020077,myelodysplastic/myeloproliferative disease,0.6173,False
RAB24,ENSG00000169228,MONDO_0020657,human papillomavirus-related squamous cell carcinoma,0.6164,False
RAB24,ENSG00000169228,MONDO_0020690,adult glioblastoma,0.8805,False
RAB24,ENSG00000169228,MONDO_0024327,chronic renal failure syndrome,0.8542,False
RAB24,ENSG00000169228,MONDO_0044710,lip and oral cavity squamous cell carcinoma,0.8891,False
RAB24,ENSG00000169228,MONDO_0044787,nasal cavity and paranasal sinus squamous cell carcinoma,0.6482,False
RAB24,ENSG00000169228,MONDO_0044889,high grade B-cell lymphoma,0.5012,False
RAB24,ENSG00000169228,MONDO_0044903,myelofibrosis,0.6308,False
RAB24,ENSG00000169228,MONDO_0044964,oral cavity mucoepidermoid carcinoma,0.9613,False
RAB24,ENSG00000169228,MONDO_0045056,grade II meningioma,0.7262,False
RAB24,ENSG00000169228,MONDO_0850302,intracranial meningioma,0.599,False
RAB24,ENSG00000169228,EFO_0000096,neoplasm of mature B-cells,0.8733,False
RAB24,ENSG00000169228,EFO_0000198,myelodysplastic syndrome,0.7444,False
RAB24,ENSG00000169228,EFO_0000221,acute monocytic leukemia,0.5836,False
RAB24,ENSG00000169228,EFO_0000330,childhood acute myeloid leukemia,0.8049,False
RAB24,ENSG00000169228,EFO_0000403,diffuse large B-cell lymphoma,0.5644,False
RAB24,ENSG00000169228,EFO_0000616,neoplasm,0.7811,False
RAB24,ENSG00000169228,EFO_0002426,neoplasm of mature T-cells or NK-cells,0.9342,False
RAB24,ENSG00000169228,EFO_0002618,pancreatic carcinoma,0.7586,False
RAB24,ENSG00000169228,EFO_0003027,acute myeloblastic leukemia without maturation,0.8024,False
RAB24,ENSG00000169228,EFO_0003028,acute myeloblastic leukemia with maturation,0.9748,False
RAB24,ENSG00000169228,EFO_0003060,non-small cell lung carcinoma,0.8466,False
RAB24,ENSG00000169228,EFO_0004284,upper aerodigestive tract neoplasm,0.9606,False
RAB24,ENSG00000169228,EFO_0005537,triple-negative breast cancer,0.7474,False
RAB24,ENSG00000169228,EFO_0006861,male breast carcinoma,0.6352,False
RAB24,ENSG00000169228,EFO_0009780,HER2 negative breast carcinoma,0.6901,False
RAB24,ENSG00000169228,EFO_0009878,drug interaction,0.8443,False
RAB24,ENSG00000169228,EFO_0010580,blastic plasmacytoid dendritic cell neoplasm,0.5468,False
RAB24,ENSG00000169228,EFO_0020003,drug toxicity,0.8985,False
RAB24,ENSG00000169228,EFO_1000131,"Blast Phase Chronic Myelogenous Leukemia, BCR-ABL1 Positive",0.6669,False
RAB24,ENSG00000169228,EFO_1000251,Fallopian Tube Carcinoma,0.8074,False
RAB24,ENSG00000169228,EFO_1000419,Ovarian Germ Cell Tumor,0.8171,False
RAB24,ENSG00000169228,EFO_1000494,Primary Peritoneal Serous Adenocarcinoma,0.7372,False
RAB24,ENSG00000169228,EFO_1000616,Uveal Melanoma,0.6398,False
RAB24,ENSG00000169228,EFO_1001013,lethal midline granuloma,0.9669,False
RAB24,ENSG00000169228,EFO_1001100,peritoneal neoplasm,0.925,False
RAB24,ENSG00000169228,EFO_1001110,pituitary-dependent Cushing's disease,0.8292,False
RAB24,ENSG00000169228,EFO_1001257,acute erythroblastic leukemia,0.761,False
RAB24,ENSG00000169228,EFO_1001348,HIV-Associated Lipodystrophy Syndrome,0.8669,False
RAB24,ENSG00000169228,EFO_1001799,incomplete abortion,0.7138,False
RAB24,ENSG00000169228,EFO_1001932,adult acute megakaryoblastic leukemia,0.5053,False
RAB24,ENSG00000169228,EFO_1001933,adult acute monocytic leukemia,0.7217,False
RAB24,ENSG00000169228,EFO_1001934,adult acute myeloid leukemia,0.8864,False
RAB24,ENSG00000169228,EFO_1001945,childhood acute myeloid leukemia with maturation,0.8651,False
RAB24,ENSG00000169228,EFO_1001947,childhood T acute lymphoblastic leukemia,0.5125,False
RAB24,ENSG00000169228,EFO_1001952,endometrial adenosquamous carcinoma,0.5995,False
RAB24,ENSG00000169228,EFO_1001958,high grade ovarian serous adenocarcinoma,0.9674,False
RAB24,ENSG00000169228,EFO_1001963,ovarian mucinous cystadenocarcinoma,0.6357,False
RAB24,ENSG00000169228,EFO_1002001,core binding factor acute myeloid leukemia,0.8512,False
RAB24,ENSG00000169228,Orphanet_145,Hereditary breast and ovarian cancer syndrome,0.7353,False
RAB25,ENSG00000132698,MONDO_0001852,small intestine lymphoma,0.5626,False
RAB25,ENSG00000132698,MONDO_0001879,anus cancer,0.7939,False
RAB25,ENSG00000132698,MONDO_0002158,fallopian tube cancer,0.5142,False
RAB25,ENSG00000132698,MONDO_0002586,thymus cancer,0.5216,False
RAB25,ENSG00000132698,MONDO_0002995,"small intestine neuroendocrine tumor, well differentiated, low or intermediate grade",0.8012,False
RAB25,ENSG00000132698,MONDO_0003090,extrahepatic bile duct carcinoma,0.5439,False
RAB25,ENSG00000132698,MONDO_0003196,appendix carcinoma,0.5292,False
RAB25,ENSG00000132698,MONDO_0003541,adult acute lymphoblastic leukemia,0.7107,False
RAB25,ENSG00000132698,MONDO_0004111,refractory hematologic cancer,0.8976,False
RAB25,ENSG00000132698,MONDO_0008318,Proteus syndrome,0.5045,False
RAB25,ENSG00000132698,MONDO_0019456,acute myeloid leukemia with multilineage dysplasia,0.8388,False
RAB25,ENSG00000132698,MONDO_0019457,therapy related acute myeloid leukemia and myelodysplastic syndrome,0.7439,False
RAB25,ENSG00000132698,MONDO_0020077,myelodysplastic/myeloproliferative disease,0.508,False
RAB25,ENSG00000132698,MONDO_0020690,adult glioblastoma,0.8569,False
RAB25,ENSG00000132698,MONDO_0024327,chronic renal failure syndrome,0.9006,False
RAB25,ENSG00000132698,MONDO_0044710,lip and oral cavity squamous cell carcinoma,0.8668,False
RAB25,ENSG00000132698,MONDO_0044964,oral cavity mucoepidermoid carcinoma,0.9113,False
RAB25,ENSG00000132698,EFO_0000096,neoplasm of mature B-cells,0.6548,False
RAB25,ENSG00000132698,EFO_0000198,myelodysplastic syndrome,0.5475,False
RAB25,ENSG00000132698,EFO_0000330,childhood acute myeloid leukemia,0.7436,False
RAB25,ENSG00000132698,EFO_0000616,neoplasm,0.6587,False
RAB25,ENSG00000132698,EFO_0002426,neoplasm of mature T-cells or NK-cells,0.8492,False
RAB25,ENSG00000132698,EFO_0003027,acute myeloblastic leukemia without maturation,0.6999,False
RAB25,ENSG00000132698,EFO_0003028,acute myeloblastic leukemia with maturation,0.9591,False
RAB25,ENSG00000132698,EFO_0003060,non-small cell lung carcinoma,0.7188,False
RAB25,ENSG00000132698,EFO_0004284,upper aerodigestive tract neoplasm,0.9176,False
RAB25,ENSG00000132698,EFO_0006861,male breast carcinoma,0.5494,False
RAB25,ENSG00000132698,EFO_0009878,drug interaction,0.8245,False
RAB25,ENSG00000132698,EFO_0020003,drug toxicity,0.882,False
RAB25,ENSG00000132698,EFO_1000251,Fallopian Tube Carcinoma,0.7422,False
RAB25,ENSG00000132698,EFO_1000419,Ovarian Germ Cell Tumor,0.5024,False
RAB25,ENSG00000132698,EFO_1000494,Primary Peritoneal Serous Adenocarcinoma,0.54,False
RAB25,ENSG00000132698,EFO_1000616,Uveal Melanoma,0.553,False
RAB25,ENSG00000132698,EFO_1001013,lethal midline granuloma,0.9203,False
RAB25,ENSG00000132698,EFO_1001100,peritoneal neoplasm,0.8941,False
RAB25,ENSG00000132698,EFO_1001110,pituitary-dependent Cushing's disease,0.8436,False
RAB25,ENSG00000132698,EFO_1001257,acute erythroblastic leukemia,0.5621,False
RAB25,ENSG00000132698,EFO_1001348,HIV-Associated Lipodystrophy Syndrome,0.752,False
RAB25,ENSG00000132698,EFO_1001799,incomplete abortion,0.6953,False
RAB25,ENSG00000132698,EFO_1001934,adult acute myeloid leukemia,0.7761,False
RAB25,ENSG00000132698,EFO_1001945,childhood acute myeloid leukemia with maturation,0.7981,False
RAB25,ENSG00000132698,EFO_1001958,high grade ovarian serous adenocarcinoma,0.9323,False
RAB25,ENSG00000132698,EFO_1002001,core binding factor acute myeloid leukemia,0.7147,False
RAB26,ENSG00000167964,MONDO_0001187,urinary bladder cancer,0.5052,False
RAB26,ENSG00000167964,MONDO_0001852,small intestine lymphoma,0.5066,False
RAB26,ENSG00000167964,MONDO_0001879,anus cancer,0.8403,False
RAB26,ENSG00000167964,MONDO_0002087,peritoneum cancer,0.7264,False
RAB26,ENSG00000167964,MONDO_0002158,fallopian tube cancer,0.7031,False
RAB26,ENSG00000167964,MONDO_0002586,thymus cancer,0.5347,False
RAB26,ENSG00000167964,MONDO_0002995,"small intestine neuroendocrine tumor, well differentiated, low or intermediate grade",0.8291,False
RAB26,ENSG00000167964,MONDO_0003090,extrahepatic bile duct carcinoma,0.618,False
RAB26,ENSG00000167964,MONDO_0003196,appendix carcinoma,0.657,False
RAB26,ENSG00000167964,MONDO_0003541,adult acute lymphoblastic leukemia,0.6822,False
RAB26,ENSG00000167964,MONDO_0004111,refractory hematologic cancer,0.7081,False
RAB26,ENSG00000167964,MONDO_0004222,ovarian clear cell cystadenocarcinoma,0.5775,False
RAB26,ENSG00000167964,MONDO_0004992,cancer,0.5747,False
RAB26,ENSG00000167964,MONDO_0008318,Proteus syndrome,0.7539,False
RAB26,ENSG00000167964,MONDO_0018521,squamous cell carcinoma of pancreas,0.6556,False
RAB26,ENSG00000167964,MONDO_0019456,acute myeloid leukemia with multilineage dysplasia,0.5141,False
RAB26,ENSG00000167964,MONDO_0019457,therapy related acute myeloid leukemia and myelodysplastic syndrome,0.608,False
RAB26,ENSG00000167964,MONDO_0020657,human papillomavirus-related squamous cell carcinoma,0.6007,False
RAB26,ENSG00000167964,MONDO_0020690,adult glioblastoma,0.7237,False
RAB26,ENSG00000167964,MONDO_0021074,precancerous condition,0.5422,False
RAB26,ENSG00000167964,MONDO_0024327,chronic renal failure syndrome,0.8375,False
RAB26,ENSG00000167964,MONDO_0041052,postherpetic neuralgia,0.5023,False
RAB26,ENSG00000167964,MONDO_0044710,lip and oral cavity squamous cell carcinoma,0.8439,False
RAB26,ENSG00000167964,MONDO_0044787,nasal cavity and paranasal sinus squamous cell carcinoma,0.5006,False
RAB26,ENSG00000167964,MONDO_0044964,oral cavity mucoepidermoid carcinoma,0.9272,False
RAB26,ENSG00000167964,MONDO_0045056,grade II meningioma,0.6003,False
RAB26,ENSG00000167964,EFO_0000096,neoplasm of mature B-cells,0.7416,False
RAB26,ENSG00000167964,EFO_0000616,neoplasm,0.6422,False
RAB26,ENSG00000167964,EFO_0002426,neoplasm of mature T-cells or NK-cells,0.7424,False
RAB26,ENSG00000167964,EFO_0002618,pancreatic carcinoma,0.6568,False
RAB26,ENSG00000167964,EFO_0003028,acute myeloblastic leukemia with maturation,0.862,False
RAB26,ENSG00000167964,EFO_0003060,non-small cell lung carcinoma,0.7421,False
RAB26,ENSG00000167964,EFO_0003876,intermittent vascular claudication,0.6203,False
RAB26,ENSG00000167964,EFO_0004284,upper aerodigestive tract neoplasm,0.9296,False
RAB26,ENSG00000167964,EFO_0006861,male breast carcinoma,0.5608,False
RAB26,ENSG00000167964,EFO_0009780,HER2 negative breast carcinoma,0.7878,False
RAB26,ENSG00000167964,EFO_0009878,drug interaction,0.7943,False
RAB26,ENSG00000167964,EFO_0020003,drug toxicity,0.8823,False
RAB26,ENSG00000167964,EFO_1000251,Fallopian Tube Carcinoma,0.7079,False
RAB26,ENSG00000167964,EFO_1000419,Ovarian Germ Cell Tumor,0.8202,False
RAB26,ENSG00000167964,EFO_1000494,Primary Peritoneal Serous Adenocarcinoma,0.5261,False
RAB26,ENSG00000167964,EFO_1001013,lethal midline granuloma,0.889,False
RAB26,ENSG00000167964,EFO_1001100,peritoneal neoplasm,0.9531,False
RAB26,ENSG00000167964,EFO_1001110,pituitary-dependent Cushing's disease,0.7302,False
RAB26,ENSG00000167964,EFO_1001348,HIV-Associated Lipodystrophy Syndrome,0.9169,False
RAB26,ENSG00000167964,EFO_1001799,incomplete abortion,0.7831,False
RAB26,ENSG00000167964,EFO_1001934,adult acute myeloid leukemia,0.5595,False
RAB26,ENSG00000167964,EFO_1001958,high grade ovarian serous adenocarcinoma,0.9438,False
RAB26,ENSG00000167964,EFO_1002001,core binding factor acute myeloid leukemia,0.5983,False
RAB27A,ENSG00000069974,MONDO_0001879,anus cancer,0.8525,False
RAB27A,ENSG00000069974,MONDO_0002586,thymus cancer,0.7825,False
RAB27A,ENSG00000069974,MONDO_0002995,"small intestine neuroendocrine tumor, well differentiated, low or intermediate grade",0.7341,False
RAB27A,ENSG00000069974,MONDO_0003478,childhood ependymoma,0.5537,False
RAB27A,ENSG00000069974,MONDO_0003541,adult acute lymphoblastic leukemia,0.5931,False
RAB27A,ENSG00000069974,MONDO_0003874,ovarian serous surface papillary adenocarcinoma,0.6349,False
RAB27A,ENSG00000069974,MONDO_0004111,refractory hematologic cancer,0.8608,False
RAB27A,ENSG00000069974,MONDO_0004180,benign urinary system neoplasm,0.5289,False
RAB27A,ENSG00000069974,MONDO_0004222,ovarian clear cell cystadenocarcinoma,0.5994,False
RAB27A,ENSG00000069974,MONDO_0004992,cancer,0.5653,False
RAB27A,ENSG00000069974,MONDO_0007254,breast cancer,0.6686,False
RAB27A,ENSG00000069974,MONDO_0008315,prostate cancer,0.6342,False
RAB27A,ENSG00000069974,MONDO_0008318,Proteus syndrome,0.5776,False
RAB27A,ENSG00000069974,MONDO_0008903,lung cancer,0.5012,False
RAB27A,ENSG00000069974,MONDO_0016216,adult hepatocellular carcinoma,0.5759,False
RAB27A,ENSG00000069974,MONDO_0019456,acute myeloid leukemia with multilineage dysplasia,0.7509,False
RAB27A,ENSG00000069974,MONDO_0019457,therapy related acute myeloid leukemia and myelodysplastic syndrome,0.7168,False
RAB27A,ENSG00000069974,MONDO_0020077,myelodysplastic/myeloproliferative disease,0.614,False
RAB27A,ENSG00000069974,MONDO_0020657,human papillomavirus-related squamous cell carcinoma,0.6182,False
RAB27A,ENSG00000069974,MONDO_0020690,adult glioblastoma,0.948,False
RAB27A,ENSG00000069974,MONDO_0024327,chronic renal failure syndrome,0.7374,False
RAB27A,ENSG00000069974,MONDO_0036501,refractory malignant neoplasm,0.5512,False
RAB27A,ENSG00000069974,MONDO_0044710,lip and oral cavity squamous cell carcinoma,0.9396,False
RAB27A,ENSG00000069974,MONDO_0044964,oral cavity mucoepidermoid carcinoma,0.8519,False
RAB27A,ENSG00000069974,MONDO_0045056,grade II meningioma,0.7145,False
RAB27A,ENSG00000069974,EFO_0000096,neoplasm of mature B-cells,0.6391,False
RAB27A,ENSG00000069974,EFO_0000198,myelodysplastic syndrome,0.5091,False
RAB27A,ENSG00000069974,EFO_0000304,breast adenocarcinoma,0.5118,False
RAB27A,ENSG00000069974,EFO_0000330,childhood acute myeloid leukemia,0.6537,False
RAB27A,ENSG00000069974,EFO_0000616,neoplasm,0.7274,False
RAB27A,ENSG00000069974,EFO_0000756,melanoma,0.6867,False
RAB27A,ENSG00000069974,EFO_0002426,neoplasm of mature T-cells or NK-cells,0.9074,False
RAB27A,ENSG00000069974,EFO_0002618,pancreatic carcinoma,0.5479,False
RAB27A,ENSG00000069974,EFO_0003027,acute myeloblastic leukemia without maturation,0.6183,False
RAB27A,ENSG00000069974,EFO_0003028,acute myeloblastic leukemia with maturation,0.9549,False
RAB27A,ENSG00000069974,EFO_0003060,non-small cell lung carcinoma,0.8837,False
RAB27A,ENSG00000069974,EFO_0004284,upper aerodigestive tract neoplasm,0.9673,False
RAB27A,ENSG00000069974,EFO_0005537,triple-negative breast cancer,0.6446,False
RAB27A,ENSG00000069974,EFO_0006861,male breast carcinoma,0.7545,False
RAB27A,ENSG00000069974,EFO_0009780,HER2 negative breast carcinoma,0.5454,False
RAB27A,ENSG00000069974,EFO_0009878,drug interaction,0.6997,False
RAB27A,ENSG00000069974,EFO_0020003,drug toxicity,0.6803,False
RAB27A,ENSG00000069974,EFO_1000251,Fallopian Tube Carcinoma,0.7806,False
RAB27A,ENSG00000069974,EFO_1000494,Primary Peritoneal Serous Adenocarcinoma,0.5911,False
RAB27A,ENSG00000069974,EFO_1000616,Uveal Melanoma,0.7807,False
RAB27A,ENSG00000069974,EFO_1001013,lethal midline granuloma,0.8437,False
RAB27A,ENSG00000069974,EFO_1001100,peritoneal neoplasm,0.7994,False
RAB27A,ENSG00000069974,EFO_1001110,pituitary-dependent Cushing's disease,0.7759,False
RAB27A,ENSG00000069974,EFO_1001348,HIV-Associated Lipodystrophy Syndrome,0.7769,False
RAB27A,ENSG00000069974,EFO_1001799,incomplete abortion,0.6576,False
RAB27A,ENSG00000069974,EFO_1001934,adult acute myeloid leukemia,0.7067,False
RAB27A,ENSG00000069974,EFO_1001945,childhood acute myeloid leukemia with maturation,0.7802,False
RAB27A,ENSG00000069974,EFO_1001952,endometrial adenosquamous carcinoma,0.5868,False
RAB27A,ENSG00000069974,EFO_1001958,high grade ovarian serous adenocarcinoma,0.9605,False
RAB27A,ENSG00000069974,EFO_1001963,ovarian mucinous cystadenocarcinoma,0.5512,False
RAB27A,ENSG00000069974,EFO_1002001,core binding factor acute myeloid leukemia,0.7039,False
RAB27A,ENSG00000069974,Orphanet_145,Hereditary breast and ovarian cancer syndrome,0.7119,False
RAB27B,ENSG00000041353,MONDO_0001879,anus cancer,0.5586,False
RAB27B,ENSG00000041353,MONDO_0002995,"small intestine neuroendocrine tumor, well differentiated, low or intermediate grade",0.7528,False
RAB27B,ENSG00000041353,MONDO_0003090,extrahepatic bile duct carcinoma,0.5045,False
RAB27B,ENSG00000041353,MONDO_0003869,childhood brain stem glioma,0.6101,False
RAB27B,ENSG00000041353,MONDO_0004111,refractory hematologic cancer,0.8338,False
RAB27B,ENSG00000041353,MONDO_0004180,benign urinary system neoplasm,0.6134,False
RAB27B,ENSG00000041353,MONDO_0008318,Proteus syndrome,0.5944,False
RAB27B,ENSG00000041353,MONDO_0016778,iatrogenic botulism,0.5455,False
RAB27B,ENSG00000041353,MONDO_0020657,human papillomavirus-related squamous cell carcinoma,0.5068,False
RAB27B,ENSG00000041353,MONDO_0020690,adult glioblastoma,0.7387,False
RAB27B,ENSG00000041353,MONDO_0024327,chronic renal failure syndrome,0.8129,False
RAB27B,ENSG00000041353,MONDO_0044710,lip and oral cavity squamous cell carcinoma,0.7435,False
RAB27B,ENSG00000041353,MONDO_0044964,oral cavity mucoepidermoid carcinoma,0.7353,False
RAB27B,ENSG00000041353,MONDO_0045056,grade II meningioma,0.5206,False
RAB27B,ENSG00000041353,EFO_0000096,neoplasm of mature B-cells,0.6184,False
RAB27B,ENSG00000041353,EFO_0000616,neoplasm,0.5349,False
RAB27B,ENSG00000041353,EFO_0002426,neoplasm of mature T-cells or NK-cells,0.7381,False
RAB27B,ENSG00000041353,EFO_0003028,acute myeloblastic leukemia with maturation,0.8075,False
RAB27B,ENSG00000041353,EFO_0003060,non-small cell lung carcinoma,0.5405,False
RAB27B,ENSG00000041353,EFO_0004284,upper aerodigestive tract neoplasm,0.8745,False
RAB27B,ENSG00000041353,EFO_0006861,male breast carcinoma,0.5596,False
RAB27B,ENSG00000041353,EFO_0009780,HER2 negative breast carcinoma,0.6575,False
RAB27B,ENSG00000041353,EFO_0009878,drug interaction,0.5227,False
RAB27B,ENSG00000041353,EFO_0020003,drug toxicity,0.8739,False
RAB27B,ENSG00000041353,EFO_1000251,Fallopian Tube Carcinoma,0.6966,False
RAB27B,ENSG00000041353,EFO_1001013,lethal midline granuloma,0.6722,False
RAB27B,ENSG00000041353,EFO_1001100,peritoneal neoplasm,0.8948,False
RAB27B,ENSG00000041353,EFO_1001110,pituitary-dependent Cushing's disease,0.5238,False
RAB27B,ENSG00000041353,EFO_1001159,Rh isoimmunization,0.657,False
RAB27B,ENSG00000041353,EFO_1001348,HIV-Associated Lipodystrophy Syndrome,0.7701,False
RAB27B,ENSG00000041353,EFO_1001799,incomplete abortion,0.8137,False
RAB27B,ENSG00000041353,EFO_1001958,high grade ovarian serous adenocarcinoma,0.9192,False
RAB28,ENSG00000157869,MONDO_0001852,small intestine lymphoma,0.5005,False
RAB28,ENSG00000157869,MONDO_0001879,anus cancer,0.8196,False
RAB28,ENSG00000157869,MONDO_0002087,peritoneum cancer,0.6749,False
RAB28,ENSG00000157869,MONDO_0002158,fallopian tube cancer,0.708,False
RAB28,ENSG00000157869,MONDO_0002995,"small intestine neuroendocrine tumor, well differentiated, low or intermediate grade",0.852,False
RAB28,ENSG00000157869,MONDO_0003090,extrahepatic bile duct carcinoma,0.7347,False
RAB28,ENSG00000157869,MONDO_0003196,appendix carcinoma,0.6659,False
RAB28,ENSG00000157869,MONDO_0003541,adult acute lymphoblastic leukemia,0.7918,False
RAB28,ENSG00000157869,MONDO_0003666,fallopian tube endometrioid adenocarcinoma,0.5676,False
RAB28,ENSG00000157869,MONDO_0004111,refractory hematologic cancer,0.8165,False
RAB28,ENSG00000157869,MONDO_0004222,ovarian clear cell cystadenocarcinoma,0.7161,False
RAB28,ENSG00000157869,MONDO_0004992,cancer,0.5989,False
RAB28,ENSG00000157869,MONDO_0008318,Proteus syndrome,0.7271,False
RAB28,ENSG00000157869,MONDO_0018521,squamous cell carcinoma of pancreas,0.644,False
RAB28,ENSG00000157869,MONDO_0019456,acute myeloid leukemia with multilineage dysplasia,0.7622,False
RAB28,ENSG00000157869,MONDO_0019457,therapy related acute myeloid leukemia and myelodysplastic syndrome,0.8033,False
RAB28,ENSG00000157869,MONDO_0020657,human papillomavirus-related squamous cell carcinoma,0.5859,False
RAB28,ENSG00000157869,MONDO_0020690,adult glioblastoma,0.7747,False
RAB28,ENSG00000157869,MONDO_0021074,precancerous condition,0.5571,False
RAB28,ENSG00000157869,MONDO_0024327,chronic renal failure syndrome,0.97,False
RAB28,ENSG00000157869,MONDO_0044710,lip and oral cavity squamous cell carcinoma,0.7861,False
RAB28,ENSG00000157869,MONDO_0044903,myelofibrosis,0.5658,False
RAB28,ENSG00000157869,MONDO_0044964,oral cavity mucoepidermoid carcinoma,0.9174,False
RAB28,ENSG00000157869,MONDO_0045056,grade II meningioma,0.5083,False
RAB28,ENSG00000157869,EFO_0000096,neoplasm of mature B-cells,0.8221,False
RAB28,ENSG00000157869,EFO_0000198,myelodysplastic syndrome,0.5663,False
RAB28,ENSG00000157869,EFO_0000278,pancreatitis,0.5846,False
RAB28,ENSG00000157869,EFO_0000330,childhood acute myeloid leukemia,0.6292,False
RAB28,ENSG00000157869,EFO_0000616,neoplasm,0.6957,False
RAB28,ENSG00000157869,EFO_0002426,neoplasm of mature T-cells or NK-cells,0.8369,False
RAB28,ENSG00000157869,EFO_0002618,pancreatic carcinoma,0.6953,False
RAB28,ENSG00000157869,EFO_0003027,acute myeloblastic leukemia without maturation,0.63,False
RAB28,ENSG00000157869,EFO_0003028,acute myeloblastic leukemia with maturation,0.9276,False
RAB28,ENSG00000157869,EFO_0003060,non-small cell lung carcinoma,0.8012,False
RAB28,ENSG00000157869,EFO_0003876,intermittent vascular claudication,0.7817,False
RAB28,ENSG00000157869,EFO_0004284,upper aerodigestive tract neoplasm,0.9579,False
RAB28,ENSG00000157869,EFO_0004599,acute graft vs. host disease,0.5591,False
RAB28,ENSG00000157869,EFO_0006861,male breast carcinoma,0.5922,False
RAB28,ENSG00000157869,EFO_0008585,ST Elevation Myocardial Infarction,0.5929,False
RAB28,ENSG00000157869,EFO_0009780,HER2 negative breast carcinoma,0.7296,False
RAB28,ENSG00000157869,EFO_0009878,drug interaction,0.8833,False
RAB28,ENSG00000157869,EFO_0010580,blastic plasmacytoid dendritic cell neoplasm,0.5758,False
RAB28,ENSG00000157869,EFO_0020003,drug toxicity,0.9407,False
RAB28,ENSG00000157869,EFO_1000059,cervical artery dissection,0.6028,False
RAB28,ENSG00000157869,EFO_1000251,Fallopian Tube Carcinoma,0.6955,False
RAB28,ENSG00000157869,EFO_1000419,Ovarian Germ Cell Tumor,0.8322,False
RAB28,ENSG00000157869,EFO_1000494,Primary Peritoneal Serous Adenocarcinoma,0.6255,False
RAB28,ENSG00000157869,EFO_1000652,acute pancreatitis,0.5304,False
RAB28,ENSG00000157869,EFO_1000727,lipodystrophy,0.6236,False
RAB28,ENSG00000157869,EFO_1001013,lethal midline granuloma,0.8775,False
RAB28,ENSG00000157869,EFO_1001100,peritoneal neoplasm,0.9407,False
RAB28,ENSG00000157869,EFO_1001110,pituitary-dependent Cushing's disease,0.8561,False
RAB28,ENSG00000157869,EFO_1001159,Rh isoimmunization,0.5545,False
RAB28,ENSG00000157869,EFO_1001257,acute erythroblastic leukemia,0.6671,False
RAB28,ENSG00000157869,EFO_1001348,HIV-Associated Lipodystrophy Syndrome,0.9347,False
RAB28,ENSG00000157869,EFO_1001799,incomplete abortion,0.8943,False
RAB28,ENSG00000157869,EFO_1001933,adult acute monocytic leukemia,0.6225,False
RAB28,ENSG00000157869,EFO_1001934,adult acute myeloid leukemia,0.7908,False
RAB28,ENSG00000157869,EFO_1001945,childhood acute myeloid leukemia with maturation,0.7223,False
RAB28,ENSG00000157869,EFO_1001947,childhood T acute lymphoblastic leukemia,0.5044,False
RAB28,ENSG00000157869,EFO_1001958,high grade ovarian serous adenocarcinoma,0.9606,False
RAB28,ENSG00000157869,EFO_1002001,core binding factor acute myeloid leukemia,0.6244,False
RAB28,ENSG00000157869,Orphanet_145,Hereditary breast and ovarian cancer syndrome,0.5664,False
RAB29,ENSG00000117280,MONDO_0001187,urinary bladder cancer,0.6456,False
RAB29,ENSG00000117280,MONDO_0001879,anus cancer,0.7467,False
RAB29,ENSG00000117280,MONDO_0002087,peritoneum cancer,0.665,False
RAB29,ENSG00000117280,MONDO_0002158,fallopian tube cancer,0.6163,False
RAB29,ENSG00000117280,MONDO_0002586,thymus cancer,0.5636,False
RAB29,ENSG00000117280,MONDO_0002833,fallopian tube transitional cell carcinoma,0.629,False
RAB29,ENSG00000117280,MONDO_0002995,"small intestine neuroendocrine tumor, well differentiated, low or intermediate grade",0.8685,False
RAB29,ENSG00000117280,MONDO_0003196,appendix carcinoma,0.5037,False
RAB29,ENSG00000117280,MONDO_0003541,adult acute lymphoblastic leukemia,0.6353,False
RAB29,ENSG00000117280,MONDO_0003869,childhood brain stem glioma,0.6964,False
RAB29,ENSG00000117280,MONDO_0004111,refractory hematologic cancer,0.7854,False
RAB29,ENSG00000117280,MONDO_0004180,benign urinary system neoplasm,0.6052,False
RAB29,ENSG00000117280,MONDO_0004222,ovarian clear cell cystadenocarcinoma,0.589,False
RAB29,ENSG00000117280,MONDO_0004992,cancer,0.511,False
RAB29,ENSG00000117280,MONDO_0008315,prostate cancer,0.5463,False
RAB29,ENSG00000117280,MONDO_0019456,acute myeloid leukemia with multilineage dysplasia,0.5748,False
RAB29,ENSG00000117280,MONDO_0019457,therapy related acute myeloid leukemia and myelodysplastic syndrome,0.606,False
RAB29,ENSG00000117280,MONDO_0020657,human papillomavirus-related squamous cell carcinoma,0.6148,False
RAB29,ENSG00000117280,MONDO_0020690,adult glioblastoma,0.8553,False
RAB29,ENSG00000117280,MONDO_0021538,verrucous carcinoma of oral cavity,0.5252,False
RAB29,ENSG00000117280,MONDO_0024327,chronic renal failure syndrome,0.8597,False
RAB29,ENSG00000117280,MONDO_0044710,lip and oral cavity squamous cell carcinoma,0.9112,False
RAB29,ENSG00000117280,MONDO_0044964,oral cavity mucoepidermoid carcinoma,0.8695,False
RAB29,ENSG00000117280,MONDO_0045056,grade II meningioma,0.6158,False
RAB29,ENSG00000117280,EFO_0000096,neoplasm of mature B-cells,0.6015,False
RAB29,ENSG00000117280,EFO_0000616,neoplasm,0.6296,False
RAB29,ENSG00000117280,EFO_0002426,neoplasm of mature T-cells or NK-cells,0.8279,False
RAB29,ENSG00000117280,EFO_0002618,pancreatic carcinoma,0.5779,False
RAB29,ENSG00000117280,EFO_0003028,acute myeloblastic leukemia with maturation,0.8635,False
RAB29,ENSG00000117280,EFO_0003060,non-small cell lung carcinoma,0.8083,False
RAB29,ENSG00000117280,EFO_0003876,intermittent vascular claudication,0.5344,False
RAB29,ENSG00000117280,EFO_0004284,upper aerodigestive tract neoplasm,0.9429,False
RAB29,ENSG00000117280,EFO_0006861,male breast carcinoma,0.6341,False
RAB29,ENSG00000117280,EFO_0009780,HER2 negative breast carcinoma,0.7835,False
RAB29,ENSG00000117280,EFO_0009878,drug interaction,0.8197,False
RAB29,ENSG00000117280,EFO_0020003,drug toxicity,0.7475,False
RAB29,ENSG00000117280,EFO_1000251,Fallopian Tube Carcinoma,0.8138,False
RAB29,ENSG00000117280,EFO_1000494,Primary Peritoneal Serous Adenocarcinoma,0.5369,False
RAB29,ENSG00000117280,EFO_1001013,lethal midline granuloma,0.7856,False
RAB29,ENSG00000117280,EFO_1001100,peritoneal neoplasm,0.9617,False
RAB29,ENSG00000117280,EFO_1001110,pituitary-dependent Cushing's disease,0.8873,False
RAB29,ENSG00000117280,EFO_1001348,HIV-Associated Lipodystrophy Syndrome,0.8351,False
RAB29,ENSG00000117280,EFO_1001799,incomplete abortion,0.5851,False
RAB29,ENSG00000117280,EFO_1001945,childhood acute myeloid leukemia with maturation,0.5359,False
RAB29,ENSG00000117280,EFO_1001958,high grade ovarian serous adenocarcinoma,0.8921,False
RAB29,ENSG00000117280,EFO_1002001,core binding factor acute myeloid leukemia,0.545,False
RAB2A,ENSG00000104388,MONDO_0001187,urinary bladder cancer,0.5387,False
RAB2A,ENSG00000104388,MONDO_0001852,small intestine lymphoma,0.6203,False
RAB2A,ENSG00000104388,MONDO_0001879,anus cancer,0.8544,False
RAB2A,ENSG00000104388,MONDO_0002087,peritoneum cancer,0.5645,False
RAB2A,ENSG00000104388,MONDO_0002158,fallopian tube cancer,0.5155,False
RAB2A,ENSG00000104388,MONDO_0002225,ovarian sarcoma,0.6447,False
RAB2A,ENSG00000104388,MONDO_0002586,thymus cancer,0.7138,False
RAB2A,ENSG00000104388,MONDO_0002833,fallopian tube transitional cell carcinoma,0.6446,False
RAB2A,ENSG00000104388,MONDO_0002995,"small intestine neuroendocrine tumor, well differentiated, low or intermediate grade",0.8553,False
RAB2A,ENSG00000104388,MONDO_0003196,appendix carcinoma,0.5705,False
RAB2A,ENSG00000104388,MONDO_0003478,childhood ependymoma,0.6654,False
RAB2A,ENSG00000104388,MONDO_0003541,adult acute lymphoblastic leukemia,0.6326,False
RAB2A,ENSG00000104388,MONDO_0003659,pediatric lymphoma,0.5057,False
RAB2A,ENSG00000104388,MONDO_0003660,adult lymphoma,0.5203,False
RAB2A,ENSG00000104388,MONDO_0003666,fallopian tube endometrioid adenocarcinoma,0.58,False
RAB2A,ENSG00000104388,MONDO_0003869,childhood brain stem glioma,0.7192,False
RAB2A,ENSG00000104388,MONDO_0003874,ovarian serous surface papillary adenocarcinoma,0.6434,False
RAB2A,ENSG00000104388,MONDO_0004111,refractory hematologic cancer,0.7782,False
RAB2A,ENSG00000104388,MONDO_0004180,benign urinary system neoplasm,0.5541,False
RAB2A,ENSG00000104388,MONDO_0004222,ovarian clear cell cystadenocarcinoma,0.7045,False
RAB2A,ENSG00000104388,MONDO_0004992,cancer,0.5562,False
RAB2A,ENSG00000104388,MONDO_0007254,breast cancer,0.5409,False
RAB2A,ENSG00000104388,MONDO_0019456,acute myeloid leukemia with multilineage dysplasia,0.8349,False
RAB2A,ENSG00000104388,MONDO_0019457,therapy related acute myeloid leukemia and myelodysplastic syndrome,0.7299,False
RAB2A,ENSG00000104388,MONDO_0020657,human papillomavirus-related squamous cell carcinoma,0.7858,False
RAB2A,ENSG00000104388,MONDO_0020690,adult glioblastoma,0.8975,False
RAB2A,ENSG00000104388,MONDO_0021538,verrucous carcinoma of oral cavity,0.6453,False
RAB2A,ENSG00000104388,MONDO_0024327,chronic renal failure syndrome,0.6131,False
RAB2A,ENSG00000104388,MONDO_0040678,infiltrating urothelial carcinoma,0.5659,False
RAB2A,ENSG00000104388,MONDO_0044710,lip and oral cavity squamous cell carcinoma,0.9658,False
RAB2A,ENSG00000104388,MONDO_0044787,nasal cavity and paranasal sinus squamous cell carcinoma,0.535,False
RAB2A,ENSG00000104388,MONDO_0044964,oral cavity mucoepidermoid carcinoma,0.9276,False
RAB2A,ENSG00000104388,MONDO_0045056,grade II meningioma,0.7393,False
RAB2A,ENSG00000104388,EFO_0000096,neoplasm of mature B-cells,0.6849,False
RAB2A,ENSG00000104388,EFO_0000198,myelodysplastic syndrome,0.6815,False
RAB2A,ENSG00000104388,EFO_0000211,unspecified peripheral T-cell lymphoma,0.5625,False
RAB2A,ENSG00000104388,EFO_0000330,childhood acute myeloid leukemia,0.5198,False
RAB2A,ENSG00000104388,EFO_0000616,neoplasm,0.7509,False
RAB2A,ENSG00000104388,EFO_0002426,neoplasm of mature T-cells or NK-cells,0.8753,False
RAB2A,ENSG00000104388,EFO_0002618,pancreatic carcinoma,0.713,False
RAB2A,ENSG00000104388,EFO_0003027,acute myeloblastic leukemia without maturation,0.5561,False
RAB2A,ENSG00000104388,EFO_0003028,acute myeloblastic leukemia with maturation,0.9216,False
RAB2A,ENSG00000104388,EFO_0003060,non-small cell lung carcinoma,0.8825,False
RAB2A,ENSG00000104388,EFO_0004284,upper aerodigestive tract neoplasm,0.9408,False
RAB2A,ENSG00000104388,EFO_0005537,triple-negative breast cancer,0.5246,False
RAB2A,ENSG00000104388,EFO_0006861,male breast carcinoma,0.6801,False
RAB2A,ENSG00000104388,EFO_0009780,HER2 negative breast carcinoma,0.8684,False
RAB2A,ENSG00000104388,EFO_0009878,drug interaction,0.7317,False
RAB2A,ENSG00000104388,EFO_0010832,primary central chondrosarcoma,0.5953,False
RAB2A,ENSG00000104388,EFO_0020003,drug toxicity,0.7232,False
RAB2A,ENSG00000104388,EFO_1000238,Endometrial Serous Adenocarcinoma,0.7119,False
RAB2A,ENSG00000104388,EFO_1000251,Fallopian Tube Carcinoma,0.8675,False
RAB2A,ENSG00000104388,EFO_1000253,Fallopian Tube Serous Adenocarcinoma,0.5012,False
RAB2A,ENSG00000104388,EFO_1000294,HER2 Positive Breast Carcinoma,0.5084,False
RAB2A,ENSG00000104388,EFO_1000494,Primary Peritoneal Serous Adenocarcinoma,0.5301,False
RAB2A,ENSG00000104388,EFO_1001013,lethal midline granuloma,0.8992,False
RAB2A,ENSG00000104388,EFO_1001100,peritoneal neoplasm,0.9272,False
RAB2A,ENSG00000104388,EFO_1001110,pituitary-dependent Cushing's disease,0.8724,False
RAB2A,ENSG00000104388,EFO_1001257,acute erythroblastic leukemia,0.5772,False
RAB2A,ENSG00000104388,EFO_1001348,HIV-Associated Lipodystrophy Syndrome,0.715,False
RAB2A,ENSG00000104388,EFO_1001934,adult acute myeloid leukemia,0.6433,False
RAB2A,ENSG00000104388,EFO_1001945,childhood acute myeloid leukemia with maturation,0.6609,False
RAB2A,ENSG00000104388,EFO_1001958,high grade ovarian serous adenocarcinoma,0.9343,False
RAB2A,ENSG00000104388,EFO_1001963,ovarian mucinous cystadenocarcinoma,0.6815,False
RAB2A,ENSG00000104388,EFO_1002001,core binding factor acute myeloid leukemia,0.6358,False
RAB2A,ENSG00000104388,Orphanet_145,Hereditary breast and ovarian cancer syndrome,0.5385,False
RAB2B,ENSG00000129472,MONDO_0000544,mucosal melanoma,0.5018,False
RAB2B,ENSG00000129472,MONDO_0000645,fallopian tube benign neoplasm,0.5223,False
RAB2B,ENSG00000129472,MONDO_0001187,urinary bladder cancer,0.8165,False
RAB2B,ENSG00000129472,MONDO_0001325,penile cancer,0.5172,False
RAB2B,ENSG00000129472,MONDO_0001402,vaginal cancer,0.5477,False
RAB2B,ENSG00000129472,MONDO_0001852,small intestine lymphoma,0.8878,False
RAB2B,ENSG00000129472,MONDO_0001879,anus cancer,0.9746,False
RAB2B,ENSG00000129472,MONDO_0002087,peritoneum cancer,0.836,False
RAB2B,ENSG00000129472,MONDO_0002158,fallopian tube cancer,0.8007,False
RAB2B,ENSG00000129472,MONDO_0002225,ovarian sarcoma,0.808,False
RAB2B,ENSG00000129472,MONDO_0002543,adult oligodendroglioma,0.6137,False
RAB2B,ENSG00000129472,MONDO_0002586,thymus cancer,0.9166,False
RAB2B,ENSG00000129472,MONDO_0002716,childhood spinal cord tumor,0.5836,False
RAB2B,ENSG00000129472,MONDO_0002744,fallopian tube mucinous adenocarcinoma,0.7154,False
RAB2B,ENSG00000129472,MONDO_0002794,adult medulloblastoma,0.5676,False
RAB2B,ENSG00000129472,MONDO_0002833,fallopian tube transitional cell carcinoma,0.8525,False
RAB2B,ENSG00000129472,MONDO_0002995,"small intestine neuroendocrine tumor, well differentiated, low or intermediate grade",0.9172,False
RAB2B,ENSG00000129472,MONDO_0003090,extrahepatic bile duct carcinoma,0.8493,False
RAB2B,ENSG00000129472,MONDO_0003153,adult brainstem glioma,0.5047,False
RAB2B,ENSG00000129472,MONDO_0003196,appendix carcinoma,0.8593,False
RAB2B,ENSG00000129472,MONDO_0003212,nasal cavity carcinoma,0.6495,False
RAB2B,ENSG00000129472,MONDO_0003268,mixed glioma,0.6587,False
RAB2B,ENSG00000129472,MONDO_0003383,fallopian tube clear cell adenocarcinoma,0.7555,False
RAB2B,ENSG00000129472,MONDO_0003478,childhood ependymoma,0.9034,False
RAB2B,ENSG00000129472,MONDO_0003503,fallopian tube squamous cell carcinoma,0.7907,False
RAB2B,ENSG00000129472,MONDO_0003541,adult acute lymphoblastic leukemia,0.9136,False
RAB2B,ENSG00000129472,MONDO_0003659,pediatric lymphoma,0.7913,False
RAB2B,ENSG00000129472,MONDO_0003660,adult lymphoma,0.825,False
RAB2B,ENSG00000129472,MONDO_0003666,fallopian tube endometrioid adenocarcinoma,0.8497,False
RAB2B,ENSG00000129472,MONDO_0003692,adult malignant mesenchymoma,0.632,False
RAB2B,ENSG00000129472,MONDO_0003751,childhood germ cell tumor,0.5024,False
RAB2B,ENSG00000129472,MONDO_0003856,adult malignant hemangiopericytoma,0.6637,False
RAB2B,ENSG00000129472,MONDO_0003869,childhood brain stem glioma,0.8875,False
RAB2B,ENSG00000129472,MONDO_0003874,ovarian serous surface papillary adenocarcinoma,0.9077,False
RAB2B,ENSG00000129472,MONDO_0003890,infiltrating bladder urothelial carcinoma,0.5682,False
RAB2B,ENSG00000129472,MONDO_0003936,invasive tubular breast carcinoma,0.5217,False
RAB2B,ENSG00000129472,MONDO_0004111,refractory hematologic cancer,0.8854,False
RAB2B,ENSG00000129472,MONDO_0004180,benign urinary system neoplasm,0.8319,False
RAB2B,ENSG00000129472,MONDO_0004222,ovarian clear cell cystadenocarcinoma,0.9016,False
RAB2B,ENSG00000129472,MONDO_0004374,adult extraskeletal osteosarcoma,0.6329,False
RAB2B,ENSG00000129472,MONDO_0004992,cancer,0.8458,False
RAB2B,ENSG00000129472,MONDO_0007254,breast cancer,0.7645,False
RAB2B,ENSG00000129472,MONDO_0008170,ovarian cancer,0.7266,False
RAB2B,ENSG00000129472,MONDO_0008315,prostate cancer,0.7125,False
RAB2B,ENSG00000129472,MONDO_0008318,Proteus syndrome,0.7584,False
RAB2B,ENSG00000129472,MONDO_0008903,lung cancer,0.5713,False
RAB2B,ENSG00000129472,MONDO_0016216,adult hepatocellular carcinoma,0.7311,False
RAB2B,ENSG00000129472,MONDO_0017346,Epstein-Barr virus-positive diffuse large B-cell lymphoma of the elderly,0.7505,False
RAB2B,ENSG00000129472,MONDO_0018521,squamous cell carcinoma of pancreas,0.7651,False
RAB2B,ENSG00000129472,MONDO_0019456,acute myeloid leukemia with multilineage dysplasia,0.911,False
RAB2B,ENSG00000129472,MONDO_0019457,therapy related acute myeloid leukemia and myelodysplastic syndrome,0.9267,False
RAB2B,ENSG00000129472,MONDO_0019465,nodal marginal zone B-cell lymphoma,0.5078,False
RAB2B,ENSG00000129472,MONDO_0020077,myelodysplastic/myeloproliferative disease,0.777,False
RAB2B,ENSG00000129472,MONDO_0020657,human papillomavirus-related squamous cell carcinoma,0.9365,False
RAB2B,ENSG00000129472,MONDO_0020690,adult glioblastoma,0.942,False
RAB2B,ENSG00000129472,MONDO_0021074,precancerous condition,0.6879,False
RAB2B,ENSG00000129472,MONDO_0021115,luminal B breast carcinoma,0.5773,False
RAB2B,ENSG00000129472,MONDO_0021321,malignant tumor of extrahepatic bile duct,0.5918,False
RAB2B,ENSG00000129472,MONDO_0021535,pancreatic neuroendocrine tumor G1,0.5774,False
RAB2B,ENSG00000129472,MONDO_0021538,verrucous carcinoma of oral cavity,0.7467,False
RAB2B,ENSG00000129472,MONDO_0021576,fallopian tube endometrioid tumor,0.5444,False
RAB2B,ENSG00000129472,MONDO_0021633,cerebral astrocytoma,0.6043,False
RAB2B,ENSG00000129472,MONDO_0024327,chronic renal failure syndrome,0.774,False
RAB2B,ENSG00000129472,MONDO_0036501,refractory malignant neoplasm,0.5241,False
RAB2B,ENSG00000129472,MONDO_0040678,infiltrating urothelial carcinoma,0.8719,False
RAB2B,ENSG00000129472,MONDO_0044334,connective and soft tissue neoplasm,0.5462,False
RAB2B,ENSG00000129472,MONDO_0044710,lip and oral cavity squamous cell carcinoma,0.9785,False
RAB2B,ENSG00000129472,MONDO_0044787,nasal cavity and paranasal sinus squamous cell carcinoma,0.8587,False
RAB2B,ENSG00000129472,MONDO_0044887,central nervous system non-hodgkin lymphoma,0.7203,False
RAB2B,ENSG00000129472,MONDO_0044889,high grade B-cell lymphoma,0.6854,False
RAB2B,ENSG00000129472,MONDO_0044903,myelofibrosis,0.7513,False
RAB2B,ENSG00000129472,MONDO_0044964,oral cavity mucoepidermoid carcinoma,0.9845,False
RAB2B,ENSG00000129472,MONDO_0045056,grade II meningioma,0.8633,False
RAB2B,ENSG00000129472,MONDO_0850302,intracranial meningioma,0.5285,False
RAB2B,ENSG00000129472,EFO_0000096,neoplasm of mature B-cells,0.9377,False
RAB2B,ENSG00000129472,EFO_0000196,metastatic prostate cancer,0.657,False
RAB2B,ENSG00000129472,EFO_0000198,myelodysplastic syndrome,0.7894,False
RAB2B,ENSG00000129472,EFO_0000211,unspecified peripheral T-cell lymphoma,0.7749,False
RAB2B,ENSG00000129472,EFO_0000221,acute monocytic leukemia,0.5851,False
RAB2B,ENSG00000129472,EFO_0000222,acute myeloid leukemia,0.6077,False
RAB2B,ENSG00000129472,EFO_0000233,adenosquamous lung carcinoma,0.5758,False
RAB2B,ENSG00000129472,EFO_0000304,breast adenocarcinoma,0.7018,False
RAB2B,ENSG00000129472,EFO_0000330,childhood acute myeloid leukemia,0.8803,False
RAB2B,ENSG00000129472,EFO_0000403,diffuse large B-cell lymphoma,0.6207,False
RAB2B,ENSG00000129472,EFO_0000574,lymphoma,0.7261,False
RAB2B,ENSG00000129472,EFO_0000616,neoplasm,0.8322,False
RAB2B,ENSG00000129472,EFO_0000702,small cell lung carcinoma,0.5871,False
RAB2B,ENSG00000129472,EFO_0001378,multiple myeloma,0.6092,False
RAB2B,ENSG00000129472,EFO_0001663,prostate carcinoma,0.5692,False
RAB2B,ENSG00000129472,EFO_0002426,neoplasm of mature T-cells or NK-cells,0.9487,False
RAB2B,ENSG00000129472,EFO_0002618,pancreatic carcinoma,0.8577,False
RAB2B,ENSG00000129472,EFO_0003026,minimally differentiated acute myeloblastic leukemia,0.5417,False
RAB2B,ENSG00000129472,EFO_0003027,acute myeloblastic leukemia without maturation,0.8938,False
RAB2B,ENSG00000129472,EFO_0003028,acute myeloblastic leukemia with maturation,0.9832,False
RAB2B,ENSG00000129472,EFO_0003060,non-small cell lung carcinoma,0.9478,False
RAB2B,ENSG00000129472,EFO_0003859,uterine neoplasm,0.6439,False
RAB2B,ENSG00000129472,EFO_0003863,urogenital neoplasm,0.612,False
RAB2B,ENSG00000129472,EFO_0003869,breast neoplasm,0.726,False
RAB2B,ENSG00000129472,EFO_0003891,biliary tract neoplasm,0.7343,False
RAB2B,ENSG00000129472,EFO_0004284,upper aerodigestive tract neoplasm,0.9886,False
RAB2B,ENSG00000129472,EFO_0004289,lymphoid leukemia,0.6739,False
RAB2B,ENSG00000129472,EFO_0005537,triple-negative breast cancer,0.7792,False
RAB2B,ENSG00000129472,EFO_0005952,non-Hodgkins lymphoma,0.6554,False
RAB2B,ENSG00000129472,EFO_0006861,male breast carcinoma,0.8988,False
RAB2B,ENSG00000129472,EFO_0007532,uterine corpus cancer,0.7618,False
RAB2B,ENSG00000129472,EFO_0008585,ST Elevation Myocardial Infarction,0.5523,False
RAB2B,ENSG00000129472,EFO_0009443,BRCAX breast cancer,0.5575,False
RAB2B,ENSG00000129472,EFO_0009780,HER2 negative breast carcinoma,0.9346,False
RAB2B,ENSG00000129472,EFO_0009878,drug interaction,0.8617,False
RAB2B,ENSG00000129472,EFO_0010580,blastic plasmacytoid dendritic cell neoplasm,0.6877,False
RAB2B,ENSG00000129472,EFO_0010832,primary central chondrosarcoma,0.7137,False
RAB2B,ENSG00000129472,EFO_0020003,drug toxicity,0.7821,False
RAB2B,ENSG00000129472,EFO_1000026,diffuse intrinsic pontine glioma,0.5477,False
RAB2B,ENSG00000129472,EFO_1000131,"Blast Phase Chronic Myelogenous Leukemia, BCR-ABL1 Positive",0.8288,False
RAB2B,ENSG00000129472,EFO_1000231,Endometrial Clear Cell Adenocarcinoma,0.5885,False
RAB2B,ENSG00000129472,EFO_1000238,Endometrial Serous Adenocarcinoma,0.8633,False
RAB2B,ENSG00000129472,EFO_1000251,Fallopian Tube Carcinoma,0.9443,False
RAB2B,ENSG00000129472,EFO_1000253,Fallopian Tube Serous Adenocarcinoma,0.7201,False
RAB2B,ENSG00000129472,EFO_1000294,HER2 Positive Breast Carcinoma,0.5925,False
RAB2B,ENSG00000129472,EFO_1000357,Malignant Ovarian Brenner Tumor,0.6201,False
RAB2B,ENSG00000129472,EFO_1000412,Ovarian Carcinosarcoma,0.748,False
RAB2B,ENSG00000129472,EFO_1000419,Ovarian Germ Cell Tumor,0.8501,False
RAB2B,ENSG00000129472,EFO_1000494,Primary Peritoneal Serous Adenocarcinoma,0.8801,False
RAB2B,ENSG00000129472,EFO_1000616,Uveal Melanoma,0.7505,False
RAB2B,ENSG00000129472,EFO_1000649,estrogen-receptor positive breast cancer,0.545,False
RAB2B,ENSG00000129472,EFO_1001013,lethal midline granuloma,0.9725,False
RAB2B,ENSG00000129472,EFO_1001100,peritoneal neoplasm,0.983,False
RAB2B,ENSG00000129472,EFO_1001110,pituitary-dependent Cushing's disease,0.8924,False
RAB2B,ENSG00000129472,EFO_1001257,acute erythroblastic leukemia,0.909,False
RAB2B,ENSG00000129472,EFO_1001348,HIV-Associated Lipodystrophy Syndrome,0.7821,False
RAB2B,ENSG00000129472,EFO_1001465,gliosarcoma,0.5294,False
RAB2B,ENSG00000129472,EFO_1001830,precursor T-cell lymphoblastic leukemia-lymphoma,0.7301,False
RAB2B,ENSG00000129472,EFO_1001932,adult acute megakaryoblastic leukemia,0.6914,False
RAB2B,ENSG00000129472,EFO_1001933,adult acute monocytic leukemia,0.8478,False
RAB2B,ENSG00000129472,EFO_1001934,adult acute myeloid leukemia,0.9051,False
RAB2B,ENSG00000129472,EFO_1001935,adult B acute lymphoblastic leukemia,0.746,False
RAB2B,ENSG00000129472,EFO_1001945,childhood acute myeloid leukemia with maturation,0.9214,False
RAB2B,ENSG00000129472,EFO_1001946,childhood B acute lymphoblastic leukemia,0.591,False
RAB2B,ENSG00000129472,EFO_1001947,childhood T acute lymphoblastic leukemia,0.6113,False
RAB2B,ENSG00000129472,EFO_1001952,endometrial adenosquamous carcinoma,0.8777,False
RAB2B,ENSG00000129472,EFO_1001953,"endometrial endometrioid adenocarcinoma, variant with squamous differentiation",0.7266,False
RAB2B,ENSG00000129472,EFO_1001958,high grade ovarian serous adenocarcinoma,0.9874,False
RAB2B,ENSG00000129472,EFO_1001959,hilar cholangiocarcinoma,0.6482,False
RAB2B,ENSG00000129472,EFO_1001963,ovarian mucinous cystadenocarcinoma,0.9051,False
RAB2B,ENSG00000129472,EFO_1001973,ureter urothelial carcinoma,0.7272,False
RAB2B,ENSG00000129472,EFO_1002001,core binding factor acute myeloid leukemia,0.909,False
RAB2B,ENSG00000129472,Orphanet_145,Hereditary breast and ovarian cancer syndrome,0.8528,False
RAB30,ENSG00000137502,MONDO_0001187,urinary bladder cancer,0.6314,False
RAB30,ENSG00000137502,MONDO_0001852,small intestine lymphoma,0.7201,False
RAB30,ENSG00000137502,MONDO_0001879,anus cancer,0.9433,False
RAB30,ENSG00000137502,MONDO_0002087,peritoneum cancer,0.7529,False
RAB30,ENSG00000137502,MONDO_0002158,fallopian tube cancer,0.7933,False
RAB30,ENSG00000137502,MONDO_0002225,ovarian sarcoma,0.5441,False
RAB30,ENSG00000137502,MONDO_0002586,thymus cancer,0.7369,False
RAB30,ENSG00000137502,MONDO_0002833,fallopian tube transitional cell carcinoma,0.5978,False
RAB30,ENSG00000137502,MONDO_0002995,"small intestine neuroendocrine tumor, well differentiated, low or intermediate grade",0.9129,False
RAB30,ENSG00000137502,MONDO_0003090,extrahepatic bile duct carcinoma,0.7463,False
RAB30,ENSG00000137502,MONDO_0003196,appendix carcinoma,0.7121,False
RAB30,ENSG00000137502,MONDO_0003478,childhood ependymoma,0.6043,False
RAB30,ENSG00000137502,MONDO_0003503,fallopian tube squamous cell carcinoma,0.5537,False
RAB30,ENSG00000137502,MONDO_0003541,adult acute lymphoblastic leukemia,0.835,False
RAB30,ENSG00000137502,MONDO_0003666,fallopian tube endometrioid adenocarcinoma,0.6356,False
RAB30,ENSG00000137502,MONDO_0003869,childhood brain stem glioma,0.5242,False
RAB30,ENSG00000137502,MONDO_0003874,ovarian serous surface papillary adenocarcinoma,0.7481,False
RAB30,ENSG00000137502,MONDO_0004111,refractory hematologic cancer,0.7413,False
RAB30,ENSG00000137502,MONDO_0004180,benign urinary system neoplasm,0.6815,False
RAB30,ENSG00000137502,MONDO_0004222,ovarian clear cell cystadenocarcinoma,0.7639,False
RAB30,ENSG00000137502,MONDO_0005411,gallbladder cancer,0.5146,False
RAB30,ENSG00000137502,MONDO_0008315,prostate cancer,0.5623,False
RAB30,ENSG00000137502,MONDO_0008318,Proteus syndrome,0.8724,False
RAB30,ENSG00000137502,MONDO_0016216,adult hepatocellular carcinoma,0.5987,False
RAB30,ENSG00000137502,MONDO_0018521,squamous cell carcinoma of pancreas,0.847,False
RAB30,ENSG00000137502,MONDO_0019456,acute myeloid leukemia with multilineage dysplasia,0.7631,False
RAB30,ENSG00000137502,MONDO_0019457,therapy related acute myeloid leukemia and myelodysplastic syndrome,0.8363,False
RAB30,ENSG00000137502,MONDO_0020657,human papillomavirus-related squamous cell carcinoma,0.7182,False
RAB30,ENSG00000137502,MONDO_0020690,adult glioblastoma,0.877,False
RAB30,ENSG00000137502,MONDO_0021074,precancerous condition,0.6156,False
RAB30,ENSG00000137502,MONDO_0021115,luminal B breast carcinoma,0.567,False
RAB30,ENSG00000137502,MONDO_0021538,verrucous carcinoma of oral cavity,0.5466,False
RAB30,ENSG00000137502,MONDO_0024327,chronic renal failure syndrome,0.8114,False
RAB30,ENSG00000137502,MONDO_0040678,infiltrating urothelial carcinoma,0.6587,False
RAB30,ENSG00000137502,MONDO_0044710,lip and oral cavity squamous cell carcinoma,0.9257,False
RAB30,ENSG00000137502,MONDO_0044787,nasal cavity and paranasal sinus squamous cell carcinoma,0.7935,False
RAB30,ENSG00000137502,MONDO_0044964,oral cavity mucoepidermoid carcinoma,0.9759,False
RAB30,ENSG00000137502,MONDO_0045056,grade II meningioma,0.7418,False
RAB30,ENSG00000137502,MONDO_0850302,intracranial meningioma,0.5782,False
RAB30,ENSG00000137502,EFO_0000096,neoplasm of mature B-cells,0.7294,False
RAB30,ENSG00000137502,EFO_0000198,myelodysplastic syndrome,0.5861,False
RAB30,ENSG00000137502,EFO_0000221,acute monocytic leukemia,0.5304,False
RAB30,ENSG00000137502,EFO_0000233,adenosquamous lung carcinoma,0.5486,False
RAB30,ENSG00000137502,EFO_0000330,childhood acute myeloid leukemia,0.6204,False
RAB30,ENSG00000137502,EFO_0000616,neoplasm,0.6634,False
RAB30,ENSG00000137502,EFO_0002426,neoplasm of mature T-cells or NK-cells,0.8429,False
RAB30,ENSG00000137502,EFO_0002618,pancreatic carcinoma,0.836,False
RAB30,ENSG00000137502,EFO_0003027,acute myeloblastic leukemia without maturation,0.678,False
RAB30,ENSG00000137502,EFO_0003028,acute myeloblastic leukemia with maturation,0.946,False
RAB30,ENSG00000137502,EFO_0003060,non-small cell lung carcinoma,0.8328,False
RAB30,ENSG00000137502,EFO_0003876,intermittent vascular claudication,0.5323,False
RAB30,ENSG00000137502,EFO_0004284,upper aerodigestive tract neoplasm,0.9546,False
RAB30,ENSG00000137502,EFO_0005537,triple-negative breast cancer,0.7029,False
RAB30,ENSG00000137502,EFO_0006861,male breast carcinoma,0.7902,False
RAB30,ENSG00000137502,EFO_0009780,HER2 negative breast carcinoma,0.8661,False
RAB30,ENSG00000137502,EFO_0009878,drug interaction,0.7453,False
RAB30,ENSG00000137502,EFO_0020003,drug toxicity,0.7936,False
RAB30,ENSG00000137502,EFO_1000044,pancreatic adenocarcinoma,0.5838,False
RAB30,ENSG00000137502,EFO_1000131,"Blast Phase Chronic Myelogenous Leukemia, BCR-ABL1 Positive",0.6605,False
RAB30,ENSG00000137502,EFO_1000251,Fallopian Tube Carcinoma,0.8686,False
RAB30,ENSG00000137502,EFO_1000253,Fallopian Tube Serous Adenocarcinoma,0.6115,False
RAB30,ENSG00000137502,EFO_1000294,HER2 Positive Breast Carcinoma,0.5055,False
RAB30,ENSG00000137502,EFO_1000412,Ovarian Carcinosarcoma,0.5091,False
RAB30,ENSG00000137502,EFO_1000419,Ovarian Germ Cell Tumor,0.8562,False
RAB30,ENSG00000137502,EFO_1000494,Primary Peritoneal Serous Adenocarcinoma,0.7385,False
RAB30,ENSG00000137502,EFO_1000616,Uveal Melanoma,0.5516,False
RAB30,ENSG00000137502,EFO_1001013,lethal midline granuloma,0.9408,False
RAB30,ENSG00000137502,EFO_1001100,peritoneal neoplasm,0.9621,False
RAB30,ENSG00000137502,EFO_1001110,pituitary-dependent Cushing's disease,0.7097,False
RAB30,ENSG00000137502,EFO_1001257,acute erythroblastic leukemia,0.6917,False
RAB30,ENSG00000137502,EFO_1001348,HIV-Associated Lipodystrophy Syndrome,0.9008,False
RAB30,ENSG00000137502,EFO_1001799,incomplete abortion,0.7862,False
RAB30,ENSG00000137502,EFO_1001932,adult acute megakaryoblastic leukemia,0.563,False
RAB30,ENSG00000137502,EFO_1001933,adult acute monocytic leukemia,0.692,False
RAB30,ENSG00000137502,EFO_1001934,adult acute myeloid leukemia,0.7794,False
RAB30,ENSG00000137502,EFO_1001945,childhood acute myeloid leukemia with maturation,0.7176,False
RAB30,ENSG00000137502,EFO_1001952,endometrial adenosquamous carcinoma,0.7514,False
RAB30,ENSG00000137502,EFO_1001958,high grade ovarian serous adenocarcinoma,0.9827,False
RAB30,ENSG00000137502,EFO_1001959,hilar cholangiocarcinoma,0.5934,False
RAB30,ENSG00000137502,EFO_1001963,ovarian mucinous cystadenocarcinoma,0.57,False
RAB30,ENSG00000137502,EFO_1002001,core binding factor acute myeloid leukemia,0.8092,False
RAB30,ENSG00000137502,Orphanet_145,Hereditary breast and ovarian cancer syndrome,0.6887,False
RAB31,ENSG00000168461,MONDO_0001187,urinary bladder cancer,0.5853,False
RAB31,ENSG00000168461,MONDO_0001852,small intestine lymphoma,0.6229,False
RAB31,ENSG00000168461,MONDO_0001879,anus cancer,0.9513,False
RAB31,ENSG00000168461,MONDO_0002087,peritoneum cancer,0.5929,False
RAB31,ENSG00000168461,MONDO_0002158,fallopian tube cancer,0.5846,False
RAB31,ENSG00000168461,MONDO_0002586,thymus cancer,0.8399,False
RAB31,ENSG00000168461,MONDO_0002833,fallopian tube transitional cell carcinoma,0.5322,False
RAB31,ENSG00000168461,MONDO_0002974,cervical cancer,0.5201,False
RAB31,ENSG00000168461,MONDO_0002995,"small intestine neuroendocrine tumor, well differentiated, low or intermediate grade",0.9416,False
RAB31,ENSG00000168461,MONDO_0003059,bile duct cancer,0.5498,False
RAB31,ENSG00000168461,MONDO_0003089,extrahepatic bile duct mucoepidermoid carcinoma,0.5108,False
RAB31,ENSG00000168461,MONDO_0003090,extrahepatic bile duct carcinoma,0.8314,False
RAB31,ENSG00000168461,MONDO_0003196,appendix carcinoma,0.524,False
RAB31,ENSG00000168461,MONDO_0003478,childhood ependymoma,0.6747,False
RAB31,ENSG00000168461,MONDO_0003503,fallopian tube squamous cell carcinoma,0.5173,False
RAB31,ENSG00000168461,MONDO_0003541,adult acute lymphoblastic leukemia,0.793,False
RAB31,ENSG00000168461,MONDO_0003660,adult lymphoma,0.5477,False
RAB31,ENSG00000168461,MONDO_0003666,fallopian tube endometrioid adenocarcinoma,0.5535,False
RAB31,ENSG00000168461,MONDO_0003874,ovarian serous surface papillary adenocarcinoma,0.7863,False
RAB31,ENSG00000168461,MONDO_0003890,infiltrating bladder urothelial carcinoma,0.578,False
RAB31,ENSG00000168461,MONDO_0004111,refractory hematologic cancer,0.6035,False
RAB31,ENSG00000168461,MONDO_0004180,benign urinary system neoplasm,0.7798,False
RAB31,ENSG00000168461,MONDO_0004222,ovarian clear cell cystadenocarcinoma,0.7406,False
RAB31,ENSG00000168461,MONDO_0004992,cancer,0.697,False
RAB31,ENSG00000168461,MONDO_0005411,gallbladder cancer,0.689,False
RAB31,ENSG00000168461,MONDO_0007254,breast cancer,0.6865,False
RAB31,ENSG00000168461,MONDO_0008315,prostate cancer,0.7193,False
RAB31,ENSG00000168461,MONDO_0008318,Proteus syndrome,0.9134,False
RAB31,ENSG00000168461,MONDO_0011962,endometrial cancer,0.537,False
RAB31,ENSG00000168461,MONDO_0016216,adult hepatocellular carcinoma,0.6845,False
RAB31,ENSG00000168461,MONDO_0018521,squamous cell carcinoma of pancreas,0.7754,False
RAB31,ENSG00000168461,MONDO_0019456,acute myeloid leukemia with multilineage dysplasia,0.7026,False
RAB31,ENSG00000168461,MONDO_0019457,therapy related acute myeloid leukemia and myelodysplastic syndrome,0.8336,False
RAB31,ENSG00000168461,MONDO_0020657,human papillomavirus-related squamous cell carcinoma,0.7278,False
RAB31,ENSG00000168461,MONDO_0020690,adult glioblastoma,0.8613,False
RAB31,ENSG00000168461,MONDO_0021074,precancerous condition,0.6464,False
RAB31,ENSG00000168461,MONDO_0021115,luminal B breast carcinoma,0.6491,False
RAB31,ENSG00000168461,MONDO_0021535,pancreatic neuroendocrine tumor G1,0.6252,False
RAB31,ENSG00000168461,MONDO_0021538,verrucous carcinoma of oral cavity,0.5061,False
RAB31,ENSG00000168461,MONDO_0024327,chronic renal failure syndrome,0.7205,False
RAB31,ENSG00000168461,MONDO_0040678,infiltrating urothelial carcinoma,0.7708,False
RAB31,ENSG00000168461,MONDO_0044710,lip and oral cavity squamous cell carcinoma,0.9393,False
RAB31,ENSG00000168461,MONDO_0044787,nasal cavity and paranasal sinus squamous cell carcinoma,0.8011,False
RAB31,ENSG00000168461,MONDO_0044964,oral cavity mucoepidermoid carcinoma,0.9701,False
RAB31,ENSG00000168461,MONDO_0045056,grade II meningioma,0.9023,False
RAB31,ENSG00000168461,MONDO_0850302,intracranial meningioma,0.7513,False
RAB31,ENSG00000168461,EFO_0000096,neoplasm of mature B-cells,0.8921,False
RAB31,ENSG00000168461,EFO_0000196,metastatic prostate cancer,0.7141,False
RAB31,ENSG00000168461,EFO_0000198,myelodysplastic syndrome,0.5639,False
RAB31,ENSG00000168461,EFO_0000233,adenosquamous lung carcinoma,0.7193,False
RAB31,ENSG00000168461,EFO_0000304,breast adenocarcinoma,0.8038,False
RAB31,ENSG00000168461,EFO_0000308,bronchoalveolar adenocarcinoma,0.6462,False
RAB31,ENSG00000168461,EFO_0000330,childhood acute myeloid leukemia,0.5756,False
RAB31,ENSG00000168461,EFO_0000403,diffuse large B-cell lymphoma,0.5394,False
RAB31,ENSG00000168461,EFO_0000503,gastric adenocarcinoma,0.7399,False
RAB31,ENSG00000168461,EFO_0000616,neoplasm,0.7294,False
RAB31,ENSG00000168461,EFO_0000756,melanoma,0.6241,False
RAB31,ENSG00000168461,EFO_0001663,prostate carcinoma,0.5301,False
RAB31,ENSG00000168461,EFO_0002426,neoplasm of mature T-cells or NK-cells,0.9052,False
RAB31,ENSG00000168461,EFO_0002618,pancreatic carcinoma,0.8528,False
RAB31,ENSG00000168461,EFO_0003027,acute myeloblastic leukemia without maturation,0.6601,False
RAB31,ENSG00000168461,EFO_0003028,acute myeloblastic leukemia with maturation,0.9423,False
RAB31,ENSG00000168461,EFO_0003060,non-small cell lung carcinoma,0.8994,False
RAB31,ENSG00000168461,EFO_0003859,uterine neoplasm,0.6668,False
RAB31,ENSG00000168461,EFO_0003869,breast neoplasm,0.5418,False
RAB31,ENSG00000168461,EFO_0003891,biliary tract neoplasm,0.6143,False
RAB31,ENSG00000168461,EFO_0004252,nasopharyngeal neoplasm,0.6029,False
RAB31,ENSG00000168461,EFO_0004284,upper aerodigestive tract neoplasm,0.973,False
RAB31,ENSG00000168461,EFO_0004289,lymphoid leukemia,0.5873,False
RAB31,ENSG00000168461,EFO_0004606,gallbladder neoplasm,0.7152,False
RAB31,ENSG00000168461,EFO_0005537,triple-negative breast cancer,0.8634,False
RAB31,ENSG00000168461,EFO_0005540,bile duct carcinoma,0.6147,False
RAB31,ENSG00000168461,EFO_0006732,pancreatic adenosquamous carcinoma,0.5714,False
RAB31,ENSG00000168461,EFO_0006861,male breast carcinoma,0.8582,False
RAB31,ENSG00000168461,EFO_0007532,uterine corpus cancer,0.752,False
RAB31,ENSG00000168461,EFO_0009443,BRCAX breast cancer,0.7046,False
RAB31,ENSG00000168461,EFO_0009780,HER2 negative breast carcinoma,0.8891,False
RAB31,ENSG00000168461,EFO_0009878,drug interaction,0.7281,False
RAB31,ENSG00000168461,EFO_0020003,drug toxicity,0.7326,False
RAB31,ENSG00000168461,EFO_1000044,pancreatic adenocarcinoma,0.6691,False
RAB31,ENSG00000168461,EFO_1000131,"Blast Phase Chronic Myelogenous Leukemia, BCR-ABL1 Positive",0.6226,False
RAB31,ENSG00000168461,EFO_1000238,Endometrial Serous Adenocarcinoma,0.5641,False
RAB31,ENSG00000168461,EFO_1000251,Fallopian Tube Carcinoma,0.7704,False
RAB31,ENSG00000168461,EFO_1000419,Ovarian Germ Cell Tumor,0.8036,False
RAB31,ENSG00000168461,EFO_1000494,Primary Peritoneal Serous Adenocarcinoma,0.6896,False
RAB31,ENSG00000168461,EFO_1000616,Uveal Melanoma,0.7478,False
RAB31,ENSG00000168461,EFO_1000649,estrogen-receptor positive breast cancer,0.6102,False
RAB31,ENSG00000168461,EFO_1001013,lethal midline granuloma,0.9446,False
RAB31,ENSG00000168461,EFO_1001100,peritoneal neoplasm,0.8949,False
RAB31,ENSG00000168461,EFO_1001110,pituitary-dependent Cushing's disease,0.7949,False
RAB31,ENSG00000168461,EFO_1001257,acute erythroblastic leukemia,0.6277,False
RAB31,ENSG00000168461,EFO_1001348,HIV-Associated Lipodystrophy Syndrome,0.8811,False
RAB31,ENSG00000168461,EFO_1001512,endometrial carcinoma,0.5106,False
RAB31,ENSG00000168461,EFO_1001799,incomplete abortion,0.6859,False
RAB31,ENSG00000168461,EFO_1001933,adult acute monocytic leukemia,0.5553,False
RAB31,ENSG00000168461,EFO_1001934,adult acute myeloid leukemia,0.7664,False
RAB31,ENSG00000168461,EFO_1001945,childhood acute myeloid leukemia with maturation,0.7157,False
RAB31,ENSG00000168461,EFO_1001952,endometrial adenosquamous carcinoma,0.6951,False
RAB31,ENSG00000168461,EFO_1001958,high grade ovarian serous adenocarcinoma,0.988,False
RAB31,ENSG00000168461,EFO_1001963,ovarian mucinous cystadenocarcinoma,0.6196,False
RAB31,ENSG00000168461,EFO_1002001,core binding factor acute myeloid leukemia,0.796,False
RAB31,ENSG00000168461,Orphanet_145,Hereditary breast and ovarian cancer syndrome,0.8822,False
RAB32,ENSG00000118508,MONDO_0002995,"small intestine neuroendocrine tumor, well differentiated, low or intermediate grade",0.6141,False
RAB32,ENSG00000118508,MONDO_0004111,refractory hematologic cancer,0.625,False
RAB32,ENSG00000118508,MONDO_0008318,Proteus syndrome,0.5508,False
RAB32,ENSG00000118508,MONDO_0020690,adult glioblastoma,0.7175,False
RAB32,ENSG00000118508,MONDO_0024327,chronic renal failure syndrome,0.815,False
RAB32,ENSG00000118508,MONDO_0044710,lip and oral cavity squamous cell carcinoma,0.7537,False
RAB32,ENSG00000118508,MONDO_0044964,oral cavity mucoepidermoid carcinoma,0.6952,False
RAB32,ENSG00000118508,EFO_0000096,neoplasm of mature B-cells,0.5316,False
RAB32,ENSG00000118508,EFO_0002426,neoplasm of mature T-cells or NK-cells,0.6243,False
RAB32,ENSG00000118508,EFO_0003028,acute myeloblastic leukemia with maturation,0.744,False
RAB32,ENSG00000118508,EFO_0003060,non-small cell lung carcinoma,0.5449,False
RAB32,ENSG00000118508,EFO_0004284,upper aerodigestive tract neoplasm,0.8858,False
RAB32,ENSG00000118508,EFO_0009878,drug interaction,0.5073,False
RAB32,ENSG00000118508,EFO_0020003,drug toxicity,0.7279,False
RAB32,ENSG00000118508,EFO_1000251,Fallopian Tube Carcinoma,0.6319,False
RAB32,ENSG00000118508,EFO_1001013,lethal midline granuloma,0.709,False
RAB32,ENSG00000118508,EFO_1001100,peritoneal neoplasm,0.7836,False
RAB32,ENSG00000118508,EFO_1001110,pituitary-dependent Cushing's disease,0.6161,False
RAB32,ENSG00000118508,EFO_1001348,HIV-Associated Lipodystrophy Syndrome,0.874,False
RAB32,ENSG00000118508,EFO_1001799,incomplete abortion,0.8172,False
RAB32,ENSG00000118508,EFO_1001958,high grade ovarian serous adenocarcinoma,0.8883,False
RAB33A,ENSG00000134594,MONDO_0000544,mucosal melanoma,0.6007,False
RAB33A,ENSG00000134594,MONDO_0000645,fallopian tube benign neoplasm,0.5642,False
RAB33A,ENSG00000134594,MONDO_0001023,prolymphocytic leukemia,0.5943,False
RAB33A,ENSG00000134594,MONDO_0001187,urinary bladder cancer,0.76,False
RAB33A,ENSG00000134594,MONDO_0001402,vaginal cancer,0.578,False
RAB33A,ENSG00000134594,MONDO_0001852,small intestine lymphoma,0.9094,False
RAB33A,ENSG00000134594,MONDO_0001879,anus cancer,0.9846,False
RAB33A,ENSG00000134594,MONDO_0002087,peritoneum cancer,0.9253,False
RAB33A,ENSG00000134594,MONDO_0002158,fallopian tube cancer,0.9138,False
RAB33A,ENSG00000134594,MONDO_0002225,ovarian sarcoma,0.851,False
RAB33A,ENSG00000134594,MONDO_0002537,inverted papilloma,0.628,False
RAB33A,ENSG00000134594,MONDO_0002586,thymus cancer,0.9177,False
RAB33A,ENSG00000134594,MONDO_0002744,fallopian tube mucinous adenocarcinoma,0.5822,False
RAB33A,ENSG00000134594,MONDO_0002833,fallopian tube transitional cell carcinoma,0.7601,False
RAB33A,ENSG00000134594,MONDO_0002974,cervical cancer,0.5402,False
RAB33A,ENSG00000134594,MONDO_0002995,"small intestine neuroendocrine tumor, well differentiated, low or intermediate grade",0.8858,False
RAB33A,ENSG00000134594,MONDO_0003033,prostate angiosarcoma,0.6034,False
RAB33A,ENSG00000134594,MONDO_0003059,bile duct cancer,0.5725,False
RAB33A,ENSG00000134594,MONDO_0003089,extrahepatic bile duct mucoepidermoid carcinoma,0.5566,False
RAB33A,ENSG00000134594,MONDO_0003090,extrahepatic bile duct carcinoma,0.9424,False
RAB33A,ENSG00000134594,MONDO_0003153,adult brainstem glioma,0.6007,False
RAB33A,ENSG00000134594,MONDO_0003196,appendix carcinoma,0.8863,False
RAB33A,ENSG00000134594,MONDO_0003212,nasal cavity carcinoma,0.5966,False
RAB33A,ENSG00000134594,MONDO_0003268,mixed glioma,0.5403,False
RAB33A,ENSG00000134594,MONDO_0003383,fallopian tube clear cell adenocarcinoma,0.7232,False
RAB33A,ENSG00000134594,MONDO_0003478,childhood ependymoma,0.9007,False
RAB33A,ENSG00000134594,MONDO_0003503,fallopian tube squamous cell carcinoma,0.798,False
RAB33A,ENSG00000134594,MONDO_0003541,adult acute lymphoblastic leukemia,0.9639,False
RAB33A,ENSG00000134594,MONDO_0003572,nasopharyngeal type undifferentiated carcinoma,0.7405,False
RAB33A,ENSG00000134594,MONDO_0003659,pediatric lymphoma,0.7336,False
RAB33A,ENSG00000134594,MONDO_0003660,adult lymphoma,0.841,False
RAB33A,ENSG00000134594,MONDO_0003666,fallopian tube endometrioid adenocarcinoma,0.8164,False
RAB33A,ENSG00000134594,MONDO_0003692,adult malignant mesenchymoma,0.6938,False
RAB33A,ENSG00000134594,MONDO_0003856,adult malignant hemangiopericytoma,0.7483,False
RAB33A,ENSG00000134594,MONDO_0003869,childhood brain stem glioma,0.808,False
RAB33A,ENSG00000134594,MONDO_0003874,ovarian serous surface papillary adenocarcinoma,0.9238,False
RAB33A,ENSG00000134594,MONDO_0003936,invasive tubular breast carcinoma,0.5236,False
RAB33A,ENSG00000134594,MONDO_0003982,bilateral breast carcinoma,0.5261,False
RAB33A,ENSG00000134594,MONDO_0004064,iris melanoma,0.6241,False
RAB33A,ENSG00000134594,MONDO_0004111,refractory hematologic cancer,0.8718,False
RAB33A,ENSG00000134594,MONDO_0004180,benign urinary system neoplasm,0.7193,False
RAB33A,ENSG00000134594,MONDO_0004192,urethra cancer,0.5448,False
RAB33A,ENSG00000134594,MONDO_0004222,ovarian clear cell cystadenocarcinoma,0.9255,False
RAB33A,ENSG00000134594,MONDO_0004374,adult extraskeletal osteosarcoma,0.5926,False
RAB33A,ENSG00000134594,MONDO_0004658,breast carcinoma in situ,0.6529,False
RAB33A,ENSG00000134594,MONDO_0004669,salivary gland cancer,0.5685,False
RAB33A,ENSG00000134594,MONDO_0004992,cancer,0.8494,False
RAB33A,ENSG00000134594,MONDO_0005411,gallbladder cancer,0.7319,False
RAB33A,ENSG00000134594,MONDO_0007254,breast cancer,0.8071,False
RAB33A,ENSG00000134594,MONDO_0008170,ovarian cancer,0.8159,False
RAB33A,ENSG00000134594,MONDO_0008315,prostate cancer,0.8753,False
RAB33A,ENSG00000134594,MONDO_0008318,Proteus syndrome,0.9699,False
RAB33A,ENSG00000134594,MONDO_0015686,primary peritoneal carcinoma,0.5331,False
RAB33A,ENSG00000134594,MONDO_0016216,adult hepatocellular carcinoma,0.8863,False
RAB33A,ENSG00000134594,MONDO_0016586,systemic mastocytosis,0.5244,False
RAB33A,ENSG00000134594,MONDO_0017346,Epstein-Barr virus-positive diffuse large B-cell lymphoma of the elderly,0.7154,False
RAB33A,ENSG00000134594,MONDO_0018364,malignant epithelial tumor of ovary,0.5694,False
RAB33A,ENSG00000134594,MONDO_0018521,squamous cell carcinoma of pancreas,0.904,False
RAB33A,ENSG00000134594,MONDO_0018542,severe congenital neutropenia,0.5209,False
RAB33A,ENSG00000134594,MONDO_0019456,acute myeloid leukemia with multilineage dysplasia,0.9166,False
RAB33A,ENSG00000134594,MONDO_0019457,therapy related acute myeloid leukemia and myelodysplastic syndrome,0.9492,False
RAB33A,ENSG00000134594,MONDO_0019460,acute leukemia of ambiguous lineage,0.6602,False
RAB33A,ENSG00000134594,MONDO_0020077,myelodysplastic/myeloproliferative disease,0.8074,False
RAB33A,ENSG00000134594,MONDO_0020541,maligant granulosa cell tumor of ovary,0.5431,False
RAB33A,ENSG00000134594,MONDO_0020657,human papillomavirus-related squamous cell carcinoma,0.922,False
RAB33A,ENSG00000134594,MONDO_0020690,adult glioblastoma,0.9247,False
RAB33A,ENSG00000134594,MONDO_0020743,mixed phenotype acute leukemia,0.663,False
RAB33A,ENSG00000134594,MONDO_0021063,malignant colon neoplasm,0.752,False
RAB33A,ENSG00000134594,MONDO_0021074,precancerous condition,0.6824,False
RAB33A,ENSG00000134594,MONDO_0021115,luminal B breast carcinoma,0.6615,False
RAB33A,ENSG00000134594,MONDO_0021321,malignant tumor of extrahepatic bile duct,0.758,False
RAB33A,ENSG00000134594,MONDO_0021535,pancreatic neuroendocrine tumor G1,0.526,False
RAB33A,ENSG00000134594,MONDO_0021538,verrucous carcinoma of oral cavity,0.6101,False
RAB33A,ENSG00000134594,MONDO_0021576,fallopian tube endometrioid tumor,0.5619,False
RAB33A,ENSG00000134594,MONDO_0024327,chronic renal failure syndrome,0.8365,False
RAB33A,ENSG00000134594,MONDO_0036501,refractory malignant neoplasm,0.6605,False
RAB33A,ENSG00000134594,MONDO_0040678,infiltrating urothelial carcinoma,0.8475,False
RAB33A,ENSG00000134594,MONDO_0044710,lip and oral cavity squamous cell carcinoma,0.9523,False
RAB33A,ENSG00000134594,MONDO_0044787,nasal cavity and paranasal sinus squamous cell carcinoma,0.9346,False
RAB33A,ENSG00000134594,MONDO_0044887,central nervous system non-hodgkin lymphoma,0.6508,False
RAB33A,ENSG00000134594,MONDO_0044889,high grade B-cell lymphoma,0.5514,False
RAB33A,ENSG00000134594,MONDO_0044903,myelofibrosis,0.7739,False
RAB33A,ENSG00000134594,MONDO_0044964,oral cavity mucoepidermoid carcinoma,0.986,False
RAB33A,ENSG00000134594,MONDO_0045056,grade II meningioma,0.8249,False
RAB33A,ENSG00000134594,MONDO_0100342,malignant glioma,0.5152,False
RAB33A,ENSG00000134594,MONDO_0850302,intracranial meningioma,0.7518,False
RAB33A,ENSG00000134594,EFO_0000095,chronic lymphocytic leukemia,0.5924,False
RAB33A,ENSG00000134594,EFO_0000096,neoplasm of mature B-cells,0.9351,False
RAB33A,ENSG00000134594,EFO_0000196,metastatic prostate cancer,0.791,False
RAB33A,ENSG00000134594,EFO_0000198,myelodysplastic syndrome,0.7819,False
RAB33A,ENSG00000134594,EFO_0000211,unspecified peripheral T-cell lymphoma,0.6379,False
RAB33A,ENSG00000134594,EFO_0000220,acute lymphoblastic leukemia,0.6598,False
RAB33A,ENSG00000134594,EFO_0000221,acute monocytic leukemia,0.8179,False
RAB33A,ENSG00000134594,EFO_0000222,acute myeloid leukemia,0.6878,False
RAB33A,ENSG00000134594,EFO_0000223,acute myelomonocytic leukemia,0.7177,False
RAB33A,ENSG00000134594,EFO_0000233,adenosquamous lung carcinoma,0.8483,False
RAB33A,ENSG00000134594,EFO_0000304,breast adenocarcinoma,0.8275,False
RAB33A,ENSG00000134594,EFO_0000308,bronchoalveolar adenocarcinoma,0.7028,False
RAB33A,ENSG00000134594,EFO_0000330,childhood acute myeloid leukemia,0.9052,False
RAB33A,ENSG00000134594,EFO_0000403,diffuse large B-cell lymphoma,0.6578,False
RAB33A,ENSG00000134594,EFO_0000565,leukemia,0.638,False
RAB33A,ENSG00000134594,EFO_0000574,lymphoma,0.7165,False
RAB33A,ENSG00000134594,EFO_0000616,neoplasm,0.9059,False
RAB33A,ENSG00000134594,EFO_0000673,prostate adenocarcinoma,0.6861,False
RAB33A,ENSG00000134594,EFO_0000702,small cell lung carcinoma,0.5046,False
RAB33A,ENSG00000134594,EFO_0000756,melanoma,0.6683,False
RAB33A,ENSG00000134594,EFO_0001378,multiple myeloma,0.6745,False
RAB33A,ENSG00000134594,EFO_0001642,lymphoid neoplasm,0.6654,False
RAB33A,ENSG00000134594,EFO_0001663,prostate carcinoma,0.757,False
RAB33A,ENSG00000134594,EFO_0002426,neoplasm of mature T-cells or NK-cells,0.9399,False
RAB33A,ENSG00000134594,EFO_0002618,pancreatic carcinoma,0.9207,False
RAB33A,ENSG00000134594,EFO_0003025,acute megakaryoblastic leukaemia,0.6422,False
RAB33A,ENSG00000134594,EFO_0003026,minimally differentiated acute myeloblastic leukemia,0.7639,False
RAB33A,ENSG00000134594,EFO_0003027,acute myeloblastic leukemia without maturation,0.9396,False
RAB33A,ENSG00000134594,EFO_0003028,acute myeloblastic leukemia with maturation,0.9888,False
RAB33A,ENSG00000134594,EFO_0003050,large cell lung carcinoma,0.5477,False
RAB33A,ENSG00000134594,EFO_0003060,non-small cell lung carcinoma,0.9577,False
RAB33A,ENSG00000134594,EFO_0003859,uterine neoplasm,0.7909,False
RAB33A,ENSG00000134594,EFO_0003866,paranasal sinus neoplasm,0.5473,False
RAB33A,ENSG00000134594,EFO_0003869,breast neoplasm,0.8072,False
RAB33A,ENSG00000134594,EFO_0003876,intermittent vascular claudication,0.5576,False
RAB33A,ENSG00000134594,EFO_0003891,biliary tract neoplasm,0.7249,False
RAB33A,ENSG00000134594,EFO_0004252,nasopharyngeal neoplasm,0.7016,False
RAB33A,ENSG00000134594,EFO_0004284,upper aerodigestive tract neoplasm,0.9816,False
RAB33A,ENSG00000134594,EFO_0004289,lymphoid leukemia,0.7503,False
RAB33A,ENSG00000134594,EFO_0004606,gallbladder neoplasm,0.5699,False
RAB33A,ENSG00000134594,EFO_0005537,triple-negative breast cancer,0.8668,False
RAB33A,ENSG00000134594,EFO_0005952,non-Hodgkins lymphoma,0.5087,False
RAB33A,ENSG00000134594,EFO_0006732,pancreatic adenosquamous carcinoma,0.6079,False
RAB33A,ENSG00000134594,EFO_0006861,male breast carcinoma,0.9542,False
RAB33A,ENSG00000134594,EFO_0007532,uterine corpus cancer,0.8068,False
RAB33A,ENSG00000134594,EFO_0007535,verrucous carcinoma,0.6282,False
RAB33A,ENSG00000134594,EFO_0008585,ST Elevation Myocardial Infarction,0.533,False
RAB33A,ENSG00000134594,EFO_0009443,BRCAX breast cancer,0.6869,False
RAB33A,ENSG00000134594,EFO_0009582,sprain,0.5174,False
RAB33A,ENSG00000134594,EFO_0009780,HER2 negative breast carcinoma,0.935,False
RAB33A,ENSG00000134594,EFO_0009878,drug interaction,0.9033,False
RAB33A,ENSG00000134594,EFO_0010580,blastic plasmacytoid dendritic cell neoplasm,0.8124,False
RAB33A,ENSG00000134594,EFO_0010832,primary central chondrosarcoma,0.7624,False
RAB33A,ENSG00000134594,EFO_0020003,drug toxicity,0.8145,False
RAB33A,ENSG00000134594,EFO_1000044,pancreatic adenocarcinoma,0.7194,False
RAB33A,ENSG00000134594,EFO_1000059,cervical artery dissection,0.5105,False
RAB33A,ENSG00000134594,EFO_1000131,"Blast Phase Chronic Myelogenous Leukemia, BCR-ABL1 Positive",0.9207,False
RAB33A,ENSG00000134594,EFO_1000238,Endometrial Serous Adenocarcinoma,0.643,False
RAB33A,ENSG00000134594,EFO_1000251,Fallopian Tube Carcinoma,0.9165,False
RAB33A,ENSG00000134594,EFO_1000253,Fallopian Tube Serous Adenocarcinoma,0.7372,False
RAB33A,ENSG00000134594,EFO_1000294,HER2 Positive Breast Carcinoma,0.6721,False
RAB33A,ENSG00000134594,EFO_1000357,Malignant Ovarian Brenner Tumor,0.7066,False
RAB33A,ENSG00000134594,EFO_1000407,Olfactory Neuroblastoma,0.6612,False
RAB33A,ENSG00000134594,EFO_1000412,Ovarian Carcinosarcoma,0.7914,False
RAB33A,ENSG00000134594,EFO_1000419,Ovarian Germ Cell Tumor,0.9583,False
RAB33A,ENSG00000134594,EFO_1000494,Primary Peritoneal Serous Adenocarcinoma,0.8719,False
RAB33A,ENSG00000134594,EFO_1000616,Uveal Melanoma,0.8378,False
RAB33A,ENSG00000134594,EFO_1000649,estrogen-receptor positive breast cancer,0.6963,False
RAB33A,ENSG00000134594,EFO_1000657,rectum cancer,0.6375,False
RAB33A,ENSG00000134594,EFO_1001013,lethal midline granuloma,0.9835,False
RAB33A,ENSG00000134594,EFO_1001100,peritoneal neoplasm,0.9827,False
RAB33A,ENSG00000134594,EFO_1001110,pituitary-dependent Cushing's disease,0.9213,False
RAB33A,ENSG00000134594,EFO_1001257,acute erythroblastic leukemia,0.9304,False
RAB33A,ENSG00000134594,EFO_1001348,HIV-Associated Lipodystrophy Syndrome,0.9038,False
RAB33A,ENSG00000134594,EFO_1001779,chronic myelomonocytic leukemia,0.5367,False
RAB33A,ENSG00000134594,EFO_1001799,incomplete abortion,0.5954,False
RAB33A,ENSG00000134594,EFO_1001830,precursor T-cell lymphoblastic leukemia-lymphoma,0.8189,False
RAB33A,ENSG00000134594,EFO_1001932,adult acute megakaryoblastic leukemia,0.8799,False
RAB33A,ENSG00000134594,EFO_1001933,adult acute monocytic leukemia,0.9318,False
RAB33A,ENSG00000134594,EFO_1001934,adult acute myeloid leukemia,0.9637,False
RAB33A,ENSG00000134594,EFO_1001935,adult B acute lymphoblastic leukemia,0.8235,False
RAB33A,ENSG00000134594,EFO_1001936,adult T acute lymphoblastic leukemia,0.617,False
RAB33A,ENSG00000134594,EFO_1001945,childhood acute myeloid leukemia with maturation,0.9469,False
RAB33A,ENSG00000134594,EFO_1001946,childhood B acute lymphoblastic leukemia,0.7906,False
RAB33A,ENSG00000134594,EFO_1001947,childhood T acute lymphoblastic leukemia,0.8036,False
RAB33A,ENSG00000134594,EFO_1001952,endometrial adenosquamous carcinoma,0.8679,False
RAB33A,ENSG00000134594,EFO_1001953,"endometrial endometrioid adenocarcinoma, variant with squamous differentiation",0.6732,False
RAB33A,ENSG00000134594,EFO_1001958,high grade ovarian serous adenocarcinoma,0.9929,False
RAB33A,ENSG00000134594,EFO_1001959,hilar cholangiocarcinoma,0.7092,False
RAB33A,ENSG00000134594,EFO_1001963,ovarian mucinous cystadenocarcinoma,0.8339,False
RAB33A,ENSG00000134594,EFO_1001973,ureter urothelial carcinoma,0.5848,False
RAB33A,ENSG00000134594,EFO_1002001,core binding factor acute myeloid leukemia,0.9473,False
RAB33A,ENSG00000134594,Orphanet_145,Hereditary breast and ovarian cancer syndrome,0.9035,False
RAB33B,ENSG00000172007,MONDO_0002995,"small intestine neuroendocrine tumor, well differentiated, low or intermediate grade",0.5181,False
RAB33B,ENSG00000172007,MONDO_0004111,refractory hematologic cancer,0.7314,False
RAB33B,ENSG00000172007,MONDO_0020690,adult glioblastoma,0.5508,False
RAB33B,ENSG00000172007,MONDO_0024327,chronic renal failure syndrome,0.6304,False
RAB33B,ENSG00000172007,MONDO_0044710,lip and oral cavity squamous cell carcinoma,0.7883,False
RAB33B,ENSG00000172007,MONDO_0044964,oral cavity mucoepidermoid carcinoma,0.5646,False
RAB33B,ENSG00000172007,EFO_0004284,upper aerodigestive tract neoplasm,0.7184,False
RAB33B,ENSG00000172007,EFO_0020003,drug toxicity,0.7719,False
RAB33B,ENSG00000172007,EFO_1000251,Fallopian Tube Carcinoma,0.655,False
RAB33B,ENSG00000172007,EFO_1000253,Fallopian Tube Serous Adenocarcinoma,0.5054,False
RAB33B,ENSG00000172007,EFO_1000466,Penile Fibromatosis,0.5808,False
RAB33B,ENSG00000172007,EFO_1001100,peritoneal neoplasm,0.9175,False
RAB33B,ENSG00000172007,EFO_1001110,pituitary-dependent Cushing's disease,0.6019,False
RAB33B,ENSG00000172007,EFO_1001159,Rh isoimmunization,0.5722,False
RAB33B,ENSG00000172007,EFO_1001348,HIV-Associated Lipodystrophy Syndrome,0.7048,False
RAB33B,ENSG00000172007,EFO_1001799,incomplete abortion,0.6013,False
RAB33B,ENSG00000172007,EFO_1001958,high grade ovarian serous adenocarcinoma,0.5193,False
RAB34,ENSG00000109113,MONDO_0002995,"small intestine neuroendocrine tumor, well differentiated, low or intermediate grade",0.5815,False
RAB34,ENSG00000109113,MONDO_0004111,refractory hematologic cancer,0.6808,False
RAB34,ENSG00000109113,MONDO_0020690,adult glioblastoma,0.5204,False
RAB34,ENSG00000109113,MONDO_0024327,chronic renal failure syndrome,0.9244,False
RAB34,ENSG00000109113,MONDO_0044964,oral cavity mucoepidermoid carcinoma,0.5534,False
RAB34,ENSG00000109113,EFO_0003028,acute myeloblastic leukemia with maturation,0.6088,False
RAB34,ENSG00000109113,EFO_0004284,upper aerodigestive tract neoplasm,0.7032,False
RAB34,ENSG00000109113,EFO_0009878,drug interaction,0.569,False
RAB34,ENSG00000109113,EFO_0020003,drug toxicity,0.879,False
RAB34,ENSG00000109113,EFO_1001013,lethal midline granuloma,0.5753,False
RAB34,ENSG00000109113,EFO_1001100,peritoneal neoplasm,0.5158,False
RAB34,ENSG00000109113,EFO_1001110,pituitary-dependent Cushing's disease,0.627,False
RAB34,ENSG00000109113,EFO_1001159,Rh isoimmunization,0.6529,False
RAB34,ENSG00000109113,EFO_1001348,HIV-Associated Lipodystrophy Syndrome,0.8007,False
RAB34,ENSG00000109113,EFO_1001799,incomplete abortion,0.8737,False
RAB34,ENSG00000109113,EFO_1001958,high grade ovarian serous adenocarcinoma,0.5773,False
RAB35,ENSG00000111737,MONDO_0001056,gastric cancer,0.6153,False
RAB35,ENSG00000111737,MONDO_0001187,urinary bladder cancer,0.6206,False
RAB35,ENSG00000111737,MONDO_0001852,small intestine lymphoma,0.6862,False
RAB35,ENSG00000111737,MONDO_0001879,anus cancer,0.9641,False
RAB35,ENSG00000111737,MONDO_0002087,peritoneum cancer,0.7899,False
RAB35,ENSG00000111737,MONDO_0002158,fallopian tube cancer,0.6997,False
RAB35,ENSG00000111737,MONDO_0002225,ovarian sarcoma,0.5407,False
RAB35,ENSG00000111737,MONDO_0002586,thymus cancer,0.8452,False
RAB35,ENSG00000111737,MONDO_0002833,fallopian tube transitional cell carcinoma,0.5069,False
RAB35,ENSG00000111737,MONDO_0002974,cervical cancer,0.5473,False
RAB35,ENSG00000111737,MONDO_0002995,"small intestine neuroendocrine tumor, well differentiated, low or intermediate grade",0.9193,False
RAB35,ENSG00000111737,MONDO_0003033,prostate angiosarcoma,0.6918,False
RAB35,ENSG00000111737,MONDO_0003059,bile duct cancer,0.5613,False
RAB35,ENSG00000111737,MONDO_0003060,biliary tract cancer,0.5076,False
RAB35,ENSG00000111737,MONDO_0003089,extrahepatic bile duct mucoepidermoid carcinoma,0.5107,False
RAB35,ENSG00000111737,MONDO_0003090,extrahepatic bile duct carcinoma,0.827,False
RAB35,ENSG00000111737,MONDO_0003196,appendix carcinoma,0.5047,False
RAB35,ENSG00000111737,MONDO_0003268,mixed glioma,0.5024,False
RAB35,ENSG00000111737,MONDO_0003478,childhood ependymoma,0.6742,False
RAB35,ENSG00000111737,MONDO_0003541,adult acute lymphoblastic leukemia,0.8853,False
RAB35,ENSG00000111737,MONDO_0003660,adult lymphoma,0.5954,False
RAB35,ENSG00000111737,MONDO_0003869,childhood brain stem glioma,0.6356,False
RAB35,ENSG00000111737,MONDO_0003874,ovarian serous surface papillary adenocarcinoma,0.8049,False
RAB35,ENSG00000111737,MONDO_0004064,iris melanoma,0.5909,False
RAB35,ENSG00000111737,MONDO_0004111,refractory hematologic cancer,0.6469,False
RAB35,ENSG00000111737,MONDO_0004180,benign urinary system neoplasm,0.6904,False
RAB35,ENSG00000111737,MONDO_0004222,ovarian clear cell cystadenocarcinoma,0.7264,False
RAB35,ENSG00000111737,MONDO_0004992,cancer,0.6099,False
RAB35,ENSG00000111737,MONDO_0005411,gallbladder cancer,0.7417,False
RAB35,ENSG00000111737,MONDO_0007254,breast cancer,0.7273,False
RAB35,ENSG00000111737,MONDO_0008170,ovarian cancer,0.5412,False
RAB35,ENSG00000111737,MONDO_0008315,prostate cancer,0.907,False
RAB35,ENSG00000111737,MONDO_0008318,Proteus syndrome,0.9518,False
RAB35,ENSG00000111737,MONDO_0016216,adult hepatocellular carcinoma,0.8464,False
RAB35,ENSG00000111737,MONDO_0018521,squamous cell carcinoma of pancreas,0.7342,False
RAB35,ENSG00000111737,MONDO_0019456,acute myeloid leukemia with multilineage dysplasia,0.7234,False
RAB35,ENSG00000111737,MONDO_0019457,therapy related acute myeloid leukemia and myelodysplastic syndrome,0.8295,False
RAB35,ENSG00000111737,MONDO_0020657,human papillomavirus-related squamous cell carcinoma,0.8273,False
RAB35,ENSG00000111737,MONDO_0020690,adult glioblastoma,0.9226,False
RAB35,ENSG00000111737,MONDO_0021063,malignant colon neoplasm,0.6488,False
RAB35,ENSG00000111737,MONDO_0021074,precancerous condition,0.6533,False
RAB35,ENSG00000111737,MONDO_0021115,luminal B breast carcinoma,0.6401,False
RAB35,ENSG00000111737,MONDO_0021321,malignant tumor of extrahepatic bile duct,0.5662,False
RAB35,ENSG00000111737,MONDO_0021538,verrucous carcinoma of oral cavity,0.5708,False
RAB35,ENSG00000111737,MONDO_0024327,chronic renal failure syndrome,0.7065,False
RAB35,ENSG00000111737,MONDO_0036501,refractory malignant neoplasm,0.5624,False
RAB35,ENSG00000111737,MONDO_0040678,infiltrating urothelial carcinoma,0.7363,False
RAB35,ENSG00000111737,MONDO_0044710,lip and oral cavity squamous cell carcinoma,0.9287,False
RAB35,ENSG00000111737,MONDO_0044787,nasal cavity and paranasal sinus squamous cell carcinoma,0.8765,False
RAB35,ENSG00000111737,MONDO_0044964,oral cavity mucoepidermoid carcinoma,0.9647,False
RAB35,ENSG00000111737,MONDO_0045056,grade II meningioma,0.8512,False
RAB35,ENSG00000111737,MONDO_0850302,intracranial meningioma,0.5279,False
RAB35,ENSG00000111737,EFO_0000096,neoplasm of mature B-cells,0.807,False
RAB35,ENSG00000111737,EFO_0000196,metastatic prostate cancer,0.7102,False
RAB35,ENSG00000111737,EFO_0000221,acute monocytic leukemia,0.6742,False
RAB35,ENSG00000111737,EFO_0000222,acute myeloid leukemia,0.5228,False
RAB35,ENSG00000111737,EFO_0000233,adenosquamous lung carcinoma,0.6815,False
RAB35,ENSG00000111737,EFO_0000304,breast adenocarcinoma,0.7968,False
RAB35,ENSG00000111737,EFO_0000308,bronchoalveolar adenocarcinoma,0.5909,False
RAB35,ENSG00000111737,EFO_0000330,childhood acute myeloid leukemia,0.7194,False
RAB35,ENSG00000111737,EFO_0000503,gastric adenocarcinoma,0.6296,False
RAB35,ENSG00000111737,EFO_0000616,neoplasm,0.7545,False
RAB35,ENSG00000111737,EFO_0000673,prostate adenocarcinoma,0.6928,False
RAB35,ENSG00000111737,EFO_0000756,melanoma,0.7093,False
RAB35,ENSG00000111737,EFO_0001642,lymphoid neoplasm,0.516,False
RAB35,ENSG00000111737,EFO_0001663,prostate carcinoma,0.7271,False
RAB35,ENSG00000111737,EFO_0002426,neoplasm of mature T-cells or NK-cells,0.904,False
RAB35,ENSG00000111737,EFO_0002618,pancreatic carcinoma,0.8498,False
RAB35,ENSG00000111737,EFO_0003027,acute myeloblastic leukemia without maturation,0.81,False
RAB35,ENSG00000111737,EFO_0003028,acute myeloblastic leukemia with maturation,0.9633,False
RAB35,ENSG00000111737,EFO_0003060,non-small cell lung carcinoma,0.9219,False
RAB35,ENSG00000111737,EFO_0003859,uterine neoplasm,0.6799,False
RAB35,ENSG00000111737,EFO_0003863,urogenital neoplasm,0.6406,False
RAB35,ENSG00000111737,EFO_0003869,breast neoplasm,0.6517,False
RAB35,ENSG00000111737,EFO_0003891,biliary tract neoplasm,0.6417,False
RAB35,ENSG00000111737,EFO_0004252,nasopharyngeal neoplasm,0.6414,False
RAB35,ENSG00000111737,EFO_0004284,upper aerodigestive tract neoplasm,0.9604,False
RAB35,ENSG00000111737,EFO_0004289,lymphoid leukemia,0.6655,False
RAB35,ENSG00000111737,EFO_0004606,gallbladder neoplasm,0.6273,False
RAB35,ENSG00000111737,EFO_0005537,triple-negative breast cancer,0.8727,False
RAB35,ENSG00000111737,EFO_0005540,bile duct carcinoma,0.6646,False
RAB35,ENSG00000111737,EFO_0006861,male breast carcinoma,0.9223,False
RAB35,ENSG00000111737,EFO_0007532,uterine corpus cancer,0.7576,False
RAB35,ENSG00000111737,EFO_0009443,BRCAX breast cancer,0.6965,False
RAB35,ENSG00000111737,EFO_0009780,HER2 negative breast carcinoma,0.8868,False
RAB35,ENSG00000111737,EFO_0009878,drug interaction,0.8321,False
RAB35,ENSG00000111737,EFO_0010832,primary central chondrosarcoma,0.5603,False
RAB35,ENSG00000111737,EFO_0020003,drug toxicity,0.7419,False
RAB35,ENSG00000111737,EFO_1000044,pancreatic adenocarcinoma,0.7011,False
RAB35,ENSG00000111737,EFO_1000131,"Blast Phase Chronic Myelogenous Leukemia, BCR-ABL1 Positive",0.7904,False
RAB35,ENSG00000111737,EFO_1000251,Fallopian Tube Carcinoma,0.7702,False
RAB35,ENSG00000111737,EFO_1000294,HER2 Positive Breast Carcinoma,0.5177,False
RAB35,ENSG00000111737,EFO_1000419,Ovarian Germ Cell Tumor,0.7778,False
RAB35,ENSG00000111737,EFO_1000494,Primary Peritoneal Serous Adenocarcinoma,0.5989,False
RAB35,ENSG00000111737,EFO_1000616,Uveal Melanoma,0.8711,False
RAB35,ENSG00000111737,EFO_1000649,estrogen-receptor positive breast cancer,0.7784,False
RAB35,ENSG00000111737,EFO_1000657,rectum cancer,0.5367,False
RAB35,ENSG00000111737,EFO_1001013,lethal midline granuloma,0.9368,False
RAB35,ENSG00000111737,EFO_1001100,peritoneal neoplasm,0.9323,False
RAB35,ENSG00000111737,EFO_1001110,pituitary-dependent Cushing's disease,0.8589,False
RAB35,ENSG00000111737,EFO_1001257,acute erythroblastic leukemia,0.693,False
RAB35,ENSG00000111737,EFO_1001348,HIV-Associated Lipodystrophy Syndrome,0.8407,False
RAB35,ENSG00000111737,EFO_1001799,incomplete abortion,0.6623,False
RAB35,ENSG00000111737,EFO_1001830,precursor T-cell lymphoblastic leukemia-lymphoma,0.5491,False
RAB35,ENSG00000111737,EFO_1001932,adult acute megakaryoblastic leukemia,0.6444,False
RAB35,ENSG00000111737,EFO_1001933,adult acute monocytic leukemia,0.7185,False
RAB35,ENSG00000111737,EFO_1001934,adult acute myeloid leukemia,0.8556,False
RAB35,ENSG00000111737,EFO_1001935,adult B acute lymphoblastic leukemia,0.5419,False
RAB35,ENSG00000111737,EFO_1001945,childhood acute myeloid leukemia with maturation,0.826,False
RAB35,ENSG00000111737,EFO_1001947,childhood T acute lymphoblastic leukemia,0.519,False
RAB35,ENSG00000111737,EFO_1001952,endometrial adenosquamous carcinoma,0.7232,False
RAB35,ENSG00000111737,EFO_1001958,high grade ovarian serous adenocarcinoma,0.9815,False
RAB35,ENSG00000111737,EFO_1001963,ovarian mucinous cystadenocarcinoma,0.5281,False
RAB35,ENSG00000111737,EFO_1002001,core binding factor acute myeloid leukemia,0.8805,False
RAB35,ENSG00000111737,Orphanet_145,Hereditary breast and ovarian cancer syndrome,0.8178,False
RAB36,ENSG00000100228,MONDO_0000544,mucosal melanoma,0.6195,False
RAB36,ENSG00000100228,MONDO_0000645,fallopian tube benign neoplasm,0.674,False
RAB36,ENSG00000100228,MONDO_0000956,small intestine cancer,0.5896,False
RAB36,ENSG00000100228,MONDO_0001023,prolymphocytic leukemia,0.7539,False
RAB36,ENSG00000100228,MONDO_0001056,gastric cancer,0.5174,False
RAB36,ENSG00000100228,MONDO_0001187,urinary bladder cancer,0.7766,False
RAB36,ENSG00000100228,MONDO_0001325,penile cancer,0.6218,False
RAB36,ENSG00000100228,MONDO_0001402,vaginal cancer,0.7548,False
RAB36,ENSG00000100228,MONDO_0001501,retroperitoneal sarcoma,0.6482,False
RAB36,ENSG00000100228,MONDO_0001763,ethmoid sinus cancer,0.549,False
RAB36,ENSG00000100228,MONDO_0001852,small intestine lymphoma,0.9577,False
RAB36,ENSG00000100228,MONDO_0001879,anus cancer,0.9901,False
RAB36,ENSG00000100228,MONDO_0002087,peritoneum cancer,0.9488,False
RAB36,ENSG00000100228,MONDO_0002158,fallopian tube cancer,0.9429,False
RAB36,ENSG00000100228,MONDO_0002225,ovarian sarcoma,0.9009,False
RAB36,ENSG00000100228,MONDO_0002537,inverted papilloma,0.8484,False
RAB36,ENSG00000100228,MONDO_0002543,adult oligodendroglioma,0.5729,False
RAB36,ENSG00000100228,MONDO_0002586,thymus cancer,0.9376,False
RAB36,ENSG00000100228,MONDO_0002683,adult choroid plexus neoplasm,0.5998,False
RAB36,ENSG00000100228,MONDO_0002716,childhood spinal cord tumor,0.5588,False
RAB36,ENSG00000100228,MONDO_0002744,fallopian tube mucinous adenocarcinoma,0.739,False
RAB36,ENSG00000100228,MONDO_0002794,adult medulloblastoma,0.5161,False
RAB36,ENSG00000100228,MONDO_0002833,fallopian tube transitional cell carcinoma,0.8365,False
RAB36,ENSG00000100228,MONDO_0002974,cervical cancer,0.7008,False
RAB36,ENSG00000100228,MONDO_0002995,"small intestine neuroendocrine tumor, well differentiated, low or intermediate grade",0.9474,False
RAB36,ENSG00000100228,MONDO_0003033,prostate angiosarcoma,0.6801,False
RAB36,ENSG00000100228,MONDO_0003059,bile duct cancer,0.7157,False
RAB36,ENSG00000100228,MONDO_0003060,biliary tract cancer,0.6523,False
RAB36,ENSG00000100228,MONDO_0003087,mucoepidermoid breast carcinoma,0.5674,False
RAB36,ENSG00000100228,MONDO_0003089,extrahepatic bile duct mucoepidermoid carcinoma,0.7783,False
RAB36,ENSG00000100228,MONDO_0003090,extrahepatic bile duct carcinoma,0.9677,False
RAB36,ENSG00000100228,MONDO_0003153,adult brainstem glioma,0.6093,False
RAB36,ENSG00000100228,MONDO_0003196,appendix carcinoma,0.9642,False
RAB36,ENSG00000100228,MONDO_0003212,nasal cavity carcinoma,0.7666,False
RAB36,ENSG00000100228,MONDO_0003268,mixed glioma,0.6971,False
RAB36,ENSG00000100228,MONDO_0003383,fallopian tube clear cell adenocarcinoma,0.8058,False
RAB36,ENSG00000100228,MONDO_0003392,fallopian tube germ cell tumor,0.5936,False
RAB36,ENSG00000100228,MONDO_0003404,adult yolk sac tumor,0.5486,False
RAB36,ENSG00000100228,MONDO_0003478,childhood ependymoma,0.913,False
RAB36,ENSG00000100228,MONDO_0003503,fallopian tube squamous cell carcinoma,0.8373,False
RAB36,ENSG00000100228,MONDO_0003541,adult acute lymphoblastic leukemia,0.9772,False
RAB36,ENSG00000100228,MONDO_0003572,nasopharyngeal type undifferentiated carcinoma,0.8857,False
RAB36,ENSG00000100228,MONDO_0003585,adult liposarcoma,0.6346,False
RAB36,ENSG00000100228,MONDO_0003659,pediatric lymphoma,0.7661,False
RAB36,ENSG00000100228,MONDO_0003660,adult lymphoma,0.8806,False
RAB36,ENSG00000100228,MONDO_0003666,fallopian tube endometrioid adenocarcinoma,0.8734,False
RAB36,ENSG00000100228,MONDO_0003692,adult malignant mesenchymoma,0.7873,False
RAB36,ENSG00000100228,MONDO_0003751,childhood germ cell tumor,0.6383,False
RAB36,ENSG00000100228,MONDO_0003856,adult malignant hemangiopericytoma,0.8513,False
RAB36,ENSG00000100228,MONDO_0003869,childhood brain stem glioma,0.7959,False
RAB36,ENSG00000100228,MONDO_0003874,ovarian serous surface papillary adenocarcinoma,0.955,False
RAB36,ENSG00000100228,MONDO_0003890,infiltrating bladder urothelial carcinoma,0.5844,False
RAB36,ENSG00000100228,MONDO_0003936,invasive tubular breast carcinoma,0.7282,False
RAB36,ENSG00000100228,MONDO_0003950,nipple carcinoma,0.5375,False
RAB36,ENSG00000100228,MONDO_0003982,bilateral breast carcinoma,0.6955,False
RAB36,ENSG00000100228,MONDO_0004064,iris melanoma,0.7381,False
RAB36,ENSG00000100228,MONDO_0004110,refractory hairy cell leukemia,0.5917,False
RAB36,ENSG00000100228,MONDO_0004111,refractory hematologic cancer,0.862,False
RAB36,ENSG00000100228,MONDO_0004180,benign urinary system neoplasm,0.8728,False
RAB36,ENSG00000100228,MONDO_0004192,urethra cancer,0.644,False
RAB36,ENSG00000100228,MONDO_0004222,ovarian clear cell cystadenocarcinoma,0.9477,False
RAB36,ENSG00000100228,MONDO_0004374,adult extraskeletal osteosarcoma,0.7584,False
RAB36,ENSG00000100228,MONDO_0004658,breast carcinoma in situ,0.7664,False
RAB36,ENSG00000100228,MONDO_0004669,salivary gland cancer,0.6862,False
RAB36,ENSG00000100228,MONDO_0004695,liver lymphoma,0.5021,False
RAB36,ENSG00000100228,MONDO_0004992,cancer,0.8125,False
RAB36,ENSG00000100228,MONDO_0005411,gallbladder cancer,0.8575,False
RAB36,ENSG00000100228,MONDO_0007254,breast cancer,0.842,False
RAB36,ENSG00000100228,MONDO_0008170,ovarian cancer,0.8384,False
RAB36,ENSG00000100228,MONDO_0008315,prostate cancer,0.8682,False
RAB36,ENSG00000100228,MONDO_0008318,Proteus syndrome,0.9822,False
RAB36,ENSG00000100228,MONDO_0008867,biliary atresia,0.5043,False
RAB36,ENSG00000100228,MONDO_0015686,primary peritoneal carcinoma,0.6677,False
RAB36,ENSG00000100228,MONDO_0016216,adult hepatocellular carcinoma,0.9251,False
RAB36,ENSG00000100228,MONDO_0016586,systemic mastocytosis,0.7116,False
RAB36,ENSG00000100228,MONDO_0017346,Epstein-Barr virus-positive diffuse large B-cell lymphoma of the elderly,0.8373,False
RAB36,ENSG00000100228,MONDO_0018364,malignant epithelial tumor of ovary,0.7909,False
RAB36,ENSG00000100228,MONDO_0018521,squamous cell carcinoma of pancreas,0.9453,False
RAB36,ENSG00000100228,MONDO_0018542,severe congenital neutropenia,0.6959,False
RAB36,ENSG00000100228,MONDO_0019456,acute myeloid leukemia with multilineage dysplasia,0.8812,False
RAB36,ENSG00000100228,MONDO_0019457,therapy related acute myeloid leukemia and myelodysplastic syndrome,0.9637,False
RAB36,ENSG00000100228,MONDO_0019460,acute leukemia of ambiguous lineage,0.7411,False
RAB36,ENSG00000100228,MONDO_0019465,nodal marginal zone B-cell lymphoma,0.565,False
RAB36,ENSG00000100228,MONDO_0020077,myelodysplastic/myeloproliferative disease,0.8416,False
RAB36,ENSG00000100228,MONDO_0020541,maligant granulosa cell tumor of ovary,0.6257,False
RAB36,ENSG00000100228,MONDO_0020657,human papillomavirus-related squamous cell carcinoma,0.9411,False
RAB36,ENSG00000100228,MONDO_0020690,adult glioblastoma,0.9317,False
RAB36,ENSG00000100228,MONDO_0020743,mixed phenotype acute leukemia,0.7468,False
RAB36,ENSG00000100228,MONDO_0021063,malignant colon neoplasm,0.8383,False
RAB36,ENSG00000100228,MONDO_0021074,precancerous condition,0.6764,False
RAB36,ENSG00000100228,MONDO_0021115,luminal B breast carcinoma,0.8039,False
RAB36,ENSG00000100228,MONDO_0021321,malignant tumor of extrahepatic bile duct,0.8446,False
RAB36,ENSG00000100228,MONDO_0021535,pancreatic neuroendocrine tumor G1,0.6709,False
RAB36,ENSG00000100228,MONDO_0021538,verrucous carcinoma of oral cavity,0.6093,False
RAB36,ENSG00000100228,MONDO_0021576,fallopian tube endometrioid tumor,0.6785,False
RAB36,ENSG00000100228,MONDO_0021633,cerebral astrocytoma,0.5372,False
RAB36,ENSG00000100228,MONDO_0024327,chronic renal failure syndrome,0.8463,False
RAB36,ENSG00000100228,MONDO_0036501,refractory malignant neoplasm,0.6641,False
RAB36,ENSG00000100228,MONDO_0040678,infiltrating urothelial carcinoma,0.9209,False
RAB36,ENSG00000100228,MONDO_0041052,postherpetic neuralgia,0.5627,False
RAB36,ENSG00000100228,MONDO_0044710,lip and oral cavity squamous cell carcinoma,0.925,False
RAB36,ENSG00000100228,MONDO_0044787,nasal cavity and paranasal sinus squamous cell carcinoma,0.9577,False
RAB36,ENSG00000100228,MONDO_0044887,central nervous system non-hodgkin lymphoma,0.7519,False
RAB36,ENSG00000100228,MONDO_0044889,high grade B-cell lymphoma,0.6285,False
RAB36,ENSG00000100228,MONDO_0044903,myelofibrosis,0.7188,False
RAB36,ENSG00000100228,MONDO_0044907,metastatic squamous cell carcinoma,0.5148,False
RAB36,ENSG00000100228,MONDO_0044925,oral cavity carcinoma,0.6329,False
RAB36,ENSG00000100228,MONDO_0044964,oral cavity mucoepidermoid carcinoma,0.9939,False
RAB36,ENSG00000100228,MONDO_0045056,grade II meningioma,0.8681,False
RAB36,ENSG00000100228,MONDO_0850302,intracranial meningioma,0.8102,False
RAB36,ENSG00000100228,EFO_0000095,chronic lymphocytic leukemia,0.6011,False
RAB36,ENSG00000100228,EFO_0000096,neoplasm of mature B-cells,0.9561,False
RAB36,ENSG00000100228,EFO_0000196,metastatic prostate cancer,0.7781,False
RAB36,ENSG00000100228,EFO_0000198,myelodysplastic syndrome,0.7357,False
RAB36,ENSG00000100228,EFO_0000209,T-cell acute lymphoblastic leukemia,0.5634,False
RAB36,ENSG00000100228,EFO_0000211,unspecified peripheral T-cell lymphoma,0.7504,False
RAB36,ENSG00000100228,EFO_0000218,acute erythroleukemia,0.5688,False
RAB36,ENSG00000100228,EFO_0000220,acute lymphoblastic leukemia,0.6811,False
RAB36,ENSG00000100228,EFO_0000221,acute monocytic leukemia,0.9143,False
RAB36,ENSG00000100228,EFO_0000223,acute myelomonocytic leukemia,0.8499,False
RAB36,ENSG00000100228,EFO_0000233,adenosquamous lung carcinoma,0.9039,False
RAB36,ENSG00000100228,EFO_0000304,breast adenocarcinoma,0.842,False
RAB36,ENSG00000100228,EFO_0000305,breast carcinoma,0.5863,False
RAB36,ENSG00000100228,EFO_0000308,bronchoalveolar adenocarcinoma,0.7988,False
RAB36,ENSG00000100228,EFO_0000330,childhood acute myeloid leukemia,0.9191,False
RAB36,ENSG00000100228,EFO_0000403,diffuse large B-cell lymphoma,0.736,False
RAB36,ENSG00000100228,EFO_0000466,endometrioid carcinoma,0.565,False
RAB36,ENSG00000100228,EFO_0000503,gastric adenocarcinoma,0.5607,False
RAB36,ENSG00000100228,EFO_0000565,leukemia,0.6832,False
RAB36,ENSG00000100228,EFO_0000574,lymphoma,0.7223,False
RAB36,ENSG00000100228,EFO_0000616,neoplasm,0.8629,False
RAB36,ENSG00000100228,EFO_0000673,prostate adenocarcinoma,0.7906,False
RAB36,ENSG00000100228,EFO_0000702,small cell lung carcinoma,0.6018,False
RAB36,ENSG00000100228,EFO_0000756,melanoma,0.7049,False
RAB36,ENSG00000100228,EFO_0001075,ovarian carcinoma,0.5135,False
RAB36,ENSG00000100228,EFO_0001378,multiple myeloma,0.579,False
RAB36,ENSG00000100228,EFO_0001642,lymphoid neoplasm,0.686,False
RAB36,ENSG00000100228,EFO_0001663,prostate carcinoma,0.7348,False
RAB36,ENSG00000100228,EFO_0002426,neoplasm of mature T-cells or NK-cells,0.9578,False
RAB36,ENSG00000100228,EFO_0002618,pancreatic carcinoma,0.9484,False
RAB36,ENSG00000100228,EFO_0002938,hypopharyngeal carcinoma,0.6133,False
RAB36,ENSG00000100228,EFO_0003025,acute megakaryoblastic leukaemia,0.8279,False
RAB36,ENSG00000100228,EFO_0003026,minimally differentiated acute myeloblastic leukemia,0.7976,False
RAB36,ENSG00000100228,EFO_0003027,acute myeloblastic leukemia without maturation,0.9597,False
RAB36,ENSG00000100228,EFO_0003028,acute myeloblastic leukemia with maturation,0.9888,False
RAB36,ENSG00000100228,EFO_0003050,large cell lung carcinoma,0.6608,False
RAB36,ENSG00000100228,EFO_0003060,non-small cell lung carcinoma,0.9468,False
RAB36,ENSG00000100228,EFO_0003846,urethral neoplasm,0.5252,False
RAB36,ENSG00000100228,EFO_0003859,uterine neoplasm,0.8103,False
RAB36,ENSG00000100228,EFO_0003863,urogenital neoplasm,0.6696,False
RAB36,ENSG00000100228,EFO_0003866,paranasal sinus neoplasm,0.7824,False
RAB36,ENSG00000100228,EFO_0003869,breast neoplasm,0.8563,False
RAB36,ENSG00000100228,EFO_0003876,intermittent vascular claudication,0.6654,False
RAB36,ENSG00000100228,EFO_0003891,biliary tract neoplasm,0.8507,False
RAB36,ENSG00000100228,EFO_0004252,nasopharyngeal neoplasm,0.7663,False
RAB36,ENSG00000100228,EFO_0004284,upper aerodigestive tract neoplasm,0.9789,False
RAB36,ENSG00000100228,EFO_0004289,lymphoid leukemia,0.7566,False
RAB36,ENSG00000100228,EFO_0004599,acute graft vs. host disease,0.6686,False
RAB36,ENSG00000100228,EFO_0004606,gallbladder neoplasm,0.7523,False
RAB36,ENSG00000100228,EFO_0005537,triple-negative breast cancer,0.9114,False
RAB36,ENSG00000100228,EFO_0005540,bile duct carcinoma,0.6168,False
RAB36,ENSG00000100228,EFO_0005582,renal pelvis carcinoma,0.5186,False
RAB36,ENSG00000100228,EFO_0005952,non-Hodgkins lymphoma,0.604,False
RAB36,ENSG00000100228,EFO_0006732,pancreatic adenosquamous carcinoma,0.7961,False
RAB36,ENSG00000100228,EFO_0006861,male breast carcinoma,0.9657,False
RAB36,ENSG00000100228,EFO_0007372,mitral valve stenosis,0.5216,False
RAB36,ENSG00000100228,EFO_0007532,uterine corpus cancer,0.8407,False
RAB36,ENSG00000100228,EFO_0007535,verrucous carcinoma,0.8046,False
RAB36,ENSG00000100228,EFO_0008585,ST Elevation Myocardial Infarction,0.6005,False
RAB36,ENSG00000100228,EFO_0009443,BRCAX breast cancer,0.7806,False
RAB36,ENSG00000100228,EFO_0009780,HER2 negative breast carcinoma,0.9666,False
RAB36,ENSG00000100228,EFO_0009782,progesterone-receptor positive breast cancer,0.5007,False
RAB36,ENSG00000100228,EFO_0009878,drug interaction,0.8868,False
RAB36,ENSG00000100228,EFO_0010580,blastic plasmacytoid dendritic cell neoplasm,0.8535,False
RAB36,ENSG00000100228,EFO_0010832,primary central chondrosarcoma,0.8618,False
RAB36,ENSG00000100228,EFO_0020003,drug toxicity,0.796,False
RAB36,ENSG00000100228,EFO_0700108,non-infectious posterior uveitis,0.5942,False
RAB36,ENSG00000100228,EFO_1000044,pancreatic adenocarcinoma,0.8067,False
RAB36,ENSG00000100228,EFO_1000059,cervical artery dissection,0.6007,False
RAB36,ENSG00000100228,EFO_1000131,"Blast Phase Chronic Myelogenous Leukemia, BCR-ABL1 Positive",0.9557,False
RAB36,ENSG00000100228,EFO_1000140,Borderline Ovarian Surface Epithelial-Stromal Tumor,0.6687,False
RAB36,ENSG00000100228,EFO_1000231,Endometrial Clear Cell Adenocarcinoma,0.5971,False
RAB36,ENSG00000100228,EFO_1000238,Endometrial Serous Adenocarcinoma,0.6982,False
RAB36,ENSG00000100228,EFO_1000251,Fallopian Tube Carcinoma,0.9431,False
RAB36,ENSG00000100228,EFO_1000252,Fallopian Tube Carcinosarcoma,0.5162,False
RAB36,ENSG00000100228,EFO_1000253,Fallopian Tube Serous Adenocarcinoma,0.7963,False
RAB36,ENSG00000100228,EFO_1000294,HER2 Positive Breast Carcinoma,0.7532,False
RAB36,ENSG00000100228,EFO_1000357,Malignant Ovarian Brenner Tumor,0.8371,False
RAB36,ENSG00000100228,EFO_1000407,Olfactory Neuroblastoma,0.8463,False
RAB36,ENSG00000100228,EFO_1000412,Ovarian Carcinosarcoma,0.863,False
RAB36,ENSG00000100228,EFO_1000419,Ovarian Germ Cell Tumor,0.9832,False
RAB36,ENSG00000100228,EFO_1000494,Primary Peritoneal Serous Adenocarcinoma,0.9257,False
RAB36,ENSG00000100228,EFO_1000616,Uveal Melanoma,0.8184,False
RAB36,ENSG00000100228,EFO_1000649,estrogen-receptor positive breast cancer,0.7798,False
RAB36,ENSG00000100228,EFO_1000652,acute pancreatitis,0.5204,False
RAB36,ENSG00000100228,EFO_1000657,rectum cancer,0.7681,False
RAB36,ENSG00000100228,EFO_1001013,lethal midline granuloma,0.9846,False
RAB36,ENSG00000100228,EFO_1001082,panuveitis,0.6411,False
RAB36,ENSG00000100228,EFO_1001100,peritoneal neoplasm,0.9904,False
RAB36,ENSG00000100228,EFO_1001110,pituitary-dependent Cushing's disease,0.8462,False
RAB36,ENSG00000100228,EFO_1001119,posterior uveitis,0.6858,False
RAB36,ENSG00000100228,EFO_1001257,acute erythroblastic leukemia,0.964,False
RAB36,ENSG00000100228,EFO_1001348,HIV-Associated Lipodystrophy Syndrome,0.9218,False
RAB36,ENSG00000100228,EFO_1001512,endometrial carcinoma,0.6555,False
RAB36,ENSG00000100228,EFO_1001769,carcinoid heart disease,0.5023,False
RAB36,ENSG00000100228,EFO_1001779,chronic myelomonocytic leukemia,0.6302,False
RAB36,ENSG00000100228,EFO_1001799,incomplete abortion,0.6357,False
RAB36,ENSG00000100228,EFO_1001830,precursor T-cell lymphoblastic leukemia-lymphoma,0.8759,False
RAB36,ENSG00000100228,EFO_1001932,adult acute megakaryoblastic leukemia,0.9319,False
RAB36,ENSG00000100228,EFO_1001933,adult acute monocytic leukemia,0.9631,False
RAB36,ENSG00000100228,EFO_1001934,adult acute myeloid leukemia,0.9691,False
RAB36,ENSG00000100228,EFO_1001935,adult B acute lymphoblastic leukemia,0.904,False
RAB36,ENSG00000100228,EFO_1001936,adult T acute lymphoblastic leukemia,0.7577,False
RAB36,ENSG00000100228,EFO_1001943,childhood acute megakaryoblastic leukemia,0.6251,False
RAB36,ENSG00000100228,EFO_1001944,childhood acute monocytic leukemia,0.6147,False
RAB36,ENSG00000100228,EFO_1001945,childhood acute myeloid leukemia with maturation,0.957,False
RAB36,ENSG00000100228,EFO_1001946,childhood B acute lymphoblastic leukemia,0.8759,False
RAB36,ENSG00000100228,EFO_1001947,childhood T acute lymphoblastic leukemia,0.8725,False
RAB36,ENSG00000100228,EFO_1001952,endometrial adenosquamous carcinoma,0.9335,False
RAB36,ENSG00000100228,EFO_1001953,"endometrial endometrioid adenocarcinoma, variant with squamous differentiation",0.8165,False
RAB36,ENSG00000100228,EFO_1001958,high grade ovarian serous adenocarcinoma,0.993,False
RAB36,ENSG00000100228,EFO_1001959,hilar cholangiocarcinoma,0.8702,False
RAB36,ENSG00000100228,EFO_1001963,ovarian mucinous cystadenocarcinoma,0.8793,False
RAB36,ENSG00000100228,EFO_1001973,ureter urothelial carcinoma,0.7303,False
RAB36,ENSG00000100228,EFO_1002001,core binding factor acute myeloid leukemia,0.9614,False
RAB36,ENSG00000100228,Orphanet_145,Hereditary breast and ovarian cancer syndrome,0.9555,False
RAB36,ENSG00000100228,Orphanet_325690,Genetic disorder of sex development,0.5901,False
RAB37,ENSG00000172794,MONDO_0000645,fallopian tube benign neoplasm,0.5093,False
RAB37,ENSG00000172794,MONDO_0001852,small intestine lymphoma,0.7144,False
RAB37,ENSG00000172794,MONDO_0001879,anus cancer,0.8987,False
RAB37,ENSG00000172794,MONDO_0002087,peritoneum cancer,0.7201,False
RAB37,ENSG00000172794,MONDO_0002158,fallopian tube cancer,0.7465,False
RAB37,ENSG00000172794,MONDO_0002203,constipation disorder,0.5306,False
RAB37,ENSG00000172794,MONDO_0002225,ovarian sarcoma,0.5734,False
RAB37,ENSG00000172794,MONDO_0002537,inverted papilloma,0.5778,False
RAB37,ENSG00000172794,MONDO_0002586,thymus cancer,0.5827,False
RAB37,ENSG00000172794,MONDO_0002833,fallopian tube transitional cell carcinoma,0.5726,False
RAB37,ENSG00000172794,MONDO_0002995,"small intestine neuroendocrine tumor, well differentiated, low or intermediate grade",0.8669,False
RAB37,ENSG00000172794,MONDO_0003090,extrahepatic bile duct carcinoma,0.8064,False
RAB37,ENSG00000172794,MONDO_0003196,appendix carcinoma,0.8517,False
RAB37,ENSG00000172794,MONDO_0003383,fallopian tube clear cell adenocarcinoma,0.5163,False
RAB37,ENSG00000172794,MONDO_0003478,childhood ependymoma,0.5245,False
RAB37,ENSG00000172794,MONDO_0003503,fallopian tube squamous cell carcinoma,0.5512,False
RAB37,ENSG00000172794,MONDO_0003541,adult acute lymphoblastic leukemia,0.8717,False
RAB37,ENSG00000172794,MONDO_0003666,fallopian tube endometrioid adenocarcinoma,0.6577,False
RAB37,ENSG00000172794,MONDO_0003869,childhood brain stem glioma,0.5752,False
RAB37,ENSG00000172794,MONDO_0003874,ovarian serous surface papillary adenocarcinoma,0.6334,False
RAB37,ENSG00000172794,MONDO_0004111,refractory hematologic cancer,0.9204,False
RAB37,ENSG00000172794,MONDO_0004180,benign urinary system neoplasm,0.6201,False
RAB37,ENSG00000172794,MONDO_0004222,ovarian clear cell cystadenocarcinoma,0.7031,False
RAB37,ENSG00000172794,MONDO_0008318,Proteus syndrome,0.8101,False
RAB37,ENSG00000172794,MONDO_0018521,squamous cell carcinoma of pancreas,0.7118,False
RAB37,ENSG00000172794,MONDO_0018542,severe congenital neutropenia,0.5609,False
RAB37,ENSG00000172794,MONDO_0019456,acute myeloid leukemia with multilineage dysplasia,0.831,False
RAB37,ENSG00000172794,MONDO_0019457,therapy related acute myeloid leukemia and myelodysplastic syndrome,0.8547,False
RAB37,ENSG00000172794,MONDO_0020077,myelodysplastic/myeloproliferative disease,0.5913,False
RAB37,ENSG00000172794,MONDO_0020657,human papillomavirus-related squamous cell carcinoma,0.6867,False
RAB37,ENSG00000172794,MONDO_0020690,adult glioblastoma,0.8324,False
RAB37,ENSG00000172794,MONDO_0024327,chronic renal failure syndrome,0.9109,False
RAB37,ENSG00000172794,MONDO_0044710,lip and oral cavity squamous cell carcinoma,0.7988,False
RAB37,ENSG00000172794,MONDO_0044787,nasal cavity and paranasal sinus squamous cell carcinoma,0.6961,False
RAB37,ENSG00000172794,MONDO_0044903,myelofibrosis,0.55,False
RAB37,ENSG00000172794,MONDO_0044964,oral cavity mucoepidermoid carcinoma,0.9675,False
RAB37,ENSG00000172794,MONDO_0045056,grade II meningioma,0.5254,False
RAB37,ENSG00000172794,EFO_0000096,neoplasm of mature B-cells,0.8304,False
RAB37,ENSG00000172794,EFO_0000198,myelodysplastic syndrome,0.5477,False
RAB37,ENSG00000172794,EFO_0000221,acute monocytic leukemia,0.6387,False
RAB37,ENSG00000172794,EFO_0000223,acute myelomonocytic leukemia,0.5799,False
RAB37,ENSG00000172794,EFO_0000330,childhood acute myeloid leukemia,0.8084,False
RAB37,ENSG00000172794,EFO_0000616,neoplasm,0.62,False
RAB37,ENSG00000172794,EFO_0002426,neoplasm of mature T-cells or NK-cells,0.8963,False
RAB37,ENSG00000172794,EFO_0002618,pancreatic carcinoma,0.6872,False
RAB37,ENSG00000172794,EFO_0003027,acute myeloblastic leukemia without maturation,0.821,False
RAB37,ENSG00000172794,EFO_0003028,acute myeloblastic leukemia with maturation,0.9659,False
RAB37,ENSG00000172794,EFO_0003060,non-small cell lung carcinoma,0.7062,False
RAB37,ENSG00000172794,EFO_0003876,intermittent vascular claudication,0.5088,False
RAB37,ENSG00000172794,EFO_0004284,upper aerodigestive tract neoplasm,0.9225,False
RAB37,ENSG00000172794,EFO_0004599,acute graft vs. host disease,0.5079,False
RAB37,ENSG00000172794,EFO_0005537,triple-negative breast cancer,0.5008,False
RAB37,ENSG00000172794,EFO_0006861,male breast carcinoma,0.6766,False
RAB37,ENSG00000172794,EFO_0009780,HER2 negative breast carcinoma,0.7358,False
RAB37,ENSG00000172794,EFO_0009878,drug interaction,0.8449,False
RAB37,ENSG00000172794,EFO_0010580,blastic plasmacytoid dendritic cell neoplasm,0.7456,False
RAB37,ENSG00000172794,EFO_0010832,primary central chondrosarcoma,0.5916,False
RAB37,ENSG00000172794,EFO_0020003,drug toxicity,0.9235,False
RAB37,ENSG00000172794,EFO_1000131,"Blast Phase Chronic Myelogenous Leukemia, BCR-ABL1 Positive",0.7389,False
RAB37,ENSG00000172794,EFO_1000251,Fallopian Tube Carcinoma,0.8801,False
RAB37,ENSG00000172794,EFO_1000253,Fallopian Tube Serous Adenocarcinoma,0.5755,False
RAB37,ENSG00000172794,EFO_1000407,Olfactory Neuroblastoma,0.506,False
RAB37,ENSG00000172794,EFO_1000412,Ovarian Carcinosarcoma,0.5231,False
RAB37,ENSG00000172794,EFO_1000419,Ovarian Germ Cell Tumor,0.8589,False
RAB37,ENSG00000172794,EFO_1000466,Penile Fibromatosis,0.5593,False
RAB37,ENSG00000172794,EFO_1000494,Primary Peritoneal Serous Adenocarcinoma,0.7668,False
RAB37,ENSG00000172794,EFO_1000616,Uveal Melanoma,0.5463,False
RAB37,ENSG00000172794,EFO_1001013,lethal midline granuloma,0.9506,False
RAB37,ENSG00000172794,EFO_1001100,peritoneal neoplasm,0.9716,False
RAB37,ENSG00000172794,EFO_1001110,pituitary-dependent Cushing's disease,0.7389,False
RAB37,ENSG00000172794,EFO_1001231,uveitis,0.5521,False
RAB37,ENSG00000172794,EFO_1001257,acute erythroblastic leukemia,0.8082,False
RAB37,ENSG00000172794,EFO_1001348,HIV-Associated Lipodystrophy Syndrome,0.8439,False
RAB37,ENSG00000172794,EFO_1001799,incomplete abortion,0.7356,False
RAB37,ENSG00000172794,EFO_1001932,adult acute megakaryoblastic leukemia,0.6434,False
RAB37,ENSG00000172794,EFO_1001933,adult acute monocytic leukemia,0.7897,False
RAB37,ENSG00000172794,EFO_1001934,adult acute myeloid leukemia,0.8979,False
RAB37,ENSG00000172794,EFO_1001935,adult B acute lymphoblastic leukemia,0.5851,False
RAB37,ENSG00000172794,EFO_1001945,childhood acute myeloid leukemia with maturation,0.8594,False
RAB37,ENSG00000172794,EFO_1001946,childhood B acute lymphoblastic leukemia,0.5431,False
RAB37,ENSG00000172794,EFO_1001947,childhood T acute lymphoblastic leukemia,0.621,False
RAB37,ENSG00000172794,EFO_1001952,endometrial adenosquamous carcinoma,0.6345,False
RAB37,ENSG00000172794,EFO_1001958,high grade ovarian serous adenocarcinoma,0.9564,False
RAB37,ENSG00000172794,EFO_1001959,hilar cholangiocarcinoma,0.5462,False
RAB37,ENSG00000172794,EFO_1001963,ovarian mucinous cystadenocarcinoma,0.5293,False
RAB37,ENSG00000172794,EFO_1002001,core binding factor acute myeloid leukemia,0.7998,False
RAB37,ENSG00000172794,Orphanet_145,Hereditary breast and ovarian cancer syndrome,0.5783,False
RAB38,ENSG00000123892,MONDO_0001879,anus cancer,0.6845,False
RAB38,ENSG00000123892,MONDO_0002995,"small intestine neuroendocrine tumor, well differentiated, low or intermediate grade",0.7635,False
RAB38,ENSG00000123892,MONDO_0003090,extrahepatic bile duct carcinoma,0.6363,False
RAB38,ENSG00000123892,MONDO_0004111,refractory hematologic cancer,0.5967,False
RAB38,ENSG00000123892,MONDO_0008318,Proteus syndrome,0.7842,False
RAB38,ENSG00000123892,MONDO_0020690,adult glioblastoma,0.749,False
RAB38,ENSG00000123892,MONDO_0024327,chronic renal failure syndrome,0.7749,False
RAB38,ENSG00000123892,MONDO_0044710,lip and oral cavity squamous cell carcinoma,0.8017,False
RAB38,ENSG00000123892,MONDO_0044964,oral cavity mucoepidermoid carcinoma,0.8447,False
RAB38,ENSG00000123892,MONDO_0045056,grade II meningioma,0.5727,False
RAB38,ENSG00000123892,EFO_0002426,neoplasm of mature T-cells or NK-cells,0.6917,False
RAB38,ENSG00000123892,EFO_0003028,acute myeloblastic leukemia with maturation,0.8197,False
RAB38,ENSG00000123892,EFO_0003060,non-small cell lung carcinoma,0.6789,False
RAB38,ENSG00000123892,EFO_0004284,upper aerodigestive tract neoplasm,0.9009,False
RAB38,ENSG00000123892,EFO_0006861,male breast carcinoma,0.5573,False
RAB38,ENSG00000123892,EFO_0009780,HER2 negative breast carcinoma,0.5868,False
RAB38,ENSG00000123892,EFO_0009878,drug interaction,0.5379,False
RAB38,ENSG00000123892,EFO_0020003,drug toxicity,0.6457,False
RAB38,ENSG00000123892,EFO_1000251,Fallopian Tube Carcinoma,0.6201,False
RAB38,ENSG00000123892,EFO_1000419,Ovarian Germ Cell Tumor,0.5765,False
RAB38,ENSG00000123892,EFO_1001013,lethal midline granuloma,0.76,False
RAB38,ENSG00000123892,EFO_1001100,peritoneal neoplasm,0.8573,False
RAB38,ENSG00000123892,EFO_1001110,pituitary-dependent Cushing's disease,0.6544,False
RAB38,ENSG00000123892,EFO_1001348,HIV-Associated Lipodystrophy Syndrome,0.8669,False
RAB38,ENSG00000123892,EFO_1001799,incomplete abortion,0.8014,False
RAB38,ENSG00000123892,EFO_1001958,high grade ovarian serous adenocarcinoma,0.937,False
RAB38,ENSG00000123892,Orphanet_145,Hereditary breast and ovarian cancer syndrome,0.5378,False
RAB39A,ENSG00000179331,MONDO_0001879,anus cancer,0.7653,False
RAB39A,ENSG00000179331,MONDO_0002225,ovarian sarcoma,0.51,False
RAB39A,ENSG00000179331,MONDO_0002586,thymus cancer,0.5749,False
RAB39A,ENSG00000179331,MONDO_0002995,"small intestine neuroendocrine tumor, well differentiated, low or intermediate grade",0.8791,False
RAB39A,ENSG00000179331,MONDO_0003090,extrahepatic bile duct carcinoma,0.6565,False
RAB39A,ENSG00000179331,MONDO_0003541,adult acute lymphoblastic leukemia,0.6006,False
RAB39A,ENSG00000179331,MONDO_0003869,childhood brain stem glioma,0.5792,False
RAB39A,ENSG00000179331,MONDO_0003874,ovarian serous surface papillary adenocarcinoma,0.5456,False
RAB39A,ENSG00000179331,MONDO_0004111,refractory hematologic cancer,0.8045,False
RAB39A,ENSG00000179331,MONDO_0004180,benign urinary system neoplasm,0.6251,False
RAB39A,ENSG00000179331,MONDO_0004222,ovarian clear cell cystadenocarcinoma,0.5498,False
RAB39A,ENSG00000179331,MONDO_0008318,Proteus syndrome,0.5607,False
RAB39A,ENSG00000179331,MONDO_0019456,acute myeloid leukemia with multilineage dysplasia,0.7098,False
RAB39A,ENSG00000179331,MONDO_0019457,therapy related acute myeloid leukemia and myelodysplastic syndrome,0.6462,False
RAB39A,ENSG00000179331,MONDO_0020657,human papillomavirus-related squamous cell carcinoma,0.5498,False
RAB39A,ENSG00000179331,MONDO_0020690,adult glioblastoma,0.7876,False
RAB39A,ENSG00000179331,MONDO_0024327,chronic renal failure syndrome,0.7164,False
RAB39A,ENSG00000179331,MONDO_0044710,lip and oral cavity squamous cell carcinoma,0.8851,False
RAB39A,ENSG00000179331,MONDO_0044964,oral cavity mucoepidermoid carcinoma,0.8886,False
RAB39A,ENSG00000179331,MONDO_0045056,grade II meningioma,0.6714,False
RAB39A,ENSG00000179331,EFO_0000096,neoplasm of mature B-cells,0.7569,False
RAB39A,ENSG00000179331,EFO_0000304,breast adenocarcinoma,0.5077,False
RAB39A,ENSG00000179331,EFO_0002426,neoplasm of mature T-cells or NK-cells,0.8701,False
RAB39A,ENSG00000179331,EFO_0003027,acute myeloblastic leukemia without maturation,0.5319,False
RAB39A,ENSG00000179331,EFO_0003028,acute myeloblastic leukemia with maturation,0.9121,False
RAB39A,ENSG00000179331,EFO_0003060,non-small cell lung carcinoma,0.7236,False
RAB39A,ENSG00000179331,EFO_0004284,upper aerodigestive tract neoplasm,0.921,False
RAB39A,ENSG00000179331,EFO_0006861,male breast carcinoma,0.6421,False
RAB39A,ENSG00000179331,EFO_0009780,HER2 negative breast carcinoma,0.7571,False
RAB39A,ENSG00000179331,EFO_0009878,drug interaction,0.6134,False
RAB39A,ENSG00000179331,EFO_0020003,drug toxicity,0.7004,False
RAB39A,ENSG00000179331,EFO_1000251,Fallopian Tube Carcinoma,0.7794,False
RAB39A,ENSG00000179331,EFO_1000494,Primary Peritoneal Serous Adenocarcinoma,0.5295,False
RAB39A,ENSG00000179331,EFO_1000616,Uveal Melanoma,0.5503,False
RAB39A,ENSG00000179331,EFO_1001013,lethal midline granuloma,0.8755,False
RAB39A,ENSG00000179331,EFO_1001100,peritoneal neoplasm,0.869,False
RAB39A,ENSG00000179331,EFO_1001110,pituitary-dependent Cushing's disease,0.7779,False
RAB39A,ENSG00000179331,EFO_1001257,acute erythroblastic leukemia,0.5213,False
RAB39A,ENSG00000179331,EFO_1001348,HIV-Associated Lipodystrophy Syndrome,0.7459,False
RAB39A,ENSG00000179331,EFO_1001799,incomplete abortion,0.6053,False
RAB39A,ENSG00000179331,EFO_1001934,adult acute myeloid leukemia,0.662,False
RAB39A,ENSG00000179331,EFO_1001945,childhood acute myeloid leukemia with maturation,0.6645,False
RAB39A,ENSG00000179331,EFO_1001958,high grade ovarian serous adenocarcinoma,0.9395,False
RAB39A,ENSG00000179331,EFO_1001963,ovarian mucinous cystadenocarcinoma,0.5003,False
RAB39A,ENSG00000179331,EFO_1002001,core binding factor acute myeloid leukemia,0.5592,False
RAB39A,ENSG00000179331,Orphanet_145,Hereditary breast and ovarian cancer syndrome,0.6086,False
RAB39B,ENSG00000155961,MONDO_0000544,mucosal melanoma,0.7879,False
RAB39B,ENSG00000155961,MONDO_0000956,small intestine cancer,0.611,False
RAB39B,ENSG00000155961,MONDO_0001016,epididymis cancer,0.7215,False
RAB39B,ENSG00000155961,MONDO_0001023,prolymphocytic leukemia,0.7072,False
RAB39B,ENSG00000155961,MONDO_0001056,gastric cancer,0.8815,False
RAB39B,ENSG00000155961,MONDO_0001128,nasal cavity cancer,0.57,False
RAB39B,ENSG00000155961,MONDO_0001187,urinary bladder cancer,0.9209,False
RAB39B,ENSG00000155961,MONDO_0001322,pericardium cancer,0.5274,False
RAB39B,ENSG00000155961,MONDO_0001325,penile cancer,0.6538,False
RAB39B,ENSG00000155961,MONDO_0001340,heart cancer,0.6486,False
RAB39B,ENSG00000155961,MONDO_0001350,parametrium malignant neoplasm,0.5531,False
RAB39B,ENSG00000155961,MONDO_0001402,vaginal cancer,0.7778,False
RAB39B,ENSG00000155961,MONDO_0001410,postmenopausal atrophic vaginitis,0.5525,False
RAB39B,ENSG00000155961,MONDO_0001501,retroperitoneal sarcoma,0.5525,False
RAB39B,ENSG00000155961,MONDO_0001763,ethmoid sinus cancer,0.7516,False
RAB39B,ENSG00000155961,MONDO_0001852,small intestine lymphoma,0.9544,False
RAB39B,ENSG00000155961,MONDO_0001879,anus cancer,0.994,False
RAB39B,ENSG00000155961,MONDO_0002073,malignant pineal area germ cell neoplasm,0.6288,False
RAB39B,ENSG00000155961,MONDO_0002087,peritoneum cancer,0.9635,False
RAB39B,ENSG00000155961,MONDO_0002158,fallopian tube cancer,0.9372,False
RAB39B,ENSG00000155961,MONDO_0002225,ovarian sarcoma,0.9078,False
RAB39B,ENSG00000155961,MONDO_0002367,kidney cancer,0.5883,False
RAB39B,ENSG00000155961,MONDO_0002434,oculomotor nerve cancer,0.588,False
RAB39B,ENSG00000155961,MONDO_0002482,nipple neoplasm,0.5409,False
RAB39B,ENSG00000155961,MONDO_0002537,inverted papilloma,0.7544,False
RAB39B,ENSG00000155961,MONDO_0002543,adult oligodendroglioma,0.7644,False
RAB39B,ENSG00000155961,MONDO_0002577,extrahepatic bile duct rhabdomyosarcoma,0.5838,False
RAB39B,ENSG00000155961,MONDO_0002586,thymus cancer,0.9731,False
RAB39B,ENSG00000155961,MONDO_0002665,extrahepatic bile duct adenocarcinoma,0.6907,False
RAB39B,ENSG00000155961,MONDO_0002683,adult choroid plexus neoplasm,0.5771,False
RAB39B,ENSG00000155961,MONDO_0002716,childhood spinal cord tumor,0.8205,False
RAB39B,ENSG00000155961,MONDO_0002739,extrahepatic bile duct mucinous adenocarcinoma,0.6731,False
RAB39B,ENSG00000155961,MONDO_0002744,fallopian tube mucinous adenocarcinoma,0.7041,False
RAB39B,ENSG00000155961,MONDO_0002786,diencephalic cancer,0.6688,False
RAB39B,ENSG00000155961,MONDO_0002794,adult medulloblastoma,0.6007,False
RAB39B,ENSG00000155961,MONDO_0002833,fallopian tube transitional cell carcinoma,0.8141,False
RAB39B,ENSG00000155961,MONDO_0002912,brainstem cancer,0.6296,False
RAB39B,ENSG00000155961,MONDO_0002914,childhood brain stem neoplasm,0.6069,False
RAB39B,ENSG00000155961,MONDO_0002974,cervical cancer,0.8311,False
RAB39B,ENSG00000155961,MONDO_0002995,"small intestine neuroendocrine tumor, well differentiated, low or intermediate grade",0.93,False
RAB39B,ENSG00000155961,MONDO_0003033,prostate angiosarcoma,0.8094,False
RAB39B,ENSG00000155961,MONDO_0003059,bile duct cancer,0.8569,False
RAB39B,ENSG00000155961,MONDO_0003060,biliary tract cancer,0.7361,False
RAB39B,ENSG00000155961,MONDO_0003087,mucoepidermoid breast carcinoma,0.6673,False
RAB39B,ENSG00000155961,MONDO_0003089,extrahepatic bile duct mucoepidermoid carcinoma,0.839,False
RAB39B,ENSG00000155961,MONDO_0003090,extrahepatic bile duct carcinoma,0.9789,False
RAB39B,ENSG00000155961,MONDO_0003104,epicardium cancer,0.591,False
RAB39B,ENSG00000155961,MONDO_0003153,adult brainstem glioma,0.7655,False
RAB39B,ENSG00000155961,MONDO_0003196,appendix carcinoma,0.8908,False
RAB39B,ENSG00000155961,MONDO_0003212,nasal cavity carcinoma,0.8751,False
RAB39B,ENSG00000155961,MONDO_0003216,ureter adenocarcinoma,0.5384,False
RAB39B,ENSG00000155961,MONDO_0003219,gastroesophageal junction adenocarcinoma,0.6321,False
RAB39B,ENSG00000155961,MONDO_0003249,pineal gland cancer,0.5207,False
RAB39B,ENSG00000155961,MONDO_0003268,mixed glioma,0.8451,False
RAB39B,ENSG00000155961,MONDO_0003363,malignant dermis tumor,0.5217,False
RAB39B,ENSG00000155961,MONDO_0003383,fallopian tube clear cell adenocarcinoma,0.7427,False
RAB39B,ENSG00000155961,MONDO_0003478,childhood ependymoma,0.9536,False
RAB39B,ENSG00000155961,MONDO_0003495,ovarian squamous cell neoplasm,0.5205,False
RAB39B,ENSG00000155961,MONDO_0003503,fallopian tube squamous cell carcinoma,0.8188,False
RAB39B,ENSG00000155961,MONDO_0003510,malignant testicular germ cell tumor,0.5811,False
RAB39B,ENSG00000155961,MONDO_0003541,adult acute lymphoblastic leukemia,0.981,False
RAB39B,ENSG00000155961,MONDO_0003549,adenosquamous bile duct carcinoma,0.6264,False
RAB39B,ENSG00000155961,MONDO_0003558,adenosquamous prostate carcinoma,0.7124,False
RAB39B,ENSG00000155961,MONDO_0003572,nasopharyngeal type undifferentiated carcinoma,0.8985,False
RAB39B,ENSG00000155961,MONDO_0003585,adult liposarcoma,0.6978,False
RAB39B,ENSG00000155961,MONDO_0003659,pediatric lymphoma,0.8217,False
RAB39B,ENSG00000155961,MONDO_0003660,adult lymphoma,0.915,False
RAB39B,ENSG00000155961,MONDO_0003666,fallopian tube endometrioid adenocarcinoma,0.7793,False
RAB39B,ENSG00000155961,MONDO_0003692,adult malignant mesenchymoma,0.8609,False
RAB39B,ENSG00000155961,MONDO_0003751,childhood germ cell tumor,0.7039,False
RAB39B,ENSG00000155961,MONDO_0003766,thalamic cancer,0.7209,False
RAB39B,ENSG00000155961,MONDO_0003856,adult malignant hemangiopericytoma,0.8857,False
RAB39B,ENSG00000155961,MONDO_0003869,childhood brain stem glioma,0.917,False
RAB39B,ENSG00000155961,MONDO_0003874,ovarian serous surface papillary adenocarcinoma,0.9761,False
RAB39B,ENSG00000155961,MONDO_0003890,infiltrating bladder urothelial carcinoma,0.6517,False
RAB39B,ENSG00000155961,MONDO_0003936,invasive tubular breast carcinoma,0.7839,False
RAB39B,ENSG00000155961,MONDO_0003950,nipple carcinoma,0.77,False
RAB39B,ENSG00000155961,MONDO_0003982,bilateral breast carcinoma,0.8597,False
RAB39B,ENSG00000155961,MONDO_0004064,iris melanoma,0.9333,False
RAB39B,ENSG00000155961,MONDO_0004110,refractory hairy cell leukemia,0.7468,False
RAB39B,ENSG00000155961,MONDO_0004111,refractory hematologic cancer,0.8477,False
RAB39B,ENSG00000155961,MONDO_0004180,benign urinary system neoplasm,0.8467,False
RAB39B,ENSG00000155961,MONDO_0004192,urethra cancer,0.8131,False
RAB39B,ENSG00000155961,MONDO_0004197,male urethral cancer,0.6092,False
RAB39B,ENSG00000155961,MONDO_0004222,ovarian clear cell cystadenocarcinoma,0.9582,False
RAB39B,ENSG00000155961,MONDO_0004231,spindle cell variant squamous cell breast carcinoma,0.5053,False
RAB39B,ENSG00000155961,MONDO_0004336,rectal signet ring cell adenocarcinoma,0.5817,False
RAB39B,ENSG00000155961,MONDO_0004374,adult extraskeletal osteosarcoma,0.7887,False
RAB39B,ENSG00000155961,MONDO_0004658,breast carcinoma in situ,0.8211,False
RAB39B,ENSG00000155961,MONDO_0004669,salivary gland cancer,0.7495,False
RAB39B,ENSG00000155961,MONDO_0004695,liver lymphoma,0.5437,False
RAB39B,ENSG00000155961,MONDO_0004992,cancer,0.9193,False
RAB39B,ENSG00000155961,MONDO_0005411,gallbladder cancer,0.9262,False
RAB39B,ENSG00000155961,MONDO_0007254,breast cancer,0.93,False
RAB39B,ENSG00000155961,MONDO_0008170,ovarian cancer,0.8937,False
RAB39B,ENSG00000155961,MONDO_0008315,prostate cancer,0.9632,False
RAB39B,ENSG00000155961,MONDO_0008318,Proteus syndrome,0.994,False
RAB39B,ENSG00000155961,MONDO_0008627,ureter cancer,0.6554,False
RAB39B,ENSG00000155961,MONDO_0008903,lung cancer,0.7769,False
RAB39B,ENSG00000155961,MONDO_0008978,chordoma,0.6825,False
RAB39B,ENSG00000155961,MONDO_0011962,endometrial cancer,0.6495,False
RAB39B,ENSG00000155961,MONDO_0015686,primary peritoneal carcinoma,0.6991,False
RAB39B,ENSG00000155961,MONDO_0016216,adult hepatocellular carcinoma,0.9792,False
RAB39B,ENSG00000155961,MONDO_0016586,systemic mastocytosis,0.7055,False
RAB39B,ENSG00000155961,MONDO_0016642,meningioma,0.5612,False
RAB39B,ENSG00000155961,MONDO_0017346,Epstein-Barr virus-positive diffuse large B-cell lymphoma of the elderly,0.779,False
RAB39B,ENSG00000155961,MONDO_0018044,idiopathic hypersomnia,0.6855,False
RAB39B,ENSG00000155961,MONDO_0018364,malignant epithelial tumor of ovary,0.8106,False
RAB39B,ENSG00000155961,MONDO_0018521,squamous cell carcinoma of pancreas,0.9644,False
RAB39B,ENSG00000155961,MONDO_0018531,carcinoma of liver and intrahepatic biliary tract,0.5052,False
RAB39B,ENSG00000155961,MONDO_0018542,severe congenital neutropenia,0.6232,False
RAB39B,ENSG00000155961,MONDO_0019456,acute myeloid leukemia with multilineage dysplasia,0.9105,False
RAB39B,ENSG00000155961,MONDO_0019457,therapy related acute myeloid leukemia and myelodysplastic syndrome,0.97,False
RAB39B,ENSG00000155961,MONDO_0019460,acute leukemia of ambiguous lineage,0.7611,False
RAB39B,ENSG00000155961,MONDO_0019465,nodal marginal zone B-cell lymphoma,0.6244,False
RAB39B,ENSG00000155961,MONDO_0020077,myelodysplastic/myeloproliferative disease,0.8426,False
RAB39B,ENSG00000155961,MONDO_0020541,maligant granulosa cell tumor of ovary,0.8058,False
RAB39B,ENSG00000155961,MONDO_0020656,human papillomavirus-related penile squamous cell carcinoma,0.6743,False
RAB39B,ENSG00000155961,MONDO_0020657,human papillomavirus-related squamous cell carcinoma,0.9703,False
RAB39B,ENSG00000155961,MONDO_0020690,adult glioblastoma,0.9689,False
RAB39B,ENSG00000155961,MONDO_0020743,mixed phenotype acute leukemia,0.6652,False
RAB39B,ENSG00000155961,MONDO_0021038,Ewing sarcoma/peripheral primitive neuroectodermal tumor,0.6032,False
RAB39B,ENSG00000155961,MONDO_0021063,malignant colon neoplasm,0.9602,False
RAB39B,ENSG00000155961,MONDO_0021074,precancerous condition,0.8718,False
RAB39B,ENSG00000155961,MONDO_0021115,luminal B breast carcinoma,0.7859,False
RAB39B,ENSG00000155961,MONDO_0021310,malignant tumor of neck,0.5553,False
RAB39B,ENSG00000155961,MONDO_0021321,malignant tumor of extrahepatic bile duct,0.9273,False
RAB39B,ENSG00000155961,MONDO_0021385,extrahepatic bile duct neoplasm,0.5251,False
RAB39B,ENSG00000155961,MONDO_0021528,benign neoplasm of male breast,0.5512,False
RAB39B,ENSG00000155961,MONDO_0021535,pancreatic neuroendocrine tumor G1,0.6687,False
RAB39B,ENSG00000155961,MONDO_0021538,verrucous carcinoma of oral cavity,0.8171,False
RAB39B,ENSG00000155961,MONDO_0021576,fallopian tube endometrioid tumor,0.5261,False
RAB39B,ENSG00000155961,MONDO_0021633,cerebral astrocytoma,0.6232,False
RAB39B,ENSG00000155961,MONDO_0021639,grade II glioma,0.7265,False
RAB39B,ENSG00000155961,MONDO_0023206,functional pancreatic neuroendocrine tumor,0.5648,False
RAB39B,ENSG00000155961,MONDO_0024327,chronic renal failure syndrome,0.7172,False
RAB39B,ENSG00000155961,MONDO_0024658,extrahepatic bile duct sarcoma,0.615,False
RAB39B,ENSG00000155961,MONDO_0024797,adult brain stem neoplasm,0.5907,False
RAB39B,ENSG00000155961,MONDO_0036501,refractory malignant neoplasm,0.8663,False
RAB39B,ENSG00000155961,MONDO_0040678,infiltrating urothelial carcinoma,0.9556,False
RAB39B,ENSG00000155961,MONDO_0041052,postherpetic neuralgia,0.6297,False
RAB39B,ENSG00000155961,MONDO_0044334,connective and soft tissue neoplasm,0.6572,False
RAB39B,ENSG00000155961,MONDO_0044705,paranasal sinus squamous cell carcinoma,0.5163,False
RAB39B,ENSG00000155961,MONDO_0044710,lip and oral cavity squamous cell carcinoma,0.9713,False
RAB39B,ENSG00000155961,MONDO_0044787,nasal cavity and paranasal sinus squamous cell carcinoma,0.9802,False
RAB39B,ENSG00000155961,MONDO_0044887,central nervous system non-hodgkin lymphoma,0.8425,False
RAB39B,ENSG00000155961,MONDO_0044903,myelofibrosis,0.701,False
RAB39B,ENSG00000155961,MONDO_0044907,metastatic squamous cell carcinoma,0.5502,False
RAB39B,ENSG00000155961,MONDO_0044925,oral cavity carcinoma,0.599,False
RAB39B,ENSG00000155961,MONDO_0044926,oropharyngeal carcinoma,0.5322,False
RAB39B,ENSG00000155961,MONDO_0044964,oral cavity mucoepidermoid carcinoma,0.9916,False
RAB39B,ENSG00000155961,MONDO_0045056,grade II meningioma,0.9486,False
RAB39B,ENSG00000155961,MONDO_0056815,liver adenosquamous carcinoma,0.546,False
RAB39B,ENSG00000155961,MONDO_0100342,malignant glioma,0.8215,False
RAB39B,ENSG00000155961,MONDO_0100431,migraine without aura,0.6549,False
RAB39B,ENSG00000155961,MONDO_0850302,intracranial meningioma,0.8559,False
RAB39B,ENSG00000155961,EFO_0000095,chronic lymphocytic leukemia,0.7753,False
RAB39B,ENSG00000155961,EFO_0000096,neoplasm of mature B-cells,0.9629,False
RAB39B,ENSG00000155961,EFO_0000181,head and neck squamous cell carcinoma,0.5355,False
RAB39B,ENSG00000155961,EFO_0000196,metastatic prostate cancer,0.9036,False
RAB39B,ENSG00000155961,EFO_0000198,myelodysplastic syndrome,0.7897,False
RAB39B,ENSG00000155961,EFO_0000211,unspecified peripheral T-cell lymphoma,0.6418,False
RAB39B,ENSG00000155961,EFO_0000218,acute erythroleukemia,0.5161,False
RAB39B,ENSG00000155961,EFO_0000220,acute lymphoblastic leukemia,0.6408,False
RAB39B,ENSG00000155961,EFO_0000221,acute monocytic leukemia,0.8866,False
RAB39B,ENSG00000155961,EFO_0000222,acute myeloid leukemia,0.8196,False
RAB39B,ENSG00000155961,EFO_0000223,acute myelomonocytic leukemia,0.8339,False
RAB39B,ENSG00000155961,EFO_0000224,acute promyelocytic leukemia,0.5281,False
RAB39B,ENSG00000155961,EFO_0000228,adenocarcinoma,0.5935,False
RAB39B,ENSG00000155961,EFO_0000233,adenosquamous lung carcinoma,0.9518,False
RAB39B,ENSG00000155961,EFO_0000304,breast adenocarcinoma,0.9404,False
RAB39B,ENSG00000155961,EFO_0000305,breast carcinoma,0.8474,False
RAB39B,ENSG00000155961,EFO_0000308,bronchoalveolar adenocarcinoma,0.9127,False
RAB39B,ENSG00000155961,EFO_0000330,childhood acute myeloid leukemia,0.9336,False
RAB39B,ENSG00000155961,EFO_0000403,diffuse large B-cell lymphoma,0.7519,False
RAB39B,ENSG00000155961,EFO_0000466,endometrioid carcinoma,0.5228,False
RAB39B,ENSG00000155961,EFO_0000503,gastric adenocarcinoma,0.7513,False
RAB39B,ENSG00000155961,EFO_0000559,keratinizing squamous cell carcinoma,0.5818,False
RAB39B,ENSG00000155961,EFO_0000565,leukemia,0.791,False
RAB39B,ENSG00000155961,EFO_0000574,lymphoma,0.7849,False
RAB39B,ENSG00000155961,EFO_0000616,neoplasm,0.9484,False
RAB39B,ENSG00000155961,EFO_0000673,prostate adenocarcinoma,0.9003,False
RAB39B,ENSG00000155961,EFO_0000681,renal cell carcinoma,0.523,False
RAB39B,ENSG00000155961,EFO_0000702,small cell lung carcinoma,0.7023,False
RAB39B,ENSG00000155961,EFO_0000707,squamous cell carcinoma,0.5756,False
RAB39B,ENSG00000155961,EFO_0000756,melanoma,0.9022,False
RAB39B,ENSG00000155961,EFO_0001075,ovarian carcinoma,0.7476,False
RAB39B,ENSG00000155961,EFO_0001378,multiple myeloma,0.7697,False
RAB39B,ENSG00000155961,EFO_0001642,lymphoid neoplasm,0.8832,False
RAB39B,ENSG00000155961,EFO_0001663,prostate carcinoma,0.9424,False
RAB39B,ENSG00000155961,EFO_0002426,neoplasm of mature T-cells or NK-cells,0.9521,False
RAB39B,ENSG00000155961,EFO_0002615,internal carotid artery stenosis,0.547,False
RAB39B,ENSG00000155961,EFO_0002617,metastatic melanoma,0.5935,False
RAB39B,ENSG00000155961,EFO_0002618,pancreatic carcinoma,0.9688,False
RAB39B,ENSG00000155961,EFO_0002938,hypopharyngeal carcinoma,0.6851,False
RAB39B,ENSG00000155961,EFO_0003025,acute megakaryoblastic leukaemia,0.7787,False
RAB39B,ENSG00000155961,EFO_0003026,minimally differentiated acute myeloblastic leukemia,0.9045,False
RAB39B,ENSG00000155961,EFO_0003027,acute myeloblastic leukemia without maturation,0.9669,False
RAB39B,ENSG00000155961,EFO_0003028,acute myeloblastic leukemia with maturation,0.9911,False
RAB39B,ENSG00000155961,EFO_0003050,large cell lung carcinoma,0.8036,False
RAB39B,ENSG00000155961,EFO_0003060,non-small cell lung carcinoma,0.9863,False
RAB39B,ENSG00000155961,EFO_0003859,uterine neoplasm,0.8876,False
RAB39B,ENSG00000155961,EFO_0003860,pancreatic neoplasm,0.5471,False
RAB39B,ENSG00000155961,EFO_0003863,urogenital neoplasm,0.7748,False
RAB39B,ENSG00000155961,EFO_0003866,paranasal sinus neoplasm,0.8314,False
RAB39B,ENSG00000155961,EFO_0003868,mouth neoplasm,0.5664,False
RAB39B,ENSG00000155961,EFO_0003869,breast neoplasm,0.9447,False
RAB39B,ENSG00000155961,EFO_0003876,intermittent vascular claudication,0.5925,False
RAB39B,ENSG00000155961,EFO_0003891,biliary tract neoplasm,0.9328,False
RAB39B,ENSG00000155961,EFO_0004252,nasopharyngeal neoplasm,0.8925,False
RAB39B,ENSG00000155961,EFO_0004284,upper aerodigestive tract neoplasm,0.9877,False
RAB39B,ENSG00000155961,EFO_0004289,lymphoid leukemia,0.9119,False
RAB39B,ENSG00000155961,EFO_0004599,acute graft vs. host disease,0.5222,False
RAB39B,ENSG00000155961,EFO_0004606,gallbladder neoplasm,0.8614,False
RAB39B,ENSG00000155961,EFO_0005232,endometrium adenocarcinoma,0.6068,False
RAB39B,ENSG00000155961,EFO_0005537,triple-negative breast cancer,0.9544,False
RAB39B,ENSG00000155961,EFO_0005540,bile duct carcinoma,0.8234,False
RAB39B,ENSG00000155961,EFO_0005952,non-Hodgkins lymphoma,0.6082,False
RAB39B,ENSG00000155961,EFO_0006352,laryngeal squamous cell carcinoma,0.5137,False
RAB39B,ENSG00000155961,EFO_0006475,plasma cell leukemia,0.5347,False
RAB39B,ENSG00000155961,EFO_0006732,pancreatic adenosquamous carcinoma,0.8265,False
RAB39B,ENSG00000155961,EFO_0006859,head and neck malignant neoplasia,0.5284,False
RAB39B,ENSG00000155961,EFO_0006861,male breast carcinoma,0.9882,False
RAB39B,ENSG00000155961,EFO_0007206,choroid plexus cancer,0.6353,False
RAB39B,ENSG00000155961,EFO_0007270,femoral cancer,0.576,False
RAB39B,ENSG00000155961,EFO_0007532,uterine corpus cancer,0.9539,False
RAB39B,ENSG00000155961,EFO_0007535,verrucous carcinoma,0.8451,False
RAB39B,ENSG00000155961,EFO_0008585,ST Elevation Myocardial Infarction,0.6832,False
RAB39B,ENSG00000155961,EFO_0008586,Non-ST Elevation Myocardial Infarction,0.5383,False
RAB39B,ENSG00000155961,EFO_0009430,neuralgia,0.5628,False
RAB39B,ENSG00000155961,EFO_0009443,BRCAX breast cancer,0.8972,False
RAB39B,ENSG00000155961,EFO_0009523,fecal incontinence,0.5571,False
RAB39B,ENSG00000155961,EFO_0009582,sprain,0.5949,False
RAB39B,ENSG00000155961,EFO_0009780,HER2 negative breast carcinoma,0.9733,False
RAB39B,ENSG00000155961,EFO_0009781,progesterone-receptor negative breast cancer,0.6876,False
RAB39B,ENSG00000155961,EFO_0009782,progesterone-receptor positive breast cancer,0.7577,False
RAB39B,ENSG00000155961,EFO_0009878,drug interaction,0.9534,False
RAB39B,ENSG00000155961,EFO_0010580,blastic plasmacytoid dendritic cell neoplasm,0.8196,False
RAB39B,ENSG00000155961,EFO_0010832,primary central chondrosarcoma,0.8356,False
RAB39B,ENSG00000155961,EFO_0020003,drug toxicity,0.7839,False
RAB39B,ENSG00000155961,EFO_0700108,non-infectious posterior uveitis,0.5336,False
RAB39B,ENSG00000155961,EFO_1000016,anaplastic lung carcinoma,0.5774,False
RAB39B,ENSG00000155961,EFO_1000044,pancreatic adenocarcinoma,0.9067,False
RAB39B,ENSG00000155961,EFO_1000059,cervical artery dissection,0.6067,False
RAB39B,ENSG00000155961,EFO_1000088,Appendix Adenocarcinoma,0.5882,False
RAB39B,ENSG00000155961,EFO_1000131,"Blast Phase Chronic Myelogenous Leukemia, BCR-ABL1 Positive",0.968,False
RAB39B,ENSG00000155961,EFO_1000140,Borderline Ovarian Surface Epithelial-Stromal Tumor,0.5873,False
RAB39B,ENSG00000155961,EFO_1000142,Brain Stem Glioma,0.5729,False
RAB39B,ENSG00000155961,EFO_1000231,Endometrial Clear Cell Adenocarcinoma,0.571,False
RAB39B,ENSG00000155961,EFO_1000234,Endometrial Hyperplasia without Atypia,0.5195,False
RAB39B,ENSG00000155961,EFO_1000238,Endometrial Serous Adenocarcinoma,0.7147,False
RAB39B,ENSG00000155961,EFO_1000248,Extrahepatic Bile Duct Squamous Cell Carcinoma,0.6022,False
RAB39B,ENSG00000155961,EFO_1000251,Fallopian Tube Carcinoma,0.9068,False
RAB39B,ENSG00000155961,EFO_1000253,Fallopian Tube Serous Adenocarcinoma,0.7738,False
RAB39B,ENSG00000155961,EFO_1000294,HER2 Positive Breast Carcinoma,0.8074,False
RAB39B,ENSG00000155961,EFO_1000318,Langerhans Cell Histiocytosis,0.6165,False
RAB39B,ENSG00000155961,EFO_1000357,Malignant Ovarian Brenner Tumor,0.8666,False
RAB39B,ENSG00000155961,EFO_1000407,Olfactory Neuroblastoma,0.8024,False
RAB39B,ENSG00000155961,EFO_1000412,Ovarian Carcinosarcoma,0.8467,False
RAB39B,ENSG00000155961,EFO_1000419,Ovarian Germ Cell Tumor,0.975,False
RAB39B,ENSG00000155961,EFO_1000494,Primary Peritoneal Serous Adenocarcinoma,0.8615,False
RAB39B,ENSG00000155961,EFO_1000550,Splenic Marginal Zone Lymphoma,0.5464,False
RAB39B,ENSG00000155961,EFO_1000616,Uveal Melanoma,0.9572,False
RAB39B,ENSG00000155961,EFO_1000649,estrogen-receptor positive breast cancer,0.8937,False
RAB39B,ENSG00000155961,EFO_1000657,rectum cancer,0.9064,False
RAB39B,ENSG00000155961,EFO_1000789,"osteoarthritis, hand",0.6135,False
RAB39B,ENSG00000155961,EFO_1000866,choroid cancer,0.7014,False
RAB39B,ENSG00000155961,EFO_1001013,lethal midline granuloma,0.9855,False
RAB39B,ENSG00000155961,EFO_1001082,panuveitis,0.6343,False
RAB39B,ENSG00000155961,EFO_1001100,peritoneal neoplasm,0.9886,False
RAB39B,ENSG00000155961,EFO_1001110,pituitary-dependent Cushing's disease,0.9476,False
RAB39B,ENSG00000155961,EFO_1001119,posterior uveitis,0.8194,False
RAB39B,ENSG00000155961,EFO_1001257,acute erythroblastic leukemia,0.9567,False
RAB39B,ENSG00000155961,EFO_1001348,HIV-Associated Lipodystrophy Syndrome,0.9164,False
RAB39B,ENSG00000155961,EFO_1001465,gliosarcoma,0.6548,False
RAB39B,ENSG00000155961,EFO_1001480,metastatic colorectal cancer,0.5704,False
RAB39B,ENSG00000155961,EFO_1001512,endometrial carcinoma,0.6455,False
RAB39B,ENSG00000155961,EFO_1001779,chronic myelomonocytic leukemia,0.5039,False
RAB39B,ENSG00000155961,EFO_1001830,precursor T-cell lymphoblastic leukemia-lymphoma,0.9318,False
RAB39B,ENSG00000155961,EFO_1001932,adult acute megakaryoblastic leukemia,0.9297,False
RAB39B,ENSG00000155961,EFO_1001933,adult acute monocytic leukemia,0.9522,False
RAB39B,ENSG00000155961,EFO_1001934,adult acute myeloid leukemia,0.969,False
RAB39B,ENSG00000155961,EFO_1001935,adult B acute lymphoblastic leukemia,0.8979,False
RAB39B,ENSG00000155961,EFO_1001936,adult T acute lymphoblastic leukemia,0.787,False
RAB39B,ENSG00000155961,EFO_1001943,childhood acute megakaryoblastic leukemia,0.5556,False
RAB39B,ENSG00000155961,EFO_1001944,childhood acute monocytic leukemia,0.5349,False
RAB39B,ENSG00000155961,EFO_1001945,childhood acute myeloid leukemia with maturation,0.9578,False
RAB39B,ENSG00000155961,EFO_1001946,childhood B acute lymphoblastic leukemia,0.8859,False
RAB39B,ENSG00000155961,EFO_1001947,childhood T acute lymphoblastic leukemia,0.8643,False
RAB39B,ENSG00000155961,EFO_1001952,endometrial adenosquamous carcinoma,0.9452,False
RAB39B,ENSG00000155961,EFO_1001953,"endometrial endometrioid adenocarcinoma, variant with squamous differentiation",0.8473,False
RAB39B,ENSG00000155961,EFO_1001958,high grade ovarian serous adenocarcinoma,0.9964,False
RAB39B,ENSG00000155961,EFO_1001959,hilar cholangiocarcinoma,0.8341,False
RAB39B,ENSG00000155961,EFO_1001963,ovarian mucinous cystadenocarcinoma,0.8925,False
RAB39B,ENSG00000155961,EFO_1001969,"squamous cell breast carcinoma, acantholytic variant",0.5348,False
RAB39B,ENSG00000155961,EFO_1001973,ureter urothelial carcinoma,0.774,False
RAB39B,ENSG00000155961,EFO_1002001,core binding factor acute myeloid leukemia,0.9786,False
RAB39B,ENSG00000155961,EFO_1002015,HPV-associated cervical carcinoma,0.6703,False
RAB39B,ENSG00000155961,Orphanet_145,Hereditary breast and ovarian cancer syndrome,0.954,False
RAB39B,ENSG00000155961,Orphanet_273,Steinert myotonic dystrophy,0.7936,False
RAB39B,ENSG00000155961,Orphanet_325690,Genetic disorder of sex development,0.8044,False
RAB3A,ENSG00000105649,MONDO_0013000,porphyria due to ALA dehydratase deficiency,0.5114,False
RAB3A,ENSG00000105649,MONDO_0018060,congenital fibrinogen deficiency,0.7504,False
RAB3A,ENSG00000105649,MONDO_0024327,chronic renal failure syndrome,0.8338,False
RAB3A,ENSG00000105649,MONDO_0024417,perceptual disorders,0.6212,False
RAB3A,ENSG00000105649,EFO_0020003,drug toxicity,0.9005,False
RAB3A,ENSG00000105649,EFO_1000466,Penile Fibromatosis,0.609,False
RAB3A,ENSG00000105649,EFO_1000727,lipodystrophy,0.6499,False
RAB3A,ENSG00000105649,EFO_1001159,Rh isoimmunization,0.9199,False
RAB3A,ENSG00000105649,EFO_1001348,HIV-Associated Lipodystrophy Syndrome,0.6889,False
RAB3A,ENSG00000105649,EFO_1001799,incomplete abortion,0.8914,False
RAB3A,ENSG00000105649,Orphanet_927,Hyperammonemia due to N-acetylglutamate synthetase deficiency,0.6199,False
RAB3B,ENSG00000169213,MONDO_0001879,anus cancer,0.6373,False
RAB3B,ENSG00000169213,MONDO_0002087,peritoneum cancer,0.5095,False
RAB3B,ENSG00000169213,MONDO_0002158,fallopian tube cancer,0.5754,False
RAB3B,ENSG00000169213,MONDO_0002995,"small intestine neuroendocrine tumor, well differentiated, low or intermediate grade",0.7478,False
RAB3B,ENSG00000169213,MONDO_0003090,extrahepatic bile duct carcinoma,0.6289,False
RAB3B,ENSG00000169213,MONDO_0003196,appendix carcinoma,0.5304,False
RAB3B,ENSG00000169213,MONDO_0003541,adult acute lymphoblastic leukemia,0.6111,False
RAB3B,ENSG00000169213,MONDO_0004111,refractory hematologic cancer,0.7838,False
RAB3B,ENSG00000169213,MONDO_0008318,Proteus syndrome,0.6667,False
RAB3B,ENSG00000169213,MONDO_0019456,acute myeloid leukemia with multilineage dysplasia,0.6126,False
RAB3B,ENSG00000169213,MONDO_0019457,therapy related acute myeloid leukemia and myelodysplastic syndrome,0.5921,False
RAB3B,ENSG00000169213,MONDO_0020690,adult glioblastoma,0.6883,False
RAB3B,ENSG00000169213,MONDO_0024327,chronic renal failure syndrome,0.9361,False
RAB3B,ENSG00000169213,MONDO_0044710,lip and oral cavity squamous cell carcinoma,0.7068,False
RAB3B,ENSG00000169213,MONDO_0044964,oral cavity mucoepidermoid carcinoma,0.8435,False
RAB3B,ENSG00000169213,EFO_0000096,neoplasm of mature B-cells,0.726,False
RAB3B,ENSG00000169213,EFO_0000616,neoplasm,0.6099,False
RAB3B,ENSG00000169213,EFO_0002426,neoplasm of mature T-cells or NK-cells,0.6862,False
RAB3B,ENSG00000169213,EFO_0002618,pancreatic carcinoma,0.5063,False
RAB3B,ENSG00000169213,EFO_0003028,acute myeloblastic leukemia with maturation,0.8777,False
RAB3B,ENSG00000169213,EFO_0003060,non-small cell lung carcinoma,0.7199,False
RAB3B,ENSG00000169213,EFO_0003876,intermittent vascular claudication,0.6084,False
RAB3B,ENSG00000169213,EFO_0004284,upper aerodigestive tract neoplasm,0.9128,False
RAB3B,ENSG00000169213,EFO_0009780,HER2 negative breast carcinoma,0.5603,False
RAB3B,ENSG00000169213,EFO_0009878,drug interaction,0.7617,False
RAB3B,ENSG00000169213,EFO_0020003,drug toxicity,0.9225,False
RAB3B,ENSG00000169213,EFO_1000251,Fallopian Tube Carcinoma,0.6446,False
RAB3B,ENSG00000169213,EFO_1000419,Ovarian Germ Cell Tumor,0.6942,False
RAB3B,ENSG00000169213,EFO_1000727,lipodystrophy,0.6092,False
RAB3B,ENSG00000169213,EFO_1001013,lethal midline granuloma,0.8193,False
RAB3B,ENSG00000169213,EFO_1001100,peritoneal neoplasm,0.909,False
RAB3B,ENSG00000169213,EFO_1001110,pituitary-dependent Cushing's disease,0.7702,False
RAB3B,ENSG00000169213,EFO_1001159,Rh isoimmunization,0.6395,False
RAB3B,ENSG00000169213,EFO_1001348,HIV-Associated Lipodystrophy Syndrome,0.9008,False
RAB3B,ENSG00000169213,EFO_1001799,incomplete abortion,0.86,False
RAB3B,ENSG00000169213,EFO_1001934,adult acute myeloid leukemia,0.6621,False
RAB3B,ENSG00000169213,EFO_1001945,childhood acute myeloid leukemia with maturation,0.5574,False
RAB3B,ENSG00000169213,EFO_1001958,high grade ovarian serous adenocarcinoma,0.9295,False
RAB3C,ENSG00000152932,MONDO_0001852,small intestine lymphoma,0.6732,False
RAB3C,ENSG00000152932,MONDO_0001879,anus cancer,0.8726,False
RAB3C,ENSG00000152932,MONDO_0002087,peritoneum cancer,0.6689,False
RAB3C,ENSG00000152932,MONDO_0002158,fallopian tube cancer,0.7242,False
RAB3C,ENSG00000152932,MONDO_0002225,ovarian sarcoma,0.6335,False
RAB3C,ENSG00000152932,MONDO_0002586,thymus cancer,0.5849,False
RAB3C,ENSG00000152932,MONDO_0002833,fallopian tube transitional cell carcinoma,0.5378,False
RAB3C,ENSG00000152932,MONDO_0002995,"small intestine neuroendocrine tumor, well differentiated, low or intermediate grade",0.8595,False
RAB3C,ENSG00000152932,MONDO_0003090,extrahepatic bile duct carcinoma,0.8037,False
RAB3C,ENSG00000152932,MONDO_0003196,appendix carcinoma,0.7764,False
RAB3C,ENSG00000152932,MONDO_0003478,childhood ependymoma,0.5595,False
RAB3C,ENSG00000152932,MONDO_0003541,adult acute lymphoblastic leukemia,0.8522,False
RAB3C,ENSG00000152932,MONDO_0003666,fallopian tube endometrioid adenocarcinoma,0.6277,False
RAB3C,ENSG00000152932,MONDO_0003869,childhood brain stem glioma,0.66,False
RAB3C,ENSG00000152932,MONDO_0003874,ovarian serous surface papillary adenocarcinoma,0.6043,False
RAB3C,ENSG00000152932,MONDO_0004111,refractory hematologic cancer,0.9014,False
RAB3C,ENSG00000152932,MONDO_0004180,benign urinary system neoplasm,0.5377,False
RAB3C,ENSG00000152932,MONDO_0004222,ovarian clear cell cystadenocarcinoma,0.6979,False
RAB3C,ENSG00000152932,MONDO_0004992,cancer,0.5577,False
RAB3C,ENSG00000152932,MONDO_0008318,Proteus syndrome,0.8109,False
RAB3C,ENSG00000152932,MONDO_0018521,squamous cell carcinoma of pancreas,0.6385,False
RAB3C,ENSG00000152932,MONDO_0019456,acute myeloid leukemia with multilineage dysplasia,0.846,False
RAB3C,ENSG00000152932,MONDO_0019457,therapy related acute myeloid leukemia and myelodysplastic syndrome,0.8156,False
RAB3C,ENSG00000152932,MONDO_0020077,myelodysplastic/myeloproliferative disease,0.5866,False
RAB3C,ENSG00000152932,MONDO_0020657,human papillomavirus-related squamous cell carcinoma,0.6998,False
RAB3C,ENSG00000152932,MONDO_0020690,adult glioblastoma,0.8017,False
RAB3C,ENSG00000152932,MONDO_0024327,chronic renal failure syndrome,0.9199,False
RAB3C,ENSG00000152932,MONDO_0044710,lip and oral cavity squamous cell carcinoma,0.8255,False
RAB3C,ENSG00000152932,MONDO_0044787,nasal cavity and paranasal sinus squamous cell carcinoma,0.6478,False
RAB3C,ENSG00000152932,MONDO_0044889,high grade B-cell lymphoma,0.5239,False
RAB3C,ENSG00000152932,MONDO_0044903,myelofibrosis,0.6866,False
RAB3C,ENSG00000152932,MONDO_0044964,oral cavity mucoepidermoid carcinoma,0.9461,False
RAB3C,ENSG00000152932,MONDO_0045056,grade II meningioma,0.584,False
RAB3C,ENSG00000152932,EFO_0000096,neoplasm of mature B-cells,0.8838,False
RAB3C,ENSG00000152932,EFO_0000198,myelodysplastic syndrome,0.6053,False
RAB3C,ENSG00000152932,EFO_0000221,acute monocytic leukemia,0.5102,False
RAB3C,ENSG00000152932,EFO_0000330,childhood acute myeloid leukemia,0.7356,False
RAB3C,ENSG00000152932,EFO_0000616,neoplasm,0.7556,False
RAB3C,ENSG00000152932,EFO_0002426,neoplasm of mature T-cells or NK-cells,0.8812,False
RAB3C,ENSG00000152932,EFO_0002618,pancreatic carcinoma,0.6986,False
RAB3C,ENSG00000152932,EFO_0003027,acute myeloblastic leukemia without maturation,0.7923,False
RAB3C,ENSG00000152932,EFO_0003028,acute myeloblastic leukemia with maturation,0.9636,False
RAB3C,ENSG00000152932,EFO_0003060,non-small cell lung carcinoma,0.8306,False
RAB3C,ENSG00000152932,EFO_0003876,intermittent vascular claudication,0.511,False
RAB3C,ENSG00000152932,EFO_0004284,upper aerodigestive tract neoplasm,0.9409,False
RAB3C,ENSG00000152932,EFO_0004289,lymphoid leukemia,0.5009,False
RAB3C,ENSG00000152932,EFO_0004599,acute graft vs. host disease,0.5308,False
RAB3C,ENSG00000152932,EFO_0006861,male breast carcinoma,0.7189,False
RAB3C,ENSG00000152932,EFO_0009582,sprain,0.5434,False
RAB3C,ENSG00000152932,EFO_0009780,HER2 negative breast carcinoma,0.7585,False
RAB3C,ENSG00000152932,EFO_0009878,drug interaction,0.8357,False
RAB3C,ENSG00000152932,EFO_0010580,blastic plasmacytoid dendritic cell neoplasm,0.7728,False
RAB3C,ENSG00000152932,EFO_0010832,primary central chondrosarcoma,0.5522,False
RAB3C,ENSG00000152932,EFO_0020003,drug toxicity,0.9294,False
RAB3C,ENSG00000152932,EFO_1000131,"Blast Phase Chronic Myelogenous Leukemia, BCR-ABL1 Positive",0.6081,False
RAB3C,ENSG00000152932,EFO_1000251,Fallopian Tube Carcinoma,0.8245,False
RAB3C,ENSG00000152932,EFO_1000253,Fallopian Tube Serous Adenocarcinoma,0.5963,False
RAB3C,ENSG00000152932,EFO_1000412,Ovarian Carcinosarcoma,0.5591,False
RAB3C,ENSG00000152932,EFO_1000419,Ovarian Germ Cell Tumor,0.8404,False
RAB3C,ENSG00000152932,EFO_1000494,Primary Peritoneal Serous Adenocarcinoma,0.7396,False
RAB3C,ENSG00000152932,EFO_1000616,Uveal Melanoma,0.5514,False
RAB3C,ENSG00000152932,EFO_1001013,lethal midline granuloma,0.9436,False
RAB3C,ENSG00000152932,EFO_1001100,peritoneal neoplasm,0.9565,False
RAB3C,ENSG00000152932,EFO_1001110,pituitary-dependent Cushing's disease,0.8173,False
RAB3C,ENSG00000152932,EFO_1001257,acute erythroblastic leukemia,0.8001,False
RAB3C,ENSG00000152932,EFO_1001348,HIV-Associated Lipodystrophy Syndrome,0.866,False
RAB3C,ENSG00000152932,EFO_1001799,incomplete abortion,0.7803,False
RAB3C,ENSG00000152932,EFO_1001932,adult acute megakaryoblastic leukemia,0.5726,False
RAB3C,ENSG00000152932,EFO_1001933,adult acute monocytic leukemia,0.7357,False
RAB3C,ENSG00000152932,EFO_1001934,adult acute myeloid leukemia,0.8807,False
RAB3C,ENSG00000152932,EFO_1001935,adult B acute lymphoblastic leukemia,0.528,False
RAB3C,ENSG00000152932,EFO_1001945,childhood acute myeloid leukemia with maturation,0.8458,False
RAB3C,ENSG00000152932,EFO_1001946,childhood B acute lymphoblastic leukemia,0.5418,False
RAB3C,ENSG00000152932,EFO_1001947,childhood T acute lymphoblastic leukemia,0.5709,False
RAB3C,ENSG00000152932,EFO_1001952,endometrial adenosquamous carcinoma,0.5896,False
RAB3C,ENSG00000152932,EFO_1001958,high grade ovarian serous adenocarcinoma,0.9735,False
RAB3C,ENSG00000152932,EFO_1001959,hilar cholangiocarcinoma,0.5139,False
RAB3C,ENSG00000152932,EFO_1001963,ovarian mucinous cystadenocarcinoma,0.5033,False
RAB3C,ENSG00000152932,EFO_1002001,core binding factor acute myeloid leukemia,0.7442,False
RAB3C,ENSG00000152932,Orphanet_145,Hereditary breast and ovarian cancer syndrome,0.6021,False
RAB3D,ENSG00000105514,MONDO_0002995,"small intestine neuroendocrine tumor, well differentiated, low or intermediate grade",0.6731,False
RAB3D,ENSG00000105514,MONDO_0004111,refractory hematologic cancer,0.8485,False
RAB3D,ENSG00000105514,MONDO_0020690,adult glioblastoma,0.6714,False
RAB3D,ENSG00000105514,MONDO_0024327,chronic renal failure syndrome,0.8819,False
RAB3D,ENSG00000105514,MONDO_0044710,lip and oral cavity squamous cell carcinoma,0.6723,False
RAB3D,ENSG00000105514,MONDO_0044964,oral cavity mucoepidermoid carcinoma,0.7239,False
RAB3D,ENSG00000105514,EFO_0002426,neoplasm of mature T-cells or NK-cells,0.5832,False
RAB3D,ENSG00000105514,EFO_0003028,acute myeloblastic leukemia with maturation,0.7302,False
RAB3D,ENSG00000105514,EFO_0004284,upper aerodigestive tract neoplasm,0.7875,False
RAB3D,ENSG00000105514,EFO_0009878,drug interaction,0.6678,False
RAB3D,ENSG00000105514,EFO_0020003,drug toxicity,0.9422,False
RAB3D,ENSG00000105514,EFO_1000251,Fallopian Tube Carcinoma,0.5916,False
RAB3D,ENSG00000105514,EFO_1000466,Penile Fibromatosis,0.6452,False
RAB3D,ENSG00000105514,EFO_1001013,lethal midline granuloma,0.6829,False
RAB3D,ENSG00000105514,EFO_1001100,peritoneal neoplasm,0.8527,False
RAB3D,ENSG00000105514,EFO_1001110,pituitary-dependent Cushing's disease,0.6192,False
RAB3D,ENSG00000105514,EFO_1001159,Rh isoimmunization,0.8106,False
RAB3D,ENSG00000105514,EFO_1001348,HIV-Associated Lipodystrophy Syndrome,0.8097,False
RAB3D,ENSG00000105514,EFO_1001799,incomplete abortion,0.866,False
RAB3D,ENSG00000105514,EFO_1001958,high grade ovarian serous adenocarcinoma,0.7728,False
RAB40A,ENSG00000172476,MONDO_0000645,fallopian tube benign neoplasm,0.514,False
RAB40A,ENSG00000172476,MONDO_0001879,anus cancer,0.708,False
RAB40A,ENSG00000172476,MONDO_0002087,peritoneum cancer,0.6012,False
RAB40A,ENSG00000172476,MONDO_0002158,fallopian tube cancer,0.722,False
RAB40A,ENSG00000172476,MONDO_0002995,"small intestine neuroendocrine tumor, well differentiated, low or intermediate grade",0.7126,False
RAB40A,ENSG00000172476,MONDO_0003090,extrahepatic bile duct carcinoma,0.6894,False
RAB40A,ENSG00000172476,MONDO_0003196,appendix carcinoma,0.763,False
RAB40A,ENSG00000172476,MONDO_0003541,adult acute lymphoblastic leukemia,0.6557,False
RAB40A,ENSG00000172476,MONDO_0003666,fallopian tube endometrioid adenocarcinoma,0.6514,False
RAB40A,ENSG00000172476,MONDO_0004111,refractory hematologic cancer,0.8115,False
RAB40A,ENSG00000172476,MONDO_0004222,ovarian clear cell cystadenocarcinoma,0.7034,False
RAB40A,ENSG00000172476,MONDO_0004992,cancer,0.5803,False
RAB40A,ENSG00000172476,MONDO_0008318,Proteus syndrome,0.682,False
RAB40A,ENSG00000172476,MONDO_0018521,squamous cell carcinoma of pancreas,0.582,False
RAB40A,ENSG00000172476,MONDO_0019456,acute myeloid leukemia with multilineage dysplasia,0.6782,False
RAB40A,ENSG00000172476,MONDO_0019457,therapy related acute myeloid leukemia and myelodysplastic syndrome,0.7346,False
RAB40A,ENSG00000172476,MONDO_0020077,myelodysplastic/myeloproliferative disease,0.5622,False
RAB40A,ENSG00000172476,MONDO_0020690,adult glioblastoma,0.7572,False
RAB40A,ENSG00000172476,MONDO_0024327,chronic renal failure syndrome,0.9565,False
RAB40A,ENSG00000172476,MONDO_0044710,lip and oral cavity squamous cell carcinoma,0.6199,False
RAB40A,ENSG00000172476,MONDO_0044903,myelofibrosis,0.6632,False
RAB40A,ENSG00000172476,MONDO_0044964,oral cavity mucoepidermoid carcinoma,0.8693,False
RAB40A,ENSG00000172476,MONDO_0850302,intracranial meningioma,0.5052,False
RAB40A,ENSG00000172476,EFO_0000096,neoplasm of mature B-cells,0.7572,False
RAB40A,ENSG00000172476,EFO_0000330,childhood acute myeloid leukemia,0.6149,False
RAB40A,ENSG00000172476,EFO_0000616,neoplasm,0.7914,False
RAB40A,ENSG00000172476,EFO_0001378,multiple myeloma,0.5511,False
RAB40A,ENSG00000172476,EFO_0002426,neoplasm of mature T-cells or NK-cells,0.5702,False
RAB40A,ENSG00000172476,EFO_0002618,pancreatic carcinoma,0.5661,False
RAB40A,ENSG00000172476,EFO_0003027,acute myeloblastic leukemia without maturation,0.5646,False
RAB40A,ENSG00000172476,EFO_0003028,acute myeloblastic leukemia with maturation,0.9051,False
RAB40A,ENSG00000172476,EFO_0003060,non-small cell lung carcinoma,0.6564,False
RAB40A,ENSG00000172476,EFO_0003876,intermittent vascular claudication,0.7952,False
RAB40A,ENSG00000172476,EFO_0004284,upper aerodigestive tract neoplasm,0.8848,False
RAB40A,ENSG00000172476,EFO_0006861,male breast carcinoma,0.5516,False
RAB40A,ENSG00000172476,EFO_0009878,drug interaction,0.7829,False
RAB40A,ENSG00000172476,EFO_0010580,blastic plasmacytoid dendritic cell neoplasm,0.5568,False
RAB40A,ENSG00000172476,EFO_0020003,drug toxicity,0.8745,False
RAB40A,ENSG00000172476,EFO_1000251,Fallopian Tube Carcinoma,0.7626,False
RAB40A,ENSG00000172476,EFO_1000419,Ovarian Germ Cell Tumor,0.8331,False
RAB40A,ENSG00000172476,EFO_1000494,Primary Peritoneal Serous Adenocarcinoma,0.6884,False
RAB40A,ENSG00000172476,EFO_1000727,lipodystrophy,0.7034,False
RAB40A,ENSG00000172476,EFO_1001013,lethal midline granuloma,0.8267,False
RAB40A,ENSG00000172476,EFO_1001100,peritoneal neoplasm,0.8995,False
RAB40A,ENSG00000172476,EFO_1001110,pituitary-dependent Cushing's disease,0.8097,False
RAB40A,ENSG00000172476,EFO_1001231,uveitis,0.5765,False
RAB40A,ENSG00000172476,EFO_1001257,acute erythroblastic leukemia,0.5765,False
RAB40A,ENSG00000172476,EFO_1001348,HIV-Associated Lipodystrophy Syndrome,0.9345,False
RAB40A,ENSG00000172476,EFO_1001799,incomplete abortion,0.8381,False
RAB40A,ENSG00000172476,EFO_1001933,adult acute monocytic leukemia,0.5558,False
RAB40A,ENSG00000172476,EFO_1001934,adult acute myeloid leukemia,0.7827,False
RAB40A,ENSG00000172476,EFO_1001945,childhood acute myeloid leukemia with maturation,0.6828,False
RAB40A,ENSG00000172476,EFO_1001958,high grade ovarian serous adenocarcinoma,0.9373,False
RAB40A,ENSG00000172476,Orphanet_145,Hereditary breast and ovarian cancer syndrome,0.5004,False
RAB40B,ENSG00000141542,MONDO_0002995,"small intestine neuroendocrine tumor, well differentiated, low or intermediate grade",0.5418,False
RAB40B,ENSG00000141542,MONDO_0003196,appendix carcinoma,0.5264,False
RAB40B,ENSG00000141542,MONDO_0004111,refractory hematologic cancer,0.8847,False
RAB40B,ENSG00000141542,MONDO_0020690,adult glioblastoma,0.5877,False
RAB40B,ENSG00000141542,MONDO_0024327,chronic renal failure syndrome,0.9352,False
RAB40B,ENSG00000141542,MONDO_0044964,oral cavity mucoepidermoid carcinoma,0.5677,False
RAB40B,ENSG00000141542,EFO_0000096,neoplasm of mature B-cells,0.5201,False
RAB40B,ENSG00000141542,EFO_0000616,neoplasm,0.5367,False
RAB40B,ENSG00000141542,EFO_0003028,acute myeloblastic leukemia with maturation,0.6351,False
RAB40B,ENSG00000141542,EFO_0003876,intermittent vascular claudication,0.6783,False
RAB40B,ENSG00000141542,EFO_0004284,upper aerodigestive tract neoplasm,0.7613,False
RAB40B,ENSG00000141542,EFO_0009878,drug interaction,0.6723,False
RAB40B,ENSG00000141542,EFO_0020003,drug toxicity,0.9071,False
RAB40B,ENSG00000141542,EFO_1000251,Fallopian Tube Carcinoma,0.6071,False
RAB40B,ENSG00000141542,EFO_1000466,Penile Fibromatosis,0.6253,False
RAB40B,ENSG00000141542,EFO_1000727,lipodystrophy,0.6768,False
RAB40B,ENSG00000141542,EFO_1001013,lethal midline granuloma,0.5573,False
RAB40B,ENSG00000141542,EFO_1001100,peritoneal neoplasm,0.862,False
RAB40B,ENSG00000141542,EFO_1001110,pituitary-dependent Cushing's disease,0.5806,False
RAB40B,ENSG00000141542,EFO_1001159,Rh isoimmunization,0.7627,False
RAB40B,ENSG00000141542,EFO_1001231,uveitis,0.7096,False
RAB40B,ENSG00000141542,EFO_1001348,HIV-Associated Lipodystrophy Syndrome,0.8501,False
RAB40B,ENSG00000141542,EFO_1001799,incomplete abortion,0.7937,False
RAB40B,ENSG00000141542,EFO_1001958,high grade ovarian serous adenocarcinoma,0.6098,False
RAB40C,ENSG00000197562,MONDO_0001879,anus cancer,0.5842,False
RAB40C,ENSG00000197562,MONDO_0002087,peritoneum cancer,0.5594,False
RAB40C,ENSG00000197562,MONDO_0002158,fallopian tube cancer,0.6867,False
RAB40C,ENSG00000197562,MONDO_0002995,"small intestine neuroendocrine tumor, well differentiated, low or intermediate grade",0.7112,False
RAB40C,ENSG00000197562,MONDO_0003666,fallopian tube endometrioid adenocarcinoma,0.5353,False
RAB40C,ENSG00000197562,MONDO_0004111,refractory hematologic cancer,0.8255,False
RAB40C,ENSG00000197562,MONDO_0019456,acute myeloid leukemia with multilineage dysplasia,0.5546,False
RAB40C,ENSG00000197562,MONDO_0019457,therapy related acute myeloid leukemia and myelodysplastic syndrome,0.5298,False
RAB40C,ENSG00000197562,MONDO_0020690,adult glioblastoma,0.8227,False
RAB40C,ENSG00000197562,MONDO_0024327,chronic renal failure syndrome,0.9345,False
RAB40C,ENSG00000197562,MONDO_0044710,lip and oral cavity squamous cell carcinoma,0.8448,False
RAB40C,ENSG00000197562,MONDO_0044964,oral cavity mucoepidermoid carcinoma,0.8151,False
RAB40C,ENSG00000197562,EFO_0000096,neoplasm of mature B-cells,0.5144,False
RAB40C,ENSG00000197562,EFO_0000616,neoplasm,0.6434,False
RAB40C,ENSG00000197562,EFO_0002426,neoplasm of mature T-cells or NK-cells,0.5464,False
RAB40C,ENSG00000197562,EFO_0003028,acute myeloblastic leukemia with maturation,0.8399,False
RAB40C,ENSG00000197562,EFO_0003876,intermittent vascular claudication,0.5769,False
RAB40C,ENSG00000197562,EFO_0004284,upper aerodigestive tract neoplasm,0.8667,False
RAB40C,ENSG00000197562,EFO_0009878,drug interaction,0.7364,False
RAB40C,ENSG00000197562,EFO_0020003,drug toxicity,0.8623,False
RAB40C,ENSG00000197562,EFO_1000251,Fallopian Tube Carcinoma,0.8365,False
RAB40C,ENSG00000197562,EFO_1000253,Fallopian Tube Serous Adenocarcinoma,0.508,False
RAB40C,ENSG00000197562,EFO_1000494,Primary Peritoneal Serous Adenocarcinoma,0.5995,False
RAB40C,ENSG00000197562,EFO_1000727,lipodystrophy,0.5052,False
RAB40C,ENSG00000197562,EFO_1001013,lethal midline granuloma,0.8069,False
RAB40C,ENSG00000197562,EFO_1001100,peritoneal neoplasm,0.9103,False
RAB40C,ENSG00000197562,EFO_1001110,pituitary-dependent Cushing's disease,0.7967,False
RAB40C,ENSG00000197562,EFO_1001348,HIV-Associated Lipodystrophy Syndrome,0.8854,False
RAB40C,ENSG00000197562,EFO_1001799,incomplete abortion,0.8701,False
RAB40C,ENSG00000197562,EFO_1001958,high grade ovarian serous adenocarcinoma,0.9013,False
RAB41,ENSG00000147127,MONDO_0000430,mature T-cell and NK-cell non-Hodgkin lymphoma,0.5008,False
RAB41,ENSG00000147127,MONDO_0000544,mucosal melanoma,0.7208,False
RAB41,ENSG00000147127,MONDO_0000645,fallopian tube benign neoplasm,0.6717,False
RAB41,ENSG00000147127,MONDO_0000956,small intestine cancer,0.6107,False
RAB41,ENSG00000147127,MONDO_0001016,epididymis cancer,0.6646,False
RAB41,ENSG00000147127,MONDO_0001023,prolymphocytic leukemia,0.7791,False
RAB41,ENSG00000147127,MONDO_0001056,gastric cancer,0.7758,False
RAB41,ENSG00000147127,MONDO_0001128,nasal cavity cancer,0.5256,False
RAB41,ENSG00000147127,MONDO_0001187,urinary bladder cancer,0.8256,False
RAB41,ENSG00000147127,MONDO_0001322,pericardium cancer,0.6579,False
RAB41,ENSG00000147127,MONDO_0001325,penile cancer,0.7138,False
RAB41,ENSG00000147127,MONDO_0001340,heart cancer,0.7208,False
RAB41,ENSG00000147127,MONDO_0001350,parametrium malignant neoplasm,0.5597,False
RAB41,ENSG00000147127,MONDO_0001378,urachus cancer,0.5051,False
RAB41,ENSG00000147127,MONDO_0001402,vaginal cancer,0.8089,False
RAB41,ENSG00000147127,MONDO_0001501,retroperitoneal sarcoma,0.7599,False
RAB41,ENSG00000147127,MONDO_0001763,ethmoid sinus cancer,0.7679,False
RAB41,ENSG00000147127,MONDO_0001764,ethmoidal sinus neoplasm,0.5213,False
RAB41,ENSG00000147127,MONDO_0001852,small intestine lymphoma,0.9656,False
RAB41,ENSG00000147127,MONDO_0001879,anus cancer,0.9953,False
RAB41,ENSG00000147127,MONDO_0001991,malignant cardiac germ cell tumor,0.5818,False
RAB41,ENSG00000147127,MONDO_0002073,malignant pineal area germ cell neoplasm,0.536,False
RAB41,ENSG00000147127,MONDO_0002087,peritoneum cancer,0.9692,False
RAB41,ENSG00000147127,MONDO_0002158,fallopian tube cancer,0.9529,False
RAB41,ENSG00000147127,MONDO_0002225,ovarian sarcoma,0.9224,False
RAB41,ENSG00000147127,MONDO_0002367,kidney cancer,0.5438,False
RAB41,ENSG00000147127,MONDO_0002434,oculomotor nerve cancer,0.6143,False
RAB41,ENSG00000147127,MONDO_0002482,nipple neoplasm,0.5424,False
RAB41,ENSG00000147127,MONDO_0002534,fallopian tube papilloma,0.5632,False
RAB41,ENSG00000147127,MONDO_0002537,inverted papilloma,0.8761,False
RAB41,ENSG00000147127,MONDO_0002543,adult oligodendroglioma,0.6823,False
RAB41,ENSG00000147127,MONDO_0002577,extrahepatic bile duct rhabdomyosarcoma,0.5842,False
RAB41,ENSG00000147127,MONDO_0002581,spindle cell rhabdomyosarcoma,0.5129,False
RAB41,ENSG00000147127,MONDO_0002586,thymus cancer,0.9685,False
RAB41,ENSG00000147127,MONDO_0002625,Ewing sarcoma of bone,0.5008,False
RAB41,ENSG00000147127,MONDO_0002665,extrahepatic bile duct adenocarcinoma,0.6698,False
RAB41,ENSG00000147127,MONDO_0002683,adult choroid plexus neoplasm,0.6633,False
RAB41,ENSG00000147127,MONDO_0002716,childhood spinal cord tumor,0.6715,False
RAB41,ENSG00000147127,MONDO_0002739,extrahepatic bile duct mucinous adenocarcinoma,0.6921,False
RAB41,ENSG00000147127,MONDO_0002744,fallopian tube mucinous adenocarcinoma,0.8154,False
RAB41,ENSG00000147127,MONDO_0002786,diencephalic cancer,0.658,False
RAB41,ENSG00000147127,MONDO_0002794,adult medulloblastoma,0.6454,False
RAB41,ENSG00000147127,MONDO_0002833,fallopian tube transitional cell carcinoma,0.8699,False
RAB41,ENSG00000147127,MONDO_0002912,brainstem cancer,0.5512,False
RAB41,ENSG00000147127,MONDO_0002914,childhood brain stem neoplasm,0.5445,False
RAB41,ENSG00000147127,MONDO_0002974,cervical cancer,0.8691,False
RAB41,ENSG00000147127,MONDO_0002995,"small intestine neuroendocrine tumor, well differentiated, low or intermediate grade",0.9055,False
RAB41,ENSG00000147127,MONDO_0003022,pediatric angiosarcoma,0.5311,False
RAB41,ENSG00000147127,MONDO_0003029,skin angiosarcoma,0.5486,False
RAB41,ENSG00000147127,MONDO_0003033,prostate angiosarcoma,0.8259,False
RAB41,ENSG00000147127,MONDO_0003059,bile duct cancer,0.8233,False
RAB41,ENSG00000147127,MONDO_0003060,biliary tract cancer,0.7589,False
RAB41,ENSG00000147127,MONDO_0003087,mucoepidermoid breast carcinoma,0.7314,False
RAB41,ENSG00000147127,MONDO_0003089,extrahepatic bile duct mucoepidermoid carcinoma,0.8504,False
RAB41,ENSG00000147127,MONDO_0003090,extrahepatic bile duct carcinoma,0.9795,False
RAB41,ENSG00000147127,MONDO_0003104,epicardium cancer,0.5971,False
RAB41,ENSG00000147127,MONDO_0003153,adult brainstem glioma,0.6972,False
RAB41,ENSG00000147127,MONDO_0003196,appendix carcinoma,0.9628,False
RAB41,ENSG00000147127,MONDO_0003212,nasal cavity carcinoma,0.8415,False
RAB41,ENSG00000147127,MONDO_0003268,mixed glioma,0.7197,False
RAB41,ENSG00000147127,MONDO_0003383,fallopian tube clear cell adenocarcinoma,0.8423,False
RAB41,ENSG00000147127,MONDO_0003392,fallopian tube germ cell tumor,0.6799,False
RAB41,ENSG00000147127,MONDO_0003404,adult yolk sac tumor,0.5522,False
RAB41,ENSG00000147127,MONDO_0003478,childhood ependymoma,0.9529,False
RAB41,ENSG00000147127,MONDO_0003495,ovarian squamous cell neoplasm,0.5845,False
RAB41,ENSG00000147127,MONDO_0003503,fallopian tube squamous cell carcinoma,0.8972,False
RAB41,ENSG00000147127,MONDO_0003510,malignant testicular germ cell tumor,0.6339,False
RAB41,ENSG00000147127,MONDO_0003515,fallopian tube teratoma,0.5186,False
RAB41,ENSG00000147127,MONDO_0003535,fallopian tube papillary adenocarcinoma,0.5202,False
RAB41,ENSG00000147127,MONDO_0003541,adult acute lymphoblastic leukemia,0.9816,False
RAB41,ENSG00000147127,MONDO_0003549,adenosquamous bile duct carcinoma,0.5867,False
RAB41,ENSG00000147127,MONDO_0003551,thymic adenosquamous carcinoma,0.5208,False
RAB41,ENSG00000147127,MONDO_0003558,adenosquamous prostate carcinoma,0.69,False
RAB41,ENSG00000147127,MONDO_0003572,nasopharyngeal type undifferentiated carcinoma,0.9438,False
RAB41,ENSG00000147127,MONDO_0003585,adult liposarcoma,0.7807,False
RAB41,ENSG00000147127,MONDO_0003659,pediatric lymphoma,0.8378,False
RAB41,ENSG00000147127,MONDO_0003660,adult lymphoma,0.9181,False
RAB41,ENSG00000147127,MONDO_0003666,fallopian tube endometrioid adenocarcinoma,0.8907,False
RAB41,ENSG00000147127,MONDO_0003692,adult malignant mesenchymoma,0.8552,False
RAB41,ENSG00000147127,MONDO_0003751,childhood germ cell tumor,0.7399,False
RAB41,ENSG00000147127,MONDO_0003766,thalamic cancer,0.6979,False
RAB41,ENSG00000147127,MONDO_0003856,adult malignant hemangiopericytoma,0.9031,False
RAB41,ENSG00000147127,MONDO_0003869,childhood brain stem glioma,0.8028,False
RAB41,ENSG00000147127,MONDO_0003874,ovarian serous surface papillary adenocarcinoma,0.9787,False
RAB41,ENSG00000147127,MONDO_0003890,infiltrating bladder urothelial carcinoma,0.5786,False
RAB41,ENSG00000147127,MONDO_0003936,invasive tubular breast carcinoma,0.8587,False
RAB41,ENSG00000147127,MONDO_0003950,nipple carcinoma,0.7445,False
RAB41,ENSG00000147127,MONDO_0003982,bilateral breast carcinoma,0.8157,False
RAB41,ENSG00000147127,MONDO_0004064,iris melanoma,0.8353,False
RAB41,ENSG00000147127,MONDO_0004110,refractory hairy cell leukemia,0.685,False
RAB41,ENSG00000147127,MONDO_0004111,refractory hematologic cancer,0.7767,False
RAB41,ENSG00000147127,MONDO_0004180,benign urinary system neoplasm,0.8437,False
RAB41,ENSG00000147127,MONDO_0004192,urethra cancer,0.7622,False
RAB41,ENSG00000147127,MONDO_0004197,male urethral cancer,0.6186,False
RAB41,ENSG00000147127,MONDO_0004222,ovarian clear cell cystadenocarcinoma,0.9638,False
RAB41,ENSG00000147127,MONDO_0004231,spindle cell variant squamous cell breast carcinoma,0.5329,False
RAB41,ENSG00000147127,MONDO_0004233,childhood pleomorphic rhabdomyosarcoma,0.5005,False
RAB41,ENSG00000147127,MONDO_0004336,rectal signet ring cell adenocarcinoma,0.5981,False
RAB41,ENSG00000147127,MONDO_0004374,adult extraskeletal osteosarcoma,0.7967,False
RAB41,ENSG00000147127,MONDO_0004489,fallopian tube gestational choriocarcinoma,0.5453,False
RAB41,ENSG00000147127,MONDO_0004545,adult malignant schwannoma,0.5409,False
RAB41,ENSG00000147127,MONDO_0004658,breast carcinoma in situ,0.8546,False
RAB41,ENSG00000147127,MONDO_0004669,salivary gland cancer,0.8625,False
RAB41,ENSG00000147127,MONDO_0004695,liver lymphoma,0.5139,False
RAB41,ENSG00000147127,MONDO_0004727,vestibule of mouth cancer,0.5701,False
RAB41,ENSG00000147127,MONDO_0004992,cancer,0.9005,False
RAB41,ENSG00000147127,MONDO_0005411,gallbladder cancer,0.9224,False
RAB41,ENSG00000147127,MONDO_0007254,breast cancer,0.9056,False
RAB41,ENSG00000147127,MONDO_0008170,ovarian cancer,0.9163,False
RAB41,ENSG00000147127,MONDO_0008315,prostate cancer,0.9252,False
RAB41,ENSG00000147127,MONDO_0008318,Proteus syndrome,0.9914,False
RAB41,ENSG00000147127,MONDO_0008627,ureter cancer,0.5881,False
RAB41,ENSG00000147127,MONDO_0008867,biliary atresia,0.63,False
RAB41,ENSG00000147127,MONDO_0008903,lung cancer,0.6192,False
RAB41,ENSG00000147127,MONDO_0008978,chordoma,0.5759,False
RAB41,ENSG00000147127,MONDO_0011962,endometrial cancer,0.7019,False
RAB41,ENSG00000147127,MONDO_0015686,primary peritoneal carcinoma,0.6931,False
RAB41,ENSG00000147127,MONDO_0016096,malignant non-dysgerminomatous germ cell tumor of ovary,0.5648,False
RAB41,ENSG00000147127,MONDO_0016216,adult hepatocellular carcinoma,0.9565,False
RAB41,ENSG00000147127,MONDO_0016586,systemic mastocytosis,0.7804,False
RAB41,ENSG00000147127,MONDO_0016717,choroid plexus neoplasm,0.5081,False
RAB41,ENSG00000147127,MONDO_0017346,Epstein-Barr virus-positive diffuse large B-cell lymphoma of the elderly,0.8495,False
RAB41,ENSG00000147127,MONDO_0018171,malignant germ cell tumor of ovary,0.569,False
RAB41,ENSG00000147127,MONDO_0018364,malignant epithelial tumor of ovary,0.8644,False
RAB41,ENSG00000147127,MONDO_0018521,squamous cell carcinoma of pancreas,0.9606,False
RAB41,ENSG00000147127,MONDO_0018542,severe congenital neutropenia,0.7217,False
RAB41,ENSG00000147127,MONDO_0019456,acute myeloid leukemia with multilineage dysplasia,0.926,False
RAB41,ENSG00000147127,MONDO_0019457,therapy related acute myeloid leukemia and myelodysplastic syndrome,0.9699,False
RAB41,ENSG00000147127,MONDO_0019460,acute leukemia of ambiguous lineage,0.7906,False
RAB41,ENSG00000147127,MONDO_0019465,nodal marginal zone B-cell lymphoma,0.6412,False
RAB41,ENSG00000147127,MONDO_0020077,myelodysplastic/myeloproliferative disease,0.8507,False
RAB41,ENSG00000147127,MONDO_0020541,maligant granulosa cell tumor of ovary,0.6778,False
RAB41,ENSG00000147127,MONDO_0020656,human papillomavirus-related penile squamous cell carcinoma,0.6973,False
RAB41,ENSG00000147127,MONDO_0020657,human papillomavirus-related squamous cell carcinoma,0.9611,False
RAB41,ENSG00000147127,MONDO_0020690,adult glioblastoma,0.9341,False
RAB41,ENSG00000147127,MONDO_0020743,mixed phenotype acute leukemia,0.7914,False
RAB41,ENSG00000147127,MONDO_0021063,malignant colon neoplasm,0.9054,False
RAB41,ENSG00000147127,MONDO_0021074,precancerous condition,0.7598,False
RAB41,ENSG00000147127,MONDO_0021092,fallopian tube neoplasm,0.5289,False
RAB41,ENSG00000147127,MONDO_0021115,luminal B breast carcinoma,0.8474,False
RAB41,ENSG00000147127,MONDO_0021299,carcinoma in situ of extrahepatic bile duct,0.5414,False
RAB41,ENSG00000147127,MONDO_0021310,malignant tumor of neck,0.5719,False
RAB41,ENSG00000147127,MONDO_0021321,malignant tumor of extrahepatic bile duct,0.9001,False
RAB41,ENSG00000147127,MONDO_0021364,neoplasm of oropharynx,0.6026,False
RAB41,ENSG00000147127,MONDO_0021528,benign neoplasm of male breast,0.5324,False
RAB41,ENSG00000147127,MONDO_0021535,pancreatic neuroendocrine tumor G1,0.7451,False
RAB41,ENSG00000147127,MONDO_0021538,verrucous carcinoma of oral cavity,0.7477,False
RAB41,ENSG00000147127,MONDO_0021576,fallopian tube endometrioid tumor,0.7458,False
RAB41,ENSG00000147127,MONDO_0021633,cerebral astrocytoma,0.5046,False
RAB41,ENSG00000147127,MONDO_0021639,grade II glioma,0.6168,False
RAB41,ENSG00000147127,MONDO_0021656,nongerminomatous germ cell tumor,0.5236,False
RAB41,ENSG00000147127,MONDO_0023206,functional pancreatic neuroendocrine tumor,0.611,False
RAB41,ENSG00000147127,MONDO_0024327,chronic renal failure syndrome,0.6629,False
RAB41,ENSG00000147127,MONDO_0024658,extrahepatic bile duct sarcoma,0.6433,False
RAB41,ENSG00000147127,MONDO_0024797,adult brain stem neoplasm,0.6124,False
RAB41,ENSG00000147127,MONDO_0024879,metastatic carcinoma,0.5166,False
RAB41,ENSG00000147127,MONDO_0036501,refractory malignant neoplasm,0.7425,False
RAB41,ENSG00000147127,MONDO_0040676,great vessel cancer,0.5234,False
RAB41,ENSG00000147127,MONDO_0040678,infiltrating urothelial carcinoma,0.9496,False
RAB41,ENSG00000147127,MONDO_0044334,connective and soft tissue neoplasm,0.5181,False
RAB41,ENSG00000147127,MONDO_0044705,paranasal sinus squamous cell carcinoma,0.6142,False
RAB41,ENSG00000147127,MONDO_0044710,lip and oral cavity squamous cell carcinoma,0.9589,False
RAB41,ENSG00000147127,MONDO_0044727,pancreatic carcinoma with mixed differentiation,0.5083,False
RAB41,ENSG00000147127,MONDO_0044787,nasal cavity and paranasal sinus squamous cell carcinoma,0.9807,False
RAB41,ENSG00000147127,MONDO_0044887,central nervous system non-hodgkin lymphoma,0.8127,False
RAB41,ENSG00000147127,MONDO_0044889,high grade B-cell lymphoma,0.5333,False
RAB41,ENSG00000147127,MONDO_0044903,myelofibrosis,0.814,False
RAB41,ENSG00000147127,MONDO_0044907,metastatic squamous cell carcinoma,0.5881,False
RAB41,ENSG00000147127,MONDO_0044925,oral cavity carcinoma,0.7892,False
RAB41,ENSG00000147127,MONDO_0044926,oropharyngeal carcinoma,0.6692,False
RAB41,ENSG00000147127,MONDO_0044956,paranasal sinus mucoepidermoid carcinoma,0.5017,False
RAB41,ENSG00000147127,MONDO_0044964,oral cavity mucoepidermoid carcinoma,0.9952,False
RAB41,ENSG00000147127,MONDO_0045056,grade II meningioma,0.8898,False
RAB41,ENSG00000147127,MONDO_0100342,malignant glioma,0.7321,False
RAB41,ENSG00000147127,MONDO_0850302,intracranial meningioma,0.8954,False
RAB41,ENSG00000147127,OBA_2040356,level of prostaglandin F2 receptor negative regulator in blood serum,0.5219,False
RAB41,ENSG00000147127,OBA_2052882,amount of leukemia inhibitory factor receptor (human) in blood,0.5713,False
RAB41,ENSG00000147127,EFO_0000095,chronic lymphocytic leukemia,0.6382,False
RAB41,ENSG00000147127,EFO_0000096,neoplasm of mature B-cells,0.9477,False
RAB41,ENSG00000147127,EFO_0000196,metastatic prostate cancer,0.9064,False
RAB41,ENSG00000147127,EFO_0000198,myelodysplastic syndrome,0.8546,False
RAB41,ENSG00000147127,EFO_0000209,T-cell acute lymphoblastic leukemia,0.6804,False
RAB41,ENSG00000147127,EFO_0000211,unspecified peripheral T-cell lymphoma,0.7536,False
RAB41,ENSG00000147127,EFO_0000218,acute erythroleukemia,0.7263,False
RAB41,ENSG00000147127,EFO_0000220,acute lymphoblastic leukemia,0.8585,False
RAB41,ENSG00000147127,EFO_0000221,acute monocytic leukemia,0.9515,False
RAB41,ENSG00000147127,EFO_0000222,acute myeloid leukemia,0.7576,False
RAB41,ENSG00000147127,EFO_0000223,acute myelomonocytic leukemia,0.8967,False
RAB41,ENSG00000147127,EFO_0000224,acute promyelocytic leukemia,0.5647,False
RAB41,ENSG00000147127,EFO_0000228,adenocarcinoma,0.5588,False
RAB41,ENSG00000147127,EFO_0000233,adenosquamous lung carcinoma,0.9459,False
RAB41,ENSG00000147127,EFO_0000304,breast adenocarcinoma,0.905,False
RAB41,ENSG00000147127,EFO_0000305,breast carcinoma,0.6987,False
RAB41,ENSG00000147127,EFO_0000308,bronchoalveolar adenocarcinoma,0.9008,False
RAB41,ENSG00000147127,EFO_0000330,childhood acute myeloid leukemia,0.9425,False
RAB41,ENSG00000147127,EFO_0000403,diffuse large B-cell lymphoma,0.7428,False
RAB41,ENSG00000147127,EFO_0000466,endometrioid carcinoma,0.7013,False
RAB41,ENSG00000147127,EFO_0000503,gastric adenocarcinoma,0.7336,False
RAB41,ENSG00000147127,EFO_0000559,keratinizing squamous cell carcinoma,0.601,False
RAB41,ENSG00000147127,EFO_0000565,leukemia,0.7752,False
RAB41,ENSG00000147127,EFO_0000574,lymphoma,0.7993,False
RAB41,ENSG00000147127,EFO_0000616,neoplasm,0.9097,False
RAB41,ENSG00000147127,EFO_0000673,prostate adenocarcinoma,0.8846,False
RAB41,ENSG00000147127,EFO_0000702,small cell lung carcinoma,0.7341,False
RAB41,ENSG00000147127,EFO_0000707,squamous cell carcinoma,0.5862,False
RAB41,ENSG00000147127,EFO_0000756,melanoma,0.8422,False
RAB41,ENSG00000147127,EFO_0001075,ovarian carcinoma,0.7415,False
RAB41,ENSG00000147127,EFO_0001378,multiple myeloma,0.6913,False
RAB41,ENSG00000147127,EFO_0001642,lymphoid neoplasm,0.7775,False
RAB41,ENSG00000147127,EFO_0001663,prostate carcinoma,0.8837,False
RAB41,ENSG00000147127,EFO_0002426,neoplasm of mature T-cells or NK-cells,0.9508,False
RAB41,ENSG00000147127,EFO_0002618,pancreatic carcinoma,0.9595,False
RAB41,ENSG00000147127,EFO_0002938,hypopharyngeal carcinoma,0.8106,False
RAB41,ENSG00000147127,EFO_0003025,acute megakaryoblastic leukaemia,0.9045,False
RAB41,ENSG00000147127,EFO_0003026,minimally differentiated acute myeloblastic leukemia,0.9173,False
RAB41,ENSG00000147127,EFO_0003027,acute myeloblastic leukemia without maturation,0.9733,False
RAB41,ENSG00000147127,EFO_0003028,acute myeloblastic leukemia with maturation,0.9923,False
RAB41,ENSG00000147127,EFO_0003050,large cell lung carcinoma,0.8037,False
RAB41,ENSG00000147127,EFO_0003060,non-small cell lung carcinoma,0.9812,False
RAB41,ENSG00000147127,EFO_0003846,urethral neoplasm,0.5511,False
RAB41,ENSG00000147127,EFO_0003859,uterine neoplasm,0.9115,False
RAB41,ENSG00000147127,EFO_0003863,urogenital neoplasm,0.7688,False
RAB41,ENSG00000147127,EFO_0003866,paranasal sinus neoplasm,0.8485,False
RAB41,ENSG00000147127,EFO_0003868,mouth neoplasm,0.6098,False
RAB41,ENSG00000147127,EFO_0003869,breast neoplasm,0.9199,False
RAB41,ENSG00000147127,EFO_0003876,intermittent vascular claudication,0.567,False
RAB41,ENSG00000147127,EFO_0003891,biliary tract neoplasm,0.9022,False
RAB41,ENSG00000147127,EFO_0004224,Coronary Restenosis,0.5194,False
RAB41,ENSG00000147127,EFO_0004251,myeloproliferative disorder,0.5211,False
RAB41,ENSG00000147127,EFO_0004252,nasopharyngeal neoplasm,0.8892,False
RAB41,ENSG00000147127,EFO_0004284,upper aerodigestive tract neoplasm,0.9845,False
RAB41,ENSG00000147127,EFO_0004289,lymphoid leukemia,0.822,False
RAB41,ENSG00000147127,EFO_0004606,gallbladder neoplasm,0.8061,False
RAB41,ENSG00000147127,EFO_0005232,endometrium adenocarcinoma,0.7066,False
RAB41,ENSG00000147127,EFO_0005537,triple-negative breast cancer,0.9671,False
RAB41,ENSG00000147127,EFO_0005540,bile duct carcinoma,0.7419,False
RAB41,ENSG00000147127,EFO_0005582,renal pelvis carcinoma,0.5804,False
RAB41,ENSG00000147127,EFO_0005952,non-Hodgkins lymphoma,0.5885,False
RAB41,ENSG00000147127,EFO_0006352,laryngeal squamous cell carcinoma,0.7,False
RAB41,ENSG00000147127,EFO_0006475,plasma cell leukemia,0.6606,False
RAB41,ENSG00000147127,EFO_0006732,pancreatic adenosquamous carcinoma,0.8286,False
RAB41,ENSG00000147127,EFO_0006861,male breast carcinoma,0.9752,False
RAB41,ENSG00000147127,EFO_0007206,choroid plexus cancer,0.6822,False
RAB41,ENSG00000147127,EFO_0007270,femoral cancer,0.5214,False
RAB41,ENSG00000147127,EFO_0007372,mitral valve stenosis,0.5258,False
RAB41,ENSG00000147127,EFO_0007466,retroperitoneal cancer,0.6168,False
RAB41,ENSG00000147127,EFO_0007532,uterine corpus cancer,0.9339,False
RAB41,ENSG00000147127,EFO_0007535,verrucous carcinoma,0.8945,False
RAB41,ENSG00000147127,EFO_0008585,ST Elevation Myocardial Infarction,0.6389,False
RAB41,ENSG00000147127,EFO_0009443,BRCAX breast cancer,0.9062,False
RAB41,ENSG00000147127,EFO_0009582,sprain,0.5015,False
RAB41,ENSG00000147127,EFO_0009780,HER2 negative breast carcinoma,0.9753,False
RAB41,ENSG00000147127,EFO_0009781,progesterone-receptor negative breast cancer,0.728,False
RAB41,ENSG00000147127,EFO_0009782,progesterone-receptor positive breast cancer,0.7298,False
RAB41,ENSG00000147127,EFO_0009878,drug interaction,0.8614,False
RAB41,ENSG00000147127,EFO_0010580,blastic plasmacytoid dendritic cell neoplasm,0.8733,False
RAB41,ENSG00000147127,EFO_0010832,primary central chondrosarcoma,0.8664,False
RAB41,ENSG00000147127,EFO_0020003,drug toxicity,0.5852,False
RAB41,ENSG00000147127,EFO_1000016,anaplastic lung carcinoma,0.5237,False
RAB41,ENSG00000147127,EFO_1000043,ovarian serous cystadenocarcinoma,0.5274,False
RAB41,ENSG00000147127,EFO_1000044,pancreatic adenocarcinoma,0.8941,False
RAB41,ENSG00000147127,EFO_1000059,cervical artery dissection,0.6354,False
RAB41,ENSG00000147127,EFO_1000088,Appendix Adenocarcinoma,0.513,False
RAB41,ENSG00000147127,EFO_1000131,"Blast Phase Chronic Myelogenous Leukemia, BCR-ABL1 Positive",0.9717,False
RAB41,ENSG00000147127,EFO_1000140,Borderline Ovarian Surface Epithelial-Stromal Tumor,0.717,False
RAB41,ENSG00000147127,EFO_1000142,Brain Stem Glioma,0.5412,False
RAB41,ENSG00000147127,EFO_1000231,Endometrial Clear Cell Adenocarcinoma,0.7272,False
RAB41,ENSG00000147127,EFO_1000238,Endometrial Serous Adenocarcinoma,0.8089,False
RAB41,ENSG00000147127,EFO_1000248,Extrahepatic Bile Duct Squamous Cell Carcinoma,0.6064,False
RAB41,ENSG00000147127,EFO_1000251,Fallopian Tube Carcinoma,0.941,False
RAB41,ENSG00000147127,EFO_1000252,Fallopian Tube Carcinosarcoma,0.6074,False
RAB41,ENSG00000147127,EFO_1000253,Fallopian Tube Serous Adenocarcinoma,0.8135,False
RAB41,ENSG00000147127,EFO_1000294,HER2 Positive Breast Carcinoma,0.8458,False
RAB41,ENSG00000147127,EFO_1000357,Malignant Ovarian Brenner Tumor,0.8776,False
RAB41,ENSG00000147127,EFO_1000407,Olfactory Neuroblastoma,0.8971,False
RAB41,ENSG00000147127,EFO_1000412,Ovarian Carcinosarcoma,0.9097,False
RAB41,ENSG00000147127,EFO_1000419,Ovarian Germ Cell Tumor,0.9888,False
RAB41,ENSG00000147127,EFO_1000435,Ovarian Transitional Cell Carcinoma,0.5003,False
RAB41,ENSG00000147127,EFO_1000494,Primary Peritoneal Serous Adenocarcinoma,0.9256,False
RAB41,ENSG00000147127,EFO_1000576,Thymic Carcinoma,0.566,False
RAB41,ENSG00000147127,EFO_1000616,Uveal Melanoma,0.905,False
RAB41,ENSG00000147127,EFO_1000649,estrogen-receptor positive breast cancer,0.8977,False
RAB41,ENSG00000147127,EFO_1000657,rectum cancer,0.8945,False
RAB41,ENSG00000147127,EFO_1000789,"osteoarthritis, hand",0.615,False
RAB41,ENSG00000147127,EFO_1000844,brachial plexus neuropathy,0.5071,False
RAB41,ENSG00000147127,EFO_1000866,choroid cancer,0.6823,False
RAB41,ENSG00000147127,EFO_1001013,lethal midline granuloma,0.9884,False
RAB41,ENSG00000147127,EFO_1001082,panuveitis,0.7764,False
RAB41,ENSG00000147127,EFO_1001094,penile neoplasm,0.5758,False
RAB41,ENSG00000147127,EFO_1001100,peritoneal neoplasm,0.9899,False
RAB41,ENSG00000147127,EFO_1001110,pituitary-dependent Cushing's disease,0.8788,False
RAB41,ENSG00000147127,EFO_1001119,posterior uveitis,0.7967,False
RAB41,ENSG00000147127,EFO_1001257,acute erythroblastic leukemia,0.9716,False
RAB41,ENSG00000147127,EFO_1001348,HIV-Associated Lipodystrophy Syndrome,0.8694,False
RAB41,ENSG00000147127,EFO_1001480,metastatic colorectal cancer,0.587,False
RAB41,ENSG00000147127,EFO_1001512,endometrial carcinoma,0.8361,False
RAB41,ENSG00000147127,EFO_1001779,chronic myelomonocytic leukemia,0.7012,False
RAB41,ENSG00000147127,EFO_1001830,precursor T-cell lymphoblastic leukemia-lymphoma,0.9337,False
RAB41,ENSG00000147127,EFO_1001932,adult acute megakaryoblastic leukemia,0.9649,False
RAB41,ENSG00000147127,EFO_1001933,adult acute monocytic leukemia,0.9739,False
RAB41,ENSG00000147127,EFO_1001934,adult acute myeloid leukemia,0.9789,False
RAB41,ENSG00000147127,EFO_1001935,adult B acute lymphoblastic leukemia,0.9121,False
RAB41,ENSG00000147127,EFO_1001936,adult T acute lymphoblastic leukemia,0.8338,False
RAB41,ENSG00000147127,EFO_1001943,childhood acute megakaryoblastic leukemia,0.7868,False
RAB41,ENSG00000147127,EFO_1001944,childhood acute monocytic leukemia,0.7583,False
RAB41,ENSG00000147127,EFO_1001945,childhood acute myeloid leukemia with maturation,0.9687,False
RAB41,ENSG00000147127,EFO_1001946,childhood B acute lymphoblastic leukemia,0.8976,False
RAB41,ENSG00000147127,EFO_1001947,childhood T acute lymphoblastic leukemia,0.9138,False
RAB41,ENSG00000147127,EFO_1001952,endometrial adenosquamous carcinoma,0.9575,False
RAB41,ENSG00000147127,EFO_1001953,"endometrial endometrioid adenocarcinoma, variant with squamous differentiation",0.8878,False
RAB41,ENSG00000147127,EFO_1001956,gallbladder carcinoma,0.5158,False
RAB41,ENSG00000147127,EFO_1001958,high grade ovarian serous adenocarcinoma,0.9952,False
RAB41,ENSG00000147127,EFO_1001959,hilar cholangiocarcinoma,0.8903,False
RAB41,ENSG00000147127,EFO_1001963,ovarian mucinous cystadenocarcinoma,0.9373,False
RAB41,ENSG00000147127,EFO_1001969,"squamous cell breast carcinoma, acantholytic variant",0.5589,False
RAB41,ENSG00000147127,EFO_1001973,ureter urothelial carcinoma,0.7877,False
RAB41,ENSG00000147127,EFO_1002001,core binding factor acute myeloid leukemia,0.9779,False
RAB41,ENSG00000147127,EFO_1002015,HPV-associated cervical carcinoma,0.6484,False
RAB41,ENSG00000147127,Orphanet_145,Hereditary breast and ovarian cancer syndrome,0.9695,False
RAB41,ENSG00000147127,Orphanet_273,Steinert myotonic dystrophy,0.508,False
RAB41,ENSG00000147127,Orphanet_325690,Genetic disorder of sex development,0.6535,False
RAB42,ENSG00000188060,MONDO_0001879,anus cancer,0.6345,False
RAB42,ENSG00000188060,MONDO_0002995,"small intestine neuroendocrine tumor, well differentiated, low or intermediate grade",0.5644,False
RAB42,ENSG00000188060,MONDO_0003090,extrahepatic bile duct carcinoma,0.554,False
RAB42,ENSG00000188060,MONDO_0003541,adult acute lymphoblastic leukemia,0.5031,False
RAB42,ENSG00000188060,MONDO_0004111,refractory hematologic cancer,0.8268,False
RAB42,ENSG00000188060,MONDO_0008318,Proteus syndrome,0.6451,False
RAB42,ENSG00000188060,MONDO_0019456,acute myeloid leukemia with multilineage dysplasia,0.6023,False
RAB42,ENSG00000188060,MONDO_0020690,adult glioblastoma,0.5599,False
RAB42,ENSG00000188060,MONDO_0024327,chronic renal failure syndrome,0.7724,False
RAB42,ENSG00000188060,MONDO_0044710,lip and oral cavity squamous cell carcinoma,0.6979,False
RAB42,ENSG00000188060,MONDO_0044964,oral cavity mucoepidermoid carcinoma,0.8535,False
RAB42,ENSG00000188060,EFO_0000096,neoplasm of mature B-cells,0.5643,False
RAB42,ENSG00000188060,EFO_0002426,neoplasm of mature T-cells or NK-cells,0.6784,False
RAB42,ENSG00000188060,EFO_0003028,acute myeloblastic leukemia with maturation,0.8688,False
RAB42,ENSG00000188060,EFO_0004284,upper aerodigestive tract neoplasm,0.8083,False
RAB42,ENSG00000188060,EFO_0009878,drug interaction,0.6085,False
RAB42,ENSG00000188060,EFO_0010580,blastic plasmacytoid dendritic cell neoplasm,0.516,False
RAB42,ENSG00000188060,EFO_0020003,drug toxicity,0.9102,False
RAB42,ENSG00000188060,EFO_1000251,Fallopian Tube Carcinoma,0.5542,False
RAB42,ENSG00000188060,EFO_1000419,Ovarian Germ Cell Tumor,0.5875,False
RAB42,ENSG00000188060,EFO_1001013,lethal midline granuloma,0.8777,False
RAB42,ENSG00000188060,EFO_1001100,peritoneal neoplasm,0.856,False
RAB42,ENSG00000188060,EFO_1001110,pituitary-dependent Cushing's disease,0.5446,False
RAB42,ENSG00000188060,EFO_1001159,Rh isoimmunization,0.5805,False
RAB42,ENSG00000188060,EFO_1001348,HIV-Associated Lipodystrophy Syndrome,0.7369,False
RAB42,ENSG00000188060,EFO_1001799,incomplete abortion,0.7518,False
RAB42,ENSG00000188060,EFO_1001934,adult acute myeloid leukemia,0.6311,False
RAB42,ENSG00000188060,EFO_1001945,childhood acute myeloid leukemia with maturation,0.5381,False
RAB42,ENSG00000188060,EFO_1001958,high grade ovarian serous adenocarcinoma,0.8522,False
RAB43,ENSG00000172780,MONDO_0001187,urinary bladder cancer,0.5314,False
RAB43,ENSG00000172780,MONDO_0001852,small intestine lymphoma,0.5177,False
RAB43,ENSG00000172780,MONDO_0001879,anus cancer,0.8613,False
RAB43,ENSG00000172780,MONDO_0002087,peritoneum cancer,0.6886,False
RAB43,ENSG00000172780,MONDO_0002158,fallopian tube cancer,0.695,False
RAB43,ENSG00000172780,MONDO_0002586,thymus cancer,0.5721,False
RAB43,ENSG00000172780,MONDO_0002833,fallopian tube transitional cell carcinoma,0.5169,False
RAB43,ENSG00000172780,MONDO_0002995,"small intestine neuroendocrine tumor, well differentiated, low or intermediate grade",0.8741,False
RAB43,ENSG00000172780,MONDO_0003090,extrahepatic bile duct carcinoma,0.5429,False
RAB43,ENSG00000172780,MONDO_0003196,appendix carcinoma,0.5783,False
RAB43,ENSG00000172780,MONDO_0003478,childhood ependymoma,0.5216,False
RAB43,ENSG00000172780,MONDO_0003541,adult acute lymphoblastic leukemia,0.6531,False
RAB43,ENSG00000172780,MONDO_0003666,fallopian tube endometrioid adenocarcinoma,0.5314,False
RAB43,ENSG00000172780,MONDO_0003874,ovarian serous surface papillary adenocarcinoma,0.5356,False
RAB43,ENSG00000172780,MONDO_0004111,refractory hematologic cancer,0.6977,False
RAB43,ENSG00000172780,MONDO_0004180,benign urinary system neoplasm,0.5028,False
RAB43,ENSG00000172780,MONDO_0004222,ovarian clear cell cystadenocarcinoma,0.6484,False
RAB43,ENSG00000172780,MONDO_0004992,cancer,0.5752,False
RAB43,ENSG00000172780,MONDO_0008318,Proteus syndrome,0.6429,False
RAB43,ENSG00000172780,MONDO_0018521,squamous cell carcinoma of pancreas,0.5974,False
RAB43,ENSG00000172780,MONDO_0019456,acute myeloid leukemia with multilineage dysplasia,0.5989,False
RAB43,ENSG00000172780,MONDO_0019457,therapy related acute myeloid leukemia and myelodysplastic syndrome,0.6708,False
RAB43,ENSG00000172780,MONDO_0020657,human papillomavirus-related squamous cell carcinoma,0.6232,False
RAB43,ENSG00000172780,MONDO_0020690,adult glioblastoma,0.7934,False
RAB43,ENSG00000172780,MONDO_0021074,precancerous condition,0.5669,False
RAB43,ENSG00000172780,MONDO_0021538,verrucous carcinoma of oral cavity,0.5011,False
RAB43,ENSG00000172780,MONDO_0024327,chronic renal failure syndrome,0.8493,False
RAB43,ENSG00000172780,MONDO_0044710,lip and oral cavity squamous cell carcinoma,0.9325,False
RAB43,ENSG00000172780,MONDO_0044787,nasal cavity and paranasal sinus squamous cell carcinoma,0.5407,False
RAB43,ENSG00000172780,MONDO_0044964,oral cavity mucoepidermoid carcinoma,0.9423,False
RAB43,ENSG00000172780,MONDO_0045056,grade II meningioma,0.6942,False
RAB43,ENSG00000172780,EFO_0000096,neoplasm of mature B-cells,0.7159,False
RAB43,ENSG00000172780,EFO_0000616,neoplasm,0.7004,False
RAB43,ENSG00000172780,EFO_0002426,neoplasm of mature T-cells or NK-cells,0.7577,False
RAB43,ENSG00000172780,EFO_0002618,pancreatic carcinoma,0.6962,False
RAB43,ENSG00000172780,EFO_0003028,acute myeloblastic leukemia with maturation,0.878,False
RAB43,ENSG00000172780,EFO_0003060,non-small cell lung carcinoma,0.7684,False
RAB43,ENSG00000172780,EFO_0003876,intermittent vascular claudication,0.5405,False
RAB43,ENSG00000172780,EFO_0004284,upper aerodigestive tract neoplasm,0.9435,False
RAB43,ENSG00000172780,EFO_0006861,male breast carcinoma,0.6661,False
RAB43,ENSG00000172780,EFO_0009780,HER2 negative breast carcinoma,0.816,False
RAB43,ENSG00000172780,EFO_0009878,drug interaction,0.7418,False
RAB43,ENSG00000172780,EFO_0020003,drug toxicity,0.8094,False
RAB43,ENSG00000172780,EFO_1000251,Fallopian Tube Carcinoma,0.777,False
RAB43,ENSG00000172780,EFO_1000253,Fallopian Tube Serous Adenocarcinoma,0.5329,False
RAB43,ENSG00000172780,EFO_1000419,Ovarian Germ Cell Tumor,0.7541,False
RAB43,ENSG00000172780,EFO_1000494,Primary Peritoneal Serous Adenocarcinoma,0.602,False
RAB43,ENSG00000172780,EFO_1001013,lethal midline granuloma,0.9029,False
RAB43,ENSG00000172780,EFO_1001100,peritoneal neoplasm,0.9424,False
RAB43,ENSG00000172780,EFO_1001110,pituitary-dependent Cushing's disease,0.8077,False
RAB43,ENSG00000172780,EFO_1001348,HIV-Associated Lipodystrophy Syndrome,0.9221,False
RAB43,ENSG00000172780,EFO_1001799,incomplete abortion,0.803,False
RAB43,ENSG00000172780,EFO_1001934,adult acute myeloid leukemia,0.543,False
RAB43,ENSG00000172780,EFO_1001945,childhood acute myeloid leukemia with maturation,0.5172,False
RAB43,ENSG00000172780,EFO_1001958,high grade ovarian serous adenocarcinoma,0.9652,False
RAB43,ENSG00000172780,EFO_1002001,core binding factor acute myeloid leukemia,0.5876,False
RAB43,ENSG00000172780,Orphanet_145,Hereditary breast and ovarian cancer syndrome,0.5377,False
RAB44,ENSG00000255587,MONDO_0000645,fallopian tube benign neoplasm,0.5629,False
RAB44,ENSG00000255587,MONDO_0001187,urinary bladder cancer,0.814,False
RAB44,ENSG00000255587,MONDO_0001402,vaginal cancer,0.502,False
RAB44,ENSG00000255587,MONDO_0001852,small intestine lymphoma,0.7799,False
RAB44,ENSG00000255587,MONDO_0001879,anus cancer,0.9462,False
RAB44,ENSG00000255587,MONDO_0002087,peritoneum cancer,0.7656,False
RAB44,ENSG00000255587,MONDO_0002158,fallopian tube cancer,0.8117,False
RAB44,ENSG00000255587,MONDO_0002586,thymus cancer,0.8729,False
RAB44,ENSG00000255587,MONDO_0002744,fallopian tube mucinous adenocarcinoma,0.726,False
RAB44,ENSG00000255587,MONDO_0002833,fallopian tube transitional cell carcinoma,0.8421,False
RAB44,ENSG00000255587,MONDO_0002995,"small intestine neuroendocrine tumor, well differentiated, low or intermediate grade",0.9178,False
RAB44,ENSG00000255587,MONDO_0003060,biliary tract cancer,0.6165,False
RAB44,ENSG00000255587,MONDO_0003090,extrahepatic bile duct carcinoma,0.7377,False
RAB44,ENSG00000255587,MONDO_0003196,appendix carcinoma,0.7679,False
RAB44,ENSG00000255587,MONDO_0003212,nasal cavity carcinoma,0.593,False
RAB44,ENSG00000255587,MONDO_0003268,mixed glioma,0.6943,False
RAB44,ENSG00000255587,MONDO_0003383,fallopian tube clear cell adenocarcinoma,0.7706,False
RAB44,ENSG00000255587,MONDO_0003478,childhood ependymoma,0.8496,False
RAB44,ENSG00000255587,MONDO_0003503,fallopian tube squamous cell carcinoma,0.7109,False
RAB44,ENSG00000255587,MONDO_0003541,adult acute lymphoblastic leukemia,0.9252,False
RAB44,ENSG00000255587,MONDO_0003659,pediatric lymphoma,0.6592,False
RAB44,ENSG00000255587,MONDO_0003660,adult lymphoma,0.7735,False
RAB44,ENSG00000255587,MONDO_0003666,fallopian tube endometrioid adenocarcinoma,0.8311,False
RAB44,ENSG00000255587,MONDO_0003692,adult malignant mesenchymoma,0.6073,False
RAB44,ENSG00000255587,MONDO_0003751,childhood germ cell tumor,0.5183,False
RAB44,ENSG00000255587,MONDO_0003856,adult malignant hemangiopericytoma,0.6633,False
RAB44,ENSG00000255587,MONDO_0003869,childhood brain stem glioma,0.7316,False
RAB44,ENSG00000255587,MONDO_0003874,ovarian serous surface papillary adenocarcinoma,0.8346,False
RAB44,ENSG00000255587,MONDO_0003890,infiltrating bladder urothelial carcinoma,0.7376,False
RAB44,ENSG00000255587,MONDO_0004111,refractory hematologic cancer,0.8743,False
RAB44,ENSG00000255587,MONDO_0004180,benign urinary system neoplasm,0.9242,False
RAB44,ENSG00000255587,MONDO_0004192,urethra cancer,0.5646,False
RAB44,ENSG00000255587,MONDO_0004222,ovarian clear cell cystadenocarcinoma,0.9008,False
RAB44,ENSG00000255587,MONDO_0004374,adult extraskeletal osteosarcoma,0.598,False
RAB44,ENSG00000255587,MONDO_0004992,cancer,0.5802,False
RAB44,ENSG00000255587,MONDO_0005411,gallbladder cancer,0.5725,False
RAB44,ENSG00000255587,MONDO_0008170,ovarian cancer,0.5329,False
RAB44,ENSG00000255587,MONDO_0008315,prostate cancer,0.6617,False
RAB44,ENSG00000255587,MONDO_0008318,Proteus syndrome,0.7164,False
RAB44,ENSG00000255587,MONDO_0015686,primary peritoneal carcinoma,0.5573,False
RAB44,ENSG00000255587,MONDO_0016216,adult hepatocellular carcinoma,0.7704,False
RAB44,ENSG00000255587,MONDO_0017346,Epstein-Barr virus-positive diffuse large B-cell lymphoma of the elderly,0.8221,False
RAB44,ENSG00000255587,MONDO_0018521,squamous cell carcinoma of pancreas,0.7952,False
RAB44,ENSG00000255587,MONDO_0019456,acute myeloid leukemia with multilineage dysplasia,0.6823,False
RAB44,ENSG00000255587,MONDO_0019457,therapy related acute myeloid leukemia and myelodysplastic syndrome,0.8967,False
RAB44,ENSG00000255587,MONDO_0019460,acute leukemia of ambiguous lineage,0.5113,False
RAB44,ENSG00000255587,MONDO_0020077,myelodysplastic/myeloproliferative disease,0.7218,False
RAB44,ENSG00000255587,MONDO_0020657,human papillomavirus-related squamous cell carcinoma,0.8764,False
RAB44,ENSG00000255587,MONDO_0020690,adult glioblastoma,0.8942,False
RAB44,ENSG00000255587,MONDO_0020743,mixed phenotype acute leukemia,0.5792,False
RAB44,ENSG00000255587,MONDO_0021063,malignant colon neoplasm,0.5106,False
RAB44,ENSG00000255587,MONDO_0021074,precancerous condition,0.5755,False
RAB44,ENSG00000255587,MONDO_0021115,luminal B breast carcinoma,0.552,False
RAB44,ENSG00000255587,MONDO_0021535,pancreatic neuroendocrine tumor G1,0.6115,False
RAB44,ENSG00000255587,MONDO_0024327,chronic renal failure syndrome,0.8417,False
RAB44,ENSG00000255587,MONDO_0036501,refractory malignant neoplasm,0.6184,False
RAB44,ENSG00000255587,MONDO_0040678,infiltrating urothelial carcinoma,0.8611,False
RAB44,ENSG00000255587,MONDO_0041052,postherpetic neuralgia,0.5332,False
RAB44,ENSG00000255587,MONDO_0044710,lip and oral cavity squamous cell carcinoma,0.8674,False
RAB44,ENSG00000255587,MONDO_0044787,nasal cavity and paranasal sinus squamous cell carcinoma,0.6996,False
RAB44,ENSG00000255587,MONDO_0044887,central nervous system non-hodgkin lymphoma,0.5104,False
RAB44,ENSG00000255587,MONDO_0044889,high grade B-cell lymphoma,0.7452,False
RAB44,ENSG00000255587,MONDO_0044903,myelofibrosis,0.5344,False
RAB44,ENSG00000255587,MONDO_0044964,oral cavity mucoepidermoid carcinoma,0.9489,False
RAB44,ENSG00000255587,MONDO_0045056,grade II meningioma,0.7418,False
RAB44,ENSG00000255587,EFO_0000095,chronic lymphocytic leukemia,0.508,False
RAB44,ENSG00000255587,EFO_0000096,neoplasm of mature B-cells,0.9468,False
RAB44,ENSG00000255587,EFO_0000196,metastatic prostate cancer,0.5956,False
RAB44,ENSG00000255587,EFO_0000211,unspecified peripheral T-cell lymphoma,0.72,False
RAB44,ENSG00000255587,EFO_0000221,acute monocytic leukemia,0.648,False
RAB44,ENSG00000255587,EFO_0000233,adenosquamous lung carcinoma,0.514,False
RAB44,ENSG00000255587,EFO_0000304,breast adenocarcinoma,0.6433,False
RAB44,ENSG00000255587,EFO_0000330,childhood acute myeloid leukemia,0.7579,False
RAB44,ENSG00000255587,EFO_0000403,diffuse large B-cell lymphoma,0.6741,False
RAB44,ENSG00000255587,EFO_0000574,lymphoma,0.5305,False
RAB44,ENSG00000255587,EFO_0000616,neoplasm,0.7352,False
RAB44,ENSG00000255587,EFO_0000685,rheumatoid arthritis,0.5114,False
RAB44,ENSG00000255587,EFO_0001378,multiple myeloma,0.6186,False
RAB44,ENSG00000255587,EFO_0001642,lymphoid neoplasm,0.528,False
RAB44,ENSG00000255587,EFO_0001663,prostate carcinoma,0.5905,False
RAB44,ENSG00000255587,EFO_0002426,neoplasm of mature T-cells or NK-cells,0.9562,False
RAB44,ENSG00000255587,EFO_0002618,pancreatic carcinoma,0.8044,False
RAB44,ENSG00000255587,EFO_0003027,acute myeloblastic leukemia without maturation,0.8381,False
RAB44,ENSG00000255587,EFO_0003028,acute myeloblastic leukemia with maturation,0.961,False
RAB44,ENSG00000255587,EFO_0003060,non-small cell lung carcinoma,0.8637,False
RAB44,ENSG00000255587,EFO_0003859,uterine neoplasm,0.5776,False
RAB44,ENSG00000255587,EFO_0003863,urogenital neoplasm,0.6771,False
RAB44,ENSG00000255587,EFO_0003869,breast neoplasm,0.5065,False
RAB44,ENSG00000255587,EFO_0003876,intermittent vascular claudication,0.7097,False
RAB44,ENSG00000255587,EFO_0003891,biliary tract neoplasm,0.7686,False
RAB44,ENSG00000255587,EFO_0004284,upper aerodigestive tract neoplasm,0.9574,False
RAB44,ENSG00000255587,EFO_0004289,lymphoid leukemia,0.734,False
RAB44,ENSG00000255587,EFO_0004599,acute graft vs. host disease,0.6204,False
RAB44,ENSG00000255587,EFO_0004606,gallbladder neoplasm,0.5954,False
RAB44,ENSG00000255587,EFO_0005537,triple-negative breast cancer,0.7211,False
RAB44,ENSG00000255587,EFO_0005540,bile duct carcinoma,0.5374,False
RAB44,ENSG00000255587,EFO_0005952,non-Hodgkins lymphoma,0.5405,False
RAB44,ENSG00000255587,EFO_0006732,pancreatic adenosquamous carcinoma,0.5022,False
RAB44,ENSG00000255587,EFO_0006861,male breast carcinoma,0.8263,False
RAB44,ENSG00000255587,EFO_0007532,uterine corpus cancer,0.6686,False
RAB44,ENSG00000255587,EFO_0008585,ST Elevation Myocardial Infarction,0.5544,False
RAB44,ENSG00000255587,EFO_0009780,HER2 negative breast carcinoma,0.8761,False
RAB44,ENSG00000255587,EFO_0009878,drug interaction,0.7784,False
RAB44,ENSG00000255587,EFO_0010580,blastic plasmacytoid dendritic cell neoplasm,0.6634,False
RAB44,ENSG00000255587,EFO_0010832,primary central chondrosarcoma,0.5689,False
RAB44,ENSG00000255587,EFO_0020003,drug toxicity,0.8024,False
RAB44,ENSG00000255587,EFO_0700108,non-infectious posterior uveitis,0.5288,False
RAB44,ENSG00000255587,EFO_1000131,"Blast Phase Chronic Myelogenous Leukemia, BCR-ABL1 Positive",0.7537,False
RAB44,ENSG00000255587,EFO_1000238,Endometrial Serous Adenocarcinoma,0.5409,False
RAB44,ENSG00000255587,EFO_1000251,Fallopian Tube Carcinoma,0.9243,False
RAB44,ENSG00000255587,EFO_1000253,Fallopian Tube Serous Adenocarcinoma,0.6325,False
RAB44,ENSG00000255587,EFO_1000357,Malignant Ovarian Brenner Tumor,0.6041,False
RAB44,ENSG00000255587,EFO_1000412,Ovarian Carcinosarcoma,0.5776,False
RAB44,ENSG00000255587,EFO_1000419,Ovarian Germ Cell Tumor,0.7891,False
RAB44,ENSG00000255587,EFO_1000494,Primary Peritoneal Serous Adenocarcinoma,0.9032,False
RAB44,ENSG00000255587,EFO_1000616,Uveal Melanoma,0.5933,False
RAB44,ENSG00000255587,EFO_1000657,rectum cancer,0.5308,False
RAB44,ENSG00000255587,EFO_1001012,leptomeningeal metastasis,0.5666,False
RAB44,ENSG00000255587,EFO_1001013,lethal midline granuloma,0.8951,False
RAB44,ENSG00000255587,EFO_1001100,peritoneal neoplasm,0.9782,False
RAB44,ENSG00000255587,EFO_1001110,pituitary-dependent Cushing's disease,0.5497,False
RAB44,ENSG00000255587,EFO_1001257,acute erythroblastic leukemia,0.8983,False
RAB44,ENSG00000255587,EFO_1001348,HIV-Associated Lipodystrophy Syndrome,0.8722,False
RAB44,ENSG00000255587,EFO_1001480,metastatic colorectal cancer,0.5923,False
RAB44,ENSG00000255587,EFO_1001799,incomplete abortion,0.647,False
RAB44,ENSG00000255587,EFO_1001830,precursor T-cell lymphoblastic leukemia-lymphoma,0.7375,False
RAB44,ENSG00000255587,EFO_1001932,adult acute megakaryoblastic leukemia,0.7282,False
RAB44,ENSG00000255587,EFO_1001933,adult acute monocytic leukemia,0.8448,False
RAB44,ENSG00000255587,EFO_1001934,adult acute myeloid leukemia,0.83,False
RAB44,ENSG00000255587,EFO_1001935,adult B acute lymphoblastic leukemia,0.8345,False
RAB44,ENSG00000255587,EFO_1001936,adult T acute lymphoblastic leukemia,0.5954,False
RAB44,ENSG00000255587,EFO_1001945,childhood acute myeloid leukemia with maturation,0.8884,False
RAB44,ENSG00000255587,EFO_1001946,childhood B acute lymphoblastic leukemia,0.7574,False
RAB44,ENSG00000255587,EFO_1001947,childhood T acute lymphoblastic leukemia,0.7947,False
RAB44,ENSG00000255587,EFO_1001952,endometrial adenosquamous carcinoma,0.9085,False
RAB44,ENSG00000255587,EFO_1001953,"endometrial endometrioid adenocarcinoma, variant with squamous differentiation",0.6376,False
RAB44,ENSG00000255587,EFO_1001958,high grade ovarian serous adenocarcinoma,0.9726,False
RAB44,ENSG00000255587,EFO_1001959,hilar cholangiocarcinoma,0.7092,False
RAB44,ENSG00000255587,EFO_1001963,ovarian mucinous cystadenocarcinoma,0.8235,False
RAB44,ENSG00000255587,EFO_1001973,ureter urothelial carcinoma,0.7346,False
RAB44,ENSG00000255587,EFO_1002001,core binding factor acute myeloid leukemia,0.8781,False
RAB44,ENSG00000255587,Orphanet_145,Hereditary breast and ovarian cancer syndrome,0.7882,False
RAB4A,ENSG00000168118,MONDO_0001879,anus cancer,0.7537,False
RAB4A,ENSG00000168118,MONDO_0002995,"small intestine neuroendocrine tumor, well differentiated, low or intermediate grade",0.7918,False
RAB4A,ENSG00000168118,MONDO_0003541,adult acute lymphoblastic leukemia,0.5918,False
RAB4A,ENSG00000168118,MONDO_0003869,childhood brain stem glioma,0.5402,False
RAB4A,ENSG00000168118,MONDO_0004111,refractory hematologic cancer,0.831,False
RAB4A,ENSG00000168118,MONDO_0004180,benign urinary system neoplasm,0.5011,False
RAB4A,ENSG00000168118,MONDO_0019456,acute myeloid leukemia with multilineage dysplasia,0.6575,False
RAB4A,ENSG00000168118,MONDO_0019457,therapy related acute myeloid leukemia and myelodysplastic syndrome,0.6143,False
RAB4A,ENSG00000168118,MONDO_0020657,human papillomavirus-related squamous cell carcinoma,0.5207,False
RAB4A,ENSG00000168118,MONDO_0020690,adult glioblastoma,0.8177,False
RAB4A,ENSG00000168118,MONDO_0024327,chronic renal failure syndrome,0.8967,False
RAB4A,ENSG00000168118,MONDO_0044710,lip and oral cavity squamous cell carcinoma,0.8973,False
RAB4A,ENSG00000168118,MONDO_0044964,oral cavity mucoepidermoid carcinoma,0.8602,False
RAB4A,ENSG00000168118,MONDO_0045056,grade II meningioma,0.5207,False
RAB4A,ENSG00000168118,EFO_0000096,neoplasm of mature B-cells,0.7242,False
RAB4A,ENSG00000168118,EFO_0000330,childhood acute myeloid leukemia,0.5004,False
RAB4A,ENSG00000168118,EFO_0000616,neoplasm,0.5057,False
RAB4A,ENSG00000168118,EFO_0002426,neoplasm of mature T-cells or NK-cells,0.8961,False
RAB4A,ENSG00000168118,EFO_0003028,acute myeloblastic leukemia with maturation,0.8953,False
RAB4A,ENSG00000168118,EFO_0003060,non-small cell lung carcinoma,0.6058,False
RAB4A,ENSG00000168118,EFO_0004284,upper aerodigestive tract neoplasm,0.9481,False
RAB4A,ENSG00000168118,EFO_0009780,HER2 negative breast carcinoma,0.5265,False
RAB4A,ENSG00000168118,EFO_0009878,drug interaction,0.7867,False
RAB4A,ENSG00000168118,EFO_0020003,drug toxicity,0.9159,False
RAB4A,ENSG00000168118,EFO_1000251,Fallopian Tube Carcinoma,0.7419,False
RAB4A,ENSG00000168118,EFO_1000494,Primary Peritoneal Serous Adenocarcinoma,0.5756,False
RAB4A,ENSG00000168118,EFO_1001013,lethal midline granuloma,0.8418,False
RAB4A,ENSG00000168118,EFO_1001100,peritoneal neoplasm,0.9186,False
RAB4A,ENSG00000168118,EFO_1001110,pituitary-dependent Cushing's disease,0.7954,False
RAB4A,ENSG00000168118,EFO_1001348,HIV-Associated Lipodystrophy Syndrome,0.8088,False
RAB4A,ENSG00000168118,EFO_1001799,incomplete abortion,0.8145,False
RAB4A,ENSG00000168118,EFO_1001934,adult acute myeloid leukemia,0.5846,False
RAB4A,ENSG00000168118,EFO_1001945,childhood acute myeloid leukemia with maturation,0.6115,False
RAB4A,ENSG00000168118,EFO_1001958,high grade ovarian serous adenocarcinoma,0.9343,False
RAB4B,ENSG00000167578,MONDO_0001879,anus cancer,0.7132,False
RAB4B,ENSG00000167578,MONDO_0002995,"small intestine neuroendocrine tumor, well differentiated, low or intermediate grade",0.8924,False
RAB4B,ENSG00000167578,MONDO_0003541,adult acute lymphoblastic leukemia,0.6564,False
RAB4B,ENSG00000167578,MONDO_0004111,refractory hematologic cancer,0.8112,False
RAB4B,ENSG00000167578,MONDO_0019456,acute myeloid leukemia with multilineage dysplasia,0.6786,False
RAB4B,ENSG00000167578,MONDO_0019457,therapy related acute myeloid leukemia and myelodysplastic syndrome,0.7032,False
RAB4B,ENSG00000167578,MONDO_0020690,adult glioblastoma,0.8112,False
RAB4B,ENSG00000167578,MONDO_0024327,chronic renal failure syndrome,0.9446,False
RAB4B,ENSG00000167578,MONDO_0044710,lip and oral cavity squamous cell carcinoma,0.7968,False
RAB4B,ENSG00000167578,MONDO_0044964,oral cavity mucoepidermoid carcinoma,0.8645,False
RAB4B,ENSG00000167578,MONDO_0045056,grade II meningioma,0.5189,False
RAB4B,ENSG00000167578,EFO_0000096,neoplasm of mature B-cells,0.6851,False
RAB4B,ENSG00000167578,EFO_0000330,childhood acute myeloid leukemia,0.5993,False
RAB4B,ENSG00000167578,EFO_0002426,neoplasm of mature T-cells or NK-cells,0.8834,False
RAB4B,ENSG00000167578,EFO_0003027,acute myeloblastic leukemia without maturation,0.5278,False
RAB4B,ENSG00000167578,EFO_0003028,acute myeloblastic leukemia with maturation,0.9123,False
RAB4B,ENSG00000167578,EFO_0003060,non-small cell lung carcinoma,0.5762,False
RAB4B,ENSG00000167578,EFO_0004284,upper aerodigestive tract neoplasm,0.94,False
RAB4B,ENSG00000167578,EFO_0006861,male breast carcinoma,0.5114,False
RAB4B,ENSG00000167578,EFO_0009878,drug interaction,0.8232,False
RAB4B,ENSG00000167578,EFO_0020003,drug toxicity,0.8817,False
RAB4B,ENSG00000167578,EFO_1000251,Fallopian Tube Carcinoma,0.7083,False
RAB4B,ENSG00000167578,EFO_1000494,Primary Peritoneal Serous Adenocarcinoma,0.5897,False
RAB4B,ENSG00000167578,EFO_1001013,lethal midline granuloma,0.8466,False
RAB4B,ENSG00000167578,EFO_1001100,peritoneal neoplasm,0.8741,False
RAB4B,ENSG00000167578,EFO_1001110,pituitary-dependent Cushing's disease,0.8271,False
RAB4B,ENSG00000167578,EFO_1001348,HIV-Associated Lipodystrophy Syndrome,0.8356,False
RAB4B,ENSG00000167578,EFO_1001799,incomplete abortion,0.8609,False
RAB4B,ENSG00000167578,EFO_1001934,adult acute myeloid leukemia,0.6382,False
RAB4B,ENSG00000167578,EFO_1001945,childhood acute myeloid leukemia with maturation,0.6461,False
RAB4B,ENSG00000167578,EFO_1001958,high grade ovarian serous adenocarcinoma,0.9261,False
RAB4B,ENSG00000167578,EFO_1002001,core binding factor acute myeloid leukemia,0.6121,False
RAB5A,ENSG00000144566,MONDO_0001187,urinary bladder cancer,0.6868,False
RAB5A,ENSG00000144566,MONDO_0001879,anus cancer,0.9117,False
RAB5A,ENSG00000144566,MONDO_0002087,peritoneum cancer,0.6172,False
RAB5A,ENSG00000144566,MONDO_0002158,fallopian tube cancer,0.6482,False
RAB5A,ENSG00000144566,MONDO_0002586,thymus cancer,0.775,False
RAB5A,ENSG00000144566,MONDO_0002995,"small intestine neuroendocrine tumor, well differentiated, low or intermediate grade",0.7942,False
RAB5A,ENSG00000144566,MONDO_0003090,extrahepatic bile duct carcinoma,0.5829,False
RAB5A,ENSG00000144566,MONDO_0003478,childhood ependymoma,0.6465,False
RAB5A,ENSG00000144566,MONDO_0003541,adult acute lymphoblastic leukemia,0.7214,False
RAB5A,ENSG00000144566,MONDO_0003666,fallopian tube endometrioid adenocarcinoma,0.5071,False
RAB5A,ENSG00000144566,MONDO_0003869,childhood brain stem glioma,0.5896,False
RAB5A,ENSG00000144566,MONDO_0003874,ovarian serous surface papillary adenocarcinoma,0.6265,False
RAB5A,ENSG00000144566,MONDO_0004111,refractory hematologic cancer,0.7197,False
RAB5A,ENSG00000144566,MONDO_0004222,ovarian clear cell cystadenocarcinoma,0.7012,False
RAB5A,ENSG00000144566,MONDO_0004992,cancer,0.8254,False
RAB5A,ENSG00000144566,MONDO_0007254,breast cancer,0.7418,False
RAB5A,ENSG00000144566,MONDO_0008170,ovarian cancer,0.6135,False
RAB5A,ENSG00000144566,MONDO_0008315,prostate cancer,0.633,False
RAB5A,ENSG00000144566,MONDO_0008318,Proteus syndrome,0.7334,False
RAB5A,ENSG00000144566,MONDO_0008903,lung cancer,0.628,False
RAB5A,ENSG00000144566,MONDO_0016216,adult hepatocellular carcinoma,0.5836,False
RAB5A,ENSG00000144566,MONDO_0018521,squamous cell carcinoma of pancreas,0.6721,False
RAB5A,ENSG00000144566,MONDO_0019456,acute myeloid leukemia with multilineage dysplasia,0.7219,False
RAB5A,ENSG00000144566,MONDO_0019457,therapy related acute myeloid leukemia and myelodysplastic syndrome,0.7859,False
RAB5A,ENSG00000144566,MONDO_0020657,human papillomavirus-related squamous cell carcinoma,0.6498,False
RAB5A,ENSG00000144566,MONDO_0020690,adult glioblastoma,0.9193,False
RAB5A,ENSG00000144566,MONDO_0021074,precancerous condition,0.7867,False
RAB5A,ENSG00000144566,MONDO_0021538,verrucous carcinoma of oral cavity,0.5923,False
RAB5A,ENSG00000144566,MONDO_0024327,chronic renal failure syndrome,0.8322,False
RAB5A,ENSG00000144566,MONDO_0036501,refractory malignant neoplasm,0.6217,False
RAB5A,ENSG00000144566,MONDO_0044710,lip and oral cavity squamous cell carcinoma,0.9656,False
RAB5A,ENSG00000144566,MONDO_0044787,nasal cavity and paranasal sinus squamous cell carcinoma,0.5409,False
RAB5A,ENSG00000144566,MONDO_0044964,oral cavity mucoepidermoid carcinoma,0.9236,False
RAB5A,ENSG00000144566,MONDO_0045056,grade II meningioma,0.8316,False
RAB5A,ENSG00000144566,MONDO_0850302,intracranial meningioma,0.6061,False
RAB5A,ENSG00000144566,EFO_0000096,neoplasm of mature B-cells,0.8414,False
RAB5A,ENSG00000144566,EFO_0000196,metastatic prostate cancer,0.5493,False
RAB5A,ENSG00000144566,EFO_0000198,myelodysplastic syndrome,0.6022,False
RAB5A,ENSG00000144566,EFO_0000222,acute myeloid leukemia,0.5811,False
RAB5A,ENSG00000144566,EFO_0000304,breast adenocarcinoma,0.5217,False
RAB5A,ENSG00000144566,EFO_0000330,childhood acute myeloid leukemia,0.5601,False
RAB5A,ENSG00000144566,EFO_0000616,neoplasm,0.7963,False
RAB5A,ENSG00000144566,EFO_0000756,melanoma,0.5773,False
RAB5A,ENSG00000144566,EFO_0001378,multiple myeloma,0.5278,False
RAB5A,ENSG00000144566,EFO_0001663,prostate carcinoma,0.5209,False
RAB5A,ENSG00000144566,EFO_0002426,neoplasm of mature T-cells or NK-cells,0.8898,False
RAB5A,ENSG00000144566,EFO_0002618,pancreatic carcinoma,0.8101,False
RAB5A,ENSG00000144566,EFO_0003027,acute myeloblastic leukemia without maturation,0.5081,False
RAB5A,ENSG00000144566,EFO_0003028,acute myeloblastic leukemia with maturation,0.9336,False
RAB5A,ENSG00000144566,EFO_0003060,non-small cell lung carcinoma,0.9373,False
RAB5A,ENSG00000144566,EFO_0003869,breast neoplasm,0.6077,False
RAB5A,ENSG00000144566,EFO_0004284,upper aerodigestive tract neoplasm,0.9881,False
RAB5A,ENSG00000144566,EFO_0005537,triple-negative breast cancer,0.5583,False
RAB5A,ENSG00000144566,EFO_0006861,male breast carcinoma,0.7286,False
RAB5A,ENSG00000144566,EFO_0007532,uterine corpus cancer,0.5545,False
RAB5A,ENSG00000144566,EFO_0009780,HER2 negative breast carcinoma,0.6507,False
RAB5A,ENSG00000144566,EFO_0009878,drug interaction,0.8573,False
RAB5A,ENSG00000144566,EFO_0020003,drug toxicity,0.8447,False
RAB5A,ENSG00000144566,EFO_1000251,Fallopian Tube Carcinoma,0.6801,False
RAB5A,ENSG00000144566,EFO_1000419,Ovarian Germ Cell Tumor,0.6155,False
RAB5A,ENSG00000144566,EFO_1000494,Primary Peritoneal Serous Adenocarcinoma,0.5967,False
RAB5A,ENSG00000144566,EFO_1000616,Uveal Melanoma,0.6224,False
RAB5A,ENSG00000144566,EFO_1001013,lethal midline granuloma,0.9237,False
RAB5A,ENSG00000144566,EFO_1001100,peritoneal neoplasm,0.901,False
RAB5A,ENSG00000144566,EFO_1001110,pituitary-dependent Cushing's disease,0.8786,False
RAB5A,ENSG00000144566,EFO_1001348,HIV-Associated Lipodystrophy Syndrome,0.9121,False
RAB5A,ENSG00000144566,EFO_1001799,incomplete abortion,0.6988,False
RAB5A,ENSG00000144566,EFO_1001934,adult acute myeloid leukemia,0.6677,False
RAB5A,ENSG00000144566,EFO_1001945,childhood acute myeloid leukemia with maturation,0.6364,False
RAB5A,ENSG00000144566,EFO_1001958,high grade ovarian serous adenocarcinoma,0.981,False
RAB5A,ENSG00000144566,EFO_1001963,ovarian mucinous cystadenocarcinoma,0.5055,False
RAB5A,ENSG00000144566,EFO_1002001,core binding factor acute myeloid leukemia,0.7172,False
RAB5A,ENSG00000144566,Orphanet_145,Hereditary breast and ovarian cancer syndrome,0.603,False
RAB5B,ENSG00000111540,MONDO_0000544,mucosal melanoma,0.6147,False
RAB5B,ENSG00000111540,MONDO_0001056,gastric cancer,0.6565,False
RAB5B,ENSG00000111540,MONDO_0001187,urinary bladder cancer,0.8628,False
RAB5B,ENSG00000111540,MONDO_0001340,heart cancer,0.5193,False
RAB5B,ENSG00000111540,MONDO_0001402,vaginal cancer,0.6205,False
RAB5B,ENSG00000111540,MONDO_0001852,small intestine lymphoma,0.836,False
RAB5B,ENSG00000111540,MONDO_0001879,anus cancer,0.9838,False
RAB5B,ENSG00000111540,MONDO_0002087,peritoneum cancer,0.9024,False
RAB5B,ENSG00000111540,MONDO_0002158,fallopian tube cancer,0.9042,False
RAB5B,ENSG00000111540,MONDO_0002225,ovarian sarcoma,0.7124,False
RAB5B,ENSG00000111540,MONDO_0002543,adult oligodendroglioma,0.5258,False
RAB5B,ENSG00000111540,MONDO_0002586,thymus cancer,0.9559,False
RAB5B,ENSG00000111540,MONDO_0002744,fallopian tube mucinous adenocarcinoma,0.5904,False
RAB5B,ENSG00000111540,MONDO_0002833,fallopian tube transitional cell carcinoma,0.7684,False
RAB5B,ENSG00000111540,MONDO_0002974,cervical cancer,0.6121,False
RAB5B,ENSG00000111540,MONDO_0002995,"small intestine neuroendocrine tumor, well differentiated, low or intermediate grade",0.9439,False
RAB5B,ENSG00000111540,MONDO_0003033,prostate angiosarcoma,0.7537,False
RAB5B,ENSG00000111540,MONDO_0003059,bile duct cancer,0.6842,False
RAB5B,ENSG00000111540,MONDO_0003060,biliary tract cancer,0.6043,False
RAB5B,ENSG00000111540,MONDO_0003090,extrahepatic bile duct carcinoma,0.8909,False
RAB5B,ENSG00000111540,MONDO_0003153,adult brainstem glioma,0.5385,False
RAB5B,ENSG00000111540,MONDO_0003196,appendix carcinoma,0.6147,False
RAB5B,ENSG00000111540,MONDO_0003212,nasal cavity carcinoma,0.5627,False
RAB5B,ENSG00000111540,MONDO_0003268,mixed glioma,0.7624,False
RAB5B,ENSG00000111540,MONDO_0003383,fallopian tube clear cell adenocarcinoma,0.7245,False
RAB5B,ENSG00000111540,MONDO_0003478,childhood ependymoma,0.89,False
RAB5B,ENSG00000111540,MONDO_0003503,fallopian tube squamous cell carcinoma,0.7931,False
RAB5B,ENSG00000111540,MONDO_0003541,adult acute lymphoblastic leukemia,0.9571,False
RAB5B,ENSG00000111540,MONDO_0003659,pediatric lymphoma,0.7583,False
RAB5B,ENSG00000111540,MONDO_0003660,adult lymphoma,0.8668,False
RAB5B,ENSG00000111540,MONDO_0003666,fallopian tube endometrioid adenocarcinoma,0.776,False
RAB5B,ENSG00000111540,MONDO_0003692,adult malignant mesenchymoma,0.7292,False
RAB5B,ENSG00000111540,MONDO_0003856,adult malignant hemangiopericytoma,0.7323,False
RAB5B,ENSG00000111540,MONDO_0003869,childhood brain stem glioma,0.7527,False
RAB5B,ENSG00000111540,MONDO_0003874,ovarian serous surface papillary adenocarcinoma,0.9237,False
RAB5B,ENSG00000111540,MONDO_0003890,infiltrating bladder urothelial carcinoma,0.6349,False
RAB5B,ENSG00000111540,MONDO_0003936,invasive tubular breast carcinoma,0.5778,False
RAB5B,ENSG00000111540,MONDO_0003950,nipple carcinoma,0.6323,False
RAB5B,ENSG00000111540,MONDO_0003982,bilateral breast carcinoma,0.6226,False
RAB5B,ENSG00000111540,MONDO_0004064,iris melanoma,0.8295,False
RAB5B,ENSG00000111540,MONDO_0004111,refractory hematologic cancer,0.8583,False
RAB5B,ENSG00000111540,MONDO_0004180,benign urinary system neoplasm,0.8293,False
RAB5B,ENSG00000111540,MONDO_0004192,urethra cancer,0.6272,False
RAB5B,ENSG00000111540,MONDO_0004222,ovarian clear cell cystadenocarcinoma,0.9406,False
RAB5B,ENSG00000111540,MONDO_0004374,adult extraskeletal osteosarcoma,0.5549,False
RAB5B,ENSG00000111540,MONDO_0004658,breast carcinoma in situ,0.6697,False
RAB5B,ENSG00000111540,MONDO_0004992,cancer,0.8935,False
RAB5B,ENSG00000111540,MONDO_0005411,gallbladder cancer,0.7351,False
RAB5B,ENSG00000111540,MONDO_0007254,breast cancer,0.9113,False
RAB5B,ENSG00000111540,MONDO_0008170,ovarian cancer,0.7567,False
RAB5B,ENSG00000111540,MONDO_0008315,prostate cancer,0.9564,False
RAB5B,ENSG00000111540,MONDO_0008318,Proteus syndrome,0.9658,False
RAB5B,ENSG00000111540,MONDO_0008903,lung cancer,0.7474,False
RAB5B,ENSG00000111540,MONDO_0011962,endometrial cancer,0.668,False
RAB5B,ENSG00000111540,MONDO_0015686,primary peritoneal carcinoma,0.6231,False
RAB5B,ENSG00000111540,MONDO_0016216,adult hepatocellular carcinoma,0.947,False
RAB5B,ENSG00000111540,MONDO_0017346,Epstein-Barr virus-positive diffuse large B-cell lymphoma of the elderly,0.7609,False
RAB5B,ENSG00000111540,MONDO_0018521,squamous cell carcinoma of pancreas,0.9063,False
RAB5B,ENSG00000111540,MONDO_0019456,acute myeloid leukemia with multilineage dysplasia,0.8641,False
RAB5B,ENSG00000111540,MONDO_0019457,therapy related acute myeloid leukemia and myelodysplastic syndrome,0.951,False
RAB5B,ENSG00000111540,MONDO_0019460,acute leukemia of ambiguous lineage,0.6773,False
RAB5B,ENSG00000111540,MONDO_0020077,myelodysplastic/myeloproliferative disease,0.7641,False
RAB5B,ENSG00000111540,MONDO_0020541,maligant granulosa cell tumor of ovary,0.6681,False
RAB5B,ENSG00000111540,MONDO_0020656,human papillomavirus-related penile squamous cell carcinoma,0.5786,False
RAB5B,ENSG00000111540,MONDO_0020657,human papillomavirus-related squamous cell carcinoma,0.9422,False
RAB5B,ENSG00000111540,MONDO_0020690,adult glioblastoma,0.9635,False
RAB5B,ENSG00000111540,MONDO_0020743,mixed phenotype acute leukemia,0.6129,False
RAB5B,ENSG00000111540,MONDO_0021063,malignant colon neoplasm,0.8952,False
RAB5B,ENSG00000111540,MONDO_0021074,precancerous condition,0.8085,False
RAB5B,ENSG00000111540,MONDO_0021115,luminal B breast carcinoma,0.7706,False
RAB5B,ENSG00000111540,MONDO_0021321,malignant tumor of extrahepatic bile duct,0.6214,False
RAB5B,ENSG00000111540,MONDO_0021535,pancreatic neuroendocrine tumor G1,0.6848,False
RAB5B,ENSG00000111540,MONDO_0021538,verrucous carcinoma of oral cavity,0.6809,False
RAB5B,ENSG00000111540,MONDO_0024327,chronic renal failure syndrome,0.8357,False
RAB5B,ENSG00000111540,MONDO_0036501,refractory malignant neoplasm,0.8542,False
RAB5B,ENSG00000111540,MONDO_0040678,infiltrating urothelial carcinoma,0.8918,False
RAB5B,ENSG00000111540,MONDO_0044710,lip and oral cavity squamous cell carcinoma,0.9682,False
RAB5B,ENSG00000111540,MONDO_0044787,nasal cavity and paranasal sinus squamous cell carcinoma,0.9092,False
RAB5B,ENSG00000111540,MONDO_0044887,central nervous system non-hodgkin lymphoma,0.7026,False
RAB5B,ENSG00000111540,MONDO_0044889,high grade B-cell lymphoma,0.5449,False
RAB5B,ENSG00000111540,MONDO_0044903,myelofibrosis,0.5418,False
RAB5B,ENSG00000111540,MONDO_0044964,oral cavity mucoepidermoid carcinoma,0.973,False
RAB5B,ENSG00000111540,MONDO_0045056,grade II meningioma,0.9361,False
RAB5B,ENSG00000111540,MONDO_0850302,intracranial meningioma,0.7082,False
RAB5B,ENSG00000111540,EFO_0000095,chronic lymphocytic leukemia,0.6599,False
RAB5B,ENSG00000111540,EFO_0000096,neoplasm of mature B-cells,0.9563,False
RAB5B,ENSG00000111540,EFO_0000181,head and neck squamous cell carcinoma,0.5614,False
RAB5B,ENSG00000111540,EFO_0000196,metastatic prostate cancer,0.8498,False
RAB5B,ENSG00000111540,EFO_0000198,myelodysplastic syndrome,0.7241,False
RAB5B,ENSG00000111540,EFO_0000221,acute monocytic leukemia,0.7094,False
RAB5B,ENSG00000111540,EFO_0000222,acute myeloid leukemia,0.6905,False
RAB5B,ENSG00000111540,EFO_0000233,adenosquamous lung carcinoma,0.8665,False
RAB5B,ENSG00000111540,EFO_0000304,breast adenocarcinoma,0.8875,False
RAB5B,ENSG00000111540,EFO_0000305,breast carcinoma,0.6353,False
RAB5B,ENSG00000111540,EFO_0000308,bronchoalveolar adenocarcinoma,0.7673,False
RAB5B,ENSG00000111540,EFO_0000330,childhood acute myeloid leukemia,0.812,False
RAB5B,ENSG00000111540,EFO_0000403,diffuse large B-cell lymphoma,0.7198,False
RAB5B,ENSG00000111540,EFO_0000503,gastric adenocarcinoma,0.6988,False
RAB5B,ENSG00000111540,EFO_0000565,leukemia,0.5308,False
RAB5B,ENSG00000111540,EFO_0000574,lymphoma,0.7447,False
RAB5B,ENSG00000111540,EFO_0000616,neoplasm,0.9364,False
RAB5B,ENSG00000111540,EFO_0000673,prostate adenocarcinoma,0.7937,False
RAB5B,ENSG00000111540,EFO_0000702,small cell lung carcinoma,0.6308,False
RAB5B,ENSG00000111540,EFO_0000756,melanoma,0.8557,False
RAB5B,ENSG00000111540,EFO_0001075,ovarian carcinoma,0.621,False
RAB5B,ENSG00000111540,EFO_0001378,multiple myeloma,0.7874,False
RAB5B,ENSG00000111540,EFO_0001642,lymphoid neoplasm,0.823,False
RAB5B,ENSG00000111540,EFO_0001663,prostate carcinoma,0.8508,False
RAB5B,ENSG00000111540,EFO_0002426,neoplasm of mature T-cells or NK-cells,0.9614,False
RAB5B,ENSG00000111540,EFO_0002617,metastatic melanoma,0.5006,False
RAB5B,ENSG00000111540,EFO_0002618,pancreatic carcinoma,0.9403,False
RAB5B,ENSG00000111540,EFO_0003026,minimally differentiated acute myeloblastic leukemia,0.6675,False
RAB5B,ENSG00000111540,EFO_0003027,acute myeloblastic leukemia without maturation,0.9013,False
RAB5B,ENSG00000111540,EFO_0003028,acute myeloblastic leukemia with maturation,0.9845,False
RAB5B,ENSG00000111540,EFO_0003050,large cell lung carcinoma,0.73,False
RAB5B,ENSG00000111540,EFO_0003060,non-small cell lung carcinoma,0.9785,False
RAB5B,ENSG00000111540,EFO_0003859,uterine neoplasm,0.7727,False
RAB5B,ENSG00000111540,EFO_0003863,urogenital neoplasm,0.6312,False
RAB5B,ENSG00000111540,EFO_0003869,breast neoplasm,0.8659,False
RAB5B,ENSG00000111540,EFO_0003876,intermittent vascular claudication,0.5934,False
RAB5B,ENSG00000111540,EFO_0003891,biliary tract neoplasm,0.8518,False
RAB5B,ENSG00000111540,EFO_0004252,nasopharyngeal neoplasm,0.7744,False
RAB5B,ENSG00000111540,EFO_0004284,upper aerodigestive tract neoplasm,0.9876,False
RAB5B,ENSG00000111540,EFO_0004289,lymphoid leukemia,0.8553,False
RAB5B,ENSG00000111540,EFO_0004599,acute graft vs. host disease,0.5126,False
RAB5B,ENSG00000111540,EFO_0004606,gallbladder neoplasm,0.7335,False
RAB5B,ENSG00000111540,EFO_0005537,triple-negative breast cancer,0.9267,False
RAB5B,ENSG00000111540,EFO_0005540,bile duct carcinoma,0.7314,False
RAB5B,ENSG00000111540,EFO_0006732,pancreatic adenosquamous carcinoma,0.6613,False
RAB5B,ENSG00000111540,EFO_0006861,male breast carcinoma,0.9744,False
RAB5B,ENSG00000111540,EFO_0007532,uterine corpus cancer,0.9066,False
RAB5B,ENSG00000111540,EFO_0007535,verrucous carcinoma,0.5265,False
RAB5B,ENSG00000111540,EFO_0009443,BRCAX breast cancer,0.8403,False
RAB5B,ENSG00000111540,EFO_0009780,HER2 negative breast carcinoma,0.9485,False
RAB5B,ENSG00000111540,EFO_0009878,drug interaction,0.9334,False
RAB5B,ENSG00000111540,EFO_0010580,blastic plasmacytoid dendritic cell neoplasm,0.5879,False
RAB5B,ENSG00000111540,EFO_0010832,primary central chondrosarcoma,0.6746,False
RAB5B,ENSG00000111540,EFO_0020003,drug toxicity,0.8371,False
RAB5B,ENSG00000111540,EFO_1000044,pancreatic adenocarcinoma,0.8397,False
RAB5B,ENSG00000111540,EFO_1000131,"Blast Phase Chronic Myelogenous Leukemia, BCR-ABL1 Positive",0.8975,False
RAB5B,ENSG00000111540,EFO_1000238,Endometrial Serous Adenocarcinoma,0.5014,False
RAB5B,ENSG00000111540,EFO_1000251,Fallopian Tube Carcinoma,0.8947,False
RAB5B,ENSG00000111540,EFO_1000253,Fallopian Tube Serous Adenocarcinoma,0.6655,False
RAB5B,ENSG00000111540,EFO_1000294,HER2 Positive Breast Carcinoma,0.6908,False
RAB5B,ENSG00000111540,EFO_1000357,Malignant Ovarian Brenner Tumor,0.6784,False
RAB5B,ENSG00000111540,EFO_1000412,Ovarian Carcinosarcoma,0.6604,False
RAB5B,ENSG00000111540,EFO_1000419,Ovarian Germ Cell Tumor,0.9103,False
RAB5B,ENSG00000111540,EFO_1000494,Primary Peritoneal Serous Adenocarcinoma,0.8488,False
RAB5B,ENSG00000111540,EFO_1000616,Uveal Melanoma,0.9198,False
RAB5B,ENSG00000111540,EFO_1000649,estrogen-receptor positive breast cancer,0.7574,False
RAB5B,ENSG00000111540,EFO_1000657,rectum cancer,0.7353,False
RAB5B,ENSG00000111540,EFO_1001013,lethal midline granuloma,0.968,False
RAB5B,ENSG00000111540,EFO_1001100,peritoneal neoplasm,0.972,False
RAB5B,ENSG00000111540,EFO_1001110,pituitary-dependent Cushing's disease,0.9389,False
RAB5B,ENSG00000111540,EFO_1001257,acute erythroblastic leukemia,0.8713,False
RAB5B,ENSG00000111540,EFO_1001348,HIV-Associated Lipodystrophy Syndrome,0.961,False
RAB5B,ENSG00000111540,EFO_1001465,gliosarcoma,0.5751,False
RAB5B,ENSG00000111540,EFO_1001480,metastatic colorectal cancer,0.5528,False
RAB5B,ENSG00000111540,EFO_1001799,incomplete abortion,0.6828,False
RAB5B,ENSG00000111540,EFO_1001830,precursor T-cell lymphoblastic leukemia-lymphoma,0.7884,False
RAB5B,ENSG00000111540,EFO_1001932,adult acute megakaryoblastic leukemia,0.7869,False
RAB5B,ENSG00000111540,EFO_1001933,adult acute monocytic leukemia,0.8754,False
RAB5B,ENSG00000111540,EFO_1001934,adult acute myeloid leukemia,0.9288,False
RAB5B,ENSG00000111540,EFO_1001935,adult B acute lymphoblastic leukemia,0.7931,False
RAB5B,ENSG00000111540,EFO_1001936,adult T acute lymphoblastic leukemia,0.5709,False
RAB5B,ENSG00000111540,EFO_1001945,childhood acute myeloid leukemia with maturation,0.9221,False
RAB5B,ENSG00000111540,EFO_1001946,childhood B acute lymphoblastic leukemia,0.7485,False
RAB5B,ENSG00000111540,EFO_1001947,childhood T acute lymphoblastic leukemia,0.6942,False
RAB5B,ENSG00000111540,EFO_1001952,endometrial adenosquamous carcinoma,0.8601,False
RAB5B,ENSG00000111540,EFO_1001953,"endometrial endometrioid adenocarcinoma, variant with squamous differentiation",0.5973,False
RAB5B,ENSG00000111540,EFO_1001958,high grade ovarian serous adenocarcinoma,0.9944,False
RAB5B,ENSG00000111540,EFO_1001959,hilar cholangiocarcinoma,0.5135,False
RAB5B,ENSG00000111540,EFO_1001963,ovarian mucinous cystadenocarcinoma,0.7986,False
RAB5B,ENSG00000111540,EFO_1001973,ureter urothelial carcinoma,0.5722,False
RAB5B,ENSG00000111540,EFO_1002001,core binding factor acute myeloid leukemia,0.9422,False
RAB5B,ENSG00000111540,EFO_1002015,HPV-associated cervical carcinoma,0.5304,False
RAB5B,ENSG00000111540,Orphanet_145,Hereditary breast and ovarian cancer syndrome,0.9354,False
RAB5B,ENSG00000111540,Orphanet_273,Steinert myotonic dystrophy,0.507,False
RAB5B,ENSG00000111540,Orphanet_325690,Genetic disorder of sex development,0.6245,False
RAB5C,ENSG00000108774,MONDO_0000544,mucosal melanoma,0.7786,False
RAB5C,ENSG00000108774,MONDO_0000645,fallopian tube benign neoplasm,0.6414,False
RAB5C,ENSG00000108774,MONDO_0001016,epididymis cancer,0.7575,False
RAB5C,ENSG00000108774,MONDO_0001056,gastric cancer,0.8524,False
RAB5C,ENSG00000108774,MONDO_0001128,nasal cavity cancer,0.601,False
RAB5C,ENSG00000108774,MONDO_0001187,urinary bladder cancer,0.9484,False
RAB5C,ENSG00000108774,MONDO_0001322,pericardium cancer,0.5968,False
RAB5C,ENSG00000108774,MONDO_0001325,penile cancer,0.6044,False
RAB5C,ENSG00000108774,MONDO_0001340,heart cancer,0.7603,False
RAB5C,ENSG00000108774,MONDO_0001402,vaginal cancer,0.8209,False
RAB5C,ENSG00000108774,MONDO_0001763,ethmoid sinus cancer,0.5754,False
RAB5C,ENSG00000108774,MONDO_0001852,small intestine lymphoma,0.9303,False
RAB5C,ENSG00000108774,MONDO_0001879,anus cancer,0.9941,False
RAB5C,ENSG00000108774,MONDO_0001991,malignant cardiac germ cell tumor,0.5586,False
RAB5C,ENSG00000108774,MONDO_0002073,malignant pineal area germ cell neoplasm,0.7299,False
RAB5C,ENSG00000108774,MONDO_0002087,peritoneum cancer,0.9663,False
RAB5C,ENSG00000108774,MONDO_0002100,cardiovascular cancer,0.5272,False
RAB5C,ENSG00000108774,MONDO_0002158,fallopian tube cancer,0.9654,False
RAB5C,ENSG00000108774,MONDO_0002178,placenta cancer,0.5038,False
RAB5C,ENSG00000108774,MONDO_0002225,ovarian sarcoma,0.849,False
RAB5C,ENSG00000108774,MONDO_0002434,oculomotor nerve cancer,0.5802,False
RAB5C,ENSG00000108774,MONDO_0002482,nipple neoplasm,0.7021,False
RAB5C,ENSG00000108774,MONDO_0002543,adult oligodendroglioma,0.8042,False
RAB5C,ENSG00000108774,MONDO_0002586,thymus cancer,0.9817,False
RAB5C,ENSG00000108774,MONDO_0002683,adult choroid plexus neoplasm,0.7429,False
RAB5C,ENSG00000108774,MONDO_0002716,childhood spinal cord tumor,0.5978,False
RAB5C,ENSG00000108774,MONDO_0002744,fallopian tube mucinous adenocarcinoma,0.8158,False
RAB5C,ENSG00000108774,MONDO_0002786,diencephalic cancer,0.6568,False
RAB5C,ENSG00000108774,MONDO_0002794,adult medulloblastoma,0.6517,False
RAB5C,ENSG00000108774,MONDO_0002833,fallopian tube transitional cell carcinoma,0.8929,False
RAB5C,ENSG00000108774,MONDO_0002912,brainstem cancer,0.633,False
RAB5C,ENSG00000108774,MONDO_0002914,childhood brain stem neoplasm,0.7022,False
RAB5C,ENSG00000108774,MONDO_0002974,cervical cancer,0.7902,False
RAB5C,ENSG00000108774,MONDO_0002995,"small intestine neuroendocrine tumor, well differentiated, low or intermediate grade",0.9367,False
RAB5C,ENSG00000108774,MONDO_0003022,pediatric angiosarcoma,0.6335,False
RAB5C,ENSG00000108774,MONDO_0003029,skin angiosarcoma,0.6295,False
RAB5C,ENSG00000108774,MONDO_0003033,prostate angiosarcoma,0.9018,False
RAB5C,ENSG00000108774,MONDO_0003059,bile duct cancer,0.7329,False
RAB5C,ENSG00000108774,MONDO_0003060,biliary tract cancer,0.7638,False
RAB5C,ENSG00000108774,MONDO_0003087,mucoepidermoid breast carcinoma,0.6382,False
RAB5C,ENSG00000108774,MONDO_0003089,extrahepatic bile duct mucoepidermoid carcinoma,0.6626,False
RAB5C,ENSG00000108774,MONDO_0003090,extrahepatic bile duct carcinoma,0.9135,False
RAB5C,ENSG00000108774,MONDO_0003104,epicardium cancer,0.5818,False
RAB5C,ENSG00000108774,MONDO_0003153,adult brainstem glioma,0.8056,False
RAB5C,ENSG00000108774,MONDO_0003196,appendix carcinoma,0.7357,False
RAB5C,ENSG00000108774,MONDO_0003212,nasal cavity carcinoma,0.8143,False
RAB5C,ENSG00000108774,MONDO_0003216,ureter adenocarcinoma,0.5051,False
RAB5C,ENSG00000108774,MONDO_0003219,gastroesophageal junction adenocarcinoma,0.6863,False
RAB5C,ENSG00000108774,MONDO_0003248,adult pineal parenchymal tumor,0.6743,False
RAB5C,ENSG00000108774,MONDO_0003249,pineal gland cancer,0.6338,False
RAB5C,ENSG00000108774,MONDO_0003268,mixed glioma,0.8802,False
RAB5C,ENSG00000108774,MONDO_0003383,fallopian tube clear cell adenocarcinoma,0.8539,False
RAB5C,ENSG00000108774,MONDO_0003392,fallopian tube germ cell tumor,0.6038,False
RAB5C,ENSG00000108774,MONDO_0003404,adult yolk sac tumor,0.591,False
RAB5C,ENSG00000108774,MONDO_0003478,childhood ependymoma,0.9678,False
RAB5C,ENSG00000108774,MONDO_0003503,fallopian tube squamous cell carcinoma,0.9211,False
RAB5C,ENSG00000108774,MONDO_0003535,fallopian tube papillary adenocarcinoma,0.5428,False
RAB5C,ENSG00000108774,MONDO_0003541,adult acute lymphoblastic leukemia,0.9792,False
RAB5C,ENSG00000108774,MONDO_0003558,adenosquamous prostate carcinoma,0.6995,False
RAB5C,ENSG00000108774,MONDO_0003572,nasopharyngeal type undifferentiated carcinoma,0.7246,False
RAB5C,ENSG00000108774,MONDO_0003585,adult liposarcoma,0.723,False
RAB5C,ENSG00000108774,MONDO_0003659,pediatric lymphoma,0.8745,False
RAB5C,ENSG00000108774,MONDO_0003660,adult lymphoma,0.9433,False
RAB5C,ENSG00000108774,MONDO_0003666,fallopian tube endometrioid adenocarcinoma,0.8712,False
RAB5C,ENSG00000108774,MONDO_0003692,adult malignant mesenchymoma,0.9116,False
RAB5C,ENSG00000108774,MONDO_0003751,childhood germ cell tumor,0.6825,False
RAB5C,ENSG00000108774,MONDO_0003766,thalamic cancer,0.737,False
RAB5C,ENSG00000108774,MONDO_0003856,adult malignant hemangiopericytoma,0.9098,False
RAB5C,ENSG00000108774,MONDO_0003869,childhood brain stem glioma,0.8619,False
RAB5C,ENSG00000108774,MONDO_0003874,ovarian serous surface papillary adenocarcinoma,0.9713,False
RAB5C,ENSG00000108774,MONDO_0003890,infiltrating bladder urothelial carcinoma,0.7527,False
RAB5C,ENSG00000108774,MONDO_0003936,invasive tubular breast carcinoma,0.8048,False
RAB5C,ENSG00000108774,MONDO_0003950,nipple carcinoma,0.8594,False
RAB5C,ENSG00000108774,MONDO_0003982,bilateral breast carcinoma,0.8508,False
RAB5C,ENSG00000108774,MONDO_0004064,iris melanoma,0.9414,False
RAB5C,ENSG00000108774,MONDO_0004110,refractory hairy cell leukemia,0.7167,False
RAB5C,ENSG00000108774,MONDO_0004111,refractory hematologic cancer,0.8591,False
RAB5C,ENSG00000108774,MONDO_0004180,benign urinary system neoplasm,0.8678,False
RAB5C,ENSG00000108774,MONDO_0004192,urethra cancer,0.8502,False
RAB5C,ENSG00000108774,MONDO_0004197,male urethral cancer,0.5372,False
RAB5C,ENSG00000108774,MONDO_0004222,ovarian clear cell cystadenocarcinoma,0.9735,False
RAB5C,ENSG00000108774,MONDO_0004374,adult extraskeletal osteosarcoma,0.817,False
RAB5C,ENSG00000108774,MONDO_0004489,fallopian tube gestational choriocarcinoma,0.5181,False
RAB5C,ENSG00000108774,MONDO_0004545,adult malignant schwannoma,0.5952,False
RAB5C,ENSG00000108774,MONDO_0004658,breast carcinoma in situ,0.8428,False
RAB5C,ENSG00000108774,MONDO_0004667,sublingual gland cancer,0.526,False
RAB5C,ENSG00000108774,MONDO_0004669,salivary gland cancer,0.615,False
RAB5C,ENSG00000108774,MONDO_0004992,cancer,0.9459,False
RAB5C,ENSG00000108774,MONDO_0005411,gallbladder cancer,0.8355,False
RAB5C,ENSG00000108774,MONDO_0007254,breast cancer,0.9634,False
RAB5C,ENSG00000108774,MONDO_0008170,ovarian cancer,0.8868,False
RAB5C,ENSG00000108774,MONDO_0008315,prostate cancer,0.9811,False
RAB5C,ENSG00000108774,MONDO_0008318,Proteus syndrome,0.981,False
RAB5C,ENSG00000108774,MONDO_0008627,ureter cancer,0.5342,False
RAB5C,ENSG00000108774,MONDO_0008903,lung cancer,0.8415,False
RAB5C,ENSG00000108774,MONDO_0008978,chordoma,0.7947,False
RAB5C,ENSG00000108774,MONDO_0011962,endometrial cancer,0.7591,False
RAB5C,ENSG00000108774,MONDO_0015686,primary peritoneal carcinoma,0.8485,False
RAB5C,ENSG00000108774,MONDO_0016216,adult hepatocellular carcinoma,0.9846,False
RAB5C,ENSG00000108774,MONDO_0016586,systemic mastocytosis,0.5785,False
RAB5C,ENSG00000108774,MONDO_0017346,Epstein-Barr virus-positive diffuse large B-cell lymphoma of the elderly,0.8467,False
RAB5C,ENSG00000108774,MONDO_0018364,malignant epithelial tumor of ovary,0.7471,False
RAB5C,ENSG00000108774,MONDO_0018521,squamous cell carcinoma of pancreas,0.9627,False
RAB5C,ENSG00000108774,MONDO_0019456,acute myeloid leukemia with multilineage dysplasia,0.9192,False
RAB5C,ENSG00000108774,MONDO_0019457,therapy related acute myeloid leukemia and myelodysplastic syndrome,0.9741,False
RAB5C,ENSG00000108774,MONDO_0019460,acute leukemia of ambiguous lineage,0.8167,False
RAB5C,ENSG00000108774,MONDO_0019465,nodal marginal zone B-cell lymphoma,0.5527,False
RAB5C,ENSG00000108774,MONDO_0020077,myelodysplastic/myeloproliferative disease,0.8672,False
RAB5C,ENSG00000108774,MONDO_0020541,maligant granulosa cell tumor of ovary,0.8181,False
RAB5C,ENSG00000108774,MONDO_0020656,human papillomavirus-related penile squamous cell carcinoma,0.8432,False
RAB5C,ENSG00000108774,MONDO_0020657,human papillomavirus-related squamous cell carcinoma,0.9819,False
RAB5C,ENSG00000108774,MONDO_0020690,adult glioblastoma,0.9852,False
RAB5C,ENSG00000108774,MONDO_0020743,mixed phenotype acute leukemia,0.7503,False
RAB5C,ENSG00000108774,MONDO_0021038,Ewing sarcoma/peripheral primitive neuroectodermal tumor,0.6608,False
RAB5C,ENSG00000108774,MONDO_0021063,malignant colon neoplasm,0.9665,False
RAB5C,ENSG00000108774,MONDO_0021074,precancerous condition,0.9188,False
RAB5C,ENSG00000108774,MONDO_0021092,fallopian tube neoplasm,0.5711,False
RAB5C,ENSG00000108774,MONDO_0021115,luminal B breast carcinoma,0.8653,False
RAB5C,ENSG00000108774,MONDO_0021310,malignant tumor of neck,0.5652,False
RAB5C,ENSG00000108774,MONDO_0021321,malignant tumor of extrahepatic bile duct,0.7911,False
RAB5C,ENSG00000108774,MONDO_0021535,pancreatic neuroendocrine tumor G1,0.8078,False
RAB5C,ENSG00000108774,MONDO_0021538,verrucous carcinoma of oral cavity,0.8783,False
RAB5C,ENSG00000108774,MONDO_0021576,fallopian tube endometrioid tumor,0.6349,False
RAB5C,ENSG00000108774,MONDO_0021639,grade II glioma,0.6843,False
RAB5C,ENSG00000108774,MONDO_0024327,chronic renal failure syndrome,0.8119,False
RAB5C,ENSG00000108774,MONDO_0024797,adult brain stem neoplasm,0.7383,False
RAB5C,ENSG00000108774,MONDO_0036501,refractory malignant neoplasm,0.9428,False
RAB5C,ENSG00000108774,MONDO_0040676,great vessel cancer,0.5538,False
RAB5C,ENSG00000108774,MONDO_0040678,infiltrating urothelial carcinoma,0.9583,False
RAB5C,ENSG00000108774,MONDO_0044334,connective and soft tissue neoplasm,0.6961,False
RAB5C,ENSG00000108774,MONDO_0044710,lip and oral cavity squamous cell carcinoma,0.9874,False
RAB5C,ENSG00000108774,MONDO_0044787,nasal cavity and paranasal sinus squamous cell carcinoma,0.9688,False
RAB5C,ENSG00000108774,MONDO_0044887,central nervous system non-hodgkin lymphoma,0.8489,False
RAB5C,ENSG00000108774,MONDO_0044889,high grade B-cell lymphoma,0.5471,False
RAB5C,ENSG00000108774,MONDO_0044903,myelofibrosis,0.5458,False
RAB5C,ENSG00000108774,MONDO_0044907,metastatic squamous cell carcinoma,0.6398,False
RAB5C,ENSG00000108774,MONDO_0044964,oral cavity mucoepidermoid carcinoma,0.9888,False
RAB5C,ENSG00000108774,MONDO_0045056,grade II meningioma,0.9676,False
RAB5C,ENSG00000108774,MONDO_0100342,malignant glioma,0.721,False
RAB5C,ENSG00000108774,MONDO_0850302,intracranial meningioma,0.7876,False
RAB5C,ENSG00000108774,EFO_0000095,chronic lymphocytic leukemia,0.6356,False
RAB5C,ENSG00000108774,EFO_0000096,neoplasm of mature B-cells,0.9474,False
RAB5C,ENSG00000108774,EFO_0000181,head and neck squamous cell carcinoma,0.7396,False
RAB5C,ENSG00000108774,EFO_0000182,hepatocellular carcinoma,0.6597,False
RAB5C,ENSG00000108774,EFO_0000196,metastatic prostate cancer,0.9463,False
RAB5C,ENSG00000108774,EFO_0000198,myelodysplastic syndrome,0.8596,False
RAB5C,ENSG00000108774,EFO_0000211,unspecified peripheral T-cell lymphoma,0.5835,False
RAB5C,ENSG00000108774,EFO_0000220,acute lymphoblastic leukemia,0.6249,False
RAB5C,ENSG00000108774,EFO_0000221,acute monocytic leukemia,0.8314,False
RAB5C,ENSG00000108774,EFO_0000222,acute myeloid leukemia,0.8144,False
RAB5C,ENSG00000108774,EFO_0000223,acute myelomonocytic leukemia,0.5517,False
RAB5C,ENSG00000108774,EFO_0000228,adenocarcinoma,0.564,False
RAB5C,ENSG00000108774,EFO_0000233,adenosquamous lung carcinoma,0.9352,False
RAB5C,ENSG00000108774,EFO_0000304,breast adenocarcinoma,0.928,False
RAB5C,ENSG00000108774,EFO_0000305,breast carcinoma,0.8357,False
RAB5C,ENSG00000108774,EFO_0000308,bronchoalveolar adenocarcinoma,0.8777,False
RAB5C,ENSG00000108774,EFO_0000330,childhood acute myeloid leukemia,0.8979,False
RAB5C,ENSG00000108774,EFO_0000403,diffuse large B-cell lymphoma,0.7121,False
RAB5C,ENSG00000108774,EFO_0000466,endometrioid carcinoma,0.5358,False
RAB5C,ENSG00000108774,EFO_0000503,gastric adenocarcinoma,0.8096,False
RAB5C,ENSG00000108774,EFO_0000519,glioblastoma multiforme,0.5217,False
RAB5C,ENSG00000108774,EFO_0000559,keratinizing squamous cell carcinoma,0.6296,False
RAB5C,ENSG00000108774,EFO_0000565,leukemia,0.7072,False
RAB5C,ENSG00000108774,EFO_0000574,lymphoma,0.796,False
RAB5C,ENSG00000108774,EFO_0000616,neoplasm,0.9702,False
RAB5C,ENSG00000108774,EFO_0000673,prostate adenocarcinoma,0.932,False
RAB5C,ENSG00000108774,EFO_0000702,small cell lung carcinoma,0.7916,False
RAB5C,ENSG00000108774,EFO_0000707,squamous cell carcinoma,0.7235,False
RAB5C,ENSG00000108774,EFO_0000708,squamous cell lung carcinoma,0.5907,False
RAB5C,ENSG00000108774,EFO_0000756,melanoma,0.9337,False
RAB5C,ENSG00000108774,EFO_0001075,ovarian carcinoma,0.8231,False
RAB5C,ENSG00000108774,EFO_0001378,multiple myeloma,0.8463,False
RAB5C,ENSG00000108774,EFO_0001642,lymphoid neoplasm,0.8302,False
RAB5C,ENSG00000108774,EFO_0001663,prostate carcinoma,0.9478,False
RAB5C,ENSG00000108774,EFO_0002426,neoplasm of mature T-cells or NK-cells,0.9676,False
RAB5C,ENSG00000108774,EFO_0002617,metastatic melanoma,0.6787,False
RAB5C,ENSG00000108774,EFO_0002618,pancreatic carcinoma,0.9774,False
RAB5C,ENSG00000108774,EFO_0002938,hypopharyngeal carcinoma,0.5403,False
RAB5C,ENSG00000108774,EFO_0003025,acute megakaryoblastic leukaemia,0.5683,False
RAB5C,ENSG00000108774,EFO_0003026,minimally differentiated acute myeloblastic leukemia,0.8642,False
RAB5C,ENSG00000108774,EFO_0003027,acute myeloblastic leukemia without maturation,0.9527,False
RAB5C,ENSG00000108774,EFO_0003028,acute myeloblastic leukemia with maturation,0.9915,False
RAB5C,ENSG00000108774,EFO_0003050,large cell lung carcinoma,0.8496,False
RAB5C,ENSG00000108774,EFO_0003060,non-small cell lung carcinoma,0.9904,False
RAB5C,ENSG00000108774,EFO_0003853,respiratory system neoplasm,0.5619,False
RAB5C,ENSG00000108774,EFO_0003859,uterine neoplasm,0.8591,False
RAB5C,ENSG00000108774,EFO_0003860,pancreatic neoplasm,0.5407,False
RAB5C,ENSG00000108774,EFO_0003863,urogenital neoplasm,0.7896,False
RAB5C,ENSG00000108774,EFO_0003866,paranasal sinus neoplasm,0.6852,False
RAB5C,ENSG00000108774,EFO_0003868,mouth neoplasm,0.5512,False
RAB5C,ENSG00000108774,EFO_0003869,breast neoplasm,0.9618,False
RAB5C,ENSG00000108774,EFO_0003876,intermittent vascular claudication,0.6782,False
RAB5C,ENSG00000108774,EFO_0003891,biliary tract neoplasm,0.9467,False
RAB5C,ENSG00000108774,EFO_0003968,angiosarcoma,0.5344,False
RAB5C,ENSG00000108774,EFO_0004252,nasopharyngeal neoplasm,0.9084,False
RAB5C,ENSG00000108774,EFO_0004284,upper aerodigestive tract neoplasm,0.9932,False
RAB5C,ENSG00000108774,EFO_0004289,lymphoid leukemia,0.8245,False
RAB5C,ENSG00000108774,EFO_0004599,acute graft vs. host disease,0.5352,False
RAB5C,ENSG00000108774,EFO_0004606,gallbladder neoplasm,0.7349,False
RAB5C,ENSG00000108774,EFO_0005232,endometrium adenocarcinoma,0.542,False
RAB5C,ENSG00000108774,EFO_0005537,triple-negative breast cancer,0.9709,False
RAB5C,ENSG00000108774,EFO_0005540,bile duct carcinoma,0.831,False
RAB5C,ENSG00000108774,EFO_0006732,pancreatic adenosquamous carcinoma,0.7871,False
RAB5C,ENSG00000108774,EFO_0006859,head and neck malignant neoplasia,0.6404,False
RAB5C,ENSG00000108774,EFO_0006861,male breast carcinoma,0.9904,False
RAB5C,ENSG00000108774,EFO_0007206,choroid plexus cancer,0.6646,False
RAB5C,ENSG00000108774,EFO_0007270,femoral cancer,0.6082,False
RAB5C,ENSG00000108774,EFO_0007532,uterine corpus cancer,0.9623,False
RAB5C,ENSG00000108774,EFO_0007535,verrucous carcinoma,0.8047,False
RAB5C,ENSG00000108774,EFO_0008585,ST Elevation Myocardial Infarction,0.6665,False
RAB5C,ENSG00000108774,EFO_0008586,Non-ST Elevation Myocardial Infarction,0.5946,False
RAB5C,ENSG00000108774,EFO_0009443,BRCAX breast cancer,0.925,False
RAB5C,ENSG00000108774,EFO_0009780,HER2 negative breast carcinoma,0.9781,False
RAB5C,ENSG00000108774,EFO_0009781,progesterone-receptor negative breast cancer,0.6397,False
RAB5C,ENSG00000108774,EFO_0009782,progesterone-receptor positive breast cancer,0.7138,False
RAB5C,ENSG00000108774,EFO_0009878,drug interaction,0.9537,False
RAB5C,ENSG00000108774,EFO_0010580,blastic plasmacytoid dendritic cell neoplasm,0.6967,False
RAB5C,ENSG00000108774,EFO_0010832,primary central chondrosarcoma,0.8217,False
RAB5C,ENSG00000108774,EFO_0020003,drug toxicity,0.7461,False
RAB5C,ENSG00000108774,EFO_1000016,anaplastic lung carcinoma,0.5564,False
RAB5C,ENSG00000108774,EFO_1000044,pancreatic adenocarcinoma,0.938,False
RAB5C,ENSG00000108774,EFO_1000059,cervical artery dissection,0.5239,False
RAB5C,ENSG00000108774,EFO_1000088,Appendix Adenocarcinoma,0.5851,False
RAB5C,ENSG00000108774,EFO_1000131,"Blast Phase Chronic Myelogenous Leukemia, BCR-ABL1 Positive",0.9649,False
RAB5C,ENSG00000108774,EFO_1000231,Endometrial Clear Cell Adenocarcinoma,0.5837,False
RAB5C,ENSG00000108774,EFO_1000234,Endometrial Hyperplasia without Atypia,0.6083,False
RAB5C,ENSG00000108774,EFO_1000238,Endometrial Serous Adenocarcinoma,0.6413,False
RAB5C,ENSG00000108774,EFO_1000251,Fallopian Tube Carcinoma,0.9487,False
RAB5C,ENSG00000108774,EFO_1000252,Fallopian Tube Carcinosarcoma,0.666,False
RAB5C,ENSG00000108774,EFO_1000253,Fallopian Tube Serous Adenocarcinoma,0.8356,False
RAB5C,ENSG00000108774,EFO_1000294,HER2 Positive Breast Carcinoma,0.8568,False
RAB5C,ENSG00000108774,EFO_1000357,Malignant Ovarian Brenner Tumor,0.8735,False
RAB5C,ENSG00000108774,EFO_1000412,Ovarian Carcinosarcoma,0.8163,False
RAB5C,ENSG00000108774,EFO_1000419,Ovarian Germ Cell Tumor,0.9554,False
RAB5C,ENSG00000108774,EFO_1000494,Primary Peritoneal Serous Adenocarcinoma,0.9141,False
RAB5C,ENSG00000108774,EFO_1000616,Uveal Melanoma,0.9394,False
RAB5C,ENSG00000108774,EFO_1000649,estrogen-receptor positive breast cancer,0.883,False
RAB5C,ENSG00000108774,EFO_1000657,rectum cancer,0.9129,False
RAB5C,ENSG00000108774,EFO_1000789,"osteoarthritis, hand",0.5599,False
RAB5C,ENSG00000108774,EFO_1000849,bronchial neoplasm,0.534,False
RAB5C,ENSG00000108774,EFO_1000866,choroid cancer,0.7212,False
RAB5C,ENSG00000108774,EFO_1001013,lethal midline granuloma,0.9841,False
RAB5C,ENSG00000108774,EFO_1001100,peritoneal neoplasm,0.9862,False
RAB5C,ENSG00000108774,EFO_1001110,pituitary-dependent Cushing's disease,0.955,False
RAB5C,ENSG00000108774,EFO_1001257,acute erythroblastic leukemia,0.9304,False
RAB5C,ENSG00000108774,EFO_1001348,HIV-Associated Lipodystrophy Syndrome,0.9626,False
RAB5C,ENSG00000108774,EFO_1001465,gliosarcoma,0.7808,False
RAB5C,ENSG00000108774,EFO_1001480,metastatic colorectal cancer,0.7771,False
RAB5C,ENSG00000108774,EFO_1001512,endometrial carcinoma,0.6008,False
RAB5C,ENSG00000108774,EFO_1001799,incomplete abortion,0.5884,False
RAB5C,ENSG00000108774,EFO_1001830,precursor T-cell lymphoblastic leukemia-lymphoma,0.9135,False
RAB5C,ENSG00000108774,EFO_1001932,adult acute megakaryoblastic leukemia,0.9216,False
RAB5C,ENSG00000108774,EFO_1001933,adult acute monocytic leukemia,0.9495,False
RAB5C,ENSG00000108774,EFO_1001934,adult acute myeloid leukemia,0.9613,False
RAB5C,ENSG00000108774,EFO_1001935,adult B acute lymphoblastic leukemia,0.8983,False
RAB5C,ENSG00000108774,EFO_1001936,adult T acute lymphoblastic leukemia,0.8035,False
RAB5C,ENSG00000108774,EFO_1001945,childhood acute myeloid leukemia with maturation,0.9598,False
RAB5C,ENSG00000108774,EFO_1001946,childhood B acute lymphoblastic leukemia,0.8506,False
RAB5C,ENSG00000108774,EFO_1001947,childhood T acute lymphoblastic leukemia,0.8131,False
RAB5C,ENSG00000108774,EFO_1001952,endometrial adenosquamous carcinoma,0.9478,False
RAB5C,ENSG00000108774,EFO_1001953,"endometrial endometrioid adenocarcinoma, variant with squamous differentiation",0.807,False
RAB5C,ENSG00000108774,EFO_1001958,high grade ovarian serous adenocarcinoma,0.9971,False
RAB5C,ENSG00000108774,EFO_1001959,hilar cholangiocarcinoma,0.6721,False
RAB5C,ENSG00000108774,EFO_1001963,ovarian mucinous cystadenocarcinoma,0.9022,False
RAB5C,ENSG00000108774,EFO_1001969,"squamous cell breast carcinoma, acantholytic variant",0.5319,False
RAB5C,ENSG00000108774,EFO_1001973,ureter urothelial carcinoma,0.7432,False
RAB5C,ENSG00000108774,EFO_1002001,core binding factor acute myeloid leukemia,0.9747,False
RAB5C,ENSG00000108774,EFO_1002015,HPV-associated cervical carcinoma,0.8044,False
RAB5C,ENSG00000108774,Orphanet_145,Hereditary breast and ovarian cancer syndrome,0.9665,False
RAB5C,ENSG00000108774,Orphanet_273,Steinert myotonic dystrophy,0.7383,False
RAB5C,ENSG00000108774,Orphanet_325690,Genetic disorder of sex development,0.7883,False
RAB6A,ENSG00000175582,MONDO_0001187,urinary bladder cancer,0.7156,False
RAB6A,ENSG00000175582,MONDO_0001402,vaginal cancer,0.6413,False
RAB6A,ENSG00000175582,MONDO_0001852,small intestine lymphoma,0.6675,False
RAB6A,ENSG00000175582,MONDO_0001879,anus cancer,0.9556,False
RAB6A,ENSG00000175582,MONDO_0002087,peritoneum cancer,0.7536,False
RAB6A,ENSG00000175582,MONDO_0002158,fallopian tube cancer,0.6934,False
RAB6A,ENSG00000175582,MONDO_0002225,ovarian sarcoma,0.7218,False
RAB6A,ENSG00000175582,MONDO_0002586,thymus cancer,0.8465,False
RAB6A,ENSG00000175582,MONDO_0002744,fallopian tube mucinous adenocarcinoma,0.5682,False
RAB6A,ENSG00000175582,MONDO_0002833,fallopian tube transitional cell carcinoma,0.75,False
RAB6A,ENSG00000175582,MONDO_0002995,"small intestine neuroendocrine tumor, well differentiated, low or intermediate grade",0.9196,False
RAB6A,ENSG00000175582,MONDO_0003033,prostate angiosarcoma,0.6163,False
RAB6A,ENSG00000175582,MONDO_0003060,biliary tract cancer,0.5263,False
RAB6A,ENSG00000175582,MONDO_0003090,extrahepatic bile duct carcinoma,0.8505,False
RAB6A,ENSG00000175582,MONDO_0003196,appendix carcinoma,0.5772,False
RAB6A,ENSG00000175582,MONDO_0003383,fallopian tube clear cell adenocarcinoma,0.5475,False
RAB6A,ENSG00000175582,MONDO_0003478,childhood ependymoma,0.7593,False
RAB6A,ENSG00000175582,MONDO_0003503,fallopian tube squamous cell carcinoma,0.6377,False
RAB6A,ENSG00000175582,MONDO_0003541,adult acute lymphoblastic leukemia,0.8259,False
RAB6A,ENSG00000175582,MONDO_0003659,pediatric lymphoma,0.5064,False
RAB6A,ENSG00000175582,MONDO_0003660,adult lymphoma,0.6356,False
RAB6A,ENSG00000175582,MONDO_0003666,fallopian tube endometrioid adenocarcinoma,0.6458,False
RAB6A,ENSG00000175582,MONDO_0003856,adult malignant hemangiopericytoma,0.5253,False
RAB6A,ENSG00000175582,MONDO_0003869,childhood brain stem glioma,0.7109,False
RAB6A,ENSG00000175582,MONDO_0003874,ovarian serous surface papillary adenocarcinoma,0.8556,False
RAB6A,ENSG00000175582,MONDO_0003890,infiltrating bladder urothelial carcinoma,0.6158,False
RAB6A,ENSG00000175582,MONDO_0004111,refractory hematologic cancer,0.7073,False
RAB6A,ENSG00000175582,MONDO_0004180,benign urinary system neoplasm,0.8337,False
RAB6A,ENSG00000175582,MONDO_0004222,ovarian clear cell cystadenocarcinoma,0.8087,False
RAB6A,ENSG00000175582,MONDO_0004992,cancer,0.5501,False
RAB6A,ENSG00000175582,MONDO_0005411,gallbladder cancer,0.5927,False
RAB6A,ENSG00000175582,MONDO_0007254,breast cancer,0.5926,False
RAB6A,ENSG00000175582,MONDO_0008315,prostate cancer,0.7841,False
RAB6A,ENSG00000175582,MONDO_0008318,Proteus syndrome,0.9066,False
RAB6A,ENSG00000175582,MONDO_0016216,adult hepatocellular carcinoma,0.7319,False
RAB6A,ENSG00000175582,MONDO_0018521,squamous cell carcinoma of pancreas,0.7465,False
RAB6A,ENSG00000175582,MONDO_0019456,acute myeloid leukemia with multilineage dysplasia,0.7756,False
RAB6A,ENSG00000175582,MONDO_0019457,therapy related acute myeloid leukemia and myelodysplastic syndrome,0.8094,False
RAB6A,ENSG00000175582,MONDO_0020657,human papillomavirus-related squamous cell carcinoma,0.8508,False
RAB6A,ENSG00000175582,MONDO_0020690,adult glioblastoma,0.8837,False
RAB6A,ENSG00000175582,MONDO_0021074,precancerous condition,0.5572,False
RAB6A,ENSG00000175582,MONDO_0021115,luminal B breast carcinoma,0.7332,False
RAB6A,ENSG00000175582,MONDO_0021538,verrucous carcinoma of oral cavity,0.6505,False
RAB6A,ENSG00000175582,MONDO_0024327,chronic renal failure syndrome,0.668,False
RAB6A,ENSG00000175582,MONDO_0036501,refractory malignant neoplasm,0.5184,False
RAB6A,ENSG00000175582,MONDO_0040678,infiltrating urothelial carcinoma,0.832,False
RAB6A,ENSG00000175582,MONDO_0044710,lip and oral cavity squamous cell carcinoma,0.9579,False
RAB6A,ENSG00000175582,MONDO_0044787,nasal cavity and paranasal sinus squamous cell carcinoma,0.8279,False
RAB6A,ENSG00000175582,MONDO_0044964,oral cavity mucoepidermoid carcinoma,0.9623,False
RAB6A,ENSG00000175582,MONDO_0045056,grade II meningioma,0.836,False
RAB6A,ENSG00000175582,MONDO_0850302,intracranial meningioma,0.5348,False
RAB6A,ENSG00000175582,EFO_0000096,neoplasm of mature B-cells,0.8226,False
RAB6A,ENSG00000175582,EFO_0000196,metastatic prostate cancer,0.6594,False
RAB6A,ENSG00000175582,EFO_0000198,myelodysplastic syndrome,0.5421,False
RAB6A,ENSG00000175582,EFO_0000221,acute monocytic leukemia,0.5145,False
RAB6A,ENSG00000175582,EFO_0000233,adenosquamous lung carcinoma,0.682,False
RAB6A,ENSG00000175582,EFO_0000304,breast adenocarcinoma,0.8041,False
RAB6A,ENSG00000175582,EFO_0000308,bronchoalveolar adenocarcinoma,0.5863,False
RAB6A,ENSG00000175582,EFO_0000330,childhood acute myeloid leukemia,0.6399,False
RAB6A,ENSG00000175582,EFO_0000503,gastric adenocarcinoma,0.6065,False
RAB6A,ENSG00000175582,EFO_0000616,neoplasm,0.7387,False
RAB6A,ENSG00000175582,EFO_0000673,prostate adenocarcinoma,0.5059,False
RAB6A,ENSG00000175582,EFO_0001663,prostate carcinoma,0.6333,False
RAB6A,ENSG00000175582,EFO_0002426,neoplasm of mature T-cells or NK-cells,0.9047,False
RAB6A,ENSG00000175582,EFO_0002618,pancreatic carcinoma,0.7999,False
RAB6A,ENSG00000175582,EFO_0003027,acute myeloblastic leukemia without maturation,0.7357,False
RAB6A,ENSG00000175582,EFO_0003028,acute myeloblastic leukemia with maturation,0.9542,False
RAB6A,ENSG00000175582,EFO_0003060,non-small cell lung carcinoma,0.9047,False
RAB6A,ENSG00000175582,EFO_0003859,uterine neoplasm,0.7358,False
RAB6A,ENSG00000175582,EFO_0003863,urogenital neoplasm,0.6993,False
RAB6A,ENSG00000175582,EFO_0003869,breast neoplasm,0.5989,False
RAB6A,ENSG00000175582,EFO_0003891,biliary tract neoplasm,0.6559,False
RAB6A,ENSG00000175582,EFO_0004252,nasopharyngeal neoplasm,0.5624,False
RAB6A,ENSG00000175582,EFO_0004284,upper aerodigestive tract neoplasm,0.9545,False
RAB6A,ENSG00000175582,EFO_0004289,lymphoid leukemia,0.5722,False
RAB6A,ENSG00000175582,EFO_0004606,gallbladder neoplasm,0.509,False
RAB6A,ENSG00000175582,EFO_0005537,triple-negative breast cancer,0.836,False
RAB6A,ENSG00000175582,EFO_0005540,bile duct carcinoma,0.5665,False
RAB6A,ENSG00000175582,EFO_0006861,male breast carcinoma,0.8952,False
RAB6A,ENSG00000175582,EFO_0007532,uterine corpus cancer,0.7209,False
RAB6A,ENSG00000175582,EFO_0009443,BRCAX breast cancer,0.6503,False
RAB6A,ENSG00000175582,EFO_0009780,HER2 negative breast carcinoma,0.9459,False
RAB6A,ENSG00000175582,EFO_0009878,drug interaction,0.7184,False
RAB6A,ENSG00000175582,EFO_0010580,blastic plasmacytoid dendritic cell neoplasm,0.5421,False
RAB6A,ENSG00000175582,EFO_0010832,primary central chondrosarcoma,0.6204,False
RAB6A,ENSG00000175582,EFO_0020003,drug toxicity,0.6372,False
RAB6A,ENSG00000175582,EFO_1000044,pancreatic adenocarcinoma,0.5651,False
RAB6A,ENSG00000175582,EFO_1000131,"Blast Phase Chronic Myelogenous Leukemia, BCR-ABL1 Positive",0.7182,False
RAB6A,ENSG00000175582,EFO_1000231,Endometrial Clear Cell Adenocarcinoma,0.5321,False
RAB6A,ENSG00000175582,EFO_1000238,Endometrial Serous Adenocarcinoma,0.6335,False
RAB6A,ENSG00000175582,EFO_1000251,Fallopian Tube Carcinoma,0.8826,False
RAB6A,ENSG00000175582,EFO_1000253,Fallopian Tube Serous Adenocarcinoma,0.6175,False
RAB6A,ENSG00000175582,EFO_1000294,HER2 Positive Breast Carcinoma,0.687,False
RAB6A,ENSG00000175582,EFO_1000357,Malignant Ovarian Brenner Tumor,0.509,False
RAB6A,ENSG00000175582,EFO_1000412,Ovarian Carcinosarcoma,0.7079,False
RAB6A,ENSG00000175582,EFO_1000419,Ovarian Germ Cell Tumor,0.7933,False
RAB6A,ENSG00000175582,EFO_1000494,Primary Peritoneal Serous Adenocarcinoma,0.741,False
RAB6A,ENSG00000175582,EFO_1000616,Uveal Melanoma,0.7639,False
RAB6A,ENSG00000175582,EFO_1000649,estrogen-receptor positive breast cancer,0.6568,False
RAB6A,ENSG00000175582,EFO_1001013,lethal midline granuloma,0.9198,False
RAB6A,ENSG00000175582,EFO_1001100,peritoneal neoplasm,0.9631,False
RAB6A,ENSG00000175582,EFO_1001110,pituitary-dependent Cushing's disease,0.8362,False
RAB6A,ENSG00000175582,EFO_1001257,acute erythroblastic leukemia,0.7453,False
RAB6A,ENSG00000175582,EFO_1001348,HIV-Associated Lipodystrophy Syndrome,0.8418,False
RAB6A,ENSG00000175582,EFO_1001799,incomplete abortion,0.6238,False
RAB6A,ENSG00000175582,EFO_1001830,precursor T-cell lymphoblastic leukemia-lymphoma,0.6146,False
RAB6A,ENSG00000175582,EFO_1001932,adult acute megakaryoblastic leukemia,0.5477,False
RAB6A,ENSG00000175582,EFO_1001933,adult acute monocytic leukemia,0.6527,False
RAB6A,ENSG00000175582,EFO_1001934,adult acute myeloid leukemia,0.8033,False
RAB6A,ENSG00000175582,EFO_1001945,childhood acute myeloid leukemia with maturation,0.7843,False
RAB6A,ENSG00000175582,EFO_1001952,endometrial adenosquamous carcinoma,0.7998,False
RAB6A,ENSG00000175582,EFO_1001958,high grade ovarian serous adenocarcinoma,0.9866,False
RAB6A,ENSG00000175582,EFO_1001959,hilar cholangiocarcinoma,0.6601,False
RAB6A,ENSG00000175582,EFO_1001963,ovarian mucinous cystadenocarcinoma,0.7233,False
RAB6A,ENSG00000175582,EFO_1001973,ureter urothelial carcinoma,0.6716,False
RAB6A,ENSG00000175582,EFO_1002001,core binding factor acute myeloid leukemia,0.8071,False
RAB6A,ENSG00000175582,Orphanet_145,Hereditary breast and ovarian cancer syndrome,0.843,False
RAB6B,ENSG00000154917,MONDO_0000430,mature T-cell and NK-cell non-Hodgkin lymphoma,0.7791,False
RAB6B,ENSG00000154917,MONDO_0000544,mucosal melanoma,0.6736,False
RAB6B,ENSG00000154917,MONDO_0000645,fallopian tube benign neoplasm,0.711,False
RAB6B,ENSG00000154917,MONDO_0000653,integumentary system cancer,0.713,False
RAB6B,ENSG00000154917,MONDO_0000873,lymphoblastic lymphoma,0.5113,False
RAB6B,ENSG00000154917,MONDO_0001016,epididymis cancer,0.8492,False
RAB6B,ENSG00000154917,MONDO_0001023,prolymphocytic leukemia,0.6047,False
RAB6B,ENSG00000154917,MONDO_0001056,gastric cancer,0.8914,False
RAB6B,ENSG00000154917,MONDO_0001128,nasal cavity cancer,0.6842,False
RAB6B,ENSG00000154917,MONDO_0001187,urinary bladder cancer,0.96,False
RAB6B,ENSG00000154917,MONDO_0001322,pericardium cancer,0.7785,False
RAB6B,ENSG00000154917,MONDO_0001325,penile cancer,0.8963,False
RAB6B,ENSG00000154917,MONDO_0001340,heart cancer,0.8588,False
RAB6B,ENSG00000154917,MONDO_0001350,parametrium malignant neoplasm,0.7159,False
RAB6B,ENSG00000154917,MONDO_0001375,bladder trigone cancer,0.7187,False
RAB6B,ENSG00000154917,MONDO_0001378,urachus cancer,0.6935,False
RAB6B,ENSG00000154917,MONDO_0001388,glans penis cancer,0.5183,False
RAB6B,ENSG00000154917,MONDO_0001402,vaginal cancer,0.9088,False
RAB6B,ENSG00000154917,MONDO_0001501,retroperitoneal sarcoma,0.5813,False
RAB6B,ENSG00000154917,MONDO_0001657,brain cancer,0.6123,False
RAB6B,ENSG00000154917,MONDO_0001763,ethmoid sinus cancer,0.6167,False
RAB6B,ENSG00000154917,MONDO_0001764,ethmoidal sinus neoplasm,0.5246,False
RAB6B,ENSG00000154917,MONDO_0001852,small intestine lymphoma,0.9195,False
RAB6B,ENSG00000154917,MONDO_0001879,anus cancer,0.9941,False
RAB6B,ENSG00000154917,MONDO_0001991,malignant cardiac germ cell tumor,0.7588,False
RAB6B,ENSG00000154917,MONDO_0002073,malignant pineal area germ cell neoplasm,0.7569,False
RAB6B,ENSG00000154917,MONDO_0002087,peritoneum cancer,0.9683,False
RAB6B,ENSG00000154917,MONDO_0002100,cardiovascular cancer,0.7202,False
RAB6B,ENSG00000154917,MONDO_0002113,peritoneal carcinoma,0.5886,False
RAB6B,ENSG00000154917,MONDO_0002158,fallopian tube cancer,0.9343,False
RAB6B,ENSG00000154917,MONDO_0002159,fallopian tube leiomyosarcoma,0.5907,False
RAB6B,ENSG00000154917,MONDO_0002162,fallopian tube adenosarcoma,0.5658,False
RAB6B,ENSG00000154917,MONDO_0002178,placenta cancer,0.685,False
RAB6B,ENSG00000154917,MONDO_0002225,ovarian sarcoma,0.9074,False
RAB6B,ENSG00000154917,MONDO_0002280,anemia,0.6782,False
RAB6B,ENSG00000154917,MONDO_0002367,kidney cancer,0.5962,False
RAB6B,ENSG00000154917,MONDO_0002432,malignant neoplasm of acoustic nerve,0.5254,False
RAB6B,ENSG00000154917,MONDO_0002434,oculomotor nerve cancer,0.7185,False
RAB6B,ENSG00000154917,MONDO_0002482,nipple neoplasm,0.6245,False
RAB6B,ENSG00000154917,MONDO_0002534,fallopian tube papilloma,0.5592,False
RAB6B,ENSG00000154917,MONDO_0002537,inverted papilloma,0.5464,False
RAB6B,ENSG00000154917,MONDO_0002543,adult oligodendroglioma,0.7941,False
RAB6B,ENSG00000154917,MONDO_0002547,nerve sheath neoplasm,0.512,False
RAB6B,ENSG00000154917,MONDO_0002581,spindle cell rhabdomyosarcoma,0.697,False
RAB6B,ENSG00000154917,MONDO_0002586,thymus cancer,0.9823,False
RAB6B,ENSG00000154917,MONDO_0002597,notochordal tumor,0.5067,False
RAB6B,ENSG00000154917,MONDO_0002618,undifferentiated high grade pleomorphic sarcoma of bone,0.5092,False
RAB6B,ENSG00000154917,MONDO_0002625,Ewing sarcoma of bone,0.5559,False
RAB6B,ENSG00000154917,MONDO_0002665,extrahepatic bile duct adenocarcinoma,0.5738,False
RAB6B,ENSG00000154917,MONDO_0002671,signet ring cell breast carcinoma,0.5098,False
RAB6B,ENSG00000154917,MONDO_0002683,adult choroid plexus neoplasm,0.8086,False
RAB6B,ENSG00000154917,MONDO_0002716,childhood spinal cord tumor,0.8201,False
RAB6B,ENSG00000154917,MONDO_0002730,childhood kidney neoplasm,0.5171,False
RAB6B,ENSG00000154917,MONDO_0002739,extrahepatic bile duct mucinous adenocarcinoma,0.7835,False
RAB6B,ENSG00000154917,MONDO_0002744,fallopian tube mucinous adenocarcinoma,0.9548,False
RAB6B,ENSG00000154917,MONDO_0002748,rectum mucinous adenocarcinoma,0.5849,False
RAB6B,ENSG00000154917,MONDO_0002786,diencephalic cancer,0.7781,False
RAB6B,ENSG00000154917,MONDO_0002794,adult medulloblastoma,0.7867,False
RAB6B,ENSG00000154917,MONDO_0002822,trabecular adenocarcinoma,0.534,False
RAB6B,ENSG00000154917,MONDO_0002833,fallopian tube transitional cell carcinoma,0.9707,False
RAB6B,ENSG00000154917,MONDO_0002834,primary prostate urothelial carcinoma,0.8032,False
RAB6B,ENSG00000154917,MONDO_0002837,sarcomatoid transitional cell carcinoma,0.6214,False
RAB6B,ENSG00000154917,MONDO_0002876,cervical adenosarcoma,0.6289,False
RAB6B,ENSG00000154917,MONDO_0002877,cervical carcinosarcoma,0.63,False
RAB6B,ENSG00000154917,MONDO_0002912,brainstem cancer,0.7334,False
RAB6B,ENSG00000154917,MONDO_0002914,childhood brain stem neoplasm,0.8463,False
RAB6B,ENSG00000154917,MONDO_0002974,cervical cancer,0.8196,False
RAB6B,ENSG00000154917,MONDO_0002981,peripheral primitive neuroectodermal tumor of bone,0.6524,False
RAB6B,ENSG00000154917,MONDO_0002995,"small intestine neuroendocrine tumor, well differentiated, low or intermediate grade",0.9,False
RAB6B,ENSG00000154917,MONDO_0003000,central nervous system germ cell tumor,0.5126,False
RAB6B,ENSG00000154917,MONDO_0003022,pediatric angiosarcoma,0.7921,False
RAB6B,ENSG00000154917,MONDO_0003029,skin angiosarcoma,0.7506,False
RAB6B,ENSG00000154917,MONDO_0003033,prostate angiosarcoma,0.9107,False
RAB6B,ENSG00000154917,MONDO_0003059,bile duct cancer,0.7051,False
RAB6B,ENSG00000154917,MONDO_0003060,biliary tract cancer,0.8104,False
RAB6B,ENSG00000154917,MONDO_0003087,mucoepidermoid breast carcinoma,0.7893,False
RAB6B,ENSG00000154917,MONDO_0003089,extrahepatic bile duct mucoepidermoid carcinoma,0.6629,False
RAB6B,ENSG00000154917,MONDO_0003090,extrahepatic bile duct carcinoma,0.9567,False
RAB6B,ENSG00000154917,MONDO_0003100,nerve plexus neoplasm,0.5463,False
RAB6B,ENSG00000154917,MONDO_0003104,epicardium cancer,0.7376,False
RAB6B,ENSG00000154917,MONDO_0003107,infratentorial cancer,0.6633,False
RAB6B,ENSG00000154917,MONDO_0003112,malignant gastric germ cell tumor,0.5343,False
RAB6B,ENSG00000154917,MONDO_0003153,adult brainstem glioma,0.8338,False
RAB6B,ENSG00000154917,MONDO_0003196,appendix carcinoma,0.8967,False
RAB6B,ENSG00000154917,MONDO_0003212,nasal cavity carcinoma,0.9391,False
RAB6B,ENSG00000154917,MONDO_0003216,ureter adenocarcinoma,0.7064,False
RAB6B,ENSG00000154917,MONDO_0003219,gastroesophageal junction adenocarcinoma,0.6933,False
RAB6B,ENSG00000154917,MONDO_0003248,adult pineal parenchymal tumor,0.5905,False
RAB6B,ENSG00000154917,MONDO_0003249,pineal gland cancer,0.6241,False
RAB6B,ENSG00000154917,MONDO_0003260,adult cerebellar neoplasm,0.567,False
RAB6B,ENSG00000154917,MONDO_0003268,mixed glioma,0.8924,False
RAB6B,ENSG00000154917,MONDO_0003278,inner ear cancer,0.5162,False
RAB6B,ENSG00000154917,MONDO_0003283,epididymal neoplasm,0.7524,False
RAB6B,ENSG00000154917,MONDO_0003312,ovarian endometrioid stromal and related neoplasms,0.5482,False
RAB6B,ENSG00000154917,MONDO_0003363,malignant dermis tumor,0.6406,False
RAB6B,ENSG00000154917,MONDO_0003383,fallopian tube clear cell adenocarcinoma,0.8974,False
RAB6B,ENSG00000154917,MONDO_0003392,fallopian tube germ cell tumor,0.7369,False
RAB6B,ENSG00000154917,MONDO_0003403,testicular non-seminomatous germ cell cancer,0.6988,False
RAB6B,ENSG00000154917,MONDO_0003404,adult yolk sac tumor,0.6842,False
RAB6B,ENSG00000154917,MONDO_0003478,childhood ependymoma,0.9788,False
RAB6B,ENSG00000154917,MONDO_0003495,ovarian squamous cell neoplasm,0.6552,False
RAB6B,ENSG00000154917,MONDO_0003502,ureter squamous cell carcinoma,0.6683,False
RAB6B,ENSG00000154917,MONDO_0003503,fallopian tube squamous cell carcinoma,0.9434,False
RAB6B,ENSG00000154917,MONDO_0003510,malignant testicular germ cell tumor,0.7778,False
RAB6B,ENSG00000154917,MONDO_0003515,fallopian tube teratoma,0.5352,False
RAB6B,ENSG00000154917,MONDO_0003535,fallopian tube papillary adenocarcinoma,0.5938,False
RAB6B,ENSG00000154917,MONDO_0003541,adult acute lymphoblastic leukemia,0.964,False
RAB6B,ENSG00000154917,MONDO_0003558,adenosquamous prostate carcinoma,0.7148,False
RAB6B,ENSG00000154917,MONDO_0003572,nasopharyngeal type undifferentiated carcinoma,0.8134,False
RAB6B,ENSG00000154917,MONDO_0003585,adult liposarcoma,0.8594,False
RAB6B,ENSG00000154917,MONDO_0003593,breast liposarcoma,0.5208,False
RAB6B,ENSG00000154917,MONDO_0003635,sebaceous breast carcinoma,0.5805,False
RAB6B,ENSG00000154917,MONDO_0003659,pediatric lymphoma,0.8967,False
RAB6B,ENSG00000154917,MONDO_0003660,adult lymphoma,0.943,False
RAB6B,ENSG00000154917,MONDO_0003666,fallopian tube endometrioid adenocarcinoma,0.918,False
RAB6B,ENSG00000154917,MONDO_0003690,adult anaplastic ependymoma,0.622,False
RAB6B,ENSG00000154917,MONDO_0003692,adult malignant mesenchymoma,0.944,False
RAB6B,ENSG00000154917,MONDO_0003743,heart malignant hemangiopericytoma,0.5856,False
RAB6B,ENSG00000154917,MONDO_0003750,childhood central nervous system germ cell tumor,0.5717,False
RAB6B,ENSG00000154917,MONDO_0003751,childhood germ cell tumor,0.8977,False
RAB6B,ENSG00000154917,MONDO_0003766,thalamic cancer,0.7847,False
RAB6B,ENSG00000154917,MONDO_0003802,cornea cancer,0.5224,False
RAB6B,ENSG00000154917,MONDO_0003856,adult malignant hemangiopericytoma,0.942,False
RAB6B,ENSG00000154917,MONDO_0003869,childhood brain stem glioma,0.9298,False
RAB6B,ENSG00000154917,MONDO_0003874,ovarian serous surface papillary adenocarcinoma,0.9807,False
RAB6B,ENSG00000154917,MONDO_0003890,infiltrating bladder urothelial carcinoma,0.8994,False
RAB6B,ENSG00000154917,MONDO_0003936,invasive tubular breast carcinoma,0.9354,False
RAB6B,ENSG00000154917,MONDO_0003950,nipple carcinoma,0.8165,False
RAB6B,ENSG00000154917,MONDO_0003959,breast large cell neuroendocrine carcinoma,0.5148,False
RAB6B,ENSG00000154917,MONDO_0003982,bilateral breast carcinoma,0.9288,False
RAB6B,ENSG00000154917,MONDO_0004009,kidney pelvis sarcomatoid transitional cell carcinoma,0.5051,False
RAB6B,ENSG00000154917,MONDO_0004030,ureter transitional cell carcinoma,0.7044,False
RAB6B,ENSG00000154917,MONDO_0004064,iris melanoma,0.8666,False
RAB6B,ENSG00000154917,MONDO_0004089,basaloid carcinoma of the penis,0.5538,False
RAB6B,ENSG00000154917,MONDO_0004105,childhood epithelioid sarcoma,0.5027,False
RAB6B,ENSG00000154917,MONDO_0004110,refractory hairy cell leukemia,0.7329,False
RAB6B,ENSG00000154917,MONDO_0004111,refractory hematologic cancer,0.8146,False
RAB6B,ENSG00000154917,MONDO_0004180,benign urinary system neoplasm,0.9587,False
RAB6B,ENSG00000154917,MONDO_0004192,urethra cancer,0.8489,False
RAB6B,ENSG00000154917,MONDO_0004197,male urethral cancer,0.7053,False
RAB6B,ENSG00000154917,MONDO_0004199,vulvar keratinizing squamous cell carcinoma,0.5418,False
RAB6B,ENSG00000154917,MONDO_0004222,ovarian clear cell cystadenocarcinoma,0.9699,False
RAB6B,ENSG00000154917,MONDO_0004231,spindle cell variant squamous cell breast carcinoma,0.6585,False
RAB6B,ENSG00000154917,MONDO_0004233,childhood pleomorphic rhabdomyosarcoma,0.5772,False
RAB6B,ENSG00000154917,MONDO_0004336,rectal signet ring cell adenocarcinoma,0.7509,False
RAB6B,ENSG00000154917,MONDO_0004374,adult extraskeletal osteosarcoma,0.8889,False
RAB6B,ENSG00000154917,MONDO_0004489,fallopian tube gestational choriocarcinoma,0.5746,False
RAB6B,ENSG00000154917,MONDO_0004504,penile urethral cancer,0.6482,False
RAB6B,ENSG00000154917,MONDO_0004532,auditory system cancer,0.6138,False
RAB6B,ENSG00000154917,MONDO_0004539,aortic malignant tumor,0.5605,False
RAB6B,ENSG00000154917,MONDO_0004545,adult malignant schwannoma,0.6956,False
RAB6B,ENSG00000154917,MONDO_0004658,breast carcinoma in situ,0.9031,False
RAB6B,ENSG00000154917,MONDO_0004667,sublingual gland cancer,0.6622,False
RAB6B,ENSG00000154917,MONDO_0004669,salivary gland cancer,0.7161,False
RAB6B,ENSG00000154917,MONDO_0004695,liver lymphoma,0.584,False
RAB6B,ENSG00000154917,MONDO_0004727,vestibule of mouth cancer,0.586,False
RAB6B,ENSG00000154917,MONDO_0004992,cancer,0.9404,False
RAB6B,ENSG00000154917,MONDO_0005411,gallbladder cancer,0.9042,False
RAB6B,ENSG00000154917,MONDO_0007254,breast cancer,0.9456,False
RAB6B,ENSG00000154917,MONDO_0008170,ovarian cancer,0.9071,False
RAB6B,ENSG00000154917,MONDO_0008315,prostate cancer,0.9544,False
RAB6B,ENSG00000154917,MONDO_0008318,Proteus syndrome,0.9705,False
RAB6B,ENSG00000154917,MONDO_0008627,ureter cancer,0.8209,False
RAB6B,ENSG00000154917,MONDO_0008903,lung cancer,0.8638,False
RAB6B,ENSG00000154917,MONDO_0008978,chordoma,0.7333,False
RAB6B,ENSG00000154917,MONDO_0011508,"lymphoma, non-Hodgkin, familial",0.568,False
RAB6B,ENSG00000154917,MONDO_0011962,endometrial cancer,0.8652,False
RAB6B,ENSG00000154917,MONDO_0015686,primary peritoneal carcinoma,0.8087,False
RAB6B,ENSG00000154917,MONDO_0016096,malignant non-dysgerminomatous germ cell tumor of ovary,0.7033,False
RAB6B,ENSG00000154917,MONDO_0016216,adult hepatocellular carcinoma,0.9651,False
RAB6B,ENSG00000154917,MONDO_0016272,transitional cell carcinoma of the corpus uteri,0.5219,False
RAB6B,ENSG00000154917,MONDO_0016273,malignant germ cell tumor of corpus uteri,0.5556,False
RAB6B,ENSG00000154917,MONDO_0016586,systemic mastocytosis,0.5611,False
RAB6B,ENSG00000154917,MONDO_0016717,choroid plexus neoplasm,0.7816,False
RAB6B,ENSG00000154917,MONDO_0017346,Epstein-Barr virus-positive diffuse large B-cell lymphoma of the elderly,0.8992,False
RAB6B,ENSG00000154917,MONDO_0017588,nail tumor,0.5831,False
RAB6B,ENSG00000154917,MONDO_0018171,malignant germ cell tumor of ovary,0.699,False
RAB6B,ENSG00000154917,MONDO_0018201,extragonadal germ cell tumor,0.7612,False
RAB6B,ENSG00000154917,MONDO_0018271,peripheral primitive neuroectodermal tumor,0.5901,False
RAB6B,ENSG00000154917,MONDO_0018364,malignant epithelial tumor of ovary,0.753,False
RAB6B,ENSG00000154917,MONDO_0018521,squamous cell carcinoma of pancreas,0.9275,False
RAB6B,ENSG00000154917,MONDO_0018542,severe congenital neutropenia,0.7039,False
RAB6B,ENSG00000154917,MONDO_0019456,acute myeloid leukemia with multilineage dysplasia,0.882,False
RAB6B,ENSG00000154917,MONDO_0019457,therapy related acute myeloid leukemia and myelodysplastic syndrome,0.9351,False
RAB6B,ENSG00000154917,MONDO_0019460,acute leukemia of ambiguous lineage,0.7283,False
RAB6B,ENSG00000154917,MONDO_0019465,nodal marginal zone B-cell lymphoma,0.7567,False
RAB6B,ENSG00000154917,MONDO_0020077,myelodysplastic/myeloproliferative disease,0.8683,False
RAB6B,ENSG00000154917,MONDO_0020541,maligant granulosa cell tumor of ovary,0.7575,False
RAB6B,ENSG00000154917,MONDO_0020574,central nervous system nongerminomatous germ cell tumor,0.8009,False
RAB6B,ENSG00000154917,MONDO_0020654,renal pelvis/ureter urothelial carcinoma,0.5107,False
RAB6B,ENSG00000154917,MONDO_0020656,human papillomavirus-related penile squamous cell carcinoma,0.8762,False
RAB6B,ENSG00000154917,MONDO_0020657,human papillomavirus-related squamous cell carcinoma,0.9901,False
RAB6B,ENSG00000154917,MONDO_0020690,adult glioblastoma,0.9631,False
RAB6B,ENSG00000154917,MONDO_0020743,mixed phenotype acute leukemia,0.7999,False
RAB6B,ENSG00000154917,MONDO_0021063,malignant colon neoplasm,0.9186,False
RAB6B,ENSG00000154917,MONDO_0021074,precancerous condition,0.8865,False
RAB6B,ENSG00000154917,MONDO_0021092,fallopian tube neoplasm,0.7511,False
RAB6B,ENSG00000154917,MONDO_0021115,luminal B breast carcinoma,0.8976,False
RAB6B,ENSG00000154917,MONDO_0021117,lung neoplasm,0.5697,False
RAB6B,ENSG00000154917,MONDO_0021284,carcinoma in situ of ureter,0.5863,False
RAB6B,ENSG00000154917,MONDO_0021310,malignant tumor of neck,0.645,False
RAB6B,ENSG00000154917,MONDO_0021321,malignant tumor of extrahepatic bile duct,0.8523,False
RAB6B,ENSG00000154917,MONDO_0021364,neoplasm of oropharynx,0.7442,False
RAB6B,ENSG00000154917,MONDO_0021471,benign neoplasm of endometrium,0.5219,False
RAB6B,ENSG00000154917,MONDO_0021528,benign neoplasm of male breast,0.7411,False
RAB6B,ENSG00000154917,MONDO_0021535,pancreatic neuroendocrine tumor G1,0.7341,False
RAB6B,ENSG00000154917,MONDO_0021538,verrucous carcinoma of oral cavity,0.8766,False
RAB6B,ENSG00000154917,MONDO_0021576,fallopian tube endometrioid tumor,0.7992,False
RAB6B,ENSG00000154917,MONDO_0021633,cerebral astrocytoma,0.7327,False
RAB6B,ENSG00000154917,MONDO_0021639,grade II glioma,0.7123,False
RAB6B,ENSG00000154917,MONDO_0021656,nongerminomatous germ cell tumor,0.8154,False
RAB6B,ENSG00000154917,MONDO_0021657,ovarian sex cord-stromal tumor,0.7171,False
RAB6B,ENSG00000154917,MONDO_0023206,functional pancreatic neuroendocrine tumor,0.6214,False
RAB6B,ENSG00000154917,MONDO_0024327,chronic renal failure syndrome,0.6323,False
RAB6B,ENSG00000154917,MONDO_0024502,gallbladder neuroendocrine neoplasm,0.6232,False
RAB6B,ENSG00000154917,MONDO_0024658,extrahepatic bile duct sarcoma,0.5068,False
RAB6B,ENSG00000154917,MONDO_0024757,cardiovascular neoplasm,0.5813,False
RAB6B,ENSG00000154917,MONDO_0024797,adult brain stem neoplasm,0.8055,False
RAB6B,ENSG00000154917,MONDO_0024879,metastatic carcinoma,0.7455,False
RAB6B,ENSG00000154917,MONDO_0036501,refractory malignant neoplasm,0.8811,False
RAB6B,ENSG00000154917,MONDO_0037256,serous neoplasm,0.7298,False
RAB6B,ENSG00000154917,MONDO_0037736,infratentorial neoplasm,0.5751,False
RAB6B,ENSG00000154917,MONDO_0040676,great vessel cancer,0.7098,False
RAB6B,ENSG00000154917,MONDO_0040678,infiltrating urothelial carcinoma,0.9807,False
RAB6B,ENSG00000154917,MONDO_0041052,postherpetic neuralgia,0.7276,False
RAB6B,ENSG00000154917,MONDO_0044334,connective and soft tissue neoplasm,0.8518,False
RAB6B,ENSG00000154917,MONDO_0044710,lip and oral cavity squamous cell carcinoma,0.979,False
RAB6B,ENSG00000154917,MONDO_0044787,nasal cavity and paranasal sinus squamous cell carcinoma,0.9462,False
RAB6B,ENSG00000154917,MONDO_0044887,central nervous system non-hodgkin lymphoma,0.9117,False
RAB6B,ENSG00000154917,MONDO_0044889,high grade B-cell lymphoma,0.7239,False
RAB6B,ENSG00000154917,MONDO_0044903,myelofibrosis,0.8075,False
RAB6B,ENSG00000154917,MONDO_0044907,metastatic squamous cell carcinoma,0.8115,False
RAB6B,ENSG00000154917,MONDO_0044964,oral cavity mucoepidermoid carcinoma,0.9877,False
RAB6B,ENSG00000154917,MONDO_0045056,grade II meningioma,0.9511,False
RAB6B,ENSG00000154917,MONDO_0100342,malignant glioma,0.861,False
RAB6B,ENSG00000154917,MONDO_0700274,RAD51D-related cancer predisposition,0.5118,False
RAB6B,ENSG00000154917,MONDO_0850302,intracranial meningioma,0.7037,False
RAB6B,ENSG00000154917,OBA_2040356,level of prostaglandin F2 receptor negative regulator in blood serum,0.5408,False
RAB6B,ENSG00000154917,EFO_0000095,chronic lymphocytic leukemia,0.5427,False
RAB6B,ENSG00000154917,EFO_0000096,neoplasm of mature B-cells,0.9506,False
RAB6B,ENSG00000154917,EFO_0000181,head and neck squamous cell carcinoma,0.7113,False
RAB6B,ENSG00000154917,EFO_0000196,metastatic prostate cancer,0.9381,False
RAB6B,ENSG00000154917,EFO_0000198,myelodysplastic syndrome,0.8339,False
RAB6B,ENSG00000154917,EFO_0000211,unspecified peripheral T-cell lymphoma,0.8176,False
RAB6B,ENSG00000154917,EFO_0000220,acute lymphoblastic leukemia,0.5671,False
RAB6B,ENSG00000154917,EFO_0000221,acute monocytic leukemia,0.8397,False
RAB6B,ENSG00000154917,EFO_0000222,acute myeloid leukemia,0.7306,False
RAB6B,ENSG00000154917,EFO_0000223,acute myelomonocytic leukemia,0.6635,False
RAB6B,ENSG00000154917,EFO_0000228,adenocarcinoma,0.6073,False
RAB6B,ENSG00000154917,EFO_0000233,adenosquamous lung carcinoma,0.9349,False
RAB6B,ENSG00000154917,EFO_0000304,breast adenocarcinoma,0.9695,False
RAB6B,ENSG00000154917,EFO_0000305,breast carcinoma,0.7623,False
RAB6B,ENSG00000154917,EFO_0000308,bronchoalveolar adenocarcinoma,0.8769,False
RAB6B,ENSG00000154917,EFO_0000330,childhood acute myeloid leukemia,0.8712,False
RAB6B,ENSG00000154917,EFO_0000403,diffuse large B-cell lymphoma,0.602,False
RAB6B,ENSG00000154917,EFO_0000466,endometrioid carcinoma,0.7057,False
RAB6B,ENSG00000154917,EFO_0000478,esophageal adenocarcinoma,0.6084,False
RAB6B,ENSG00000154917,EFO_0000503,gastric adenocarcinoma,0.8414,False
RAB6B,ENSG00000154917,EFO_0000519,glioblastoma multiforme,0.5891,False
RAB6B,ENSG00000154917,EFO_0000559,keratinizing squamous cell carcinoma,0.6781,False
RAB6B,ENSG00000154917,EFO_0000565,leukemia,0.6336,False
RAB6B,ENSG00000154917,EFO_0000574,lymphoma,0.8078,False
RAB6B,ENSG00000154917,EFO_0000588,mesothelioma,0.7132,False
RAB6B,ENSG00000154917,EFO_0000616,neoplasm,0.9263,False
RAB6B,ENSG00000154917,EFO_0000630,oligoastrocytoma,0.5128,False
RAB6B,ENSG00000154917,EFO_0000673,prostate adenocarcinoma,0.869,False
RAB6B,ENSG00000154917,EFO_0000681,renal cell carcinoma,0.5358,False
RAB6B,ENSG00000154917,EFO_0000702,small cell lung carcinoma,0.7295,False
RAB6B,ENSG00000154917,EFO_0000707,squamous cell carcinoma,0.7294,False
RAB6B,ENSG00000154917,EFO_0000708,squamous cell lung carcinoma,0.5697,False
RAB6B,ENSG00000154917,EFO_0000756,melanoma,0.782,False
RAB6B,ENSG00000154917,EFO_0001075,ovarian carcinoma,0.7602,False
RAB6B,ENSG00000154917,EFO_0001378,multiple myeloma,0.7725,False
RAB6B,ENSG00000154917,EFO_0001416,cervical adenocarcinoma,0.606,False
RAB6B,ENSG00000154917,EFO_0001642,lymphoid neoplasm,0.8547,False
RAB6B,ENSG00000154917,EFO_0001663,prostate carcinoma,0.9469,False
RAB6B,ENSG00000154917,EFO_0002426,neoplasm of mature T-cells or NK-cells,0.9768,False
RAB6B,ENSG00000154917,EFO_0002430,primary myelofibrosis,0.5351,False
RAB6B,ENSG00000154917,EFO_0002618,pancreatic carcinoma,0.9404,False
RAB6B,ENSG00000154917,EFO_0002913,Cutaneous T-cell lymphoma,0.6056,False
RAB6B,ENSG00000154917,EFO_0002938,hypopharyngeal carcinoma,0.5436,False
RAB6B,ENSG00000154917,EFO_0003017,transitional cell carcinoma of kidney,0.5308,False
RAB6B,ENSG00000154917,EFO_0003025,acute megakaryoblastic leukaemia,0.6913,False
RAB6B,ENSG00000154917,EFO_0003026,minimally differentiated acute myeloblastic leukemia,0.855,False
RAB6B,ENSG00000154917,EFO_0003027,acute myeloblastic leukemia without maturation,0.9454,False
RAB6B,ENSG00000154917,EFO_0003028,acute myeloblastic leukemia with maturation,0.9855,False
RAB6B,ENSG00000154917,EFO_0003050,large cell lung carcinoma,0.8691,False
RAB6B,ENSG00000154917,EFO_0003060,non-small cell lung carcinoma,0.9843,False
RAB6B,ENSG00000154917,EFO_0003817,laryngeal neoplasm,0.545,False
RAB6B,ENSG00000154917,EFO_0003833,brain neoplasm,0.6387,False
RAB6B,ENSG00000154917,EFO_0003846,urethral neoplasm,0.6244,False
RAB6B,ENSG00000154917,EFO_0003853,respiratory system neoplasm,0.7962,False
RAB6B,ENSG00000154917,EFO_0003859,uterine neoplasm,0.9414,False
RAB6B,ENSG00000154917,EFO_0003860,pancreatic neoplasm,0.7178,False
RAB6B,ENSG00000154917,EFO_0003863,urogenital neoplasm,0.9413,False
RAB6B,ENSG00000154917,EFO_0003866,paranasal sinus neoplasm,0.8746,False
RAB6B,ENSG00000154917,EFO_0003868,mouth neoplasm,0.6847,False
RAB6B,ENSG00000154917,EFO_0003869,breast neoplasm,0.9727,False
RAB6B,ENSG00000154917,EFO_0003876,intermittent vascular claudication,0.5993,False
RAB6B,ENSG00000154917,EFO_0003891,biliary tract neoplasm,0.9544,False
RAB6B,ENSG00000154917,EFO_0004224,Coronary Restenosis,0.6337,False
RAB6B,ENSG00000154917,EFO_0004251,myeloproliferative disorder,0.574,False
RAB6B,ENSG00000154917,EFO_0004252,nasopharyngeal neoplasm,0.8486,False
RAB6B,ENSG00000154917,EFO_0004284,upper aerodigestive tract neoplasm,0.9929,False
RAB6B,ENSG00000154917,EFO_0004289,lymphoid leukemia,0.8224,False
RAB6B,ENSG00000154917,EFO_0004606,gallbladder neoplasm,0.8529,False
RAB6B,ENSG00000154917,EFO_0005220,pulmonary neuroendocrine tumor,0.5773,False
RAB6B,ENSG00000154917,EFO_0005232,endometrium adenocarcinoma,0.6778,False
RAB6B,ENSG00000154917,EFO_0005537,triple-negative breast cancer,0.9646,False
RAB6B,ENSG00000154917,EFO_0005540,bile duct carcinoma,0.7914,False
RAB6B,ENSG00000154917,EFO_0005570,oral cavity cancer,0.5207,False
RAB6B,ENSG00000154917,EFO_0005577,pharynx cancer,0.6423,False
RAB6B,ENSG00000154917,EFO_0005582,renal pelvis carcinoma,0.6145,False
RAB6B,ENSG00000154917,EFO_0005952,non-Hodgkins lymphoma,0.6437,False
RAB6B,ENSG00000154917,EFO_0006475,plasma cell leukemia,0.7903,False
RAB6B,ENSG00000154917,EFO_0006718,ovarian leiomyosarcoma,0.6381,False
RAB6B,ENSG00000154917,EFO_0006732,pancreatic adenosquamous carcinoma,0.6925,False
RAB6B,ENSG00000154917,EFO_0006772,undifferentiated carcinoma,0.5349,False
RAB6B,ENSG00000154917,EFO_0006859,head and neck malignant neoplasia,0.7558,False
RAB6B,ENSG00000154917,EFO_0006861,male breast carcinoma,0.9769,False
RAB6B,ENSG00000154917,EFO_0007201,cerebral ventricle cancer,0.5936,False
RAB6B,ENSG00000154917,EFO_0007206,choroid plexus cancer,0.7922,False
RAB6B,ENSG00000154917,EFO_0007270,femoral cancer,0.6722,False
RAB6B,ENSG00000154917,EFO_0007362,mediastinal cancer,0.5882,False
RAB6B,ENSG00000154917,EFO_0007466,retroperitoneal cancer,0.5424,False
RAB6B,ENSG00000154917,EFO_0007491,spleen cancer,0.5199,False
RAB6B,ENSG00000154917,EFO_0007532,uterine corpus cancer,0.9719,False
RAB6B,ENSG00000154917,EFO_0007535,verrucous carcinoma,0.7722,False
RAB6B,ENSG00000154917,EFO_0008528,urothelial carcinoma,0.7803,False
RAB6B,ENSG00000154917,EFO_0008585,ST Elevation Myocardial Infarction,0.7888,False
RAB6B,ENSG00000154917,EFO_0008586,Non-ST Elevation Myocardial Infarction,0.5335,False
RAB6B,ENSG00000154917,EFO_0009052,Pleuropulmonary blastoma,0.5872,False
RAB6B,ENSG00000154917,EFO_0009119,precursor lymphoblastic lymphoma/leukemia,0.6071,False
RAB6B,ENSG00000154917,EFO_0009441,Waldenstrom macroglobulinemia,0.5637,False
RAB6B,ENSG00000154917,EFO_0009443,BRCAX breast cancer,0.9427,False
RAB6B,ENSG00000154917,EFO_0009553,HIV-associated cancer,0.5559,False
RAB6B,ENSG00000154917,EFO_0009663,disease of genitourinary system,0.5195,False
RAB6B,ENSG00000154917,EFO_0009780,HER2 negative breast carcinoma,0.9916,False
RAB6B,ENSG00000154917,EFO_0009781,progesterone-receptor negative breast cancer,0.8276,False
RAB6B,ENSG00000154917,EFO_0009782,progesterone-receptor positive breast cancer,0.8242,False
RAB6B,ENSG00000154917,EFO_0009878,drug interaction,0.8935,False
RAB6B,ENSG00000154917,EFO_0010282,gastrointestinal disease,0.6159,False
RAB6B,ENSG00000154917,EFO_0010580,blastic plasmacytoid dendritic cell neoplasm,0.9079,False
RAB6B,ENSG00000154917,EFO_0010832,primary central chondrosarcoma,0.8395,False
RAB6B,ENSG00000154917,EFO_0020003,drug toxicity,0.5231,False
RAB6B,ENSG00000154917,EFO_1000016,anaplastic lung carcinoma,0.6577,False
RAB6B,ENSG00000154917,EFO_1000026,diffuse intrinsic pontine glioma,0.7064,False
RAB6B,ENSG00000154917,EFO_1000044,pancreatic adenocarcinoma,0.782,False
RAB6B,ENSG00000154917,EFO_1000047,pleomorphic breast carcinoma,0.5762,False
RAB6B,ENSG00000154917,EFO_1000052,sex cord-stromal tumor,0.5561,False
RAB6B,ENSG00000154917,EFO_1000059,cervical artery dissection,0.6554,False
RAB6B,ENSG00000154917,EFO_1000088,Appendix Adenocarcinoma,0.6541,False
RAB6B,ENSG00000154917,EFO_1000131,"Blast Phase Chronic Myelogenous Leukemia, BCR-ABL1 Positive",0.9394,False
RAB6B,ENSG00000154917,EFO_1000142,Brain Stem Glioma,0.6497,False
RAB6B,ENSG00000154917,EFO_1000158,Central Nervous System Neoplasm,0.5905,False
RAB6B,ENSG00000154917,EFO_1000231,Endometrial Clear Cell Adenocarcinoma,0.9192,False
RAB6B,ENSG00000154917,EFO_1000233,Endometrial Endometrioid Adenocarcinoma,0.6232,False
RAB6B,ENSG00000154917,EFO_1000236,Endometrial Mucinous Adenocarcinoma,0.7892,False
RAB6B,ENSG00000154917,EFO_1000238,Endometrial Serous Adenocarcinoma,0.9162,False
RAB6B,ENSG00000154917,EFO_1000242,Endometrial Undifferentiated Carcinoma,0.5581,False
RAB6B,ENSG00000154917,EFO_1000248,Extrahepatic Bile Duct Squamous Cell Carcinoma,0.5776,False
RAB6B,ENSG00000154917,EFO_1000251,Fallopian Tube Carcinoma,0.9652,False
RAB6B,ENSG00000154917,EFO_1000252,Fallopian Tube Carcinosarcoma,0.6858,False
RAB6B,ENSG00000154917,EFO_1000253,Fallopian Tube Serous Adenocarcinoma,0.9183,False
RAB6B,ENSG00000154917,EFO_1000294,HER2 Positive Breast Carcinoma,0.9206,False
RAB6B,ENSG00000154917,EFO_1000357,Malignant Ovarian Brenner Tumor,0.9417,False
RAB6B,ENSG00000154917,EFO_1000407,Olfactory Neuroblastoma,0.6667,False
RAB6B,ENSG00000154917,EFO_1000412,Ovarian Carcinosarcoma,0.9381,False
RAB6B,ENSG00000154917,EFO_1000419,Ovarian Germ Cell Tumor,0.9634,False
RAB6B,ENSG00000154917,EFO_1000435,Ovarian Transitional Cell Carcinoma,0.8454,False
RAB6B,ENSG00000154917,EFO_1000453,Paraganglioma,0.6079,False
RAB6B,ENSG00000154917,EFO_1000494,Primary Peritoneal Serous Adenocarcinoma,0.9416,False
RAB6B,ENSG00000154917,EFO_1000532,small intestinal adenocarcinoma,0.5437,False
RAB6B,ENSG00000154917,EFO_1000576,Thymic Carcinoma,0.6821,False
RAB6B,ENSG00000154917,EFO_1000601,Transitional Cell Carcinoma,0.5925,False
RAB6B,ENSG00000154917,EFO_1000616,Uveal Melanoma,0.8827,False
RAB6B,ENSG00000154917,EFO_1000649,estrogen-receptor positive breast cancer,0.9007,False
RAB6B,ENSG00000154917,EFO_1000657,rectum cancer,0.8679,False
RAB6B,ENSG00000154917,EFO_1000789,"osteoarthritis, hand",0.5826,False
RAB6B,ENSG00000154917,EFO_1000849,bronchial neoplasm,0.6307,False
RAB6B,ENSG00000154917,EFO_1000866,choroid cancer,0.6993,False
RAB6B,ENSG00000154917,EFO_1000953,gonadal tissue neoplasm,0.5081,False
RAB6B,ENSG00000154917,EFO_1001012,leptomeningeal metastasis,0.6508,False
RAB6B,ENSG00000154917,EFO_1001013,lethal midline granuloma,0.96,False
RAB6B,ENSG00000154917,EFO_1001094,penile neoplasm,0.8717,False
RAB6B,ENSG00000154917,EFO_1001100,peritoneal neoplasm,0.9956,False
RAB6B,ENSG00000154917,EFO_1001110,pituitary-dependent Cushing's disease,0.8979,False
RAB6B,ENSG00000154917,EFO_1001257,acute erythroblastic leukemia,0.9669,False
RAB6B,ENSG00000154917,EFO_1001348,HIV-Associated Lipodystrophy Syndrome,0.8639,False
RAB6B,ENSG00000154917,EFO_1001404,Postpericardiotomy Syndrome,0.6,False
RAB6B,ENSG00000154917,EFO_1001465,gliosarcoma,0.7005,False
RAB6B,ENSG00000154917,EFO_1001480,metastatic colorectal cancer,0.7208,False
RAB6B,ENSG00000154917,EFO_1001512,endometrial carcinoma,0.6502,False
RAB6B,ENSG00000154917,EFO_1001779,chronic myelomonocytic leukemia,0.6249,False
RAB6B,ENSG00000154917,EFO_1001797,Hemoglobin SC Disease,0.5569,False
RAB6B,ENSG00000154917,EFO_1001830,precursor T-cell lymphoblastic leukemia-lymphoma,0.9574,False
RAB6B,ENSG00000154917,EFO_1001931,oropharynx cancer,0.5388,False
RAB6B,ENSG00000154917,EFO_1001932,adult acute megakaryoblastic leukemia,0.9427,False
RAB6B,ENSG00000154917,EFO_1001933,adult acute monocytic leukemia,0.9419,False
RAB6B,ENSG00000154917,EFO_1001934,adult acute myeloid leukemia,0.9446,False
RAB6B,ENSG00000154917,EFO_1001935,adult B acute lymphoblastic leukemia,0.9132,False
RAB6B,ENSG00000154917,EFO_1001936,adult T acute lymphoblastic leukemia,0.8046,False
RAB6B,ENSG00000154917,EFO_1001943,childhood acute megakaryoblastic leukemia,0.5757,False
RAB6B,ENSG00000154917,EFO_1001944,childhood acute monocytic leukemia,0.5321,False
RAB6B,ENSG00000154917,EFO_1001945,childhood acute myeloid leukemia with maturation,0.9521,False
RAB6B,ENSG00000154917,EFO_1001946,childhood B acute lymphoblastic leukemia,0.8628,False
RAB6B,ENSG00000154917,EFO_1001947,childhood T acute lymphoblastic leukemia,0.8502,False
RAB6B,ENSG00000154917,EFO_1001952,endometrial adenosquamous carcinoma,0.9786,False
RAB6B,ENSG00000154917,EFO_1001953,"endometrial endometrioid adenocarcinoma, variant with squamous differentiation",0.9624,False
RAB6B,ENSG00000154917,EFO_1001956,gallbladder carcinoma,0.7427,False
RAB6B,ENSG00000154917,EFO_1001958,high grade ovarian serous adenocarcinoma,0.9952,False
RAB6B,ENSG00000154917,EFO_1001959,hilar cholangiocarcinoma,0.9324,False
RAB6B,ENSG00000154917,EFO_1001963,ovarian mucinous cystadenocarcinoma,0.9513,False
RAB6B,ENSG00000154917,EFO_1001968,soft tissue sarcoma,0.5102,False
RAB6B,ENSG00000154917,EFO_1001969,"squamous cell breast carcinoma, acantholytic variant",0.695,False
RAB6B,ENSG00000154917,EFO_1001973,ureter urothelial carcinoma,0.9566,False
RAB6B,ENSG00000154917,EFO_1002001,core binding factor acute myeloid leukemia,0.9505,False
RAB6B,ENSG00000154917,EFO_1002010,TP53 Positive Breast Carcinoma,0.6073,False
RAB6B,ENSG00000154917,EFO_1002015,HPV-associated cervical carcinoma,0.8516,False
RAB6B,ENSG00000154917,Orphanet_145,Hereditary breast and ovarian cancer syndrome,0.9791,False
RAB6B,ENSG00000154917,Orphanet_273,Steinert myotonic dystrophy,0.6523,False
RAB6B,ENSG00000154917,Orphanet_325690,Genetic disorder of sex development,0.7801,False
RAB6C,ENSG00000222014,MONDO_0001187,urinary bladder cancer,0.5071,False
RAB6C,ENSG00000222014,MONDO_0001879,anus cancer,0.6847,False
RAB6C,ENSG00000222014,MONDO_0002087,peritoneum cancer,0.6738,False
RAB6C,ENSG00000222014,MONDO_0002158,fallopian tube cancer,0.7208,False
RAB6C,ENSG00000222014,MONDO_0002833,fallopian tube transitional cell carcinoma,0.5136,False
RAB6C,ENSG00000222014,MONDO_0002995,"small intestine neuroendocrine tumor, well differentiated, low or intermediate grade",0.7288,False
RAB6C,ENSG00000222014,MONDO_0003541,adult acute lymphoblastic leukemia,0.6392,False
RAB6C,ENSG00000222014,MONDO_0003666,fallopian tube endometrioid adenocarcinoma,0.615,False
RAB6C,ENSG00000222014,MONDO_0004111,refractory hematologic cancer,0.8373,False
RAB6C,ENSG00000222014,MONDO_0004222,ovarian clear cell cystadenocarcinoma,0.5759,False
RAB6C,ENSG00000222014,MONDO_0004992,cancer,0.6046,False
RAB6C,ENSG00000222014,MONDO_0019456,acute myeloid leukemia with multilineage dysplasia,0.5952,False
RAB6C,ENSG00000222014,MONDO_0019457,therapy related acute myeloid leukemia and myelodysplastic syndrome,0.5952,False
RAB6C,ENSG00000222014,MONDO_0020690,adult glioblastoma,0.804,False
RAB6C,ENSG00000222014,MONDO_0024327,chronic renal failure syndrome,0.932,False
RAB6C,ENSG00000222014,MONDO_0044710,lip and oral cavity squamous cell carcinoma,0.8338,False
RAB6C,ENSG00000222014,MONDO_0044903,myelofibrosis,0.5146,False
RAB6C,ENSG00000222014,MONDO_0044964,oral cavity mucoepidermoid carcinoma,0.809,False
RAB6C,ENSG00000222014,EFO_0000096,neoplasm of mature B-cells,0.6203,False
RAB6C,ENSG00000222014,EFO_0000330,childhood acute myeloid leukemia,0.5143,False
RAB6C,ENSG00000222014,EFO_0000616,neoplasm,0.7172,False
RAB6C,ENSG00000222014,EFO_0002426,neoplasm of mature T-cells or NK-cells,0.7264,False
RAB6C,ENSG00000222014,EFO_0003028,acute myeloblastic leukemia with maturation,0.8892,False
RAB6C,ENSG00000222014,EFO_0003060,non-small cell lung carcinoma,0.7203,False
RAB6C,ENSG00000222014,EFO_0003876,intermittent vascular claudication,0.6654,False
RAB6C,ENSG00000222014,EFO_0004284,upper aerodigestive tract neoplasm,0.9445,False
RAB6C,ENSG00000222014,EFO_0009878,drug interaction,0.8033,False
RAB6C,ENSG00000222014,EFO_0020003,drug toxicity,0.7942,False
RAB6C,ENSG00000222014,EFO_1000251,Fallopian Tube Carcinoma,0.8144,False
RAB6C,ENSG00000222014,EFO_1000253,Fallopian Tube Serous Adenocarcinoma,0.5762,False
RAB6C,ENSG00000222014,EFO_1000419,Ovarian Germ Cell Tumor,0.5942,False
RAB6C,ENSG00000222014,EFO_1000494,Primary Peritoneal Serous Adenocarcinoma,0.6707,False
RAB6C,ENSG00000222014,EFO_1001013,lethal midline granuloma,0.8258,False
RAB6C,ENSG00000222014,EFO_1001100,peritoneal neoplasm,0.9414,False
RAB6C,ENSG00000222014,EFO_1001110,pituitary-dependent Cushing's disease,0.8164,False
RAB6C,ENSG00000222014,EFO_1001348,HIV-Associated Lipodystrophy Syndrome,0.8848,False
RAB6C,ENSG00000222014,EFO_1001799,incomplete abortion,0.7549,False
RAB6C,ENSG00000222014,EFO_1001934,adult acute myeloid leukemia,0.6002,False
RAB6C,ENSG00000222014,EFO_1001945,childhood acute myeloid leukemia with maturation,0.5898,False
RAB6C,ENSG00000222014,EFO_1001958,high grade ovarian serous adenocarcinoma,0.9242,False
RAB6C,ENSG00000222014,EFO_1002001,core binding factor acute myeloid leukemia,0.5247,False
RAB6D,ENSG00000233087,MONDO_0001879,anus cancer,0.5752,False
RAB6D,ENSG00000233087,MONDO_0002158,fallopian tube cancer,0.533,False
RAB6D,ENSG00000233087,MONDO_0002995,"small intestine neuroendocrine tumor, well differentiated, low or intermediate grade",0.6783,False
RAB6D,ENSG00000233087,MONDO_0003090,extrahepatic bile duct carcinoma,0.5318,False
RAB6D,ENSG00000233087,MONDO_0003196,appendix carcinoma,0.5574,False
RAB6D,ENSG00000233087,MONDO_0003541,adult acute lymphoblastic leukemia,0.5635,False
RAB6D,ENSG00000233087,MONDO_0004111,refractory hematologic cancer,0.8068,False
RAB6D,ENSG00000233087,MONDO_0019456,acute myeloid leukemia with multilineage dysplasia,0.5959,False
RAB6D,ENSG00000233087,MONDO_0019457,therapy related acute myeloid leukemia and myelodysplastic syndrome,0.5332,False
RAB6D,ENSG00000233087,MONDO_0020690,adult glioblastoma,0.6334,False
RAB6D,ENSG00000233087,MONDO_0024327,chronic renal failure syndrome,0.9214,False
RAB6D,ENSG00000233087,MONDO_0044710,lip and oral cavity squamous cell carcinoma,0.6806,False
RAB6D,ENSG00000233087,MONDO_0044903,myelofibrosis,0.5687,False
RAB6D,ENSG00000233087,MONDO_0044964,oral cavity mucoepidermoid carcinoma,0.7762,False
RAB6D,ENSG00000233087,EFO_0000096,neoplasm of mature B-cells,0.6462,False
RAB6D,ENSG00000233087,EFO_0000616,neoplasm,0.5712,False
RAB6D,ENSG00000233087,EFO_0002426,neoplasm of mature T-cells or NK-cells,0.7049,False
RAB6D,ENSG00000233087,EFO_0003028,acute myeloblastic leukemia with maturation,0.8386,False
RAB6D,ENSG00000233087,EFO_0003060,non-small cell lung carcinoma,0.5819,False
RAB6D,ENSG00000233087,EFO_0003876,intermittent vascular claudication,0.6338,False
RAB6D,ENSG00000233087,EFO_0004284,upper aerodigestive tract neoplasm,0.8852,False
RAB6D,ENSG00000233087,EFO_0009780,HER2 negative breast carcinoma,0.5652,False
RAB6D,ENSG00000233087,EFO_0009878,drug interaction,0.7215,False
RAB6D,ENSG00000233087,EFO_0010580,blastic plasmacytoid dendritic cell neoplasm,0.5664,False
RAB6D,ENSG00000233087,EFO_0020003,drug toxicity,0.8663,False
RAB6D,ENSG00000233087,EFO_1000251,Fallopian Tube Carcinoma,0.685,False
RAB6D,ENSG00000233087,EFO_1000419,Ovarian Germ Cell Tumor,0.629,False
RAB6D,ENSG00000233087,EFO_1000494,Primary Peritoneal Serous Adenocarcinoma,0.5025,False
RAB6D,ENSG00000233087,EFO_1000727,lipodystrophy,0.5084,False
RAB6D,ENSG00000233087,EFO_1001013,lethal midline granuloma,0.7781,False
RAB6D,ENSG00000233087,EFO_1001100,peritoneal neoplasm,0.9077,False
RAB6D,ENSG00000233087,EFO_1001110,pituitary-dependent Cushing's disease,0.7238,False
RAB6D,ENSG00000233087,EFO_1001159,Rh isoimmunization,0.5091,False
RAB6D,ENSG00000233087,EFO_1001348,HIV-Associated Lipodystrophy Syndrome,0.8766,False
RAB6D,ENSG00000233087,EFO_1001799,incomplete abortion,0.8099,False
RAB6D,ENSG00000233087,EFO_1001934,adult acute myeloid leukemia,0.6021,False
RAB6D,ENSG00000233087,EFO_1001945,childhood acute myeloid leukemia with maturation,0.5273,False
RAB6D,ENSG00000233087,EFO_1001958,high grade ovarian serous adenocarcinoma,0.8877,False
RAB7A,ENSG00000075785,MONDO_0002995,"small intestine neuroendocrine tumor, well differentiated, low or intermediate grade",0.5762,False
RAB7A,ENSG00000075785,MONDO_0004111,refractory hematologic cancer,0.8298,False
RAB7A,ENSG00000075785,MONDO_0004992,cancer,0.5192,False
RAB7A,ENSG00000075785,MONDO_0020690,adult glioblastoma,0.8632,False
RAB7A,ENSG00000075785,MONDO_0024327,chronic renal failure syndrome,0.8881,False
RAB7A,ENSG00000075785,MONDO_0044710,lip and oral cavity squamous cell carcinoma,0.8968,False
RAB7A,ENSG00000075785,EFO_0000616,neoplasm,0.7264,False
RAB7A,ENSG00000075785,EFO_0002426,neoplasm of mature T-cells or NK-cells,0.6438,False
RAB7A,ENSG00000075785,EFO_0003028,acute myeloblastic leukemia with maturation,0.7208,False
RAB7A,ENSG00000075785,EFO_0003060,non-small cell lung carcinoma,0.5823,False
RAB7A,ENSG00000075785,EFO_0004284,upper aerodigestive tract neoplasm,0.9337,False
RAB7A,ENSG00000075785,EFO_0009878,drug interaction,0.7689,False
RAB7A,ENSG00000075785,EFO_0020003,drug toxicity,0.8528,False
RAB7A,ENSG00000075785,EFO_1000251,Fallopian Tube Carcinoma,0.5914,False
RAB7A,ENSG00000075785,EFO_1001013,lethal midline granuloma,0.6563,False
RAB7A,ENSG00000075785,EFO_1001100,peritoneal neoplasm,0.7156,False
RAB7A,ENSG00000075785,EFO_1001110,pituitary-dependent Cushing's disease,0.845,False
RAB7A,ENSG00000075785,EFO_1001348,HIV-Associated Lipodystrophy Syndrome,0.8003,False
RAB7A,ENSG00000075785,EFO_1001799,incomplete abortion,0.7732,False
RAB7A,ENSG00000075785,EFO_1001958,high grade ovarian serous adenocarcinoma,0.7371,False
RAB7B,ENSG00000276600,MONDO_0001879,anus cancer,0.7267,False
RAB7B,ENSG00000276600,MONDO_0002995,"small intestine neuroendocrine tumor, well differentiated, low or intermediate grade",0.7551,False
RAB7B,ENSG00000276600,MONDO_0003059,bile duct cancer,0.7131,False
RAB7B,ENSG00000276600,MONDO_0003090,extrahepatic bile duct carcinoma,0.8559,False
RAB7B,ENSG00000276600,MONDO_0003541,adult acute lymphoblastic leukemia,0.5214,False
RAB7B,ENSG00000276600,MONDO_0003666,fallopian tube endometrioid adenocarcinoma,0.5631,False
RAB7B,ENSG00000276600,MONDO_0004180,benign urinary system neoplasm,0.6891,False
RAB7B,ENSG00000276600,MONDO_0004222,ovarian clear cell cystadenocarcinoma,0.658,False
RAB7B,ENSG00000276600,MONDO_0005411,gallbladder cancer,0.503,False
RAB7B,ENSG00000276600,MONDO_0008318,Proteus syndrome,0.8704,False
RAB7B,ENSG00000276600,MONDO_0018521,squamous cell carcinoma of pancreas,0.6628,False
RAB7B,ENSG00000276600,MONDO_0019457,therapy related acute myeloid leukemia and myelodysplastic syndrome,0.6043,False
RAB7B,ENSG00000276600,MONDO_0024327,chronic renal failure syndrome,0.7688,False
RAB7B,ENSG00000276600,MONDO_0044889,high grade B-cell lymphoma,0.5062,False
RAB7B,ENSG00000276600,MONDO_0044964,oral cavity mucoepidermoid carcinoma,0.6877,False
RAB7B,ENSG00000276600,MONDO_0850302,intracranial meningioma,0.7782,False
RAB7B,ENSG00000276600,EFO_0000096,neoplasm of mature B-cells,0.9222,False
RAB7B,ENSG00000276600,EFO_0000196,metastatic prostate cancer,0.5001,False
RAB7B,ENSG00000276600,EFO_0000233,adenosquamous lung carcinoma,0.7563,False
RAB7B,ENSG00000276600,EFO_0000304,breast adenocarcinoma,0.7931,False
RAB7B,ENSG00000276600,EFO_0000308,bronchoalveolar adenocarcinoma,0.6867,False
RAB7B,ENSG00000276600,EFO_0000403,diffuse large B-cell lymphoma,0.6885,False
RAB7B,ENSG00000276600,EFO_0000503,gastric adenocarcinoma,0.6506,False
RAB7B,ENSG00000276600,EFO_0000685,rheumatoid arthritis,0.646,False
RAB7B,ENSG00000276600,EFO_0002426,neoplasm of mature T-cells or NK-cells,0.7319,False
RAB7B,ENSG00000276600,EFO_0002618,pancreatic carcinoma,0.5673,False
RAB7B,ENSG00000276600,EFO_0003028,acute myeloblastic leukemia with maturation,0.7428,False
RAB7B,ENSG00000276600,EFO_0003050,large cell lung carcinoma,0.5015,False
RAB7B,ENSG00000276600,EFO_0003060,non-small cell lung carcinoma,0.5474,False
RAB7B,ENSG00000276600,EFO_0003859,uterine neoplasm,0.767,False
RAB7B,ENSG00000276600,EFO_0004252,nasopharyngeal neoplasm,0.5977,False
RAB7B,ENSG00000276600,EFO_0004284,upper aerodigestive tract neoplasm,0.8672,False
RAB7B,ENSG00000276600,EFO_0004289,lymphoid leukemia,0.5989,False
RAB7B,ENSG00000276600,EFO_0004606,gallbladder neoplasm,0.7032,False
RAB7B,ENSG00000276600,EFO_0005540,bile duct carcinoma,0.5941,False
RAB7B,ENSG00000276600,EFO_0006732,pancreatic adenosquamous carcinoma,0.5827,False
RAB7B,ENSG00000276600,EFO_0006861,male breast carcinoma,0.5524,False
RAB7B,ENSG00000276600,EFO_0009780,HER2 negative breast carcinoma,0.528,False
RAB7B,ENSG00000276600,EFO_0020003,drug toxicity,0.5915,False
RAB7B,ENSG00000276600,EFO_1000044,pancreatic adenocarcinoma,0.525,False
RAB7B,ENSG00000276600,EFO_1000251,Fallopian Tube Carcinoma,0.5347,False
RAB7B,ENSG00000276600,EFO_1000419,Ovarian Germ Cell Tumor,0.5762,False
RAB7B,ENSG00000276600,EFO_1000494,Primary Peritoneal Serous Adenocarcinoma,0.6331,False
RAB7B,ENSG00000276600,EFO_1001013,lethal midline granuloma,0.5517,False
RAB7B,ENSG00000276600,EFO_1001100,peritoneal neoplasm,0.608,False
RAB7B,ENSG00000276600,EFO_1001348,HIV-Associated Lipodystrophy Syndrome,0.8706,False
RAB7B,ENSG00000276600,EFO_1001799,incomplete abortion,0.711,False
RAB7B,ENSG00000276600,EFO_1001934,adult acute myeloid leukemia,0.5598,False
RAB7B,ENSG00000276600,EFO_1001958,high grade ovarian serous adenocarcinoma,0.9635,False
RAB7B,ENSG00000276600,Orphanet_145,Hereditary breast and ovarian cancer syndrome,0.7304,False
RAB8A,ENSG00000167461,MONDO_0001879,anus cancer,0.6726,False
RAB8A,ENSG00000167461,MONDO_0002995,"small intestine neuroendocrine tumor, well differentiated, low or intermediate grade",0.7227,False
RAB8A,ENSG00000167461,MONDO_0004111,refractory hematologic cancer,0.6861,False
RAB8A,ENSG00000167461,MONDO_0020657,human papillomavirus-related squamous cell carcinoma,0.5517,False
RAB8A,ENSG00000167461,MONDO_0020690,adult glioblastoma,0.7423,False
RAB8A,ENSG00000167461,MONDO_0024327,chronic renal failure syndrome,0.7357,False
RAB8A,ENSG00000167461,MONDO_0044710,lip and oral cavity squamous cell carcinoma,0.877,False
RAB8A,ENSG00000167461,MONDO_0044964,oral cavity mucoepidermoid carcinoma,0.8352,False
RAB8A,ENSG00000167461,MONDO_0045056,grade II meningioma,0.5925,False
RAB8A,ENSG00000167461,EFO_0000096,neoplasm of mature B-cells,0.5805,False
RAB8A,ENSG00000167461,EFO_0002426,neoplasm of mature T-cells or NK-cells,0.6677,False
RAB8A,ENSG00000167461,EFO_0003028,acute myeloblastic leukemia with maturation,0.7409,False
RAB8A,ENSG00000167461,EFO_0003060,non-small cell lung carcinoma,0.5776,False
RAB8A,ENSG00000167461,EFO_0004284,upper aerodigestive tract neoplasm,0.9023,False
RAB8A,ENSG00000167461,EFO_0009780,HER2 negative breast carcinoma,0.7301,False
RAB8A,ENSG00000167461,EFO_0009878,drug interaction,0.6128,False
RAB8A,ENSG00000167461,EFO_0020003,drug toxicity,0.7638,False
RAB8A,ENSG00000167461,EFO_1000251,Fallopian Tube Carcinoma,0.7782,False
RAB8A,ENSG00000167461,EFO_1001013,lethal midline granuloma,0.7296,False
RAB8A,ENSG00000167461,EFO_1001100,peritoneal neoplasm,0.9178,False
RAB8A,ENSG00000167461,EFO_1001110,pituitary-dependent Cushing's disease,0.7086,False
RAB8A,ENSG00000167461,EFO_1001348,HIV-Associated Lipodystrophy Syndrome,0.7952,False
RAB8A,ENSG00000167461,EFO_1001799,incomplete abortion,0.6557,False
RAB8A,ENSG00000167461,EFO_1001958,high grade ovarian serous adenocarcinoma,0.8913,False
RAB8B,ENSG00000166128,MONDO_0000544,mucosal melanoma,0.6368,False
RAB8B,ENSG00000166128,MONDO_0000645,fallopian tube benign neoplasm,0.5133,False
RAB8B,ENSG00000166128,MONDO_0000956,small intestine cancer,0.5018,False
RAB8B,ENSG00000166128,MONDO_0001023,prolymphocytic leukemia,0.6804,False
RAB8B,ENSG00000166128,MONDO_0001187,urinary bladder cancer,0.8713,False
RAB8B,ENSG00000166128,MONDO_0001325,penile cancer,0.5243,False
RAB8B,ENSG00000166128,MONDO_0001402,vaginal cancer,0.6151,False
RAB8B,ENSG00000166128,MONDO_0001852,small intestine lymphoma,0.8946,False
RAB8B,ENSG00000166128,MONDO_0001879,anus cancer,0.9771,False
RAB8B,ENSG00000166128,MONDO_0002087,peritoneum cancer,0.9075,False
RAB8B,ENSG00000166128,MONDO_0002158,fallopian tube cancer,0.8886,False
RAB8B,ENSG00000166128,MONDO_0002225,ovarian sarcoma,0.8744,False
RAB8B,ENSG00000166128,MONDO_0002537,inverted papilloma,0.6159,False
RAB8B,ENSG00000166128,MONDO_0002586,thymus cancer,0.9095,False
RAB8B,ENSG00000166128,MONDO_0002716,childhood spinal cord tumor,0.6941,False
RAB8B,ENSG00000166128,MONDO_0002744,fallopian tube mucinous adenocarcinoma,0.5658,False
RAB8B,ENSG00000166128,MONDO_0002833,fallopian tube transitional cell carcinoma,0.7517,False
RAB8B,ENSG00000166128,MONDO_0002995,"small intestine neuroendocrine tumor, well differentiated, low or intermediate grade",0.879,False
RAB8B,ENSG00000166128,MONDO_0003059,bile duct cancer,0.7512,False
RAB8B,ENSG00000166128,MONDO_0003089,extrahepatic bile duct mucoepidermoid carcinoma,0.6946,False
RAB8B,ENSG00000166128,MONDO_0003090,extrahepatic bile duct carcinoma,0.9752,False
RAB8B,ENSG00000166128,MONDO_0003153,adult brainstem glioma,0.5968,False
RAB8B,ENSG00000166128,MONDO_0003196,appendix carcinoma,0.8869,False
RAB8B,ENSG00000166128,MONDO_0003212,nasal cavity carcinoma,0.6951,False
RAB8B,ENSG00000166128,MONDO_0003268,mixed glioma,0.6259,False
RAB8B,ENSG00000166128,MONDO_0003383,fallopian tube clear cell adenocarcinoma,0.7049,False
RAB8B,ENSG00000166128,MONDO_0003478,childhood ependymoma,0.8997,False
RAB8B,ENSG00000166128,MONDO_0003503,fallopian tube squamous cell carcinoma,0.7513,False
RAB8B,ENSG00000166128,MONDO_0003541,adult acute lymphoblastic leukemia,0.9627,False
RAB8B,ENSG00000166128,MONDO_0003572,nasopharyngeal type undifferentiated carcinoma,0.7369,False
RAB8B,ENSG00000166128,MONDO_0003659,pediatric lymphoma,0.7147,False
RAB8B,ENSG00000166128,MONDO_0003660,adult lymphoma,0.8274,False
RAB8B,ENSG00000166128,MONDO_0003666,fallopian tube endometrioid adenocarcinoma,0.7885,False
RAB8B,ENSG00000166128,MONDO_0003692,adult malignant mesenchymoma,0.7371,False
RAB8B,ENSG00000166128,MONDO_0003751,childhood germ cell tumor,0.5701,False
RAB8B,ENSG00000166128,MONDO_0003856,adult malignant hemangiopericytoma,0.7182,False
RAB8B,ENSG00000166128,MONDO_0003869,childhood brain stem glioma,0.8859,False
RAB8B,ENSG00000166128,MONDO_0003874,ovarian serous surface papillary adenocarcinoma,0.9255,False
RAB8B,ENSG00000166128,MONDO_0003982,bilateral breast carcinoma,0.6319,False
RAB8B,ENSG00000166128,MONDO_0004064,iris melanoma,0.7154,False
RAB8B,ENSG00000166128,MONDO_0004110,refractory hairy cell leukemia,0.5876,False
RAB8B,ENSG00000166128,MONDO_0004111,refractory hematologic cancer,0.9129,False
RAB8B,ENSG00000166128,MONDO_0004180,benign urinary system neoplasm,0.8382,False
RAB8B,ENSG00000166128,MONDO_0004192,urethra cancer,0.54,False
RAB8B,ENSG00000166128,MONDO_0004222,ovarian clear cell cystadenocarcinoma,0.9275,False
RAB8B,ENSG00000166128,MONDO_0004374,adult extraskeletal osteosarcoma,0.6283,False
RAB8B,ENSG00000166128,MONDO_0004658,breast carcinoma in situ,0.6506,False
RAB8B,ENSG00000166128,MONDO_0004992,cancer,0.8736,False
RAB8B,ENSG00000166128,MONDO_0005411,gallbladder cancer,0.7965,False
RAB8B,ENSG00000166128,MONDO_0007254,breast cancer,0.7747,False
RAB8B,ENSG00000166128,MONDO_0008170,ovarian cancer,0.8138,False
RAB8B,ENSG00000166128,MONDO_0008315,prostate cancer,0.8223,False
RAB8B,ENSG00000166128,MONDO_0008318,Proteus syndrome,0.9838,False
RAB8B,ENSG00000166128,MONDO_0008867,biliary atresia,0.5131,False
RAB8B,ENSG00000166128,MONDO_0015686,primary peritoneal carcinoma,0.5679,False
RAB8B,ENSG00000166128,MONDO_0016216,adult hepatocellular carcinoma,0.9043,False
RAB8B,ENSG00000166128,MONDO_0017346,Epstein-Barr virus-positive diffuse large B-cell lymphoma of the elderly,0.7382,False
RAB8B,ENSG00000166128,MONDO_0018044,idiopathic hypersomnia,0.5821,False
RAB8B,ENSG00000166128,MONDO_0018364,malignant epithelial tumor of ovary,0.5328,False
RAB8B,ENSG00000166128,MONDO_0018521,squamous cell carcinoma of pancreas,0.9177,False
RAB8B,ENSG00000166128,MONDO_0018542,severe congenital neutropenia,0.6278,False
RAB8B,ENSG00000166128,MONDO_0019456,acute myeloid leukemia with multilineage dysplasia,0.8711,False
RAB8B,ENSG00000166128,MONDO_0019457,therapy related acute myeloid leukemia and myelodysplastic syndrome,0.9405,False
RAB8B,ENSG00000166128,MONDO_0019460,acute leukemia of ambiguous lineage,0.5628,False
RAB8B,ENSG00000166128,MONDO_0019465,nodal marginal zone B-cell lymphoma,0.5057,False
RAB8B,ENSG00000166128,MONDO_0019992,pseudohypoparathyroidism,0.5048,False
RAB8B,ENSG00000166128,MONDO_0020077,myelodysplastic/myeloproliferative disease,0.8229,False
RAB8B,ENSG00000166128,MONDO_0020541,maligant granulosa cell tumor of ovary,0.6142,False
RAB8B,ENSG00000166128,MONDO_0020657,human papillomavirus-related squamous cell carcinoma,0.9291,False
RAB8B,ENSG00000166128,MONDO_0020690,adult glioblastoma,0.9243,False
RAB8B,ENSG00000166128,MONDO_0020743,mixed phenotype acute leukemia,0.5603,False
RAB8B,ENSG00000166128,MONDO_0021063,malignant colon neoplasm,0.8407,False
RAB8B,ENSG00000166128,MONDO_0021074,precancerous condition,0.7063,False
RAB8B,ENSG00000166128,MONDO_0021115,luminal B breast carcinoma,0.6192,False
RAB8B,ENSG00000166128,MONDO_0021321,malignant tumor of extrahepatic bile duct,0.8263,False
RAB8B,ENSG00000166128,MONDO_0021538,verrucous carcinoma of oral cavity,0.5091,False
RAB8B,ENSG00000166128,MONDO_0021633,cerebral astrocytoma,0.6954,False
RAB8B,ENSG00000166128,MONDO_0024327,chronic renal failure syndrome,0.8744,False
RAB8B,ENSG00000166128,MONDO_0036501,refractory malignant neoplasm,0.7084,False
RAB8B,ENSG00000166128,MONDO_0040678,infiltrating urothelial carcinoma,0.897,False
RAB8B,ENSG00000166128,MONDO_0041052,postherpetic neuralgia,0.6551,False
RAB8B,ENSG00000166128,MONDO_0044710,lip and oral cavity squamous cell carcinoma,0.916,False
RAB8B,ENSG00000166128,MONDO_0044787,nasal cavity and paranasal sinus squamous cell carcinoma,0.9233,False
RAB8B,ENSG00000166128,MONDO_0044887,central nervous system non-hodgkin lymphoma,0.7453,False
RAB8B,ENSG00000166128,MONDO_0044889,high grade B-cell lymphoma,0.5265,False
RAB8B,ENSG00000166128,MONDO_0044903,myelofibrosis,0.6885,False
RAB8B,ENSG00000166128,MONDO_0044964,oral cavity mucoepidermoid carcinoma,0.9794,False
RAB8B,ENSG00000166128,MONDO_0045056,grade II meningioma,0.8322,False
RAB8B,ENSG00000166128,MONDO_0100342,malignant glioma,0.5986,False
RAB8B,ENSG00000166128,MONDO_0100431,migraine without aura,0.5952,False
RAB8B,ENSG00000166128,MONDO_0850302,intracranial meningioma,0.7645,False
RAB8B,ENSG00000166128,EFO_0000095,chronic lymphocytic leukemia,0.7787,False
RAB8B,ENSG00000166128,EFO_0000096,neoplasm of mature B-cells,0.9752,False
RAB8B,ENSG00000166128,EFO_0000196,metastatic prostate cancer,0.7428,False
RAB8B,ENSG00000166128,EFO_0000198,myelodysplastic syndrome,0.6282,False
RAB8B,ENSG00000166128,EFO_0000211,unspecified peripheral T-cell lymphoma,0.6961,False
RAB8B,ENSG00000166128,EFO_0000220,acute lymphoblastic leukemia,0.5232,False
RAB8B,ENSG00000166128,EFO_0000221,acute monocytic leukemia,0.7054,False
RAB8B,ENSG00000166128,EFO_0000222,acute myeloid leukemia,0.5537,False
RAB8B,ENSG00000166128,EFO_0000223,acute myelomonocytic leukemia,0.7417,False
RAB8B,ENSG00000166128,EFO_0000233,adenosquamous lung carcinoma,0.9111,False
RAB8B,ENSG00000166128,EFO_0000278,pancreatitis,0.5274,False
RAB8B,ENSG00000166128,EFO_0000304,breast adenocarcinoma,0.8766,False
RAB8B,ENSG00000166128,EFO_0000305,breast carcinoma,0.6245,False
RAB8B,ENSG00000166128,EFO_0000308,bronchoalveolar adenocarcinoma,0.8099,False
RAB8B,ENSG00000166128,EFO_0000330,childhood acute myeloid leukemia,0.8998,False
RAB8B,ENSG00000166128,EFO_0000403,diffuse large B-cell lymphoma,0.7698,False
RAB8B,ENSG00000166128,EFO_0000565,leukemia,0.6688,False
RAB8B,ENSG00000166128,EFO_0000574,lymphoma,0.6651,False
RAB8B,ENSG00000166128,EFO_0000616,neoplasm,0.8454,False
RAB8B,ENSG00000166128,EFO_0000673,prostate adenocarcinoma,0.6193,False
RAB8B,ENSG00000166128,EFO_0000756,melanoma,0.6636,False
RAB8B,ENSG00000166128,EFO_0001378,multiple myeloma,0.7168,False
RAB8B,ENSG00000166128,EFO_0001642,lymphoid neoplasm,0.8174,False
RAB8B,ENSG00000166128,EFO_0001663,prostate carcinoma,0.7861,False
RAB8B,ENSG00000166128,EFO_0002426,neoplasm of mature T-cells or NK-cells,0.9292,False
RAB8B,ENSG00000166128,EFO_0002618,pancreatic carcinoma,0.8952,False
RAB8B,ENSG00000166128,EFO_0003025,acute megakaryoblastic leukaemia,0.5868,False
RAB8B,ENSG00000166128,EFO_0003026,minimally differentiated acute myeloblastic leukemia,0.72,False
RAB8B,ENSG00000166128,EFO_0003027,acute myeloblastic leukemia without maturation,0.9314,False
RAB8B,ENSG00000166128,EFO_0003028,acute myeloblastic leukemia with maturation,0.9832,False
RAB8B,ENSG00000166128,EFO_0003050,large cell lung carcinoma,0.6524,False
RAB8B,ENSG00000166128,EFO_0003060,non-small cell lung carcinoma,0.9454,False
RAB8B,ENSG00000166128,EFO_0003846,urethral neoplasm,0.5387,False
RAB8B,ENSG00000166128,EFO_0003859,uterine neoplasm,0.8082,False
RAB8B,ENSG00000166128,EFO_0003866,paranasal sinus neoplasm,0.6518,False
RAB8B,ENSG00000166128,EFO_0003869,breast neoplasm,0.8443,False
RAB8B,ENSG00000166128,EFO_0003876,intermittent vascular claudication,0.6046,False
RAB8B,ENSG00000166128,EFO_0003891,biliary tract neoplasm,0.8029,False
RAB8B,ENSG00000166128,EFO_0004252,nasopharyngeal neoplasm,0.7464,False
RAB8B,ENSG00000166128,EFO_0004284,upper aerodigestive tract neoplasm,0.9836,False
RAB8B,ENSG00000166128,EFO_0004289,lymphoid leukemia,0.8433,False
RAB8B,ENSG00000166128,EFO_0004599,acute graft vs. host disease,0.632,False
RAB8B,ENSG00000166128,EFO_0004606,gallbladder neoplasm,0.7348,False
RAB8B,ENSG00000166128,EFO_0005537,triple-negative breast cancer,0.7958,False
RAB8B,ENSG00000166128,EFO_0005540,bile duct carcinoma,0.5793,False
RAB8B,ENSG00000166128,EFO_0005952,non-Hodgkins lymphoma,0.713,False
RAB8B,ENSG00000166128,EFO_0006732,pancreatic adenosquamous carcinoma,0.6732,False
RAB8B,ENSG00000166128,EFO_0006861,male breast carcinoma,0.9612,False
RAB8B,ENSG00000166128,EFO_0007532,uterine corpus cancer,0.7936,False
RAB8B,ENSG00000166128,EFO_0007535,verrucous carcinoma,0.5393,False
RAB8B,ENSG00000166128,EFO_0008585,ST Elevation Myocardial Infarction,0.6264,False
RAB8B,ENSG00000166128,EFO_0009443,BRCAX breast cancer,0.6266,False
RAB8B,ENSG00000166128,EFO_0009582,sprain,0.6137,False
RAB8B,ENSG00000166128,EFO_0009780,HER2 negative breast carcinoma,0.9462,False
RAB8B,ENSG00000166128,EFO_0009878,drug interaction,0.9349,False
RAB8B,ENSG00000166128,EFO_0010580,blastic plasmacytoid dendritic cell neoplasm,0.8501,False
RAB8B,ENSG00000166128,EFO_0010832,primary central chondrosarcoma,0.7576,False
RAB8B,ENSG00000166128,EFO_0020003,drug toxicity,0.885,False
RAB8B,ENSG00000166128,EFO_0700108,non-infectious posterior uveitis,0.5133,False
RAB8B,ENSG00000166128,EFO_1000044,pancreatic adenocarcinoma,0.6613,False
RAB8B,ENSG00000166128,EFO_1000059,cervical artery dissection,0.6196,False
RAB8B,ENSG00000166128,EFO_1000131,"Blast Phase Chronic Myelogenous Leukemia, BCR-ABL1 Positive",0.9128,False
RAB8B,ENSG00000166128,EFO_1000142,Brain Stem Glioma,0.5117,False
RAB8B,ENSG00000166128,EFO_1000231,Endometrial Clear Cell Adenocarcinoma,0.5212,False
RAB8B,ENSG00000166128,EFO_1000238,Endometrial Serous Adenocarcinoma,0.6302,False
RAB8B,ENSG00000166128,EFO_1000251,Fallopian Tube Carcinoma,0.9055,False
RAB8B,ENSG00000166128,EFO_1000253,Fallopian Tube Serous Adenocarcinoma,0.6974,False
RAB8B,ENSG00000166128,EFO_1000294,HER2 Positive Breast Carcinoma,0.6572,False
RAB8B,ENSG00000166128,EFO_1000357,Malignant Ovarian Brenner Tumor,0.7681,False
RAB8B,ENSG00000166128,EFO_1000407,Olfactory Neuroblastoma,0.6528,False
RAB8B,ENSG00000166128,EFO_1000412,Ovarian Carcinosarcoma,0.7753,False
RAB8B,ENSG00000166128,EFO_1000419,Ovarian Germ Cell Tumor,0.9542,False
RAB8B,ENSG00000166128,EFO_1000494,Primary Peritoneal Serous Adenocarcinoma,0.8638,False
RAB8B,ENSG00000166128,EFO_1000616,Uveal Melanoma,0.8679,False
RAB8B,ENSG00000166128,EFO_1000649,estrogen-receptor positive breast cancer,0.5894,False
RAB8B,ENSG00000166128,EFO_1000657,rectum cancer,0.6459,False
RAB8B,ENSG00000166128,EFO_1000727,lipodystrophy,0.5089,False
RAB8B,ENSG00000166128,EFO_1001013,lethal midline granuloma,0.9686,False
RAB8B,ENSG00000166128,EFO_1001100,peritoneal neoplasm,0.9873,False
RAB8B,ENSG00000166128,EFO_1001110,pituitary-dependent Cushing's disease,0.9101,False
RAB8B,ENSG00000166128,EFO_1001257,acute erythroblastic leukemia,0.9402,False
RAB8B,ENSG00000166128,EFO_1001348,HIV-Associated Lipodystrophy Syndrome,0.9172,False
RAB8B,ENSG00000166128,EFO_1001779,chronic myelomonocytic leukemia,0.5608,False
RAB8B,ENSG00000166128,EFO_1001799,incomplete abortion,0.5141,False
RAB8B,ENSG00000166128,EFO_1001830,precursor T-cell lymphoblastic leukemia-lymphoma,0.85,False
RAB8B,ENSG00000166128,EFO_1001932,adult acute megakaryoblastic leukemia,0.8296,False
RAB8B,ENSG00000166128,EFO_1001933,adult acute monocytic leukemia,0.9043,False
RAB8B,ENSG00000166128,EFO_1001934,adult acute myeloid leukemia,0.9527,False
RAB8B,ENSG00000166128,EFO_1001935,adult B acute lymphoblastic leukemia,0.8582,False
RAB8B,ENSG00000166128,EFO_1001936,adult T acute lymphoblastic leukemia,0.588,False
RAB8B,ENSG00000166128,EFO_1001945,childhood acute myeloid leukemia with maturation,0.9369,False
RAB8B,ENSG00000166128,EFO_1001946,childhood B acute lymphoblastic leukemia,0.8355,False
RAB8B,ENSG00000166128,EFO_1001947,childhood T acute lymphoblastic leukemia,0.7849,False
RAB8B,ENSG00000166128,EFO_1001952,endometrial adenosquamous carcinoma,0.8892,False
RAB8B,ENSG00000166128,EFO_1001953,"endometrial endometrioid adenocarcinoma, variant with squamous differentiation",0.7278,False
RAB8B,ENSG00000166128,EFO_1001958,high grade ovarian serous adenocarcinoma,0.9911,False
RAB8B,ENSG00000166128,EFO_1001959,hilar cholangiocarcinoma,0.8136,False
RAB8B,ENSG00000166128,EFO_1001963,ovarian mucinous cystadenocarcinoma,0.8262,False
RAB8B,ENSG00000166128,EFO_1001973,ureter urothelial carcinoma,0.6965,False
RAB8B,ENSG00000166128,EFO_1002001,core binding factor acute myeloid leukemia,0.9264,False
RAB8B,ENSG00000166128,Orphanet_145,Hereditary breast and ovarian cancer syndrome,0.9193,False
RAB8B,ENSG00000166128,Orphanet_273,Steinert myotonic dystrophy,0.5331,False
RAB8B,ENSG00000166128,Orphanet_325690,Genetic disorder of sex development,0.6225,False
RAB9A,ENSG00000123595,MONDO_0001187,urinary bladder cancer,0.6016,False
RAB9A,ENSG00000123595,MONDO_0001852,small intestine lymphoma,0.6127,False
RAB9A,ENSG00000123595,MONDO_0001879,anus cancer,0.943,False
RAB9A,ENSG00000123595,MONDO_0002087,peritoneum cancer,0.7416,False
RAB9A,ENSG00000123595,MONDO_0002158,fallopian tube cancer,0.6582,False
RAB9A,ENSG00000123595,MONDO_0002225,ovarian sarcoma,0.6622,False
RAB9A,ENSG00000123595,MONDO_0002586,thymus cancer,0.7988,False
RAB9A,ENSG00000123595,MONDO_0002833,fallopian tube transitional cell carcinoma,0.5983,False
RAB9A,ENSG00000123595,MONDO_0002995,"small intestine neuroendocrine tumor, well differentiated, low or intermediate grade",0.8615,False
RAB9A,ENSG00000123595,MONDO_0003033,prostate angiosarcoma,0.645,False
RAB9A,ENSG00000123595,MONDO_0003090,extrahepatic bile duct carcinoma,0.8147,False
RAB9A,ENSG00000123595,MONDO_0003196,appendix carcinoma,0.5048,False
RAB9A,ENSG00000123595,MONDO_0003478,childhood ependymoma,0.7275,False
RAB9A,ENSG00000123595,MONDO_0003503,fallopian tube squamous cell carcinoma,0.577,False
RAB9A,ENSG00000123595,MONDO_0003541,adult acute lymphoblastic leukemia,0.746,False
RAB9A,ENSG00000123595,MONDO_0003660,adult lymphoma,0.5642,False
RAB9A,ENSG00000123595,MONDO_0003869,childhood brain stem glioma,0.6291,False
RAB9A,ENSG00000123595,MONDO_0003874,ovarian serous surface papillary adenocarcinoma,0.7954,False
RAB9A,ENSG00000123595,MONDO_0004111,refractory hematologic cancer,0.6879,False
RAB9A,ENSG00000123595,MONDO_0004180,benign urinary system neoplasm,0.6227,False
RAB9A,ENSG00000123595,MONDO_0004222,ovarian clear cell cystadenocarcinoma,0.7141,False
RAB9A,ENSG00000123595,MONDO_0004992,cancer,0.7384,False
RAB9A,ENSG00000123595,MONDO_0005411,gallbladder cancer,0.5122,False
RAB9A,ENSG00000123595,MONDO_0007254,breast cancer,0.7131,False
RAB9A,ENSG00000123595,MONDO_0008170,ovarian cancer,0.5144,False
RAB9A,ENSG00000123595,MONDO_0008315,prostate cancer,0.8261,False
RAB9A,ENSG00000123595,MONDO_0008318,Proteus syndrome,0.9127,False
RAB9A,ENSG00000123595,MONDO_0016216,adult hepatocellular carcinoma,0.6689,False
RAB9A,ENSG00000123595,MONDO_0018521,squamous cell carcinoma of pancreas,0.6571,False
RAB9A,ENSG00000123595,MONDO_0019456,acute myeloid leukemia with multilineage dysplasia,0.7411,False
RAB9A,ENSG00000123595,MONDO_0019457,therapy related acute myeloid leukemia and myelodysplastic syndrome,0.7257,False
RAB9A,ENSG00000123595,MONDO_0020657,human papillomavirus-related squamous cell carcinoma,0.8177,False
RAB9A,ENSG00000123595,MONDO_0020690,adult glioblastoma,0.8667,False
RAB9A,ENSG00000123595,MONDO_0021074,precancerous condition,0.6405,False
RAB9A,ENSG00000123595,MONDO_0021115,luminal B breast carcinoma,0.6412,False
RAB9A,ENSG00000123595,MONDO_0021538,verrucous carcinoma of oral cavity,0.603,False
RAB9A,ENSG00000123595,MONDO_0024327,chronic renal failure syndrome,0.6801,False
RAB9A,ENSG00000123595,MONDO_0040678,infiltrating urothelial carcinoma,0.7025,False
RAB9A,ENSG00000123595,MONDO_0044710,lip and oral cavity squamous cell carcinoma,0.961,False
RAB9A,ENSG00000123595,MONDO_0044787,nasal cavity and paranasal sinus squamous cell carcinoma,0.8057,False
RAB9A,ENSG00000123595,MONDO_0044964,oral cavity mucoepidermoid carcinoma,0.9573,False
RAB9A,ENSG00000123595,MONDO_0045056,grade II meningioma,0.8488,False
RAB9A,ENSG00000123595,MONDO_0850302,intracranial meningioma,0.5755,False
RAB9A,ENSG00000123595,EFO_0000096,neoplasm of mature B-cells,0.765,False
RAB9A,ENSG00000123595,EFO_0000196,metastatic prostate cancer,0.6809,False
RAB9A,ENSG00000123595,EFO_0000198,myelodysplastic syndrome,0.5351,False
RAB9A,ENSG00000123595,EFO_0000233,adenosquamous lung carcinoma,0.6959,False
RAB9A,ENSG00000123595,EFO_0000304,breast adenocarcinoma,0.7858,False
RAB9A,ENSG00000123595,EFO_0000308,bronchoalveolar adenocarcinoma,0.608,False
RAB9A,ENSG00000123595,EFO_0000330,childhood acute myeloid leukemia,0.5627,False
RAB9A,ENSG00000123595,EFO_0000574,lymphoma,0.5066,False
RAB9A,ENSG00000123595,EFO_0000616,neoplasm,0.8185,False
RAB9A,ENSG00000123595,EFO_0000673,prostate adenocarcinoma,0.5547,False
RAB9A,ENSG00000123595,EFO_0000756,melanoma,0.5192,False
RAB9A,ENSG00000123595,EFO_0001663,prostate carcinoma,0.6757,False
RAB9A,ENSG00000123595,EFO_0002426,neoplasm of mature T-cells or NK-cells,0.8379,False
RAB9A,ENSG00000123595,EFO_0002618,pancreatic carcinoma,0.7599,False
RAB9A,ENSG00000123595,EFO_0003027,acute myeloblastic leukemia without maturation,0.6653,False
RAB9A,ENSG00000123595,EFO_0003028,acute myeloblastic leukemia with maturation,0.9413,False
RAB9A,ENSG00000123595,EFO_0003060,non-small cell lung carcinoma,0.912,False
RAB9A,ENSG00000123595,EFO_0003859,uterine neoplasm,0.7099,False
RAB9A,ENSG00000123595,EFO_0003869,breast neoplasm,0.627,False
RAB9A,ENSG00000123595,EFO_0003891,biliary tract neoplasm,0.5111,False
RAB9A,ENSG00000123595,EFO_0004284,upper aerodigestive tract neoplasm,0.9588,False
RAB9A,ENSG00000123595,EFO_0004289,lymphoid leukemia,0.5172,False
RAB9A,ENSG00000123595,EFO_0005537,triple-negative breast cancer,0.8371,False
RAB9A,ENSG00000123595,EFO_0006861,male breast carcinoma,0.8856,False
RAB9A,ENSG00000123595,EFO_0007532,uterine corpus cancer,0.701,False
RAB9A,ENSG00000123595,EFO_0009443,BRCAX breast cancer,0.6805,False
RAB9A,ENSG00000123595,EFO_0009780,HER2 negative breast carcinoma,0.9191,False
RAB9A,ENSG00000123595,EFO_0009878,drug interaction,0.7524,False
RAB9A,ENSG00000123595,EFO_0010832,primary central chondrosarcoma,0.5068,False
RAB9A,ENSG00000123595,EFO_0020003,drug toxicity,0.6878,False
RAB9A,ENSG00000123595,EFO_1000044,pancreatic adenocarcinoma,0.5068,False
RAB9A,ENSG00000123595,EFO_1000131,"Blast Phase Chronic Myelogenous Leukemia, BCR-ABL1 Positive",0.6581,False
RAB9A,ENSG00000123595,EFO_1000238,Endometrial Serous Adenocarcinoma,0.5531,False
RAB9A,ENSG00000123595,EFO_1000251,Fallopian Tube Carcinoma,0.7889,False
RAB9A,ENSG00000123595,EFO_1000253,Fallopian Tube Serous Adenocarcinoma,0.5302,False
RAB9A,ENSG00000123595,EFO_1000294,HER2 Positive Breast Carcinoma,0.6956,False
RAB9A,ENSG00000123595,EFO_1000412,Ovarian Carcinosarcoma,0.5856,False
RAB9A,ENSG00000123595,EFO_1000419,Ovarian Germ Cell Tumor,0.8055,False
RAB9A,ENSG00000123595,EFO_1000494,Primary Peritoneal Serous Adenocarcinoma,0.6158,False
RAB9A,ENSG00000123595,EFO_1000616,Uveal Melanoma,0.7498,False
RAB9A,ENSG00000123595,EFO_1000649,estrogen-receptor positive breast cancer,0.6687,False
RAB9A,ENSG00000123595,EFO_1001013,lethal midline granuloma,0.9307,False
RAB9A,ENSG00000123595,EFO_1001100,peritoneal neoplasm,0.937,False
RAB9A,ENSG00000123595,EFO_1001110,pituitary-dependent Cushing's disease,0.8866,False
RAB9A,ENSG00000123595,EFO_1001257,acute erythroblastic leukemia,0.6188,False
RAB9A,ENSG00000123595,EFO_1001348,HIV-Associated Lipodystrophy Syndrome,0.858,False
RAB9A,ENSG00000123595,EFO_1001799,incomplete abortion,0.6371,False
RAB9A,ENSG00000123595,EFO_1001933,adult acute monocytic leukemia,0.5553,False
RAB9A,ENSG00000123595,EFO_1001934,adult acute myeloid leukemia,0.7512,False
RAB9A,ENSG00000123595,EFO_1001945,childhood acute myeloid leukemia with maturation,0.7164,False
RAB9A,ENSG00000123595,EFO_1001952,endometrial adenosquamous carcinoma,0.65,False
RAB9A,ENSG00000123595,EFO_1001958,high grade ovarian serous adenocarcinoma,0.9839,False
RAB9A,ENSG00000123595,EFO_1001963,ovarian mucinous cystadenocarcinoma,0.5774,False
RAB9A,ENSG00000123595,EFO_1002001,core binding factor acute myeloid leukemia,0.7585,False
RAB9A,ENSG00000123595,Orphanet_145,Hereditary breast and ovarian cancer syndrome,0.8467,False
RAB9B,ENSG00000123570,MONDO_0001056,gastric cancer,0.6509,False
RAB9B,ENSG00000123570,MONDO_0001187,urinary bladder cancer,0.7351,False
RAB9B,ENSG00000123570,MONDO_0001402,vaginal cancer,0.5039,False
RAB9B,ENSG00000123570,MONDO_0001852,small intestine lymphoma,0.7613,False
RAB9B,ENSG00000123570,MONDO_0001879,anus cancer,0.9774,False
RAB9B,ENSG00000123570,MONDO_0002087,peritoneum cancer,0.8026,False
RAB9B,ENSG00000123570,MONDO_0002158,fallopian tube cancer,0.7836,False
RAB9B,ENSG00000123570,MONDO_0002225,ovarian sarcoma,0.7243,False
RAB9B,ENSG00000123570,MONDO_0002586,thymus cancer,0.9155,False
RAB9B,ENSG00000123570,MONDO_0002744,fallopian tube mucinous adenocarcinoma,0.5322,False
RAB9B,ENSG00000123570,MONDO_0002833,fallopian tube transitional cell carcinoma,0.7059,False
RAB9B,ENSG00000123570,MONDO_0002974,cervical cancer,0.6212,False
RAB9B,ENSG00000123570,MONDO_0002995,"small intestine neuroendocrine tumor, well differentiated, low or intermediate grade",0.893,False
RAB9B,ENSG00000123570,MONDO_0003033,prostate angiosarcoma,0.6663,False
RAB9B,ENSG00000123570,MONDO_0003059,bile duct cancer,0.7614,False
RAB9B,ENSG00000123570,MONDO_0003060,biliary tract cancer,0.5463,False
RAB9B,ENSG00000123570,MONDO_0003089,extrahepatic bile duct mucoepidermoid carcinoma,0.695,False
RAB9B,ENSG00000123570,MONDO_0003090,extrahepatic bile duct carcinoma,0.9401,False
RAB9B,ENSG00000123570,MONDO_0003196,appendix carcinoma,0.6749,False
RAB9B,ENSG00000123570,MONDO_0003268,mixed glioma,0.5038,False
RAB9B,ENSG00000123570,MONDO_0003383,fallopian tube clear cell adenocarcinoma,0.6069,False
RAB9B,ENSG00000123570,MONDO_0003478,childhood ependymoma,0.8758,False
RAB9B,ENSG00000123570,MONDO_0003503,fallopian tube squamous cell carcinoma,0.7678,False
RAB9B,ENSG00000123570,MONDO_0003541,adult acute lymphoblastic leukemia,0.8957,False
RAB9B,ENSG00000123570,MONDO_0003572,nasopharyngeal type undifferentiated carcinoma,0.6652,False
RAB9B,ENSG00000123570,MONDO_0003659,pediatric lymphoma,0.6408,False
RAB9B,ENSG00000123570,MONDO_0003660,adult lymphoma,0.7584,False
RAB9B,ENSG00000123570,MONDO_0003666,fallopian tube endometrioid adenocarcinoma,0.7249,False
RAB9B,ENSG00000123570,MONDO_0003692,adult malignant mesenchymoma,0.5812,False
RAB9B,ENSG00000123570,MONDO_0003856,adult malignant hemangiopericytoma,0.5367,False
RAB9B,ENSG00000123570,MONDO_0003869,childhood brain stem glioma,0.608,False
RAB9B,ENSG00000123570,MONDO_0003874,ovarian serous surface papillary adenocarcinoma,0.9095,False
RAB9B,ENSG00000123570,MONDO_0003890,infiltrating bladder urothelial carcinoma,0.5602,False
RAB9B,ENSG00000123570,MONDO_0003936,invasive tubular breast carcinoma,0.6274,False
RAB9B,ENSG00000123570,MONDO_0003950,nipple carcinoma,0.5865,False
RAB9B,ENSG00000123570,MONDO_0003982,bilateral breast carcinoma,0.5295,False
RAB9B,ENSG00000123570,MONDO_0004064,iris melanoma,0.556,False
RAB9B,ENSG00000123570,MONDO_0004111,refractory hematologic cancer,0.7254,False
RAB9B,ENSG00000123570,MONDO_0004180,benign urinary system neoplasm,0.796,False
RAB9B,ENSG00000123570,MONDO_0004222,ovarian clear cell cystadenocarcinoma,0.8896,False
RAB9B,ENSG00000123570,MONDO_0004658,breast carcinoma in situ,0.7349,False
RAB9B,ENSG00000123570,MONDO_0004992,cancer,0.8684,False
RAB9B,ENSG00000123570,MONDO_0005411,gallbladder cancer,0.8022,False
RAB9B,ENSG00000123570,MONDO_0007254,breast cancer,0.8149,False
RAB9B,ENSG00000123570,MONDO_0008170,ovarian cancer,0.7189,False
RAB9B,ENSG00000123570,MONDO_0008315,prostate cancer,0.8606,False
RAB9B,ENSG00000123570,MONDO_0008318,Proteus syndrome,0.9762,False
RAB9B,ENSG00000123570,MONDO_0008903,lung cancer,0.5426,False
RAB9B,ENSG00000123570,MONDO_0011962,endometrial cancer,0.6613,False
RAB9B,ENSG00000123570,MONDO_0016216,adult hepatocellular carcinoma,0.8446,False
RAB9B,ENSG00000123570,MONDO_0016642,meningioma,0.5835,False
RAB9B,ENSG00000123570,MONDO_0017346,Epstein-Barr virus-positive diffuse large B-cell lymphoma of the elderly,0.6423,False
RAB9B,ENSG00000123570,MONDO_0018521,squamous cell carcinoma of pancreas,0.8919,False
RAB9B,ENSG00000123570,MONDO_0019456,acute myeloid leukemia with multilineage dysplasia,0.8196,False
RAB9B,ENSG00000123570,MONDO_0019457,therapy related acute myeloid leukemia and myelodysplastic syndrome,0.8948,False
RAB9B,ENSG00000123570,MONDO_0019460,acute leukemia of ambiguous lineage,0.5055,False
RAB9B,ENSG00000123570,MONDO_0020077,myelodysplastic/myeloproliferative disease,0.5982,False
RAB9B,ENSG00000123570,MONDO_0020657,human papillomavirus-related squamous cell carcinoma,0.884,False
RAB9B,ENSG00000123570,MONDO_0020690,adult glioblastoma,0.8797,False
RAB9B,ENSG00000123570,MONDO_0020743,mixed phenotype acute leukemia,0.5601,False
RAB9B,ENSG00000123570,MONDO_0021063,malignant colon neoplasm,0.7088,False
RAB9B,ENSG00000123570,MONDO_0021074,precancerous condition,0.758,False
RAB9B,ENSG00000123570,MONDO_0021115,luminal B breast carcinoma,0.8011,False
RAB9B,ENSG00000123570,MONDO_0021321,malignant tumor of extrahepatic bile duct,0.5264,False
RAB9B,ENSG00000123570,MONDO_0021535,pancreatic neuroendocrine tumor G1,0.6482,False
RAB9B,ENSG00000123570,MONDO_0021538,verrucous carcinoma of oral cavity,0.5237,False
RAB9B,ENSG00000123570,MONDO_0024327,chronic renal failure syndrome,0.7152,False
RAB9B,ENSG00000123570,MONDO_0036501,refractory malignant neoplasm,0.6887,False
RAB9B,ENSG00000123570,MONDO_0040678,infiltrating urothelial carcinoma,0.8656,False
RAB9B,ENSG00000123570,MONDO_0044710,lip and oral cavity squamous cell carcinoma,0.9475,False
RAB9B,ENSG00000123570,MONDO_0044787,nasal cavity and paranasal sinus squamous cell carcinoma,0.9154,False
RAB9B,ENSG00000123570,MONDO_0044887,central nervous system non-hodgkin lymphoma,0.5514,False
RAB9B,ENSG00000123570,MONDO_0044903,myelofibrosis,0.5168,False
RAB9B,ENSG00000123570,MONDO_0044964,oral cavity mucoepidermoid carcinoma,0.9781,False
RAB9B,ENSG00000123570,MONDO_0045056,grade II meningioma,0.9087,False
RAB9B,ENSG00000123570,MONDO_0850302,intracranial meningioma,0.8512,False
RAB9B,ENSG00000123570,EFO_0000096,neoplasm of mature B-cells,0.9294,False
RAB9B,ENSG00000123570,EFO_0000196,metastatic prostate cancer,0.8606,False
RAB9B,ENSG00000123570,EFO_0000198,myelodysplastic syndrome,0.6909,False
RAB9B,ENSG00000123570,EFO_0000220,acute lymphoblastic leukemia,0.5494,False
RAB9B,ENSG00000123570,EFO_0000221,acute monocytic leukemia,0.7094,False
RAB9B,ENSG00000123570,EFO_0000222,acute myeloid leukemia,0.5885,False
RAB9B,ENSG00000123570,EFO_0000223,acute myelomonocytic leukemia,0.5149,False
RAB9B,ENSG00000123570,EFO_0000233,adenosquamous lung carcinoma,0.9081,False
RAB9B,ENSG00000123570,EFO_0000304,breast adenocarcinoma,0.9099,False
RAB9B,ENSG00000123570,EFO_0000305,breast carcinoma,0.5287,False
RAB9B,ENSG00000123570,EFO_0000308,bronchoalveolar adenocarcinoma,0.8485,False
RAB9B,ENSG00000123570,EFO_0000330,childhood acute myeloid leukemia,0.75,False
RAB9B,ENSG00000123570,EFO_0000403,diffuse large B-cell lymphoma,0.6386,False
RAB9B,ENSG00000123570,EFO_0000503,gastric adenocarcinoma,0.7509,False
RAB9B,ENSG00000123570,EFO_0000574,lymphoma,0.5962,False
RAB9B,ENSG00000123570,EFO_0000616,neoplasm,0.8833,False
RAB9B,ENSG00000123570,EFO_0000673,prostate adenocarcinoma,0.67,False
RAB9B,ENSG00000123570,EFO_0000756,melanoma,0.756,False
RAB9B,ENSG00000123570,EFO_0001075,ovarian carcinoma,0.659,False
RAB9B,ENSG00000123570,EFO_0001378,multiple myeloma,0.5695,False
RAB9B,ENSG00000123570,EFO_0001642,lymphoid neoplasm,0.68,False
RAB9B,ENSG00000123570,EFO_0001663,prostate carcinoma,0.7822,False
RAB9B,ENSG00000123570,EFO_0002426,neoplasm of mature T-cells or NK-cells,0.9129,False
RAB9B,ENSG00000123570,EFO_0002618,pancreatic carcinoma,0.8974,False
RAB9B,ENSG00000123570,EFO_0003026,minimally differentiated acute myeloblastic leukemia,0.6269,False
RAB9B,ENSG00000123570,EFO_0003027,acute myeloblastic leukemia without maturation,0.8363,False
RAB9B,ENSG00000123570,EFO_0003028,acute myeloblastic leukemia with maturation,0.9717,False
RAB9B,ENSG00000123570,EFO_0003050,large cell lung carcinoma,0.7539,False
RAB9B,ENSG00000123570,EFO_0003060,non-small cell lung carcinoma,0.9573,False
RAB9B,ENSG00000123570,EFO_0003859,uterine neoplasm,0.8611,False
RAB9B,ENSG00000123570,EFO_0003863,urogenital neoplasm,0.5103,False
RAB9B,ENSG00000123570,EFO_0003869,breast neoplasm,0.769,False
RAB9B,ENSG00000123570,EFO_0003891,biliary tract neoplasm,0.738,False
RAB9B,ENSG00000123570,EFO_0004252,nasopharyngeal neoplasm,0.8028,False
RAB9B,ENSG00000123570,EFO_0004284,upper aerodigestive tract neoplasm,0.9796,False
RAB9B,ENSG00000123570,EFO_0004289,lymphoid leukemia,0.7233,False
RAB9B,ENSG00000123570,EFO_0004606,gallbladder neoplasm,0.7599,False
RAB9B,ENSG00000123570,EFO_0005232,endometrium adenocarcinoma,0.6275,False
RAB9B,ENSG00000123570,EFO_0005537,triple-negative breast cancer,0.9387,False
RAB9B,ENSG00000123570,EFO_0005540,bile duct carcinoma,0.743,False
RAB9B,ENSG00000123570,EFO_0006732,pancreatic adenosquamous carcinoma,0.7286,False
RAB9B,ENSG00000123570,EFO_0006861,male breast carcinoma,0.9252,False
RAB9B,ENSG00000123570,EFO_0007532,uterine corpus cancer,0.8653,False
RAB9B,ENSG00000123570,EFO_0008585,ST Elevation Myocardial Infarction,0.5175,False
RAB9B,ENSG00000123570,EFO_0009443,BRCAX breast cancer,0.8657,False
RAB9B,ENSG00000123570,EFO_0009780,HER2 negative breast carcinoma,0.9483,False
RAB9B,ENSG00000123570,EFO_0009878,drug interaction,0.7825,False
RAB9B,ENSG00000123570,EFO_0010580,blastic plasmacytoid dendritic cell neoplasm,0.6778,False
RAB9B,ENSG00000123570,EFO_0010832,primary central chondrosarcoma,0.6381,False
RAB9B,ENSG00000123570,EFO_0020003,drug toxicity,0.7022,False
RAB9B,ENSG00000123570,EFO_1000044,pancreatic adenocarcinoma,0.7811,False
RAB9B,ENSG00000123570,EFO_1000131,"Blast Phase Chronic Myelogenous Leukemia, BCR-ABL1 Positive",0.8236,False
RAB9B,ENSG00000123570,EFO_1000231,Endometrial Clear Cell Adenocarcinoma,0.5772,False
RAB9B,ENSG00000123570,EFO_1000238,Endometrial Serous Adenocarcinoma,0.6778,False
RAB9B,ENSG00000123570,EFO_1000251,Fallopian Tube Carcinoma,0.8451,False
RAB9B,ENSG00000123570,EFO_1000253,Fallopian Tube Serous Adenocarcinoma,0.5845,False
RAB9B,ENSG00000123570,EFO_1000294,HER2 Positive Breast Carcinoma,0.736,False
RAB9B,ENSG00000123570,EFO_1000357,Malignant Ovarian Brenner Tumor,0.5349,False
RAB9B,ENSG00000123570,EFO_1000412,Ovarian Carcinosarcoma,0.7252,False
RAB9B,ENSG00000123570,EFO_1000419,Ovarian Germ Cell Tumor,0.9321,False
RAB9B,ENSG00000123570,EFO_1000494,Primary Peritoneal Serous Adenocarcinoma,0.8104,False
RAB9B,ENSG00000123570,EFO_1000616,Uveal Melanoma,0.8522,False
RAB9B,ENSG00000123570,EFO_1000649,estrogen-receptor positive breast cancer,0.7915,False
RAB9B,ENSG00000123570,EFO_1000657,rectum cancer,0.6455,False
RAB9B,ENSG00000123570,EFO_1001013,lethal midline granuloma,0.964,False
RAB9B,ENSG00000123570,EFO_1001100,peritoneal neoplasm,0.9453,False
RAB9B,ENSG00000123570,EFO_1001110,pituitary-dependent Cushing's disease,0.8256,False
RAB9B,ENSG00000123570,EFO_1001257,acute erythroblastic leukemia,0.8408,False
RAB9B,ENSG00000123570,EFO_1001348,HIV-Associated Lipodystrophy Syndrome,0.9008,False
RAB9B,ENSG00000123570,EFO_1001512,endometrial carcinoma,0.5842,False
RAB9B,ENSG00000123570,EFO_1001799,incomplete abortion,0.5871,False
RAB9B,ENSG00000123570,EFO_1001830,precursor T-cell lymphoblastic leukemia-lymphoma,0.703,False
RAB9B,ENSG00000123570,EFO_1001932,adult acute megakaryoblastic leukemia,0.7327,False
RAB9B,ENSG00000123570,EFO_1001933,adult acute monocytic leukemia,0.7917,False
RAB9B,ENSG00000123570,EFO_1001934,adult acute myeloid leukemia,0.9103,False
RAB9B,ENSG00000123570,EFO_1001935,adult B acute lymphoblastic leukemia,0.6281,False
RAB9B,ENSG00000123570,EFO_1001945,childhood acute myeloid leukemia with maturation,0.8716,False
RAB9B,ENSG00000123570,EFO_1001946,childhood B acute lymphoblastic leukemia,0.6118,False
RAB9B,ENSG00000123570,EFO_1001947,childhood T acute lymphoblastic leukemia,0.5494,False
RAB9B,ENSG00000123570,EFO_1001952,endometrial adenosquamous carcinoma,0.8637,False
RAB9B,ENSG00000123570,EFO_1001953,"endometrial endometrioid adenocarcinoma, variant with squamous differentiation",0.6213,False
RAB9B,ENSG00000123570,EFO_1001958,high grade ovarian serous adenocarcinoma,0.9937,False
RAB9B,ENSG00000123570,EFO_1001959,hilar cholangiocarcinoma,0.5956,False
RAB9B,ENSG00000123570,EFO_1001963,ovarian mucinous cystadenocarcinoma,0.8102,False
RAB9B,ENSG00000123570,EFO_1001973,ureter urothelial carcinoma,0.5884,False
RAB9B,ENSG00000123570,EFO_1002001,core binding factor acute myeloid leukemia,0.885,False
RAB9B,ENSG00000123570,Orphanet_145,Hereditary breast and ovarian cancer syndrome,0.9537,False
RAB9B,ENSG00000123570,Orphanet_325690,Genetic disorder of sex development,0.5519,False
