diseaseId,diseaseName,orphan,known_clinical_targets,comparison_row_count,available_ot_score_count,available_ottree_count
DOID_0050890,,,0.0,201,201,201
DOID_10113,trypanosomiasis,False,11.0,79,79,79
DOID_10718,,,0.0,113,113,113
DOID_13406,pulmonary sarcoidosis,False,34.0,180,180,180
DOID_1947,,,0.0,33,33,33
DOID_7551,gonorrhea,False,4.0,415,415,415
EFO_0000094,B-cell acute lymphoblastic leukemia,False,46.0,306,306,306
EFO_0000095,chronic lymphocytic leukemia,False,354.0,959,959,959
EFO_0000096,neoplasm of mature B-cells,False,177.0,221,221,221
EFO_0000174,Ewing sarcoma,False,42.0,458,458,458
EFO_0000178,gastric carcinoma,False,25.0,736,736,736
EFO_0000180,HIV-1 infection,False,122.0,599,599,599
EFO_0000181,head and neck squamous cell carcinoma,False,216.0,1049,1049,1049
EFO_0000182,hepatocellular carcinoma,False,296.0,1376,1376,1376
EFO_0000183,Hodgkins lymphoma,False,120.0,593,593,593
EFO_0000186,invasive breast ductal carcinoma,False,14.0,639,639,639
EFO_0000191,MALT lymphoma,False,68.0,283,283,283
EFO_0000195,metabolic syndrome,False,117.0,858,858,858
EFO_0000196,metastatic prostate cancer,False,156.0,418,418,418
EFO_0000197,,,0.0,208,208,208
EFO_0000198,myelodysplastic syndrome,False,268.0,692,692,692
EFO_0000199,oral squamous cell carcinoma,False,90.0,978,978,978
EFO_0000200,plasma cell neoplasm,False,74.0,213,213,213
EFO_0000203,monoclonal gammopathy,False,5.0,309,309,309
EFO_0000209,T-cell acute lymphoblastic leukemia,False,67.0,362,362,362
EFO_0000211,unspecified peripheral T-cell lymphoma,False,85.0,146,146,146
EFO_0000216,,,0.0,87,87,87
EFO_0000217,gastritis,False,8.0,359,359,359
EFO_0000218,acute erythroleukemia,False,38.0,209,209,209
EFO_0000220,acute lymphoblastic leukemia,False,230.0,991,991,991
EFO_0000221,acute monocytic leukemia,False,42.0,93,93,93
EFO_0000222,acute myeloid leukemia,False,335.0,1173,1173,1173
EFO_0000223,acute myelomonocytic leukemia,False,40.0,118,118,118
EFO_0000224,acute promyelocytic leukemia,False,60.0,499,499,499
EFO_0000225,,,0.0,77,77,77
EFO_0000228,adenocarcinoma,False,135.0,952,952,952
EFO_0000231,adenoid cystic carcinoma,False,29.0,222,222,222
EFO_0000232,adenoma,False,13.0,743,743,743
EFO_0000233,adenosquamous lung carcinoma,False,73.0,161,161,161
EFO_0000239,adrenal gland pheochromocytoma,False,54.0,186,186,186
EFO_0000248,alveolar rhabdomyosarcoma,False,15.0,241,241,241
EFO_0000255,angioimmunoblastic T-cell lymphoma,False,61.0,246,246,246
EFO_0000266,aortic stenosis,False,18.0,252,252,252
EFO_0000272,astrocytoma,False,42.0,797,797,797
EFO_0000274,atopic eczema,False,71.0,591,591,591
EFO_0000275,atrial fibrillation,False,137.0,1042,1042,1042
EFO_0000278,pancreatitis,False,35.0,40,40,40
EFO_0000279,azoospermia,False,9.0,185,185,185
EFO_0000280,Barrett's esophagus,False,62.0,500,500,500
EFO_0000281,basal-like breast carcinoma,True,0.0,6,6,6
EFO_0000284,benign prostatic hyperplasia,False,25.0,705,705,705
EFO_0000294,bladder tumor,False,62.0,458,458,458
EFO_0000304,breast adenocarcinoma,False,72.0,435,435,435
EFO_0000305,breast carcinoma,False,198.0,1063,1063,1063
EFO_0000306,,,0.0,26,26,26
EFO_0000308,bronchoalveolar adenocarcinoma,False,67.0,202,202,202
EFO_0000309,Burkitts lymphoma,False,83.0,498,498,498
EFO_0000313,carcinoma,False,189.0,1087,1087,1087
EFO_0000318,cardiomyopathy,False,26.0,680,680,680
EFO_0000319,cardiovascular disease,False,236.0,1104,1104,1104
EFO_0000326,central nervous system cancer,False,60.0,312,312,312
EFO_0000330,childhood acute myeloid leukemia,False,41.0,44,44,44
EFO_0000331,,,0.0,53,53,53
EFO_0000332,chondromyxoid fibroma,True,0.0,13,13,13
EFO_0000333,chondrosarcoma,False,20.0,343,343,343
EFO_0000335,chromophobe renal cell carcinoma,False,18.0,411,411,411
EFO_0000337,chronic gastritis,False,3.0,196,196,196
EFO_0000339,chronic myelogenous leukemia,False,124.0,840,840,840
EFO_0000341,chronic obstructive pulmonary disease,False,165.0,1105,1105,1105
EFO_0000342,chronic pancreatitis,False,16.0,413,413,413
EFO_0000348,clear cell adenocarcinoma,False,64.0,274,274,274
EFO_0000349,clear cell renal carcinoma,False,93.0,792,792,792
EFO_0000350,clear cell sarcoma of the kidney,False,10.0,30,30,30
EFO_0000364,colon mucinous adenocarcinoma,False,4.0,13,13,13
EFO_0000365,colorectal adenocarcinoma,False,172.0,794,794,794
EFO_0000373,congestive heart failure,False,71.0,142,142,142
EFO_0000384,Crohn's disease,False,152.0,886,886,886
EFO_0000389,cutaneous melanoma,False,150.0,632,632,632
EFO_0000394,dedifferentiated chondrosarcoma,False,1.0,11,11,11
EFO_0000397,dermal neurofibroma,True,0.0,10,10,10
EFO_0000398,dermatomyositis,False,41.0,342,342,342
EFO_0000400,diabetes mellitus,False,199.0,1282,1282,1282
EFO_0000401,diabetic nephropathy,False,77.0,764,764,764
EFO_0000402,diffuse gastric adenocarcinoma,False,4.0,103,103,103
EFO_0000403,diffuse large B-cell lymphoma,False,316.0,884,884,884
EFO_0000404,diffuse scleroderma,False,27.0,92,92,92
EFO_0000407,dilated cardiomyopathy,False,22.0,150,150,150
EFO_0000432,breast ductal carcinoma in situ,False,84.0,578,578,578
EFO_0000437,embryonal rhabdomyosarcoma,False,14.0,219,219,219
EFO_0000464,emphysema,False,16.0,436,436,436
EFO_0000465,endocarditis,False,1.0,12,12,12
EFO_0000466,endometrioid carcinoma,False,85.0,299,299,299
EFO_0000474,epilepsy,False,273.0,1018,1018,1018
EFO_0000478,esophageal adenocarcinoma,False,51.0,681,681,681
EFO_0000479,essential thrombocythemia,False,41.0,439,439,439
EFO_0000483,exercise,False,1.0,1,1,1
EFO_0000489,extra-adrenal sympathetic paraganglioma,False,11.0,14,14,14
EFO_0000495,fetal growth restriction,False,9.0,582,582,582
EFO_0000497,fibromatosis,False,12.0,79,79,79
EFO_0000499,,,0.0,159,159,159
EFO_0000500,,,0.0,396,396,396
EFO_0000501,follicular thyroid carcinoma,False,62.0,295,295,295
EFO_0000502,ganglioneuroblastoma,False,22.0,83,83,83
EFO_0000503,gastric adenocarcinoma,False,69.0,748,748,748
EFO_0000504,gastric intestinal type adenocarcinoma,False,4.0,168,168,168
EFO_0000508,genetic disorder,False,81.0,809,809,809
EFO_0000512,reproductive system disease,False,25.0,88,88,88
EFO_0000514,germ cell tumor,False,50.0,229,229,229
EFO_0000519,glioblastoma multiforme,False,349.0,1267,1267,1267
EFO_0000536,hyperplasia,False,10.0,237,237,237
EFO_0000537,hypertension,False,208.0,786,786,786
EFO_0000538,hypertrophic cardiomyopathy,False,22.0,670,670,670
EFO_0000540,immune system disease,False,69.0,578,578,578
EFO_0000544,infection,False,92.0,1381,1381,1381
EFO_0000545,infertility,False,121.0,258,258,258
EFO_0000546,injury,False,160.0,749,749,749
EFO_0000549,insulinoma,False,3.0,376,376,376
EFO_0000551,intracranial hemorrhage,False,10.0,203,203,203
EFO_0000552,invasive breast ductal and lobular carcinoma,True,0.0,4,4,4
EFO_0000553,invasive lobular carcinoma,False,8.0,142,142,142
EFO_0000555,irritable bowel syndrome,False,66.0,510,510,510
EFO_0000557,juvenile dermatomyositis,False,6.0,257,257,257
EFO_0000558,Kaposi's sarcoma,False,59.0,346,346,346
EFO_0000559,keratinizing squamous cell carcinoma,False,1.0,3,3,3
EFO_0000563,large cell neuroendocrine carcinoma,False,7.0,170,170,170
EFO_0000564,leiomyosarcoma,False,53.0,329,329,329
EFO_0000565,leukemia,False,274.0,1049,1049,1049
EFO_0000569,liposarcoma,False,54.0,305,305,305
EFO_0000571,lung adenocarcinoma,False,119.0,1218,1218,1218
EFO_0000574,lymphoma,False,314.0,965,965,965
EFO_0000580,medullary breast carcinoma,True,0.0,22,22,22
EFO_0000584,infectious meningitis,True,0.0,55,55,55
EFO_0000588,mesothelioma,False,144.0,578,578,578
EFO_0000589,metabolic disease,False,59.0,782,782,782
EFO_0000595,monophasic synovial sarcoma,True,0.0,7,7,7
EFO_0000612,myocardial infarction,False,92.0,935,935,935
EFO_0000613,myxoid liposarcoma,False,2.0,79,79,79
EFO_0000616,neoplasm,False,627.0,1504,1504,1504
EFO_0000618,nervous system disease,False,18.0,955,955,955
EFO_0000621,neuroblastoma,False,154.0,1034,1034,1034
EFO_0000622,,,0.0,198,198,198
EFO_0000625,,,0.0,149,149,149
EFO_0000630,oligoastrocytoma,False,40.0,113,113,113
EFO_0000632,oligodendroglioma,False,21.0,402,402,402
EFO_0000637,osteosarcoma,False,91.0,1017,1017,1017
EFO_0000639,papillary cystadenocarcinoma,True,0.0,5,5,5
EFO_0000640,papillary renal cell carcinoma,False,24.0,379,379,379
EFO_0000641,papillary thyroid carcinoma,False,68.0,867,867,867
EFO_0000649,periodontitis,False,76.0,683,683,683
EFO_0000650,,,0.0,177,177,177
EFO_0000653,,,0.0,90,90,90
EFO_0000658,plexiform neurofibroma,False,8.0,83,83,83
EFO_0000660,polycystic ovary syndrome,False,77.0,786,786,786
EFO_0000662,polyp,False,21.0,380,380,380
EFO_0000666,portal hypertension,False,27.0,297,297,297
EFO_0000668,preeclampsia,False,99.0,805,805,805
EFO_0000673,prostate adenocarcinoma,False,242.0,798,798,798
EFO_0000676,psoriasis,False,213.0,1014,1014,1014
EFO_0000677,mental or behavioural disorder,False,38.0,407,407,407
EFO_0000678,pterygium,False,9.0,242,242,242
EFO_0000681,renal cell carcinoma,False,172.0,885,885,885
EFO_0000684,respiratory system disease,False,22.0,442,442,442
EFO_0000685,rheumatoid arthritis,False,233.0,624,624,624
EFO_0000691,sarcoma,False,139.0,751,751,751
EFO_0000693,schwannoma,False,1.0,250,250,250
EFO_0000694,severe acute respiratory syndrome,False,147.0,478,478,478
EFO_0000698,,,0.0,86,86,86
EFO_0000699,Sjogren syndrome,False,39.0,473,473,473
EFO_0000701,skin disease,False,41.0,484,484,484
EFO_0000702,small cell lung carcinoma,False,277.0,931,931,931
EFO_0000705,,,0.0,80,80,80
EFO_0000706,spondyloarthropathy,False,9.0,161,161,161
EFO_0000707,squamous cell carcinoma,False,180.0,1016,1016,1016
EFO_0000708,squamous cell lung carcinoma,False,88.0,652,652,652
EFO_0000712,stroke,False,241.0,606,606,606
EFO_0000713,subarachnoid hemorrhage,False,55.0,585,585,585
EFO_0000717,systemic scleroderma,False,66.0,709,709,709
EFO_0000729,ulcerative colitis,False,170.0,1147,1147,1147
EFO_0000730,,,0.0,44,44,44
EFO_0000731,uterine fibroid,False,9.0,153,153,153
EFO_0000736,,,0.0,42,42,42
EFO_0000756,melanoma,False,320.0,1262,1262,1262
EFO_0000759,lipoma,False,29.0,150,150,150
EFO_0000760,malignant peripheral nerve sheath tumor,False,32.0,293,293,293
EFO_0000762,,,0.0,186,186,186
EFO_0000763,viral disease,False,23.0,1068,1068,1068
EFO_0000764,HIV infection,False,248.0,809,809,809
EFO_0000765,AIDS,False,31.0,526,526,526
EFO_0000767,,,0.0,37,37,37
EFO_0000768,idiopathic pulmonary fibrosis,False,98.0,634,634,634
EFO_0000769,Epstein-Barr virus infection,False,5.0,441,441,441
EFO_0000770,malignant pleural mesothelioma,False,69.0,487,487,487
EFO_0000771,bacterial disease,False,9.0,748,748,748
EFO_0000772,pneumococcal infection,False,1.0,195,195,195
EFO_0000773,temporal lobe epilepsy,False,1.0,485,485,485
EFO_0000775,Whipple's disease,True,0.0,17,17,17
EFO_0000776,,,0.0,59,59,59
EFO_0000777,,,0.0,67,67,67
EFO_0000778,anthrax infection,False,4.0,95,95,95
EFO_0000779,Drosophila C virus infection,True,0.0,2,2,2
EFO_0000780,Enterococcus faecalis infection,True,0.0,7,7,7
EFO_0000783,myositis,False,12.0,293,293,293
EFO_0001054,leprosy,False,53.0,317,317,317
EFO_0001055,borderline leprosy,True,0.0,14,14,14
EFO_0001056,,,0.0,49,49,49
EFO_0001057,lepromatous leprosy,True,0.0,72,72,72
EFO_0001060,celiac disease,False,17.0,358,358,358
EFO_0001061,cervical carcinoma,False,50.0,633,633,633
EFO_0001062,cytomegalovirus infection,False,12.0,482,482,482
EFO_0001063,deafness,False,38.0,301,301,301
EFO_0001064,Down syndrome,False,19.0,626,626,626
EFO_0001065,endometriosis,False,67.0,760,760,760
EFO_0001066,,,0.0,814,814,814
EFO_0001067,parasitic infection,False,1.0,521,521,521
EFO_0001068,malaria,False,106.0,737,737,737
EFO_0001069,nutritional disorder,False,12.0,59,59,59
EFO_0001071,lung carcinoma,False,82.0,859,859,859
EFO_0001073,obesity,False,235.0,437,437,437
EFO_0001074,morbid obesity,False,55.0,270,270,270
EFO_0001075,ovarian carcinoma,False,152.0,793,793,793
EFO_0001076,Pseudomonas infection,True,0.0,63,63,63
EFO_0001356,familial amyotrophic lateral sclerosis,False,1.0,94,94,94
EFO_0001357,sporadic amyotrophic lateral sclerosis,False,10.0,68,68,68
EFO_0001358,post-traumatic stress disorder,False,88.0,511,511,511
EFO_0001361,pulmonary arterial hypertension,False,158.0,848,848,848
EFO_0001365,age-related macular degeneration,False,55.0,648,648,648
EFO_0001376,synovial sarcoma,False,44.0,665,665,665
EFO_0001378,multiple myeloma,False,411.0,998,998,998
EFO_0001379,endocrine system disease,False,2.0,227,227,227
EFO_0001380,hypopituitarism,False,2.0,125,125,125
EFO_0001382,puberty,False,1.0,13,13,13
EFO_0001416,cervical adenocarcinoma,False,98.0,303,303,303
EFO_0001421,liver disease,False,274.0,920,920,920
EFO_0001422,cirrhosis of liver,False,117.0,713,713,713
EFO_0001423,encephalomyelitis,False,4.0,127,127,127
EFO_0001425,,,0.0,228,228,228
EFO_0001642,lymphoid neoplasm,False,126.0,424,424,424
EFO_0001645,coronary artery disease,False,207.0,920,920,920
EFO_0001663,prostate carcinoma,False,195.0,735,735,735
EFO_0001666,aortic aneurysm,False,4.0,290,290,290
EFO_0001668,human papilloma virus infection,False,10.0,393,393,393
EFO_0001675,simian immunodeficiency virus infection,True,0.0,47,47,47
EFO_0002087,fibrosarcoma,False,5.0,480,480,480
EFO_0002422,,,0.0,426,426,426
EFO_0002423,osteoma,True,0.0,8,8,8
EFO_0002424,fibroma,False,2.0,85,85,85
EFO_0002426,neoplasm of mature T-cells or NK-cells,False,19.0,20,20,20
EFO_0002427,myeloid neoplasm,False,35.0,280,280,280
EFO_0002428,chronic myeloproliferative disorder,False,51.0,132,132,132
EFO_0002429,polycythemia vera,False,74.0,335,335,335
EFO_0002430,primary myelofibrosis,False,62.0,216,216,216
EFO_0002431,tumour of cranial and spinal nerves,False,4.0,25,25,25
EFO_0002461,,,0.0,28,28,28
EFO_0002496,actinic keratosis,False,36.0,180,180,180
EFO_0002497,acute hypotension,False,9.0,12,12,12
EFO_0002499,anaplastic astrocytoma,False,109.0,379,379,379
EFO_0002500,anaplastic oligoastrocytoma,False,21.0,59,59,59
EFO_0002501,anaplastic oligodendroglioma,False,74.0,185,185,185
EFO_0002502,benign insulitis,True,0.0,2,2,2
EFO_0002504,,,0.0,65,65,65
EFO_0002509,,,0.0,19,19,19
EFO_0002511,,,0.0,42,42,42
EFO_0002571,,,0.0,52,52,52
EFO_0002581,,,0.0,1,1,1
EFO_0002608,,,0.0,362,362,362
EFO_0002609,juvenile idiopathic arthritis,False,21.0,435,435,435
EFO_0002610,cocaine dependence,False,105.0,255,255,255
EFO_0002612,human herpesvirus 8 infection,False,11.0,42,42,42
EFO_0002613,,,0.0,2,2,2
EFO_0002615,internal carotid artery stenosis,False,37.0,54,54,54
EFO_0002616,macroglobulinemia,False,1.0,104,104,104
EFO_0002617,metastatic melanoma,False,199.0,698,698,698
EFO_0002618,pancreatic carcinoma,False,415.0,861,861,861
EFO_0002621,prostate intraepithelial neoplasia,False,2.0,288,288,288
EFO_0002622,,,0.0,137,137,137
EFO_0002623,,,0.0,62,62,62
EFO_0002626,thymus neoplasm,False,23.0,126,126,126
EFO_0002627,vulvar intraepithelial neoplasia,False,1.0,170,170,170
EFO_0002628,peripartum cardiomyopathy,False,3.0,75,75,75
EFO_0002629,,,0.0,11,11,11
EFO_0002630,,,0.0,42,42,42
EFO_0002686,,,0.0,22,22,22
EFO_0002687,ischemia reperfusion injury,False,110.0,341,341,341
EFO_0002689,antiphospholipid syndrome,False,3.0,142,142,142
EFO_0002756,fasting,False,11.0,18,18,18
EFO_0002890,renal carcinoma,False,8.0,479,479,479
EFO_0002892,thyroid carcinoma,False,79.0,561,561,561
EFO_0002893,choriocarcinoma,False,3.0,204,204,204
EFO_0002894,,,0.0,29,29,29
EFO_0002913,Cutaneous T-cell lymphoma,False,79.0,352,352,352
EFO_0002914,uterine sarcoma,False,51.0,165,165,165
EFO_0002916,esophageal carcinoma,False,77.0,492,492,492
EFO_0002917,ovarian serous adenocarcinoma,False,24.0,479,479,479
EFO_0002918,rhabdomyosarcoma,False,69.0,452,452,452
EFO_0002919,,,0.0,56,56,56
EFO_0002921,vulvar carcinoma,False,10.0,79,79,79
EFO_0002938,hypopharyngeal carcinoma,False,46.0,144,144,144
EFO_0002939,medulloblastoma,False,59.0,646,646,646
EFO_0002945,,,0.0,90,90,90
EFO_0002950,pregnancy,False,97.0,142,142,142
EFO_0002970,muscular disease,False,22.0,164,164,164
EFO_0003014,breast fibrocystic disease,False,2.0,150,150,150
EFO_0003015,aggressive behavior,False,33.0,68,68,68
EFO_0003016,collecting duct carcinoma,False,14.0,45,45,45
EFO_0003017,transitional cell carcinoma of kidney,False,25.0,227,227,227
EFO_0003025,acute megakaryoblastic leukaemia,False,38.0,128,128,128
EFO_0003026,minimally differentiated acute myeloblastic leukemia,False,2.0,22,22,22
EFO_0003027,acute myeloblastic leukemia without maturation,False,40.0,47,47,47
EFO_0003028,acute myeloblastic leukemia with maturation,False,32.0,33,33,33
EFO_0003029,acute basophilic leukemia,False,19.0,136,136,136
EFO_0003030,abscess,False,2.0,250,250,250
EFO_0003032,anaplastic large cell lymphoma,False,77.0,374,374,374
EFO_0003033,bacteriemia,False,1.0,426,426,426
EFO_0003035,cellulitis,False,7.0,83,83,83
EFO_0003046,heart transplant rejection,True,0.0,2,2,2
EFO_0003047,hepatitis C virus infection,False,70.0,609,609,609
EFO_0003050,large cell lung carcinoma,False,89.0,275,275,275
EFO_0003060,non-small cell lung carcinoma,False,469.0,1274,1274,1274
EFO_0003063,polymyositis,False,9.0,192,192,192
EFO_0003073,asymptomatic myeloma,False,15.0,27,27,27
EFO_0003075,,,0.0,43,43,43
EFO_0003083,pleomorphic liposarcoma,True,0.0,38,38,38
EFO_0003084,round cell liposarcoma,True,0.0,35,35,35
EFO_0003085,dedifferentiated liposarcoma,False,22.0,95,95,95
EFO_0003086,kidney disease,False,327.0,934,934,934
EFO_0003094,,,0.0,86,86,86
EFO_0003095,non-alcoholic fatty liver disease,False,85.0,891,891,891
EFO_0003096,Pick disease,False,1.0,318,318,318
EFO_0003097,empyema,False,2.0,56,56,56
EFO_0003099,Cushing syndrome,False,12.0,172,172,172
EFO_0003100,peripheral neuropathy,False,89.0,491,491,491
EFO_0003101,,,0.0,87,87,87
EFO_0003102,osteomyelitis,False,18.0,198,198,198
EFO_0003103,urinary tract infection,False,38.0,246,246,246
EFO_0003104,,,0.0,167,167,167
EFO_0003105,,,0.0,139,139,139
EFO_0003106,pneumonia,False,49.0,194,194,194
EFO_0003110,villitis,True,0.0,23,23,23
EFO_0003144,heart failure,False,183.0,953,953,953
EFO_0003145,high output heart failure,True,0.0,10,10,10
EFO_0003147,mild heart failure,True,0.0,2,2,2
EFO_0003148,,,0.0,11,11,11
EFO_0003149,advanced heart failure,False,1.0,67,67,67
EFO_0003756,autism spectrum disorder,False,66.0,500,500,500
EFO_0003757,Asperger syndrome,False,11.0,37,37,37
EFO_0003758,autism,False,71.0,294,294,294
EFO_0003759,,,0.0,15,15,15
EFO_0003760,,,0.0,14,14,14
EFO_0003763,cerebrovascular disorder,False,13.0,356,356,356
EFO_0003764,transient ischemic attack,False,9.0,307,307,307
EFO_0003767,inflammatory bowel disease,False,108.0,870,870,870
EFO_0003768,nicotine dependence,False,100.0,287,287,287
EFO_0003769,endocrine neoplasm,False,54.0,96,96,96
EFO_0003770,diabetic retinopathy,False,100.0,573,573,573
EFO_0003776,,,0.0,23,23,23
EFO_0003777,heart disease,False,124.0,767,767,767
EFO_0003778,psoriatic arthritis,False,31.0,506,506,506
EFO_0003779,,,0.0,335,335,335
EFO_0003780,Behcet's syndrome,False,48.0,339,339,339
EFO_0003781,carotid artery disease,False,3.0,83,83,83
EFO_0003782,motor neuron disease,False,43.0,216,216,216
EFO_0003783,progressive bulbar palsy,True,0.0,16,16,16
EFO_0003802,refractory anemia,False,21.0,140,140,140
EFO_0003811,refractory anemia with excess blasts,False,25.0,125,125,125
EFO_0003812,refractory anemia with ringed sideroblasts,False,21.0,181,181,181
EFO_0003817,laryngeal neoplasm,False,12.0,330,330,330
EFO_0003818,lung disease,False,61.0,641,641,641
EFO_0003819,dental caries,False,1.0,241,241,241
EFO_0003820,bone neoplasm,False,31.0,237,237,237
EFO_0003824,,,0.0,70,70,70
EFO_0003825,serous adenocarcinoma,False,5.0,233,233,233
EFO_0003826,salivary gland neoplasm,False,15.0,64,64,64
EFO_0003827,pulmonary embolism,False,16.0,100,100,100
EFO_0003828,spinal cord neoplasm,False,1.0,18,18,18
EFO_0003830,prostatitis,False,18.0,356,356,356
EFO_0003832,,,0.0,61,61,61
EFO_0003833,brain neoplasm,False,206.0,820,820,820
EFO_0003834,cutaneous lupus erythematosus,False,27.0,290,290,290
EFO_0003835,anal neoplasm,False,6.0,33,33,33
EFO_0003837,calcification,False,1.0,148,148,148
EFO_0003839,retinopathy,False,9.0,568,568,568
EFO_0003840,chronic progressive multiple sclerosis,False,30.0,68,68,68
EFO_0003841,thyroid neoplasm,False,58.0,409,409,409
EFO_0003844,,,0.0,21,21,21
EFO_0003846,urethral neoplasm,False,16.0,18,18,18
EFO_0003849,palatal neoplasm,True,0.0,2,2,2
EFO_0003850,,,0.0,151,151,151
EFO_0003851,meningeal neoplasm,False,12.0,47,47,47
EFO_0003852,developmental disability,False,5.0,68,68,68
EFO_0003853,respiratory system neoplasm,False,4.0,16,16,16
EFO_0003854,postmenopausal osteoporosis,False,26.0,218,218,218
EFO_0003855,intestinal polyp,False,16.0,102,102,102
EFO_0003856,,,0.0,67,67,67
EFO_0003857,,,0.0,26,26,26
EFO_0003859,uterine neoplasm,False,40.0,150,150,150
EFO_0003860,pancreatic neoplasm,False,79.0,334,334,334
EFO_0003863,urogenital neoplasm,False,65.0,150,150,150
EFO_0003865,kidney neoplasm,False,48.0,334,334,334
EFO_0003866,paranasal sinus neoplasm,False,11.0,13,13,13
EFO_0003867,rhabdomyolysis,False,1.0,162,162,162
EFO_0003868,mouth neoplasm,False,69.0,132,132,132
EFO_0003869,breast neoplasm,False,288.0,1035,1035,1035
EFO_0003870,brain aneurysm,False,34.0,294,294,294
EFO_0003871,,,0.0,118,118,118
EFO_0003872,colitis,False,15.0,884,884,884
EFO_0003873,,,0.0,54,54,54
EFO_0003874,flatfoot,True,0.0,3,3,3
EFO_0003875,peripheral vascular disease,False,25.0,194,194,194
EFO_0003876,intermittent vascular claudication,False,68.0,69,69,69
EFO_0003877,sleep apnea,False,14.0,164,164,164
EFO_0003878,urethritis,False,22.0,46,46,46
EFO_0003880,appendiceal neoplasm,True,0.0,9,9,9
EFO_0003881,hysterectomy,True,0.0,7,7,7
EFO_0003882,osteoporosis,False,20.0,182,182,182
EFO_0003884,chronic kidney disease,False,243.0,1030,1030,1030
EFO_0003888,attention deficit hyperactivity disorder,False,58.0,589,589,589
EFO_0003890,drug dependence,False,90.0,286,286,286
EFO_0003891,biliary tract neoplasm,False,52.0,55,55,55
EFO_0003893,ovarian neoplasm,False,86.0,745,745,745
EFO_0003894,acne,False,83.0,417,417,417
EFO_0003897,stomach neoplasm,False,67.0,523,523,523
EFO_0003898,ankylosing spondylitis,False,32.0,370,370,370
EFO_0003899,contracture,False,26.0,33,33,33
EFO_0003900,,,0.0,140,140,140
EFO_0003902,spinal fracture,False,10.0,40,40,40
EFO_0003906,,,0.0,7,7,7
EFO_0003911,atrial flutter,False,25.0,125,125,125
EFO_0003914,atherosclerosis,False,113.0,1012,1012,1012
EFO_0003918,obstructive sleep apnea,False,153.0,679,679,679
EFO_0003921,pouchitis,False,11.0,94,94,94
EFO_0003925,cognition,False,6.0,82,82,82
EFO_0003928,necrotizing enterocolitis,False,29.0,258,258,258
EFO_0003929,relapsing-remitting multiple sclerosis,False,128.0,407,407,407
EFO_0003931,bone fracture,False,66.0,196,196,196
EFO_0003932,bacterial vaginosis,False,1.0,197,197,197
EFO_0003938,aphthous ulcer,False,13.0,98,98,98
EFO_0003939,,,0.0,3,3,3
EFO_0003940,physical activity,False,55.0,78,78,78
EFO_0003943,humerus fracture,False,12.0,26,26,26
EFO_0003944,tibia fracture,False,11.0,26,26,26
EFO_0003948,gastroesophageal reflux disease,False,27.0,376,376,376
EFO_0003950,ulna fracture,True,0.0,10,10,10
EFO_0003951,,,0.0,16,16,16
EFO_0003956,seasonal allergic rhinitis,False,29.0,116,116,116
EFO_0003957,radius fracture,False,28.0,38,38,38
EFO_0003958,sunburn,False,17.0,46,46,46
EFO_0003964,hip fracture,False,12.0,117,117,117
EFO_0003966,eye disease,False,64.0,358,358,358
EFO_0003967,vascular sarcoma,True,0.0,16,16,16
EFO_0003968,angiosarcoma,False,120.0,373,373,373
EFO_0004125,,,0.0,28,28,28
EFO_0004126,Adie syndrome,True,0.0,3,3,3
EFO_0004127,,,0.0,25,25,25
EFO_0004128,,,0.0,12,12,12
EFO_0004129,familial amyloid neuropathy,False,8.0,34,34,34
EFO_0004138,,,0.0,24,24,24
EFO_0004142,colorectal neoplasm,False,169.0,723,723,723
EFO_0004143,carpal tunnel syndrome,False,56.0,155,155,155
EFO_0004144,acatalasia,True,0.0,8,8,8
EFO_0004145,myopathy,False,4.0,371,371,371
EFO_0004149,neuropathy,False,18.0,550,550,550
EFO_0004152,chorea,False,2.0,65,65,65
EFO_0004190,open-angle glaucoma,False,28.0,430,430,430
EFO_0004191,androgenetic alopecia,False,21.0,152,152,152
EFO_0004192,alopecia areata,False,108.0,288,288,288
EFO_0004193,basal cell carcinoma,False,33.0,410,410,410
EFO_0004194,IGA glomerulonephritis,False,24.0,548,548,548
EFO_0004196,viral human hepatitis infection,True,0.0,3,3,3
EFO_0004197,hepatitis B virus infection,False,36.0,600,600,600
EFO_0004198,skin neoplasm,False,37.0,493,493,493
EFO_0004199,,,0.0,98,98,98
EFO_0004208,Vitiligo,False,78.0,435,435,435
EFO_0004209,hypospadias,False,20.0,153,153,153
EFO_0004210,,,0.0,192,192,192
EFO_0004211,Hypertriglyceridemia,False,50.0,295,295,295
EFO_0004212,Keloid,False,23.0,404,404,404
EFO_0004213,,,0.0,48,48,48
EFO_0004214,Abdominal Aortic Aneurysm,False,65.0,400,400,400
EFO_0004216,conduct disorder,False,10.0,74,74,74
EFO_0004220,chronic hepatitis C virus infection,False,88.0,388,388,388
EFO_0004224,Coronary Restenosis,False,10.0,11,11,11
EFO_0004225,Coronary Vasospasm,False,5.0,86,86,86
EFO_0004226,,,0.0,132,132,132
EFO_0004227,Dengue Hemorrhagic Fever,False,2.0,177,177,177
EFO_0004228,drug-induced liver injury,False,4.0,39,39,39
EFO_0004229,Dupuytren Contracture,False,28.0,114,114,114
EFO_0004230,endometrial neoplasm,False,29.0,53,53,53
EFO_0004232,eosinophilic esophagitis,False,25.0,248,248,248
EFO_0004234,erectile dysfunction,False,38.0,215,215,215
EFO_0004235,exfoliation syndrome,False,3.0,129,129,129
EFO_0004236,focal segmental glomerulosclerosis,False,77.0,408,408,408
EFO_0004237,Graves disease,False,11.0,365,365,365
EFO_0004238,hearing loss,False,16.0,373,373,373
EFO_0004239,chronic hepatitis B virus infection,False,32.0,502,502,502
EFO_0004240,heroin dependence,False,16.0,112,112,112
EFO_0004242,obsessive-compulsive disorder,False,81.0,234,234,234
EFO_0004243,carcinoid tumor,False,59.0,273,273,273
EFO_0004244,interstitial lung disease,False,26.0,498,498,498
EFO_0004246,mucocutaneous lymph node syndrome,False,7.0,447,447,447
EFO_0004247,mood disorder,False,57.0,451,451,451
EFO_0004248,male infertility,False,11.0,433,433,433
EFO_0004249,,,0.0,286,286,286
EFO_0004251,myeloproliferative disorder,False,54.0,247,247,247
EFO_0004252,nasopharyngeal neoplasm,False,62.0,181,181,181
EFO_0004253,nephrolithiasis,False,23.0,295,295,295
EFO_0004254,membranous glomerulonephritis,False,10.0,239,239,239
EFO_0004255,nephrotic syndrome,False,45.0,391,391,391
EFO_0004256,neuromyelitis optica,False,35.0,226,226,226
EFO_0004257,neurotic disorder,False,5.0,149,149,149
EFO_0004259,osteonecrosis,False,44.0,243,243,243
EFO_0004260,bone disease,False,15.0,410,410,410
EFO_0004261,osteitis deformans,False,3.0,74,74,74
EFO_0004262,panic disorder,False,25.0,157,157,157
EFO_0004263,partial epilepsy,False,51.0,165,165,165
EFO_0004264,vascular disease,False,39.0,663,663,663
EFO_0004265,peripheral arterial disease,False,94.0,510,510,510
EFO_0004266,primary ovarian insufficiency,False,4.0,152,152,152
EFO_0004267,biliary liver cirrhosis,False,2.0,67,67,67
EFO_0004268,sclerosing cholangitis,False,24.0,272,272,272
EFO_0004269,cardiac arrhythmia,False,57.0,359,359,359
EFO_0004270,restless legs syndrome,False,19.0,102,102,102
EFO_0004273,scoliosis,False,43.0,232,232,232
EFO_0004274,gout,False,33.0,164,164,164
EFO_0004276,Stevens-Johnson syndrome,False,4.0,68,68,68
EFO_0004277,brain infarction,False,6.0,298,298,298
EFO_0004278,sudden cardiac arrest,False,32.0,117,117,117
EFO_0004280,movement disorder,False,10.0,270,270,270
EFO_0004281,testicular neoplasm,False,13.0,32,32,32
EFO_0004282,thoracic aortic aneurysm,False,4.0,145,145,145
EFO_0004283,,,0.0,17,17,17
EFO_0004284,upper aerodigestive tract neoplasm,False,70.0,74,74,74
EFO_0004286,venous thromboembolism,False,14.0,379,379,379
EFO_0004287,ventricular fibrillation,False,22.0,99,99,99
EFO_0004288,colonic neoplasm,False,41.0,662,662,662
EFO_0004289,lymphoid leukemia,False,191.0,361,361,361
EFO_0004315,drinking behavior,True,0.0,3,3,3
EFO_0004318,smoking behavior,False,4.0,58,58,58
EFO_0004319,smoking cessation,False,63.0,101,101,101
EFO_0004320,suicidal ideation,False,15.0,17,17,17
EFO_0004321,attempted suicide,False,7.0,11,11,11
EFO_0004329,alcohol drinking,False,60.0,309,309,309
EFO_0004330,,,0.0,9,9,9
EFO_0004333,,,0.0,3,3,3
EFO_0004335,short-term memory,False,40.0,41,41,41
EFO_0004337,intelligence,False,1.0,93,93,93
EFO_0004347,,,0.0,15,15,15
EFO_0004363,,,0.0,3,3,3
EFO_0004537,,,0.0,19,19,19
EFO_0004540,chronic fatigue syndrome,False,5.0,184,184,184
EFO_0004562,,,0.0,166,166,166
EFO_0004593,gestational diabetes,False,58.0,624,624,624
EFO_0004596,diabetes mellitus type 2 associated cataract,True,0.0,1,1,1
EFO_0004599,acute graft vs. host disease,False,43.0,63,63,63
EFO_0004606,gallbladder neoplasm,False,35.0,83,83,83
EFO_0004607,duodenal ulcer,False,7.0,172,172,172
EFO_0004608,cystic fibrosis associated meconium ileus,True,0.0,1,1,1
EFO_0004610,acute lung injury,False,32.0,658,658,658
EFO_0004616,"osteoarthritis, knee",False,127.0,389,389,389
EFO_0004645,,,0.0,12,12,12
EFO_0004653,response to TNF antagonist,True,0.0,2,2,2
EFO_0004683,wet macular degeneration,False,10.0,191,191,191
EFO_0004686,,,0.0,8,8,8
EFO_0004698,insomnia,False,61.0,394,394,394
EFO_0004699,gambling behaviour,False,54.0,55,55,55
EFO_0004701,methamphetamine dependence,False,84.0,107,107,107
EFO_0004705,hypothyroidism,False,4.0,511,511,511
EFO_0004707,,,0.0,55,55,55
EFO_0004708,nodular sclerosis Hodgkin lymphoma,False,40.0,88,88,88
EFO_0004710,pelvic organ prolapse,False,6.0,171,171,171
EFO_0004711,elephantiasis,True,0.0,20,20,20
EFO_0004712,podoconiosis,True,0.0,17,17,17
EFO_0004718,vascular dementia,False,18.0,275,275,275
EFO_0004719,pemphigus vulgaris,False,13.0,190,190,190
EFO_0004720,,,0.0,297,297,297
EFO_0004772,,,0.0,7,7,7
EFO_0004775,toxic epidermal necrolysis,False,6.0,116,116,116
EFO_0004777,alcohol withdrawal,False,16.0,42,42,42
EFO_0004795,skin sensitivity to sun,True,0.0,4,4,4
EFO_0004799,cholelithiasis,False,1.0,178,178,178
EFO_0004826,anti-neutrophil antibody associated vasculitis,False,21.0,22,22,22
EFO_0004875,,,0.0,139,139,139
EFO_0004890,,,0.0,1,1,1
EFO_0004893,,,0.0,12,12,12
EFO_0004895,Tourette syndrome,False,56.0,197,197,197
EFO_0004906,,,0.0,833,833,833
EFO_0004911,familial hypercholesterolemia,False,15.0,178,178,178
EFO_0004986,,,0.0,312,312,312
EFO_0004991,Myasthenia gravis,False,85.0,325,325,325
EFO_0004992,Otitis media,False,3.0,155,155,155
EFO_0004994,,,0.0,386,386,386
EFO_0004996,,,0.0,52,52,52
EFO_0004997,type 2 diabetes nephropathy,False,29.0,141,141,141
EFO_0005039,,,0.0,88,88,88
EFO_0005044,Leishmaniasis,False,33.0,379,379,379
EFO_0005045,,,0.0,363,363,363
EFO_0005046,cutaneous Leishmaniasis,False,34.0,200,200,200
EFO_0005088,testicular carcinoma,False,41.0,126,126,126
EFO_0005109,energy expenditure,False,1.0,1,1,1
EFO_0005137,,,0.0,21,21,21
EFO_0005138,,,0.0,69,69,69
EFO_0005140,autoimmune disease,False,5.0,869,869,869
EFO_0005203,eating disorder,False,63.0,179,179,179
EFO_0005204,bulimia nervosa,False,47.0,101,101,101
EFO_0005207,congenital heart disease,False,80.0,435,435,435
EFO_0005220,pulmonary neuroendocrine tumor,False,7.0,95,95,95
EFO_0005221,cholangiocarcinoma,False,95.0,736,736,736
EFO_0005222,avian influenza,False,4.0,79,79,79
EFO_0005223,acute stress reaction,False,5.0,24,24,24
EFO_0005224,Q fever,True,0.0,83,83,83
EFO_0005225,human african trypanosomiasis,False,1.0,237,237,237
EFO_0005226,swine influenza,False,1.0,101,101,101
EFO_0005229,,,0.0,315,315,315
EFO_0005232,endometrium adenocarcinoma,False,31.0,276,276,276
EFO_0005235,primitive neuroectodermal tumor,False,15.0,375,375,375
EFO_0005239,,,0.0,107,107,107
EFO_0005240,rhegmatogenous retinal detachment,False,13.0,59,59,59
EFO_0005246,hypersomnia,False,9.0,47,47,47
EFO_0005251,hypotension,False,55.0,130,130,130
EFO_0005252,orthostatic hypotension,False,45.0,129,129,129
EFO_0005253,postprandial hypotension,True,0.0,2,2,2
EFO_0005269,,,0.0,51,51,51
EFO_0005279,temporomandibular joint disorder,False,28.0,89,89,89
EFO_0005287,,,0.0,151,151,151
EFO_0005288,non-small cell lung adenocarcinoma,False,1.0,62,62,62
EFO_0005297,Granulomatosis with Polyangiitis,False,14.0,196,196,196
EFO_0005301,reading and spelling ability,True,0.0,1,1,1
EFO_0005303,,,0.0,167,167,167
EFO_0005304,,,0.0,90,90,90
EFO_0005305,,,0.0,4,4,4
EFO_0005306,ventricular tachycardia,False,20.0,135,135,135
EFO_0005307,,,0.0,45,45,45
EFO_0005308,,,0.0,34,34,34
EFO_0005319,contact dermatitis,False,1.0,145,145,145
EFO_0005321,molar-incisor hypomineralization,True,0.0,22,22,22
EFO_0005325,,,0.0,7,7,7
EFO_0005400,chemotherapy-induced alopecia,False,1.0,2,2,2
EFO_0005405,,,0.0,59,59,59
EFO_0005406,colorectal adenoma,False,6.0,314,314,314
EFO_0005407,psychosis,False,60.0,413,413,413
EFO_0005410,,,0.0,37,37,37
EFO_0005411,schizoaffective disorder,False,106.0,163,163,163
EFO_0005422,skin aging,False,1.0,144,144,144
EFO_0005423,,,0.0,129,129,129
EFO_0005424,,,0.0,49,49,49
EFO_0005425,,,0.0,55,55,55
EFO_0005524,,,0.0,50,50,50
EFO_0005529,Chagas cardiomyopathy,False,5.0,67,67,67
EFO_0005531,urticaria,False,26.0,241,241,241
EFO_0005532,angioedema,False,18.0,123,123,123
EFO_0005537,triple-negative breast cancer,False,201.0,1114,1114,1114
EFO_0005539,adrenal gland disease,False,7.0,13,13,13
EFO_0005540,bile duct carcinoma,False,58.0,220,220,220
EFO_0005541,bone development disease,True,0.0,12,12,12
EFO_0005542,botulism,False,40.0,52,52,52
EFO_0005543,glioma,False,1.0,1220,1220,1220
EFO_0005545,,,0.0,12,12,12
EFO_0005546,congenital disorder of glycosylation type II,True,0.0,54,54,54
EFO_0005547,dengue disease,False,8.0,484,484,484
EFO_0005548,,,0.0,33,33,33
EFO_0005549,,,0.0,87,87,87
EFO_0005551,,,0.0,25,25,25
EFO_0005555,gamma chain deficiency,False,1.0,195,195,195
EFO_0005556,Gilbert syndrome,True,0.0,30,30,30
EFO_0005557,gum cancer,True,0.0,15,15,15
EFO_0005560,,,0.0,11,11,11
EFO_0005561,histiocytoma,False,1.0,26,26,26
EFO_0005562,,,0.0,132,132,132
EFO_0005565,,,0.0,1,1,1
EFO_0005567,malignant peritoneal mesothelioma,False,16.0,62,62,62
EFO_0005569,,,0.0,139,139,139
EFO_0005570,oral cavity cancer,False,20.0,131,131,131
EFO_0005571,,,0.0,29,29,29
EFO_0005576,,,0.0,66,66,66
EFO_0005577,pharynx cancer,False,13.0,77,77,77
EFO_0005578,,,0.0,114,114,114
EFO_0005579,,,0.0,5,5,5
EFO_0005580,,,0.0,27,27,27
EFO_0005581,,,0.0,155,155,155
EFO_0005582,renal pelvis carcinoma,False,12.0,21,21,21
EFO_0005583,,,0.0,61,61,61
EFO_0005584,,,0.0,77,77,77
EFO_0005585,,,0.0,81,81,81
EFO_0005588,small intestine carcinoma,False,3.0,55,55,55
EFO_0005590,,,0.0,1,1,1
EFO_0005591,,,0.0,16,16,16
EFO_0005592,T-cell leukemia,False,10.0,317,317,317
EFO_0005593,,,0.0,154,154,154
EFO_0005595,toxic encephalopathy,True,0.0,7,7,7
EFO_0005611,opioid dependence,False,77.0,199,199,199
EFO_0005612,morphine dependence,False,3.0,141,141,141
EFO_0005622,,,0.0,56,56,56
EFO_0005623,,,0.0,25,25,25
EFO_0005624,,,0.0,21,21,21
EFO_0005626,,,0.0,39,39,39
EFO_0005627,,,0.0,9,9,9
EFO_0005628,proctitis,False,9.0,81,81,81
EFO_0005629,small bowel Crohn's disease,False,4.0,13,13,13
EFO_0005631,rectal adenocarcinoma,False,6.0,382,382,382
EFO_0005649,,,0.0,12,12,12
EFO_0005658,response to selective serotonin reuptake inhibitor,True,0.0,2,2,2
EFO_0005669,intracerebral hemorrhage,False,34.0,362,362,362
EFO_0005670,,,0.0,236,236,236
EFO_0005672,acute coronary syndrome,False,123.0,438,438,438
EFO_0005676,Autoimmune Hepatitis,False,9.0,394,394,394
EFO_0005678,hippocampal sclerosis of aging,True,0.0,2,2,2
EFO_0005681,Staphylococcus aureus infection,False,1.0,183,183,183
EFO_0005687,fibromyalgia,False,106.0,424,424,424
EFO_0005701,malignant rhabdoid tumour,False,2.0,111,111,111
EFO_0005708,renal cell adenocarcinoma,False,21.0,315,315,315
EFO_0005716,retinal cancer,True,0.0,3,3,3
EFO_0005717,retinoblastoma (nonhereditary),True,0.0,6,6,6
EFO_0005741,infectious disease,False,16.0,585,585,585
EFO_0005751,eye allergy,False,7.0,8,8,8
EFO_0005753,ocular vascular disease,False,3.0,11,11,11
EFO_0005754,parathyroid disease,False,13.0,37,37,37
EFO_0005755,rheumatic disease,False,11.0,364,364,364
EFO_0005761,lupus nephritis,False,41.0,444,444,444
EFO_0005769,,,0.0,9,9,9
EFO_0005771,,,0.0,74,74,74
EFO_0005772,neurodegenerative disease,False,3.0,1189,1189,1189
EFO_0005773,retinal detachment,False,2.0,177,177,177
EFO_0005774,brain disease,False,54.0,522,522,522
EFO_0005775,aortic disease,False,2.0,110,110,110
EFO_0005782,,,0.0,106,106,106
EFO_0005783,NUT midline carcinoma,False,20.0,97,97,97
EFO_0005784,,,0.0,73,73,73
EFO_0005785,,,0.0,33,33,33
EFO_0005799,neonatal abstinence syndrome,False,9.0,134,134,134
EFO_0005800,substance withdrawal syndrome,False,18.0,65,65,65
EFO_0005801,cholesterol embolism,False,1.0,5,5,5
EFO_0005802,,,0.0,71,71,71
EFO_0005803,hematologic disease,False,15.0,405,405,405
EFO_0005804,,,0.0,127,127,127
EFO_0005809,,,0.0,55,55,55
EFO_0005815,,,0.0,315,315,315
EFO_0005840,,,0.0,49,49,49
EFO_0005846,cryoglobulinemia,False,2.0,59,59,59
EFO_0005854,allergic rhinitis,False,38.0,458,458,458
EFO_0005855,,,0.0,3,3,3
EFO_0005856,arthritis,False,19.0,173,173,173
EFO_0005895,,,0.0,96,96,96
EFO_0005917,,,0.0,118,118,118
EFO_0005922,esophageal squamous cell carcinoma,False,92.0,973,973,973
EFO_0005924,binge eating,False,46.0,71,71,71
EFO_0005932,,,0.0,65,65,65
EFO_0005938,congenital left-sided heart lesions,False,1.0,33,33,33
EFO_0005950,head and neck neoplasia,False,24.0,237,237,237
EFO_0005952,non-Hodgkins lymphoma,False,276.0,700,700,700
EFO_0006318,breast ductal adenocarcinoma,False,14.0,369,369,369
EFO_0006342,,,0.0,75,75,75
EFO_0006343,,,0.0,280,280,280
EFO_0006344,medication adherence behavior,False,1.0,1,1,1
EFO_0006346,severe cutaneous adverse reaction,False,2.0,2,2,2
EFO_0006352,laryngeal squamous cell carcinoma,False,48.0,505,505,505
EFO_0006387,,,0.0,36,36,36
EFO_0006388,cystic renal cell carcinoma,True,0.0,7,7,7
EFO_0006391,,,0.0,16,16,16
EFO_0006452,malignant epithelioid mesothelioma,False,11.0,74,74,74
EFO_0006460,,,0.0,169,169,169
EFO_0006462,ovarian mucinous adenocarcinoma,False,19.0,143,143,143
EFO_0006463,,,0.0,68,68,68
EFO_0006471,,,0.0,1,1,1
EFO_0006475,plasma cell leukemia,False,41.0,106,106,106
EFO_0006497,,,0.0,11,11,11
EFO_0006500,,,0.0,73,73,73
EFO_0006505,chronic bronchitis,False,13.0,166,166,166
EFO_0006509,,,0.0,26,26,26
EFO_0006510,Herpes Zoster,False,4.0,168,168,168
EFO_0006511,,,0.0,53,53,53
EFO_0006513,,,0.0,17,17,17
EFO_0006544,bladder transitional cell carcinoma,False,102.0,722,722,722
EFO_0006545,,,0.0,190,190,190
EFO_0006566,,,0.0,91,91,91
EFO_0006718,ovarian leiomyosarcoma,False,12.0,20,20,20
EFO_0006719,,,0.0,15,15,15
EFO_0006732,pancreatic adenosquamous carcinoma,False,5.0,16,16,16
EFO_0006738,plasmacytoma,False,35.0,233,233,233
EFO_0006740,,,0.0,39,39,39
EFO_0006772,undifferentiated carcinoma,False,23.0,191,191,191
EFO_0006788,anxiety disorder,False,24.0,326,326,326
EFO_0006789,typhoid fever,True,0.0,84,84,84
EFO_0006790,cerebral amyloid angiopathy,False,1.0,311,311,311
EFO_0006791,vascular brain injury,True,0.0,5,5,5
EFO_0006792,Lewy body dementia,False,7.0,337,337,337
EFO_0006802,,,0.0,1,1,1
EFO_0006803,vasculitis,False,23.0,360,360,360
EFO_0006804,,,0.0,10,10,10
EFO_0006812,,,0.0,262,262,262
EFO_0006813,,,0.0,5,5,5
EFO_0006819,mild disease course,True,0.0,17,17,17
EFO_0006820,,,0.0,53,53,53
EFO_0006857,,,0.0,227,227,227
EFO_0006858,,,0.0,76,76,76
EFO_0006859,head and neck malignant neoplasia,False,229.0,767,767,767
EFO_0006861,male breast carcinoma,False,107.0,133,133,133
EFO_0006862,Meniere disease,False,7.0,91,91,91
EFO_0006890,fibrosis,False,32.0,694,694,694
EFO_0006891,,,0.0,41,41,41
EFO_0006893,proliferative inflammatory atrophy,True,0.0,5,5,5
EFO_0006995,,,0.0,2,2,2
EFO_0007044,,,0.0,1,1,1
EFO_0007046,executive function,False,1.0,1,1,1
EFO_0007126,Acanthamoeba keratitis,False,1.0,51,51,51
EFO_0007127,actinobacillosis,True,0.0,1,1,1
EFO_0007128,actinomycosis,True,0.0,21,21,21
EFO_0007129,acute chest syndrome,False,3.0,44,44,44
EFO_0007130,,,0.0,52,52,52
EFO_0007131,acute hemorrhagic conjunctivitis,True,0.0,1,1,1
EFO_0007132,acute hemorrhagic leukoencephalitis,True,0.0,45,45,45
EFO_0007133,,,0.0,16,16,16
EFO_0007134,,,0.0,33,33,33
EFO_0007135,adult-onset Still's disease,False,5.0,151,151,151
EFO_0007136,agnosia,True,0.0,2,2,2
EFO_0007137,,,0.0,31,31,31
EFO_0007138,,,0.0,2,2,2
EFO_0007139,aleutian mink disease,True,0.0,8,8,8
EFO_0007140,allergic bronchopulmonary aspergillosis,False,2.0,98,98,98
EFO_0007141,allergic conjunctivitis,False,19.0,139,139,139
EFO_0007142,Alphavirus infectious disease,True,0.0,62,62,62
EFO_0007143,alveolar soft part sarcoma,False,17.0,96,96,96
EFO_0007144,,,0.0,153,153,153
EFO_0007145,ancylostomiasis,True,0.0,1,1,1
EFO_0007146,,,0.0,12,12,12
EFO_0007147,anogenital venereal wart,False,6.0,78,78,78
EFO_0007148,aortic valve insufficiency,False,6.0,60,60,60
EFO_0007149,appendicitis,False,28.0,183,183,183
EFO_0007150,,,0.0,26,26,26
EFO_0007152,Arterivirus infectious disease,True,0.0,3,3,3
EFO_0007153,,,0.0,80,80,80
EFO_0007154,ascariasis,True,0.0,25,25,25
EFO_0007155,ascaridiasis,True,0.0,2,2,2
EFO_0007157,aspergillosis,False,12.0,133,133,133
EFO_0007159,atrophic rhinitis,False,1.0,12,12,12
EFO_0007160,autoimmune thrombocytopenic purpura,False,50.0,414,414,414
EFO_0007162,,,0.0,86,86,86
EFO_0007164,,,0.0,141,141,141
EFO_0007166,bartonellosis,True,0.0,17,17,17
EFO_0007167,Bell's palsy,False,1.0,39,39,39
EFO_0007168,berylliosis,False,6.0,50,50,50
EFO_0007169,biliary dyskinesia,False,2.0,5,5,5
EFO_0007173,Blastocystis hominis infectious disease,True,0.0,7,7,7
EFO_0007174,blastomycosis,True,0.0,23,23,23
EFO_0007175,blind loop syndrome,True,0.0,2,2,2
EFO_0007176,bone giant cell tumor,False,2.0,69,69,69
EFO_0007177,,,0.0,1,1,1
EFO_0007178,borna disease,True,0.0,9,9,9
EFO_0007179,boutonneuse fever,True,0.0,31,31,31
EFO_0007180,bovine respiratory disease complex,True,0.0,3,3,3
EFO_0007182,Brill-Zinsser disease,True,0.0,1,1,1
EFO_0007183,bronchiolitis obliterans,False,18.0,184,184,184
EFO_0007184,,,0.0,76,76,76
EFO_0007185,brucellosis,False,4.0,223,223,223
EFO_0007187,bullous pemphigoid,False,18.0,139,139,139
EFO_0007188,Bunyaviridae infectious disease,True,0.0,7,7,7
EFO_0007189,Caliciviridae infectious disease,True,0.0,6,6,6
EFO_0007190,,,0.0,39,39,39
EFO_0007191,cannabis dependence,False,69.0,105,105,105
EFO_0007192,Caplan's syndrome,True,0.0,1,1,1
EFO_0007193,,,0.0,7,7,7
EFO_0007194,Cardiovirus infectious disease,True,0.0,1,1,1
EFO_0007195,cat-scratch disease,True,0.0,11,11,11
EFO_0007196,Cauda equina syndrome,False,2.0,14,14,14
EFO_0007199,central nervous system tuberculosis,True,0.0,10,10,10
EFO_0007200,cerebral toxoplasmosis,False,1.0,51,51,51
EFO_0007202,,,0.0,8,8,8
EFO_0007204,chickenpox,True,0.0,52,52,52
EFO_0007205,Chlamydia trachomatis infectious disease,False,4.0,207,207,207
EFO_0007207,chromoblastomycosis,True,0.0,21,21,21
EFO_0007208,Churg-Strauss syndrome,False,5.0,110,110,110
EFO_0007210,clonorchiasis,True,0.0,40,40,40
EFO_0007211,coccidioidomycosis,False,1.0,58,58,58
EFO_0007212,coccidiosis,True,0.0,61,61,61
EFO_0007214,common cold,False,36.0,86,86,86
EFO_0007215,composite lymphoma,True,0.0,2,2,2
EFO_0007216,,,0.0,116,116,116
EFO_0007217,,,0.0,9,9,9
EFO_0007218,,,0.0,561,561,561
EFO_0007219,,,0.0,10,10,10
EFO_0007220,,,0.0,46,46,46
EFO_0007221,contagious pleuropneumonia,True,0.0,2,2,2
EFO_0007222,contagious pustular dermatitis,True,0.0,1,1,1
EFO_0007223,Coronaviridae infectious disease,True,0.0,1,1,1
EFO_0007224,coronavirus infectious disease,False,31.0,344,344,344
EFO_0007225,cowpox,True,0.0,8,8,8
EFO_0007226,coxsackievirus infectious disease,True,0.0,22,22,22
EFO_0007227,croup,False,1.0,10,10,10
EFO_0007228,cryptococcal meningitis,False,5.0,53,53,53
EFO_0007229,,,0.0,147,147,147
EFO_0007230,cyclosporiasis,True,0.0,2,2,2
EFO_0007231,cysticercosis,False,6.0,75,75,75
EFO_0007232,cystoisosporiasis,True,0.0,3,3,3
EFO_0007233,,,0.0,22,22,22
EFO_0007236,,,0.0,27,27,27
EFO_0007238,,,0.0,1,1,1
EFO_0007239,,,0.0,6,6,6
EFO_0007241,dracunculiasis,True,0.0,6,6,6
EFO_0007242,Eastern equine encephalitis,True,0.0,8,8,8
EFO_0007243,Ebola hemorrhagic fever,False,13.0,120,120,120
EFO_0007244,,,0.0,61,61,61
EFO_0007245,,,0.0,77,77,77
EFO_0007246,echinostomiasis,True,0.0,1,1,1
EFO_0007247,,,0.0,14,14,14
EFO_0007248,,,0.0,19,19,19
EFO_0007249,emphysematous cholecystitis,True,0.0,1,1,1
EFO_0007250,,,0.0,8,8,8
EFO_0007251,,,0.0,32,32,32
EFO_0007252,,,0.0,96,96,96
EFO_0007254,enterobiasis,True,0.0,9,9,9
EFO_0007255,,,0.0,85,85,85
EFO_0007257,eosinophilic pneumonia,False,1.0,94,94,94
EFO_0007258,ephemeral fever,True,0.0,1,1,1
EFO_0007260,epidural abscess,True,0.0,4,4,4
EFO_0007261,epiglottitis,True,0.0,3,3,3
EFO_0007262,epilepsy with generalized tonic-clonic seizures,False,39.0,43,43,43
EFO_0007263,equine infectious anemia,True,0.0,5,5,5
EFO_0007265,eumycotic mycetoma,True,0.0,37,37,37
EFO_0007266,eunuchism,True,0.0,2,2,2
EFO_0007269,Felty's syndrome,True,0.0,112,112,112
EFO_0007271,,,0.0,11,11,11
EFO_0007272,filarial elephantiasis,False,4.0,21,21,21
EFO_0007274,Flaviviridae infectious disease,True,0.0,12,12,12
EFO_0007275,focal epithelial hyperplasia,True,0.0,3,3,3
EFO_0007276,,,0.0,29,29,29
EFO_0007277,,,0.0,43,43,43
EFO_0007278,fungal lung infectious disease,True,0.0,33,33,33
EFO_0007279,,,0.0,58,58,58
EFO_0007280,,,0.0,5,5,5
EFO_0007282,,,0.0,33,33,33
EFO_0007283,,,0.0,9,9,9
EFO_0007285,,,0.0,96,96,96
EFO_0007286,glanders,True,0.0,2,2,2
EFO_0007287,,,0.0,47,47,47
EFO_0007289,gnathomiasis,True,0.0,4,4,4
EFO_0007290,Goodpasture syndrome,True,0.0,34,34,34
EFO_0007291,granuloma inguinale,True,0.0,2,2,2
EFO_0007292,Guillain-Barre syndrome,False,42.0,487,487,487
EFO_0007294,"hand, foot and mouth disease",False,1.0,117,117,117
EFO_0007295,Hantavirus infectious disease,False,1.0,66,66,66
EFO_0007296,hantavirus pulmonary syndrome,True,0.0,7,7,7
EFO_0007297,HELLP syndrome,False,1.0,127,127,127
EFO_0007298,hemopericardium,True,0.0,3,3,3
EFO_0007299,hemorrhagic fever with renal syndrome,False,1.0,29,29,29
EFO_0007300,Henipavirus infectious disease,True,0.0,6,6,6
EFO_0007303,,,0.0,47,47,47
EFO_0007304,hepatitis D virus infection,False,16.0,48,48,48
EFO_0007305,,,0.0,64,64,64
EFO_0007306,,,0.0,4,4,4
EFO_0007307,Herpes simplex virus gingivostomatitis,True,0.0,4,4,4
EFO_0007308,Herpes simplex virus keratitis,False,1.0,46,46,46
EFO_0007309,Herpesviridae infectious disease,True,0.0,139,139,139
EFO_0007310,histoplasmosis,False,2.0,68,68,68
EFO_0007311,HIV enteropathy,True,0.0,1,1,1
EFO_0007312,HIV wasting syndrome,False,7.0,21,21,21
EFO_0007313,HIV-associated nephropathy,False,1.0,64,64,64
EFO_0007314,hookworm infectious disease,True,0.0,49,49,49
EFO_0007316,Human T-lymphotropic virus 1 infectious disease,False,2.0,101,101,101
EFO_0007317,hymenolepiasis,True,0.0,3,3,3
EFO_0007318,hyperinsulinemic hypoglycemia,False,2.0,25,25,25
EFO_0007319,hyperprolactinemia,False,4.0,141,141,141
EFO_0007321,,,0.0,17,17,17
EFO_0007323,inclusion body myositis,False,8.0,215,215,215
EFO_0007324,,,0.0,52,52,52
EFO_0007326,infectious mononucleosis,False,1.0,97,97,97
EFO_0007328,influenza,False,66.0,745,745,745
EFO_0007329,,,0.0,1,1,1
EFO_0007330,,,0.0,207,207,207
EFO_0007331,islet cell tumor,False,16.0,106,106,106
EFO_0007332,Japanese encephalitis,False,4.0,105,105,105
EFO_0007335,Kluver-Bucy syndrome,True,0.0,1,1,1
EFO_0007336,,,0.0,15,15,15
EFO_0007337,laryngeal tuberculosis,True,0.0,1,1,1
EFO_0007338,Lassa fever,False,2.0,42,42,42
EFO_0007340,latent syphilis,True,0.0,16,16,16
EFO_0007342,,,0.0,108,108,108
EFO_0007343,,,0.0,56,56,56
EFO_0007344,leptospirosis,False,4.0,104,104,104
EFO_0007345,lipid pneumonia,True,0.0,1,1,1
EFO_0007346,,,0.0,14,14,14
EFO_0007347,,,0.0,228,228,228
EFO_0007348,louping ill,True,0.0,1,1,1
EFO_0007350,,,0.0,12,12,12
EFO_0007351,lymphangitis,True,0.0,9,9,9
EFO_0007352,,,0.0,113,113,113
EFO_0007353,lymphogranuloma venereum,True,0.0,5,5,5
EFO_0007355,male reproductive organ cancer,False,46.0,92,92,92
EFO_0007356,mandibular cancer,True,0.0,1,1,1
EFO_0007357,mansonelliasis,False,4.0,7,7,7
EFO_0007358,,,0.0,18,18,18
EFO_0007359,mast-cell leukemia,False,39.0,82,82,82
EFO_0007360,,,0.0,2,2,2
EFO_0007361,,,0.0,6,6,6
EFO_0007362,mediastinal cancer,False,12.0,15,15,15
EFO_0007363,meibomian cyst,False,2.0,11,11,11
EFO_0007364,,,0.0,84,84,84
EFO_0007365,mesoblastic nephroma,True,0.0,16,16,16
EFO_0007366,microsporidiosis,True,0.0,22,22,22
EFO_0007367,middle lobe syndrome,True,0.0,3,3,3
EFO_0007368,miliary tuberculosis,True,0.0,39,39,39
EFO_0007369,milk allergic reaction,False,1.0,1,1,1
EFO_0007371,,,0.0,19,19,19
EFO_0007372,mitral valve stenosis,False,4.0,12,12,12
EFO_0007374,,,0.0,139,139,139
EFO_0007375,molluscum contagiosum,False,3.0,17,17,17
EFO_0007377,Morbillivirus infectious disease,True,0.0,2,2,2
EFO_0007378,,,0.0,33,33,33
EFO_0007379,,,0.0,38,38,38
EFO_0007380,mucormycosis,True,0.0,53,53,53
EFO_0007381,,,0.0,69,69,69
EFO_0007382,,,0.0,1,1,1
EFO_0007383,,,0.0,45,45,45
EFO_0007384,,,0.0,18,18,18
EFO_0007386,Mycobacterium avium complex disease,False,7.0,55,55,55
EFO_0007387,Mycoplasma pneumoniae pneumonia,True,0.0,73,73,73
EFO_0007388,,,0.0,6,6,6
EFO_0007389,,,0.0,4,4,4
EFO_0007390,necatoriasis,True,0.0,2,2,2
EFO_0007391,,,0.0,144,144,144
EFO_0007392,,,0.0,88,88,88
EFO_0007394,neuroschistosomiasis,True,0.0,4,4,4
EFO_0007395,Newcastle disease,True,0.0,30,30,30
EFO_0007397,nocardiosis,True,0.0,23,23,23
EFO_0007398,ocular onchocerciasis,True,0.0,9,9,9
EFO_0007399,ocular toxoplasmosis,True,0.0,74,74,74
EFO_0007401,oligohydramnios,False,2.0,35,35,35
EFO_0007402,,,0.0,44,44,44
EFO_0007403,ophthalmic herpes zoster,False,1.0,6,6,6
EFO_0007404,,,0.0,58,58,58
EFO_0007405,optic neuritis,False,66.0,173,173,173
EFO_0007406,oral candidiasis,False,2.0,71,71,71
EFO_0007408,,,0.0,15,15,15
EFO_0007409,,,0.0,25,25,25
EFO_0007410,ornithosis,False,4.0,12,12,12
EFO_0007412,ossifying fibroma,True,0.0,19,19,19
EFO_0007413,osteitis fibrosa,True,0.0,14,14,14
EFO_0007414,ostertagiasis,True,0.0,1,1,1
EFO_0007415,otitis media with effusion,False,1.0,114,114,114
EFO_0007416,pancreatic endocrine carcinoma,False,22.0,76,76,76
EFO_0007417,,,0.0,229,229,229
EFO_0007418,paragonimiasis,True,0.0,13,13,13
EFO_0007420,paratyphoid fever,True,0.0,10,10,10
EFO_0007421,paronychia,False,3.0,25,25,25
EFO_0007423,,,0.0,17,17,17
EFO_0007424,pasteurellosis,True,0.0,18,18,18
EFO_0007425,peanut allergic reaction,False,6.0,65,65,65
EFO_0007426,pericardial tuberculosis,True,0.0,8,8,8
EFO_0007427,pericarditis,False,15.0,132,132,132
EFO_0007428,,,0.0,2,2,2
EFO_0007429,peritonsillar abscess,True,0.0,12,12,12
EFO_0007430,persian gulf syndrome,False,16.0,22,22,22
EFO_0007431,peste des petits ruminants infectious disease,True,0.0,13,13,13
EFO_0007432,Pestivirus infectious disease,True,0.0,8,8,8
EFO_0007433,phagocyte bactericidal dysfunction,True,0.0,1,1,1
EFO_0007437,Phlebotomus fever,True,0.0,2,2,2
EFO_0007438,Picornaviridae infectious disease,True,0.0,1,1,1
EFO_0007439,,,0.0,11,11,11
EFO_0007440,placenta accreta,False,1.0,34,34,34
EFO_0007441,,,0.0,56,56,56
EFO_0007442,placenta praevia,False,6.0,236,236,236
EFO_0007443,placental insufficiency,False,2.0,128,128,128
EFO_0007444,Plasmodium falciparum malaria,False,36.0,210,210,210
EFO_0007445,,,0.0,52,52,52
EFO_0007446,pleural tuberculosis,True,0.0,82,82,82
EFO_0007447,Pneumocystis infectious disease,True,0.0,45,45,45
EFO_0007448,pneumocystosis,False,7.0,276,276,276
EFO_0007449,pneumonic pasteurellosis,True,0.0,9,9,9
EFO_0007450,poliomyelitis,False,9.0,41,41,41
EFO_0007451,Polyomavirus infectious disease,True,0.0,27,27,27
EFO_0007452,,,0.0,17,17,17
EFO_0007453,postpartum depression,False,32.0,98,98,98
EFO_0007454,postpoliomyelitis syndrome,False,1.0,6,6,6
EFO_0007455,progressive multifocal leukoencephalopathy,False,1.0,118,118,118
EFO_0007456,pseudomyxoma peritonei,False,2.0,59,59,59
EFO_0007457,,,0.0,12,12,12
EFO_0007458,,,0.0,37,37,37
EFO_0007460,reactive arthritis,False,7.0,81,81,81
EFO_0007461,recurrent pneumonia,True,0.0,2,2,2
EFO_0007462,REM sleep behavior disorder,False,9.0,34,34,34
EFO_0007463,renal tuberculosis,True,0.0,6,6,6
EFO_0007464,,,0.0,99,99,99
EFO_0007466,retroperitoneal cancer,False,2.0,4,4,4
EFO_0007467,,,0.0,18,18,18
EFO_0007469,,,0.0,117,117,117
EFO_0007470,rhinoscleroma,False,4.0,8,8,8
EFO_0007471,rhinosporidiosis,True,0.0,5,5,5
EFO_0007473,Ritter's disease,True,0.0,3,3,3
EFO_0007474,Roseolovirus infectious disease,True,0.0,2,2,2
EFO_0007475,Salmonella gastroenteritis,True,0.0,7,7,7
EFO_0007476,,,0.0,4,4,4
EFO_0007477,scarlet fever,True,0.0,8,8,8
EFO_0007478,,,0.0,14,14,14
EFO_0007480,scrub typhus,False,4.0,99,99,99
EFO_0007484,sick building syndrome,True,0.0,1,1,1
EFO_0007485,,,0.0,255,255,255
EFO_0007486,sinusitis,False,40.0,124,124,124
EFO_0007487,skeletal tuberculosis,True,0.0,6,6,6
EFO_0007488,,,0.0,9,9,9
EFO_0007489,sphenoid sinusitis,True,0.0,2,2,2
EFO_0007490,spinal stenosis,False,39.0,90,90,90
EFO_0007493,,,0.0,50,50,50
EFO_0007494,,,0.0,37,37,37
EFO_0007495,St. Louis encephalitis,True,0.0,3,3,3
EFO_0007496,staphylococcal pneumonia,True,0.0,28,28,28
EFO_0007497,staphyloenterotoxemia,True,0.0,2,2,2
EFO_0007498,Stiff-Person syndrome,False,24.0,45,45,45
EFO_0007499,,,0.0,61,61,61
EFO_0007501,,,0.0,34,34,34
EFO_0007502,,,0.0,71,71,71
EFO_0007503,suppurative otitis media,True,0.0,6,6,6
EFO_0007504,syphilis,False,4.0,151,151,151
EFO_0007506,theileriasis,True,0.0,31,31,31
EFO_0007507,thoracic outlet syndrome,False,1.0,22,22,22
EFO_0007508,tick infestation,True,0.0,16,16,16
EFO_0007509,tick paralysis,True,0.0,1,1,1
EFO_0007510,,,0.0,7,7,7
EFO_0007512,tinea pedis,False,6.0,14,14,14
EFO_0007516,toxocariasis,True,0.0,28,28,28
EFO_0007517,,,0.0,390,390,390
EFO_0007518,tracheitis,True,0.0,4,4,4
EFO_0007519,trench fever,True,0.0,1,1,1
EFO_0007520,trichinosis,False,1.0,78,78,78
EFO_0007521,Trichomonas vaginitis,True,0.0,1,1,1
EFO_0007523,,,0.0,1,1,1
EFO_0007524,trichuriasis,True,0.0,20,20,20
EFO_0007527,tropical spastic paraparesis,False,7.0,203,203,203
EFO_0007528,,,0.0,8,8,8
EFO_0007529,tuberculous peritonitis,True,0.0,9,9,9
EFO_0007530,,,0.0,29,29,29
EFO_0007531,urogenital tuberculosis,True,0.0,2,2,2
EFO_0007532,uterine corpus cancer,False,36.0,47,47,47
EFO_0007533,vasomotor rhinitis,False,6.0,16,16,16
EFO_0007534,Venezuelan equine encephalitis,True,0.0,10,10,10
EFO_0007535,verrucous carcinoma,False,42.0,69,69,69
EFO_0007536,,,0.0,69,69,69
EFO_0007537,vestibular neuronitis,False,1.0,13,13,13
EFO_0007538,,,0.0,126,126,126
EFO_0007539,viral hemorrhagic septicemia,True,0.0,2,2,2
EFO_0007540,,,0.0,259,259,259
EFO_0007541,viral pneumonia,False,32.0,190,190,190
EFO_0007543,vulvovaginal candidiasis,True,0.0,60,60,60
EFO_0007545,West Nile encephalitis,True,0.0,21,21,21
EFO_0007546,Western equine encephalitis,True,0.0,3,3,3
EFO_0007549,Zollinger-Ellison Syndrome,False,2.0,28,28,28
EFO_0007585,Cannabis use,False,5.0,15,15,15
EFO_0007623,suicide behaviour,False,15.0,16,16,16
EFO_0007755,atopic march,True,0.0,15,15,15
EFO_0007768,,,0.0,2,2,2
EFO_0007834,,,0.0,562,562,562
EFO_0008395,response to darapladib,True,0.0,2,2,2
EFO_0008490,ampulla of Vater adenocarcinoma,False,2.0,40,40,40
EFO_0008491,,,0.0,33,33,33
EFO_0008492,,,0.0,24,24,24
EFO_0008493,cerebral small vessel disease,False,3.0,105,105,105
EFO_0008494,Chikungunya encephalitis,True,0.0,1,1,1
EFO_0008495,,,0.0,138,138,138
EFO_0008497,,,0.0,38,38,38
EFO_0008498,clear cell sarcoma,False,1.0,59,59,59
EFO_0008499,DNA repair deficiency,True,0.0,24,24,24
EFO_0008500,ductal breast hyperplasia,True,0.0,2,2,2
EFO_0008501,,,0.0,426,426,426
EFO_0008502,,,0.0,67,67,67
EFO_0008503,,,0.0,102,102,102
EFO_0008504,,,0.0,154,154,154
EFO_0008506,hyperparathyroidism,False,3.0,134,134,134
EFO_0008507,interstitial cystitis,False,31.0,172,172,172
EFO_0008508,,,0.0,139,139,139
EFO_0008509,lobular breast carcinoma,False,1.0,169,169,169
EFO_0008510,Lyme disease,False,5.0,246,246,246
EFO_0008511,,,0.0,81,81,81
EFO_0008512,micropapillary urothelial carcinoma,True,0.0,4,4,4
EFO_0008514,neurofibromatosis,False,3.0,85,85,85
EFO_0008515,nodular melanoma,False,6.0,187,187,187
EFO_0008516,non-functioning pituitary adenoma,False,9.0,139,139,139
EFO_0008517,oral lichen planus,False,11.0,286,286,286
EFO_0008518,polymyalgia rheumatica,False,16.0,77,77,77
EFO_0008519,primary hyperparathyroidism,False,4.0,85,85,85
EFO_0008520,primary progressive multiple sclerosis,False,69.0,224,224,224
EFO_0008521,rhinitis,False,10.0,200,200,200
EFO_0008522,secondary progressive multiple sclerosis,False,121.0,299,299,299
EFO_0008523,,,0.0,99,99,99
EFO_0008524,small cell carcinoma,False,65.0,266,266,266
EFO_0008525,spinal muscular atrophy,False,56.0,183,183,183
EFO_0008526,status epilepticus,False,41.0,344,344,344
EFO_0008528,urothelial carcinoma,False,95.0,452,452,452
EFO_0008532,clinically amyopathic dermatomyositis,True,0.0,35,35,35
EFO_0008533,dyspepsia,False,18.0,94,94,94
EFO_0008541,response to opioid,True,0.0,1,1,1
EFO_0008545,,,0.0,9,9,9
EFO_0008546,poisoning,False,9.0,138,138,138
EFO_0008549,digestive system neoplasm,False,18.0,381,381,381
EFO_0008550,Hepatobiliary Neoplasm,False,7.0,177,177,177
EFO_0008553,femur fracture,False,19.0,38,38,38
EFO_0008555,,,0.0,158,158,158
EFO_0008556,Methicillin-Resistant Staphylococcus Aureus Pneumonia,True,0.0,34,34,34
EFO_0008557,Methicillin-Susceptible Staphylococcus Aureus Infection,True,0.0,8,8,8
EFO_0008558,Vancomycin-Resistant Staphylococcus Aureus Infection,True,0.0,6,6,6
EFO_0008559,,,0.0,41,41,41
EFO_0008560,female infertility,False,6.0,193,193,193
EFO_0008568,Sleep Disorder,False,33.0,253,253,253
EFO_0008571,viral conjunctivitis,False,3.0,7,7,7
EFO_0008572,malnutrition,False,8.0,305,305,305
EFO_0008573,alcoholic liver disease,False,5.0,300,300,300
EFO_0008576,,,0.0,2,2,2
EFO_0008579,,,0.0,65,65,65
EFO_0008581,,,0.0,25,25,25
EFO_0008583,acute myocardial infarction,False,58.0,583,583,583
EFO_0008585,ST Elevation Myocardial Infarction,False,44.0,175,175,175
EFO_0008586,Non-ST Elevation Myocardial Infarction,False,19.0,36,36,36
EFO_0008588,peritonitis,False,2.0,366,366,366
EFO_0008590,Status Asthmaticus,False,11.0,24,24,24
EFO_0008598,,,0.0,27,27,27
EFO_0008601,pemphigus foliaceus,False,1.0,427,427,427
EFO_0008602,,,0.0,108,108,108
EFO_0008603,pemphigus erythematosus,True,0.0,5,5,5
EFO_0008604,,,0.0,29,29,29
EFO_0008606,pemphigus herpetiformis,True,0.0,5,5,5
EFO_0008607,drug-induced pemphigus,True,0.0,3,3,3
EFO_0008610,ocular cicatricial pemphigoid,False,1.0,79,79,79
EFO_0008613,,,0.0,4,4,4
EFO_0008615,cystic kidney disease,False,1.0,178,178,178
EFO_0008620,Polycystic Kidney Disease,False,5.0,194,194,194
EFO_0008622,female genital tract polyp,True,0.0,9,9,9
EFO_0008623,dysthymic disorder,False,2.0,36,36,36
EFO_0008624,vitreous body disease,True,0.0,3,3,3
EFO_0008625,vitreous prolapse,True,0.0,1,1,1
EFO_0008626,vitreous hemorrhage,False,2.0,40,40,40
EFO_0008628,,,0.0,21,21,21
EFO_0008997,synovitis,False,2.0,222,222,222
EFO_0008998,,,0.0,15,15,15
EFO_0009000,,,0.0,85,85,85
EFO_0009001,Mastocytosis,False,21.0,180,180,180
EFO_0009002,,,0.0,9,9,9
EFO_0009003,,,0.0,318,318,318
EFO_0009004,,,0.0,7,7,7
EFO_0009005,,,0.0,133,133,133
EFO_0009006,hyperandrogenism,False,3.0,151,151,151
EFO_0009007,,,0.0,4,4,4
EFO_0009008,,,0.0,12,12,12
EFO_0009009,,,0.0,19,19,19
EFO_0009011,,,0.0,81,81,81
EFO_0009016,,,0.0,14,14,14
EFO_0009017,,,0.0,7,7,7
EFO_0009018,,,0.0,7,7,7
EFO_0009019,,,0.0,10,10,10
EFO_0009020,,,0.0,4,4,4
EFO_0009021,,,0.0,9,9,9
EFO_0009022,,,0.0,13,13,13
EFO_0009023,,,0.0,10,10,10
EFO_0009024,,,0.0,14,14,14
EFO_0009025,,,0.0,11,11,11
EFO_0009027,,,0.0,5,5,5
EFO_0009028,Camptodactyly-arthropathy-coxa-vara-pericarditis syndrome,True,0.0,34,34,34
EFO_0009029,Central precocious puberty,False,1.0,220,220,220
EFO_0009030,,,0.0,2,2,2
EFO_0009031,Cognitive impairment-coarse facies-heart defects-obesity-pulmonary involvement-short stature-skeletal dysplasia syndrome,True,0.0,4,4,4
EFO_0009032,,,0.0,1,1,1
EFO_0009033,,,0.0,8,8,8
EFO_0009039,Congenital bile acid synthesis defect,True,0.0,1,1,1
EFO_0009040,,,0.0,27,27,27
EFO_0009041,,,0.0,33,33,33
EFO_0009042,,,0.0,41,41,41
EFO_0009043,,,0.0,4,4,4
EFO_0009044,,,0.0,13,13,13
EFO_0009045,,,0.0,12,12,12
EFO_0009046,,,0.0,28,28,28
EFO_0009048,,,0.0,31,31,31
EFO_0009050,,,0.0,6,6,6
EFO_0009052,Pleuropulmonary blastoma,False,16.0,45,45,45
EFO_0009053,,,0.0,85,85,85
EFO_0009054,Pulmonary arterial hypertension associated with congenital heart disease,True,0.0,4,4,4
EFO_0009055,,,0.0,12,12,12
EFO_0009056,,,0.0,17,17,17
EFO_0009057,,,0.0,41,41,41
EFO_0009058,,,0.0,12,12,12
EFO_0009059,,,0.0,12,12,12
EFO_0009060,,,0.0,21,21,21
EFO_0009061,,,0.0,2,2,2
EFO_0009062,,,0.0,15,15,15
EFO_0009063,,,0.0,10,10,10
EFO_0009064,X-linked erythropoietic protoporphyria,False,1.0,18,18,18
EFO_0009065,,,0.0,18,18,18
EFO_0009067,,,0.0,1,1,1
EFO_0009071,,,0.0,240,240,240
EFO_0009074,,,0.0,3,3,3
EFO_0009075,,,0.0,1,1,1
EFO_0009076,,,0.0,18,18,18
EFO_0009079,,,0.0,1,1,1
EFO_0009080,,,0.0,4,4,4
EFO_0009082,Pilomatrixoma,True,0.0,50,50,50
EFO_0009084,,,0.0,4,4,4
EFO_0009085,arterial occlusive disease,False,1.0,44,44,44
EFO_0009086,arteriosclerosis,False,2.0,284,284,284
EFO_0009093,,,0.0,79,79,79
EFO_0009094,,,0.0,107,107,107
EFO_0009104,hyperuricemia,False,6.0,254,254,254
EFO_0009105,high altitude adaptation,True,0.0,1,1,1
EFO_0009117,typhus,False,4.0,34,34,34
EFO_0009118,female reproductive endometrioid cancer,True,0.0,6,6,6
EFO_0009130,clostridium difficile infection,False,2.0,256,256,256
EFO_0009135,,,0.0,7,7,7
EFO_0009138,,,0.0,1,1,1
EFO_0009141,fgfr2 related craniosynostosis,True,0.0,1,1,1
EFO_0009142,,,0.0,10,10,10
EFO_0009143,,,0.0,1,1,1
EFO_0009144,,,0.0,1,1,1
EFO_0009145,,,0.0,15,15,15
EFO_0009146,pik3ca related overgrowth spectrum,False,8.0,32,32,32
EFO_0009147,partial adenosine deaminase deficiency,True,0.0,1,1,1
EFO_0009148,,,0.0,24,24,24
EFO_0009149,,,0.0,3,3,3
EFO_0009150,,,0.0,8,8,8
EFO_0009151,,,0.0,8,8,8
EFO_0009153,"lymphedema, hereditary, iii",True,0.0,1,1,1
EFO_0009154,hemophilia b leyden,True,0.0,1,1,1
EFO_0009155,,,0.0,6,6,6
EFO_0009156,,,0.0,1,1,1
EFO_0009158,,,0.0,2,2,2
EFO_0009160,,,0.0,2,2,2
EFO_0009162,,,0.0,1,1,1
EFO_0009163,,,0.0,12,12,12
EFO_0009164,,,0.0,1,1,1
EFO_0009170,response to tyrosine kinase inhibitor,True,0.0,1,1,1
EFO_0009189,hyperthyroidism,False,3.0,303,303,303
EFO_0009190,Thyrotoxicosis,False,2.0,138,138,138
EFO_0009191,,,0.0,53,53,53
EFO_0009193,Pulmonary arterial hypertension associated with another disease,True,0.0,2,2,2
EFO_0009196,Pulmonary arterial hypertension associated with connective tissue disease,True,0.0,1,1,1
EFO_0009197,Pulmonary arterial hypertension associated with portal hypertension,False,3.0,25,25,25
EFO_0009200,Eisenmenger syndrome,False,3.0,30,30,30
EFO_0009201,myopic macular degeneration,True,0.0,8,8,8
EFO_0009254,optic nerve glioblastoma,False,4.0,11,11,11
EFO_0009255,cecal neoplasm,True,0.0,4,4,4
EFO_0009259,skin carcinoma,False,12.0,233,233,233
EFO_0009260,non-melanoma skin carcinoma,False,11.0,31,31,31
EFO_0009266,,,0.0,17,17,17
EFO_0009267,delirium,False,55.0,59,59,59
EFO_0009276,,,0.0,19,19,19
EFO_0009277,,,0.0,7,7,7
EFO_0009295,,,0.0,19,19,19
EFO_0009296,mutyh-associated polyposis,True,0.0,6,6,6
EFO_0009297,,,0.0,7,7,7
EFO_0009299,marfan syndrome/loeys-dietz syndrome/familial thoracic aortic aneurysms and dissections,True,0.0,2,2,2
EFO_0009300,,,0.0,9,9,9
EFO_0009301,,,0.0,17,17,17
EFO_0009302,,,0.0,16,16,16
EFO_0009313,,,0.0,8,8,8
EFO_0009314,blood coagulation disease,False,20.0,247,247,247
EFO_0009315,thrombophilia,False,4.0,224,224,224
EFO_0009316,protein c deficiency,False,1.0,17,17,17
EFO_0009321,diabetic macular edema,False,78.0,219,219,219
EFO_0009322,proliferative diabetic retinopathy,False,15.0,288,288,288
EFO_0009361,,,0.0,19,19,19
EFO_0009363,chronic central serous retinopathy,False,1.0,3,3,3
EFO_0009364,non-allergic rhinitis,False,14.0,30,30,30
EFO_0009373,edema,False,10.0,269,269,269
EFO_0009383,,,0.0,8,8,8
EFO_0009384,,,0.0,11,11,11
EFO_0009385,,,0.0,1,1,1
EFO_0009386,central nervous system disease,False,10.0,430,430,430
EFO_0009387,peripheral nervous system disease,False,15.0,71,71,71
EFO_0009406,,,0.0,124,124,124
EFO_0009424,,,0.0,20,20,20
EFO_0009425,Yersinia pestis infectious disease,False,5.0,80,80,80
EFO_0009429,Mycobacterium infection,False,4.0,77,77,77
EFO_0009430,neuralgia,False,22.0,64,64,64
EFO_0009431,intestinal disease,False,3.0,255,255,255
EFO_0009432,,,0.0,8,8,8
EFO_0009433,,,0.0,46,46,46
EFO_0009441,Waldenstrom macroglobulinemia,False,126.0,223,223,223
EFO_0009448,pulmonary fibrosis,False,22.0,741,741,741
EFO_0009449,keratitis,False,5.0,12,12,12
EFO_0009450,conjunctivitis,True,0.0,4,4,4
EFO_0009451,hypoparathyroidism,False,2.0,58,58,58
EFO_0009452,hyperaldosteronism,False,1.0,83,83,83
EFO_0009453,hemiplegia,False,3.0,9,9,9
EFO_0009455,,,0.0,10,10,10
EFO_0009456,exfoliative dermatitis,False,1.0,47,47,47
EFO_0009459,,,0.0,17,17,17
EFO_0009460,,,0.0,3,3,3
EFO_0009463,,,0.0,455,455,455
EFO_0009464,corneal disease,False,1.0,133,133,133
EFO_0009466,Löfgren’s syndrome,True,0.0,1,1,1
EFO_0009468,,,0.0,23,23,23
EFO_0009469,Bartholin gland disease,True,0.0,1,1,1
EFO_0009473,hemolysis,False,2.0,50,50,50
EFO_0009475,cervical polyp,True,0.0,14,14,14
EFO_0009477,,,0.0,8,8,8
EFO_0009478,,,0.0,28,28,28
EFO_0009481,paranasal sinus disease,True,0.0,7,7,7
EFO_0009482,drug allergy,False,1.0,56,56,56
EFO_0009483,breast disease,False,6.0,122,122,122
EFO_0009484,,,0.0,10,10,10
EFO_0009485,eye injury,False,1.0,14,14,14
EFO_0009486,,,0.0,66,66,66
EFO_0009487,,,0.0,13,13,13
EFO_0009488,spinal cord disease,False,4.0,21,21,21
EFO_0009489,cranial nerve palsy,True,0.0,18,18,18
EFO_0009490,nervous system injury,False,40.0,312,312,312
EFO_0009491,adrenocortical insufficiency,False,1.0,43,43,43
EFO_0009492,cardiac arrest,False,56.0,352,352,352
EFO_0009493,paroxysmal tachycardia,False,4.0,13,13,13
EFO_0009502,abdominal injury,True,0.0,3,3,3
EFO_0009503,caustic injury,True,0.0,1,1,1
EFO_0009504,,,0.0,17,17,17
EFO_0009505,head injury,False,4.0,33,33,33
EFO_0009506,heart injury,True,0.0,28,28,28
EFO_0009507,knee injury,False,12.0,19,19,19
EFO_0009508,,,0.0,2,2,2
EFO_0009509,limb injury,False,9.0,10,10,10
EFO_0009510,peripheral nerve injury,False,1.0,287,287,287
EFO_0009512,lower extremity fracture,False,1.0,5,5,5
EFO_0009513,multiple bone fractures,False,15.0,18,18,18
EFO_0009514,upper extremity fracture,False,14.0,21,21,21
EFO_0009515,wrist fracture,False,1.0,5,5,5
EFO_0009516,burn,False,95.0,118,118,118
EFO_0009518,,,0.0,212,212,212
EFO_0009519,,,0.0,23,23,23
EFO_0009520,contraception,False,1.0,1,1,1
EFO_0009521,dislocation,False,1.0,14,14,14
EFO_0009522,disturbance of skin sensation,True,0.0,1,1,1
EFO_0009523,fecal incontinence,False,13.0,36,36,36
EFO_0009525,,,0.0,5,5,5
EFO_0009527,,,0.0,1,1,1
EFO_0009528,AIDS-related disease,True,0.0,11,11,11
EFO_0009530,anuria,True,0.0,1,1,1
EFO_0009531,aortic valve disease,False,3.0,123,123,123
EFO_0009532,,,0.0,5,5,5
EFO_0009533,,,0.0,28,28,28
EFO_0009534,biliary tract disease,False,12.0,59,59,59
EFO_0009536,blepharitis,False,6.0,61,61,61
EFO_0009537,,,0.0,26,26,26
EFO_0009538,chronic inflammatory demyelinating polyneuropathy,False,18.0,122,122,122
EFO_0009540,dental pulp disease,True,0.0,7,7,7
EFO_0009541,,,0.0,40,40,40
EFO_0009542,,,0.0,2,2,2
EFO_0009544,esophageal disease,False,2.0,55,55,55
EFO_0009545,esophageal varices,False,6.0,54,54,54
EFO_0009546,eye adnexa disease,True,0.0,2,2,2
EFO_0009547,eyelid disease,True,0.0,7,7,7
EFO_0009548,fallopian tube disease,True,0.0,1,1,1
EFO_0009549,,,0.0,105,105,105
EFO_0009550,headache disorder,False,1.0,59,59,59
EFO_0009551,,,0.0,135,135,135
EFO_0009552,hemorrhoid,False,30.0,98,98,98
EFO_0009554,malabsorption syndrome,False,1.0,16,16,16
EFO_0009555,,,0.0,22,22,22
EFO_0009556,,,0.0,7,7,7
EFO_0009557,,,0.0,62,62,62
EFO_0009558,mononeuropathy,False,1.0,25,25,25
EFO_0009559,,,0.0,17,17,17
EFO_0009560,otitis externa,False,3.0,10,10,10
EFO_0009561,,,0.0,21,21,21
EFO_0009562,polyneuropathy,False,16.0,115,115,115
EFO_0009563,,,0.0,38,38,38
EFO_0009564,pulmonary valve disease,True,0.0,1,1,1
EFO_0009566,,,0.0,11,11,11
EFO_0009567,Spirochaetales Infections,True,0.0,19,19,19
EFO_0009568,,,0.0,14,14,14
EFO_0009569,,,0.0,16,16,16
EFO_0009570,,,0.0,18,18,18
EFO_0009571,,,0.0,85,85,85
EFO_0009572,uterine inflammatory disease,True,0.0,3,3,3
EFO_0009573,high-risk pregnancy,False,2.0,7,7,7
EFO_0009574,,,0.0,11,11,11
EFO_0009578,,,0.0,117,117,117
EFO_0009582,sprain,False,17.0,20,20,20
EFO_0009601,,,0.0,30,30,30
EFO_0009602,prostate disease,False,40.0,170,170,170
EFO_0009604,labyrinthitis,True,0.0,7,7,7
EFO_0009605,pancreas disease,True,0.0,28,28,28
EFO_0009606,macular degeneration,False,85.0,110,110,110
EFO_0009607,pituitary gland disease,False,1.0,33,33,33
EFO_0009608,stomach disease,False,5.0,172,172,172
EFO_0009609,myocarditis,False,8.0,427,427,427
EFO_0009610,cervical spondylosis,False,2.0,39,39,39
EFO_0009613,fibula fracture,True,0.0,2,2,2
EFO_0009614,,,0.0,8,8,8
EFO_0009615,ankle fracture,False,8.0,12,12,12
EFO_0009617,,,0.0,21,21,21
EFO_0009618,foot fracture,True,0.0,4,4,4
EFO_0009619,neuroma,False,12.0,60,60,60
EFO_0009620,rib fracture,False,22.0,25,25,25
EFO_0009621,,,0.0,11,11,11
EFO_0009622,fracture of pelvis,False,1.0,11,11,11
EFO_0009624,pulmonary alveolitis,True,0.0,7,7,7
EFO_0009626,,,0.0,22,22,22
EFO_0009632,,,0.0,2,2,2
EFO_0009636,cesarean section,True,0.0,1,1,1
EFO_0009642,follow-up,True,0.0,1,1,1
EFO_0009645,"neurodevelopmental disorder with or without anomalies of the brain, eye, or heart",True,0.0,2,2,2
EFO_0009646,,,0.0,237,237,237
EFO_0009648,parp inhibitor response,True,0.0,1,1,1
EFO_0009649,,,0.0,3,3,3
EFO_0009650,,,0.0,75,75,75
EFO_0009651,,,0.0,1,1,1
EFO_0009652,neointimal hyperplasia,True,0.0,1,1,1
EFO_0009657,acute pharyngitis,False,3.0,30,30,30
EFO_0009658,adverse effect,False,27.0,65,65,65
EFO_0009659,aneurysm,False,4.0,407,407,407
EFO_0009660,anus disease,False,16.0,24,24,24
EFO_0009661,bronchitis,False,7.0,151,151,151
EFO_0009662,common wart,False,1.0,113,113,113
EFO_0009663,disease of genitourinary system,False,3.0,9,9,9
EFO_0009665,disorder of patella,True,0.0,1,1,1
EFO_0009666,enthesopathy,True,0.0,25,25,25
EFO_0009667,eustachian tube disease,True,0.0,2,2,2
EFO_0009668,,,0.0,7,7,7
EFO_0009669,flatulence,False,1.0,3,3,3
EFO_0009670,gingival disease,True,0.0,11,11,11
EFO_0009671,,,0.0,32,32,32
EFO_0009672,inner ear disease,True,0.0,35,35,35
EFO_0009673,,,0.0,17,17,17
EFO_0009674,lens disease,True,0.0,17,17,17
EFO_0009675,,,0.0,68,68,68
EFO_0009676,musculoskeletal system disease,False,21.0,228,228,228
EFO_0009677,,,0.0,15,15,15
EFO_0009678,,,0.0,7,7,7
EFO_0009679,,,0.0,44,44,44
EFO_0009680,pleural empyema,False,2.0,32,32,32
EFO_0009681,,,0.0,21,21,21
EFO_0009682,,,0.0,95,95,95
EFO_0009683,puerperal disorder,True,0.0,8,8,8
EFO_0009684,,,0.0,16,16,16
EFO_0009685,rectal disease,True,0.0,9,9,9
EFO_0009686,respiratory failure,False,60.0,364,364,364
EFO_0009687,somatoform disorder,False,2.0,19,19,19
EFO_0009688,stomatitis,False,20.0,86,86,86
EFO_0009689,urethral disease,True,0.0,6,6,6
EFO_0009690,urinary system disease,False,1.0,101,101,101
EFO_0009691,,,0.0,13,13,13
EFO_0009692,voice disorders,False,13.0,22,22,22
EFO_0009704,radiation-induced brain injury,True,0.0,9,9,9
EFO_0009705,,,0.0,9,9,9
EFO_0009706,latent autoimmune diabetes in adults,False,1.0,37,37,37
EFO_0009707,"fractures, ununited",True,0.0,1,1,1
EFO_0009708,metastasis,False,186.0,499,499,499
EFO_0009709,metastatic neoplasm,False,29.0,742,742,742
EFO_0009717,bilateral oophorectomy,True,0.0,3,3,3
EFO_0009719,,,0.0,5,5,5
EFO_0009730,polyarticular juvenile idiopathic arthritis,False,3.0,40,40,40
EFO_0009731,,,0.0,54,54,54
EFO_0009732,,,0.0,92,92,92
EFO_0009733,psoriasis-related juvenile idiopathic arthritis,False,2.0,8,8,8
EFO_0009752,visuospatial impairment,True,0.0,1,1,1
EFO_0009756,,,0.0,57,57,57
EFO_0009757,,,0.0,7,7,7
EFO_0009758,fulminant type 1 diabetes,True,0.0,4,4,4
EFO_0009759,,,0.0,45,45,45
EFO_0009760,non-proliferative diabetic retinopathy,False,5.0,110,110,110
EFO_0009780,HER2 negative breast carcinoma,False,4.0,10,10,10
EFO_0009783,carotid atherosclerosis,False,1.0,247,247,247
EFO_0009784,central serous retinopathy,False,8.0,32,32,32
EFO_0009797,lung disease associated with cystic fibrosis,True,0.0,2,2,2
EFO_0009806,,,0.0,22,22,22
EFO_0009812,,,0.0,53,53,53
EFO_0009816,perineal laceration during delivery,False,5.0,5,5,5
EFO_0009833,kidney injury,False,2.0,279,279,279
EFO_0009836,bronchoconstriction,False,1.0,9,9,9
EFO_0009845,,,0.0,39,39,39
EFO_0009851,muscle atrophy,False,4.0,159,159,159
EFO_0009854,treatment resistant depression,False,39.0,138,138,138
EFO_0009855,frontal fibrosing alopecia,False,8.0,10,10,10
EFO_0009856,lichen planopilaris,False,2.0,25,25,25
EFO_0009857,ruminative stress response,False,2.0,3,3,3
EFO_0009867,dysphoria,False,2.0,18,18,18
EFO_0009868,sedation,False,7.0,7,7,7
EFO_0009870,bone metastasis,False,3.0,245,245,245
EFO_0009878,drug interaction,False,37.0,37,37,37
EFO_0009881,,,0.0,36,36,36
EFO_0009888,,,0.0,49,49,49
EFO_0009904,,,0.0,8,8,8
EFO_0009907,Desmoid-type fibromatosis,False,35.0,115,115,115
EFO_0009908,glabellar hemangioma,True,0.0,1,1,1
EFO_0009909,stage 5 chronic kidney disease,False,9.0,20,20,20
EFO_0009910,,,0.0,209,209,209
EFO_0009911,hereditary nonpolyposis colorectal carcinoma,True,0.0,10,10,10
EFO_0009948,,,0.0,183,183,183
EFO_0009951,response to surgery,True,0.0,1,1,1
EFO_0009958,response to bisphosphonate,True,0.0,3,3,3
EFO_0009959,diverticular disease,False,4.0,82,82,82
EFO_0009960,atypical femoral fracture,True,0.0,3,3,3
EFO_0009963,bipolar I disorder,False,40.0,103,103,103
EFO_0009964,bipolar II disorder,False,3.0,22,22,22
EFO_0009965,Schizoaffective disorder-bipolar type,True,0.0,2,2,2
EFO_0010060,chronic human papillomavirus infection,True,0.0,1,1,1
EFO_0010065,,,0.0,1,1,1
EFO_0010078,,,0.0,17,17,17
EFO_0010098,,,0.0,103,103,103
EFO_0010133,diabetic maculopathy,True,0.0,14,14,14
EFO_0010134,kidney transplant,False,4.0,149,149,149
EFO_0010143,chronic mountain sickness,True,0.0,20,20,20
EFO_0010163,dilatation of the sinus of Valsalva,True,0.0,1,1,1
EFO_0010164,,,0.0,45,45,45
EFO_0010166,Warburg-Cinotti syndrome,True,0.0,2,2,2
EFO_0010167,,,0.0,2,2,2
EFO_0010168,,,0.0,9,9,9
EFO_0010176,,,0.0,40,40,40
EFO_0010177,lobar intracerebral hemorrhage,True,0.0,4,4,4
EFO_0010178,non-lobar intracerebral hemorrhage,True,0.0,2,2,2
EFO_0010238,,,0.0,11,11,11
EFO_0010248,,,0.0,7,7,7
EFO_0010249,,,0.0,9,9,9
EFO_0010251,,,0.0,26,26,26
EFO_0010252,,,0.0,2,2,2
EFO_0010255,,,0.0,4,4,4
EFO_0010256,,,0.0,7,7,7
EFO_0010257,,,0.0,9,9,9
EFO_0010258,"inflammatory bowel disease, immunodeficiency, and encephalopathy",True,0.0,42,42,42
EFO_0010262,,,0.0,2,2,2
EFO_0010263,,,0.0,8,8,8
EFO_0010264,"spinal muscular atrophy, lower extremity-predominant, 2B, prenatal onset, autosomal dominant",True,0.0,1,1,1
EFO_0010266,,,0.0,7,7,7
EFO_0010267,,,0.0,2,2,2
EFO_0010268,,,0.0,1,1,1
EFO_0010270,,,0.0,36,36,36
EFO_0010276,,,0.0,6,6,6
EFO_0010278,,,0.0,1,1,1
EFO_0010279,,,0.0,13,13,13
EFO_0010280,,,0.0,2,2,2
EFO_0010282,gastrointestinal disease,False,100.0,343,343,343
EFO_0010283,blood disease,False,1.0,71,71,71
EFO_0010284,,,0.0,68,68,68
EFO_0010285,,,0.0,6,6,6
EFO_0010445,cocaine use disorder,False,58.0,114,114,114
EFO_0010561,,,0.0,3,3,3
EFO_0010562,,,0.0,1,1,1
EFO_0010563,neurodevelopmental disorder with structural brain anomalies and dysmorphic facies,True,0.0,3,3,3
EFO_0010566,,,0.0,23,23,23
EFO_0010567,,,0.0,10,10,10
EFO_0010568,,,0.0,1,1,1
EFO_0010580,blastic plasmacytoid dendritic cell neoplasm,False,31.0,102,102,102
EFO_0010581,organophosphate poisoning,False,10.0,27,27,27
EFO_0010582,Morton Neuroma,False,11.0,14,14,14
EFO_0010632,,,0.0,10,10,10
EFO_0010635,,,0.0,1,1,1
EFO_0010638,atopic asthma,False,12.0,162,162,162
EFO_0010642,Neurodevelopmental disorder,False,4.0,473,473,473
EFO_0010645,,,0.0,19,19,19
EFO_0010646,,,0.0,20,20,20
EFO_0010647,,,0.0,1,1,1
EFO_0010653,,,0.0,2,2,2
EFO_0010655,,,0.0,24,24,24
EFO_0010656,,,0.0,7,7,7
EFO_0010658,,,0.0,5,5,5
EFO_0010660,neurodevelopmental disorder with macrocephaly and with or without seizures,True,0.0,2,2,2
EFO_0010661,neurodevelopmental disorder with non-specific brain abnormalities and with or without seizures,True,0.0,2,2,2
EFO_0010663,neurooculocardiogenitourinary syndrome,True,0.0,2,2,2
EFO_0010664,"pulmonary fibrosis, and/or bone marrow failure, telomere-related, 5",True,0.0,1,1,1
EFO_0010671,,,0.0,12,12,12
EFO_0010672,,,0.0,2,2,2
EFO_0010673,,,0.0,67,67,67
EFO_0010674,cardioverter defibrillator,True,0.0,3,3,3
EFO_0010675,,,0.0,14,14,14
EFO_0010676,,,0.0,10,10,10
EFO_0010681,,,0.0,5,5,5
EFO_0010682,,,0.0,11,11,11
EFO_0010684,,,0.0,23,23,23
EFO_0010685,,,0.0,4,4,4
EFO_0010687,neonatal erythema toxicum,True,0.0,2,2,2
EFO_0010688,periapical tissue disease,True,0.0,3,3,3
EFO_0010689,perineum disease,True,0.0,1,1,1
EFO_0010690,renal dialysis,True,0.0,1,1,1
EFO_0010692,subcutaneous tissue infection,True,0.0,2,2,2
EFO_0010693,tooth-supporting structures disease,True,0.0,2,2,2
EFO_0010698,,,0.0,1,1,1
EFO_0010702,opioid use disorder,False,19.0,86,86,86
EFO_0010716,,,0.0,398,398,398
EFO_0010719,continuous positive airway pressure,True,0.0,2,2,2
EFO_0010720,,,0.0,4,4,4
EFO_0010721,lung transplantation,True,0.0,8,8,8
EFO_0010723,ocular sarcoidosis,True,0.0,37,37,37
EFO_0010725,,,0.0,6,6,6
EFO_0010726,total joint arthroplasty,False,2.0,24,24,24
EFO_0010737,autoinflammation with episodic fever and lymphadenopathy,True,0.0,60,60,60
EFO_0010739,,,0.0,17,17,17
EFO_0010747,,,0.0,1,1,1
EFO_0010819,,,0.0,13,13,13
EFO_0010820,spontaneous coronary artery dissection,True,0.0,8,8,8
EFO_0010822,stenosing tenosynovitis,False,1.0,3,3,3
EFO_0010826,cystine urolithiasis,True,0.0,1,1,1
EFO_0010828,,,0.0,21,21,21
EFO_0010830,,,0.0,9,9,9
EFO_0010831,,,0.0,41,41,41
EFO_0010832,primary central chondrosarcoma,False,15.0,29,29,29
EFO_0010833,uterine corpus undifferentiated sarcoma,True,0.0,1,1,1
EFO_0010953,,,0.0,1,1,1
EFO_0010955,,,0.0,2,2,2
EFO_0010969,,,0.0,1,1,1
EFO_0010970,,,0.0,274,274,274
EFO_0010977,macrovascular complications of diabetes,False,3.0,4,4,4
EFO_0011023,concussion,False,12.0,138,138,138
EFO_0011041,response to BCG intravesical immunotherapy,True,0.0,2,2,2
EFO_0011046,carcinogenicity,True,0.0,5,5,5
EFO_0011048,dermatological toxicity,False,4.0,58,58,58
EFO_0011049,drug misuse,True,0.0,1,1,1
EFO_0011052,,,0.0,67,67,67
EFO_0011053,,,0.0,138,138,138
EFO_0011056,nephrotoxicity,False,5.0,70,70,70
EFO_0011057,neurotoxicity,False,11.0,150,150,150
EFO_0011058,peripheral neurotoxicity,True,0.0,3,3,3
EFO_0011061,toxicity,False,69.0,142,142,142
EFO_0020000,,,0.0,32,32,32
EFO_0020001,drug resistance,True,0.0,2,2,2
EFO_0020003,drug toxicity,False,7.0,7,7,7
EFO_0020005,,,0.0,38,38,38
EFO_0020026,,,0.0,12,12,12
EFO_0020027,,,0.0,36,36,36
EFO_0020028,,,0.0,33,33,33
EFO_0020029,,,0.0,3,3,3
EFO_0020034,familial Behcet-like autoinflammatory syndrome,True,0.0,17,17,17
EFO_0020040,"transient neonatal diabetes, dominant/recessive",True,0.0,2,2,2
EFO_0020041,,,0.0,6,6,6
EFO_0020092,,,0.0,419,419,419
EFO_0020094,Lambert-Eaton myasthenic syndrome,False,40.0,77,77,77
EFO_0020101,,,0.0,4,4,4
EFO_0020103,,,0.0,153,153,153
EFO_0020911,overdose,False,2.0,9,9,9
EFO_0020916,performance enhancing product use,False,4.0,4,4,4
EFO_0020917,,,0.0,2,2,2
EFO_0020918,,,0.0,2,2,2
EFO_0020919,subacute myelo-opticoneuropathy,True,0.0,6,6,6
EFO_0020920,hepatic lesion,True,0.0,1,1,1
EFO_0020921,,,0.0,219,219,219
EFO_0020927,,,0.0,96,96,96
EFO_0020971,,,0.0,14,14,14
EFO_0020972,,,0.0,1,1,1
EFO_0020975,,,0.0,20,20,20
EFO_0020983,,,0.0,67,67,67
EFO_0020984,,,0.0,36,36,36
EFO_0020985,central nervous system embryonal neoplasm,True,0.0,10,10,10
EFO_0020987,,,0.0,2,2,2
EFO_0020989,,,0.0,5,5,5
EFO_0021425,pigmentary glaucoma,True,0.0,12,12,12
EFO_0021431,,,0.0,18,18,18
EFO_0021433,,,0.0,3,3,3
EFO_0021505,"diffuse hemispheric glioma, H3 G34-mutant",False,2.0,5,5,5
EFO_0021520,histiocytic neoplasm,False,2.0,35,35,35
EFO_0021795,tubal factor infertility,True,0.0,6,6,6
EFO_0021797,,,0.0,11,11,11
EFO_0021801,x-linked warfarin sensitivity,True,0.0,1,1,1
EFO_0022041,response to tramadol,True,0.0,3,3,3
EFO_0022093,,,0.0,2,2,2
EFO_0022191,,,0.0,10,10,10
EFO_0022194,,,0.0,1,1,1
EFO_0022375,,,0.0,1,1,1
EFO_0022485,paragangliomas with sensorineural hearing loss,True,0.0,4,4,4
EFO_0022493,,,0.0,3,3,3
EFO_0022494,,,0.0,1,1,1
EFO_0022495,,,0.0,1,1,1
EFO_0022496,,,0.0,5,5,5
EFO_0022550,,,0.0,7,7,7
EFO_0022597,aging,False,95.0,534,534,534
EFO_0022599,,,0.0,35,35,35
EFO_0022609,"Parkinson disease, dominant",True,0.0,1,1,1
EFO_0022612,complicated appendicitis,True,0.0,3,3,3
EFO_0022837,,,0.0,1,1,1
EFO_0022847,pelvic neoplasm,True,0.0,1,1,1
EFO_0022848,,,0.0,1,1,1
EFO_0022850,,,0.0,1,1,1
EFO_0022855,ovary atrophy,True,0.0,5,5,5
EFO_0022910,,,0.0,3,3,3
EFO_0022911,,,0.0,56,56,56
EFO_0022914,,,0.0,9,9,9
EFO_0022916,,,0.0,121,121,121
EFO_0022918,"amyotrophic lateral sclerosis, dominant",True,0.0,2,2,2
EFO_0022922,tryptophan 5-monooxygenase deficiency,True,0.0,1,1,1
EFO_0022924,,,0.0,9,9,9
EFO_0022954,,,0.0,173,173,173
EFO_0022957,,,0.0,7,7,7
EFO_0022959,,,0.0,20,20,20
EFO_0022975,,,0.0,1,1,1
EFO_0022976,inherited bone marrow failure syndrome,True,0.0,14,14,14
EFO_0022977,eosinophilic myositis,True,0.0,2,2,2
EFO_0600064,serum lipopolysaccharide activity,False,10.0,461,461,461
EFO_0600078,,,0.0,8,8,8
EFO_0600086,,,0.0,3,3,3
EFO_0600093,response to cosmetics,True,0.0,2,2,2
EFO_0600095,primary dental caries,True,0.0,1,1,1
EFO_0700020,Birt-Hogg-Dube syndrome,True,0.0,41,41,41
EFO_0700021,,,0.0,6,6,6
EFO_0700022,,,0.0,44,44,44
EFO_0700023,,,0.0,38,38,38
EFO_0700025,autosomal recessive optic atrophy,True,0.0,1,1,1
EFO_0700026,,,0.0,3,3,3
EFO_0700028,,,0.0,5,5,5
EFO_0700029,,,0.0,40,40,40
EFO_0700036,,,0.0,64,64,64
EFO_0700039,,,0.0,5,5,5
EFO_0700041,acquired neutropenia,True,0.0,1,1,1
EFO_0700043,,,0.0,3,3,3
EFO_0700045,,,0.0,68,68,68
EFO_0700046,,,0.0,7,7,7
EFO_0700047,,,0.0,1,1,1
EFO_0700050,chronic acquired demyelinating polyneuropathy,True,0.0,4,4,4
EFO_0700052,semilobar holoprosencephaly,True,0.0,2,2,2
EFO_0700053,primary congenital hypothyroidism,True,0.0,4,4,4
EFO_0700054,,,0.0,9,9,9
EFO_0700055,autosomal recessive lymphoproliferative disease,True,0.0,1,1,1
EFO_0700056,progressive cerebello-cerebral atrophy,True,0.0,14,14,14
EFO_0700057,,,0.0,5,5,5
EFO_0700058,oligoastrocytic tumor,True,0.0,1,1,1
EFO_0700059,,,0.0,43,43,43
EFO_0700060,,,0.0,7,7,7
EFO_0700065,,,0.0,1,1,1
EFO_0700066,sickle cell disease and related diseases,True,0.0,3,3,3
EFO_0700068,,,0.0,1,1,1
EFO_0700069,inherited prion disease,True,0.0,3,3,3
EFO_0700070,split hand or/and split foot malformation,True,0.0,3,3,3
EFO_0700071,,,0.0,14,14,14
EFO_0700072,,,0.0,3,3,3
EFO_0700075,,,0.0,6,6,6
EFO_0700076,,,0.0,1,1,1
EFO_0700078,isolated brachycephaly,True,0.0,5,5,5
EFO_0700079,,,0.0,9,9,9
EFO_0700081,primary short bowel syndrome,False,2.0,2,2,2
EFO_0700083,,,0.0,35,35,35
EFO_0700084,congenital muscular dystrophy with cerebellar involvement,True,0.0,3,3,3
EFO_0700085,,,0.0,6,6,6
EFO_0700087,,,0.0,1,1,1
EFO_0700088,,,0.0,62,62,62
EFO_0700091,,,0.0,25,25,25
EFO_0700095,,,0.0,10,10,10
EFO_0700096,COL4A1 or COL4A2-related cerebral small vessel disease,True,0.0,2,2,2
EFO_0700100,vascular anomaly,False,1.0,8,8,8
EFO_0700101,,,0.0,1,1,1
EFO_0700102,,,0.0,27,27,27
EFO_0700103,,,0.0,6,6,6
EFO_0700104,,,0.0,1,1,1
EFO_0700105,,,0.0,35,35,35
EFO_0700106,,,0.0,3,3,3
EFO_0700108,non-infectious posterior uveitis,False,3.0,3,3,3
EFO_0700112,,,0.0,3,3,3
EFO_0700113,,,0.0,1,1,1
EFO_0700114,chronic hepatic porphyria,True,0.0,1,1,1
EFO_0700115,cranial malformation,True,0.0,1,1,1
EFO_0700117,posterior fossa malformation,True,0.0,2,2,2
EFO_0700118,developmental defect of the eye,True,0.0,3,3,3
EFO_0700119,anophthalmia-microphthalmia syndrome,True,0.0,4,4,4
EFO_0700120,syndromic aniridia,True,0.0,1,1,1
EFO_0700121,,,0.0,9,9,9
EFO_0700123,,,0.0,1,1,1
EFO_0700124,aortic malformation,True,0.0,2,2,2
EFO_0700127,,,0.0,3,3,3
EFO_0700128,,,0.0,4,4,4
EFO_0700129,coralliform cataract,True,0.0,2,2,2
EFO_0700131,primary parathyroid hyperplasia,True,0.0,4,4,4
EFO_0700132,hereditary angioedema with normal C1Inh,True,0.0,15,15,15
EFO_0700133,,,0.0,2,2,2
EFO_0700134,,,0.0,17,17,17
EFO_0700135,,,0.0,30,30,30
EFO_0700136,,,0.0,6,6,6
EFO_0700137,primary bone dysplasia with increased bone density,True,0.0,3,3,3
EFO_0800001,intracranial germ cell tumor,True,0.0,3,3,3
EFO_0801077,,,0.0,30,30,30
EFO_0803361,hoarding disorder,True,0.0,1,1,1
EFO_0803362,response to COVID-19 vaccine,True,0.0,7,7,7
EFO_0803368,,,0.0,56,56,56
EFO_0803379,,,0.0,3,3,3
EFO_0803534,,,0.0,5,5,5
EFO_1000012,Rienhoff syndrome,True,0.0,2,2,2
EFO_1000013,Prinzmetal's angina,False,4.0,25,25,25
EFO_1000014,,,0.0,115,115,115
EFO_1000015,,,0.0,102,102,102
EFO_1000016,anaplastic lung carcinoma,True,0.0,1,1,1
EFO_1000017,,,0.0,44,44,44
EFO_1000018,,,0.0,52,52,52
EFO_1000020,,,0.0,162,162,162
EFO_1000021,,,0.0,8,8,8
EFO_1000023,,,0.0,55,55,55
EFO_1000024,chronic rhinosinusitis,False,2.0,286,286,286
EFO_1000025,cystitis,False,4.0,236,236,236
EFO_1000026,diffuse intrinsic pontine glioma,False,98.0,201,201,201
EFO_1000027,,,0.0,27,27,27
EFO_1000028,ependymoma,False,42.0,412,412,412
EFO_1000029,,,0.0,37,37,37
EFO_1000030,,,0.0,15,15,15
EFO_1000032,,,0.0,92,92,92
EFO_1000034,,,0.0,7,7,7
EFO_1000035,,,0.0,60,60,60
EFO_1000036,lactic acidosis,False,4.0,173,173,173
EFO_1000037,lung carcinoid tumor,False,2.0,108,108,108
EFO_1000039,meningeal tuberculosis,False,1.0,160,160,160
EFO_1000040,,,0.0,126,126,126
EFO_1000041,,,0.0,100,100,100
EFO_1000042,ovarian clear cell adenocarcinoma,False,30.0,103,103,103
EFO_1000043,ovarian serous cystadenocarcinoma,False,92.0,273,273,273
EFO_1000044,pancreatic adenocarcinoma,False,239.0,856,856,856
EFO_1000045,pancreatic neuroendocrine tumor,False,84.0,364,364,364
EFO_1000046,papillary lung adenocarcinoma,True,0.0,5,5,5
EFO_1000047,pleomorphic breast carcinoma,True,0.0,2,2,2
EFO_1000048,postweaning multisystemic wasting syndrome,True,0.0,7,7,7
EFO_1000049,pulmonary tuberculosis,False,10.0,486,486,486
EFO_1000050,,,0.0,3,3,3
EFO_1000051,reproductive system neoplasm,False,2.0,15,15,15
EFO_1000052,sex cord-stromal tumor,False,10.0,38,38,38
EFO_1000053,squamous cell breast carcinoma,True,0.0,10,10,10
EFO_1000054,,,0.0,146,146,146
EFO_1000055,,,0.0,253,253,253
EFO_1000057,nasal cavity squamous cell carcinoma,True,0.0,2,2,2
EFO_1000058,nasopharyngeal squamous cell carcinoma,False,1.0,110,110,110
EFO_1000059,cervical artery dissection,False,29.0,34,34,34
EFO_1000060,,,0.0,5,5,5
EFO_1000062,,,0.0,12,12,12
EFO_1000063,,,0.0,19,19,19
EFO_1000065,Acinar Prostate Mucinous Adenocarcinoma,True,0.0,3,3,3
EFO_1000066,,,0.0,98,98,98
EFO_1000067,ACTH-Producing Pituitary Gland Carcinoma,True,0.0,1,1,1
EFO_1000068,Acute Leukemia,False,40.0,465,465,465
EFO_1000069,Adamantinomatous Craniopharyngioma,False,3.0,46,46,46
EFO_1000070,,,0.0,18,18,18
EFO_1000071,Adenoid Cystic Breast Carcinoma,True,0.0,38,38,38
EFO_1000072,,,0.0,34,34,34
EFO_1000073,,,0.0,130,130,130
EFO_1000074,,,0.0,17,17,17
EFO_1000075,,,0.0,27,27,27
EFO_1000076,Adrenal Medullary Hyperplasia,True,0.0,2,2,2
EFO_1000077,AIDS-Related Primary Central Nervous System Lymphoma,True,0.0,3,3,3
EFO_1000078,,,0.0,41,41,41
EFO_1000079,,,0.0,147,147,147
EFO_1000080,,,0.0,30,30,30
EFO_1000081,Anal Squamous Cell Carcinoma,False,10.0,78,78,78
EFO_1000082,,,0.0,66,66,66
EFO_1000083,"Anaplastic Large Cell Lymphoma, ALK-Negative",True,0.0,1,1,1
EFO_1000084,,,0.0,13,13,13
EFO_1000085,,,0.0,14,14,14
EFO_1000086,,,0.0,23,23,23
EFO_1000087,,,0.0,16,16,16
EFO_1000088,Appendix Adenocarcinoma,False,15.0,63,63,63
EFO_1000089,Appendix Adenoma,True,0.0,2,2,2
EFO_1000090,,,0.0,25,25,25
EFO_1000091,Appendix Hyperplastic Polyp,True,0.0,1,1,1
EFO_1000092,Appendix Neuroendocrine Tumor G1,True,0.0,3,3,3
EFO_1000093,Appendix Villous Adenoma,True,0.0,2,2,2
EFO_1000096,Atrophy,False,5.0,357,357,357
EFO_1000097,Atypical Carcinoid Tumor,False,7.0,18,18,18
EFO_1000098,Atypical Endometrial Hyperplasia,False,1.0,90,90,90
EFO_1000099,Atypical Lipomatous Tumor,True,0.0,2,2,2
EFO_1000100,Atypical Lobular Breast Hyperplasia,False,3.0,28,28,28
EFO_1000101,Atypical Meningioma,False,1.0,110,110,110
EFO_1000102,B-Cell Prolymphocytic Leukemia,False,15.0,55,55,55
EFO_1000105,Basaloid Carcinoma,True,0.0,28,28,28
EFO_1000106,,,0.0,25,25,25
EFO_1000107,Benign Brain Neoplasm,True,0.0,21,21,21
EFO_1000110,Benign Conjunctival Neoplasm,True,0.0,1,1,1
EFO_1000111,,,0.0,1,1,1
EFO_1000112,Benign Ovarian Brenner Tumor,True,0.0,3,3,3
EFO_1000113,Benign Ovarian Endometrioid Tumor,True,0.0,1,1,1
EFO_1000116,,,0.0,190,190,190
EFO_1000118,Benign Renal Pelvis Neoplasm,True,0.0,1,1,1
EFO_1000119,,,0.0,1,1,1
EFO_1000120,Benign Skin Appendage Neoplasm,True,0.0,8,8,8
EFO_1000121,Benign Smooth Muscle Neoplasm,True,0.0,8,8,8
EFO_1000122,,,0.0,76,76,76
EFO_1000123,Bile Duct Adenoma,False,1.0,18,18,18
EFO_1000124,Biphasic Mesothelioma,False,5.0,13,13,13
EFO_1000125,Bladder Adenocarcinoma,False,2.0,49,49,49
EFO_1000127,,,0.0,4,4,4
EFO_1000128,Bladder Paraganglioma,True,0.0,5,5,5
EFO_1000129,,,0.0,122,122,122
EFO_1000130,Bladder Squamous Cell Carcinoma,False,2.0,32,32,32
EFO_1000131,"Blast Phase Chronic Myelogenous Leukemia, BCR-ABL1 Positive",False,79.0,94,94,94
EFO_1000133,Borderline Exocrine Pancreatic Neoplasm,True,0.0,2,2,2
EFO_1000135,Borderline Ovarian Brenner Tumor,True,0.0,2,2,2
EFO_1000137,Borderline Ovarian Endometrioid Tumor,True,0.0,5,5,5
EFO_1000138,Borderline Ovarian Mucinous Tumor,True,0.0,23,23,23
EFO_1000139,,,0.0,40,40,40
EFO_1000140,Borderline Ovarian Surface Epithelial-Stromal Tumor,False,19.0,39,39,39
EFO_1000141,,,0.0,60,60,60
EFO_1000142,Brain Stem Glioma,False,3.0,46,46,46
EFO_1000143,,,0.0,121,121,121
EFO_1000144,Breast Diffuse Large B-Cell Lymphoma,True,0.0,8,8,8
EFO_1000145,breast fibrosis,True,0.0,7,7,7
EFO_1000147,,,0.0,6,6,6
EFO_1000148,Calcifying Fibrous Tumor,True,0.0,10,10,10
EFO_1000149,Calcifying Nested Epithelial Stromal Tumor of the Liver,True,0.0,1,1,1
EFO_1000150,Cardiac Rhabdomyoma,True,0.0,10,10,10
EFO_1000151,,,0.0,80,80,80
EFO_1000155,,,0.0,42,42,42
EFO_1000156,Central Nervous System Anaplastic Large Cell Lymphoma,True,0.0,6,6,6
EFO_1000157,Central Nervous System Lymphoma,False,37.0,249,249,249
EFO_1000158,Central Nervous System Neoplasm,False,191.0,403,403,403
EFO_1000159,Cerebellar Liponeurocytoma,True,0.0,1,1,1
EFO_1000161,Cervical Adenoid Cystic Carcinoma,True,0.0,1,1,1
EFO_1000162,Cervical Adenosquamous Carcinoma,False,1.0,25,25,25
EFO_1000163,,,0.0,15,15,15
EFO_1000164,Cervical Endometrioid Adenocarcinoma,True,0.0,4,4,4
EFO_1000165,Cervical Glandular Intraepithelial Neoplasia,True,0.0,5,5,5
EFO_1000166,Cervical Intraepithelial Neoplasia Grade 2/3,False,3.0,6,6,6
EFO_1000171,,,0.0,58,58,58
EFO_1000172,cervical squamous cell carcinoma,False,32.0,565,565,565
EFO_1000174,Chondroid Chordoma,True,0.0,7,7,7
EFO_1000176,,,0.0,39,39,39
EFO_1000178,,,0.0,127,127,127
EFO_1000179,Chronic Neutrophilic Leukemia,False,2.0,54,54,54
EFO_1000180,Clear Cell Meningioma,True,0.0,26,26,26
EFO_1000181,Clear Cell Papillary Cystadenoma,True,0.0,1,1,1
EFO_1000183,,,0.0,36,36,36
EFO_1000184,Colon Inflammatory Polyp,True,0.0,2,2,2
EFO_1000188,Colon Neuroendocrine Tumor G1,True,0.0,1,1,1
EFO_1000189,,,0.0,75,75,75
EFO_1000190,Colorectal Adenosquamous Carcinoma,True,0.0,1,1,1
EFO_1000191,Colorectal Diffuse Large B-Cell Lymphoma,True,0.0,30,30,30
EFO_1000192,,,0.0,2,2,2
EFO_1000193,Colorectal Hamartoma,True,0.0,2,2,2
EFO_1000194,,,0.0,5,5,5
EFO_1000195,Colorectal Neuroendocrine Tumor G1,True,0.0,5,5,5
EFO_1000196,Colorectal Serrated Adenocarcinoma,True,0.0,5,5,5
EFO_1000197,Colorectal Sessile Serrated Adenoma/Polyp,True,0.0,4,4,4
EFO_1000199,,,0.0,243,243,243
EFO_1000200,Combined Lung Carcinoma,True,0.0,2,2,2
EFO_1000201,Common Hematopoietic Neoplasm,True,0.0,1,1,1
EFO_1000202,Complex Endometrial Hyperplasia,True,0.0,5,5,5
EFO_1000203,conjunctival disorder,True,0.0,10,10,10
EFO_1000204,,,0.0,74,74,74
EFO_1000205,,,0.0,8,8,8
EFO_1000206,Conjunctival Squamous Cell Carcinoma,True,0.0,27,27,27
EFO_1000208,Cortisol-Producing Adrenal Cortex Adenoma,True,0.0,11,11,11
EFO_1000209,Craniopharyngioma,False,8.0,129,129,129
EFO_1000210,,,0.0,14,14,14
EFO_1000211,Cutaneous Follicular Lymphoma,True,0.0,7,7,7
EFO_1000213,,,0.0,9,9,9
EFO_1000214,Dedifferentiated Solitary Fibrous Tumor,True,0.0,1,1,1
EFO_1000215,Desmoplastic Ameloblastoma,True,0.0,1,1,1
EFO_1000217,,,0.0,6,6,6
EFO_1000218,Digestive System Carcinoma,False,51.0,198,198,198
EFO_1000219,,,0.0,33,33,33
EFO_1000220,,,0.0,206,206,206
EFO_1000223,,,0.0,166,166,166
EFO_1000225,,,0.0,1,1,1
EFO_1000226,,,0.0,37,37,37
EFO_1000227,,,0.0,3,3,3
EFO_1000229,,,0.0,113,113,113
EFO_1000230,Endolymphatic Sac Tumor,True,0.0,10,10,10
EFO_1000231,Endometrial Clear Cell Adenocarcinoma,False,35.0,83,83,83
EFO_1000232,,,0.0,25,25,25
EFO_1000233,Endometrial Endometrioid Adenocarcinoma,False,28.0,229,229,229
EFO_1000234,Endometrial Hyperplasia without Atypia,False,57.0,58,58,58
EFO_1000235,Endometrial Intraepithelial Neoplasia,False,53.0,66,66,66
EFO_1000236,Endometrial Mucinous Adenocarcinoma,False,10.0,17,17,17
EFO_1000237,Endometrial Polyp,False,1.0,67,67,67
EFO_1000238,Endometrial Serous Adenocarcinoma,False,32.0,116,116,116
EFO_1000239,Endometrial Small Cell Carcinoma,True,0.0,2,2,2
EFO_1000240,Endometrial Squamous Cell Carcinoma,True,0.0,4,4,4
EFO_1000241,Endometrial Stromal Nodule,True,0.0,1,1,1
EFO_1000242,Endometrial Undifferentiated Carcinoma,False,12.0,37,37,37
EFO_1000243,,,0.0,50,50,50
EFO_1000244,,,0.0,7,7,7
EFO_1000245,Epithelioid Malignant Peripheral Nerve Sheath Tumor,True,0.0,1,1,1
EFO_1000246,,,0.0,1,1,1
EFO_1000247,Extrahepatic Bile Duct Adenosquamous Carcinoma,True,0.0,1,1,1
EFO_1000248,Extrahepatic Bile Duct Squamous Cell Carcinoma,True,0.0,1,1,1
EFO_1000249,Extramammary Paget Disease,False,15.0,188,188,188
EFO_1000250,,,0.0,12,12,12
EFO_1000251,Fallopian Tube Carcinoma,False,82.0,104,104,104
EFO_1000252,Fallopian Tube Carcinosarcoma,False,13.0,14,14,14
EFO_1000253,Fallopian Tube Serous Adenocarcinoma,False,20.0,23,23,23
EFO_1000254,,,0.0,261,261,261
EFO_1000255,Fibroblastic Neoplasm,True,0.0,27,27,27
EFO_1000256,Fibrolamellar Carcinoma,False,6.0,97,97,97
EFO_1000257,Fibrous Hamartoma of Infancy,True,0.0,11,11,11
EFO_1000258,,,0.0,57,57,57
EFO_1000259,Flat Urothelial Hyperplasia,True,0.0,1,1,1
EFO_1000261,Follicular Variant Thyroid Gland Papillary Carcinoma,False,4.0,51,51,51
EFO_1000262,,,0.0,195,195,195
EFO_1000263,,,0.0,45,45,45
EFO_1000264,Gallbladder Adenosquamous Carcinoma,True,0.0,5,5,5
EFO_1000265,,,0.0,43,43,43
EFO_1000266,,,0.0,64,64,64
EFO_1000267,Gallbladder Squamous Cell Carcinoma,True,0.0,3,3,3
EFO_1000268,,,0.0,148,148,148
EFO_1000269,Gastric Choriocarcinoma,True,0.0,3,3,3
EFO_1000270,Gastric Diffuse Large B-Cell Lymphoma,False,1.0,43,43,43
EFO_1000271,Gastric Hamartomatous Polyp,True,0.0,2,2,2
EFO_1000272,Gastric Mantle Cell Lymphoma,True,0.0,3,3,3
EFO_1000273,,,0.0,42,42,42
EFO_1000274,,,0.0,53,53,53
EFO_1000275,,,0.0,102,102,102
EFO_1000276,,,0.0,8,8,8
EFO_1000277,,,0.0,22,22,22
EFO_1000278,,,0.0,9,9,9
EFO_1000280,Gastrointestinal Hamartoma,True,0.0,2,2,2
EFO_1000281,Giant Cell Tumor of Soft Tissue,True,0.0,3,3,3
EFO_1000282,Gonadal Teratoma,True,0.0,1,1,1
EFO_1000283,Grade III Prostatic Intraepithelial Neoplasia,True,0.0,3,3,3
EFO_1000284,,,0.0,277,277,277
EFO_1000286,Granulocytic Sarcoma,False,12.0,46,46,46
EFO_1000287,,,0.0,60,60,60
EFO_1000288,,,0.0,13,13,13
EFO_1000291,,,0.0,48,48,48
EFO_1000292,Hepatoblastoma,False,35.0,352,352,352
EFO_1000293,,,0.0,29,29,29
EFO_1000294,HER2 Positive Breast Carcinoma,False,22.0,161,161,161
EFO_1000295,,,0.0,36,36,36
EFO_1000296,High Grade Surface Osteosarcoma,True,0.0,2,2,2
EFO_1000297,,,0.0,10,10,10
EFO_1000298,Hydatidiform Mole,False,1.0,146,146,146
EFO_1000299,,,0.0,309,309,309
EFO_1000300,,,0.0,14,14,14
EFO_1000301,,,0.0,6,6,6
EFO_1000303,Infiltrating Bladder Urothelial Carcinoma Sarcomatoid Variant,True,0.0,8,8,8
EFO_1000304,,,0.0,46,46,46
EFO_1000305,Intimal Sarcoma,True,0.0,25,25,25
EFO_1000307,Invasive Breast Carcinoma,False,3.0,674,674,674
EFO_1000308,Jejunal Neuroendocrine Tumor G1,True,0.0,2,2,2
EFO_1000309,Juvenile Myelomonocytic Leukemia,False,26.0,154,154,154
EFO_1000310,,,0.0,12,12,12
EFO_1000311,,,0.0,25,25,25
EFO_1000313,,,0.0,83,83,83
EFO_1000314,Kidney Medullary Carcinoma,False,13.0,25,25,25
EFO_1000316,,,0.0,21,21,21
EFO_1000317,,,0.0,7,7,7
EFO_1000318,Langerhans Cell Histiocytosis,False,42.0,183,183,183
EFO_1000319,Laryngeal Adenoid Cystic Carcinoma,True,0.0,1,1,1
EFO_1000320,Laryngeal Small Cell Carcinoma,True,0.0,2,2,2
EFO_1000321,,,0.0,56,56,56
EFO_1000323,Liver Diffuse Large B-Cell Lymphoma,True,0.0,2,2,2
EFO_1000325,Liver Neuroendocrine Tumor,True,0.0,3,3,3
EFO_1000326,,,0.0,52,52,52
EFO_1000332,Lung Giant Cell Carcinoma,True,0.0,41,41,41
EFO_1000333,,,0.0,21,21,21
EFO_1000334,Lung Lymphangioleiomyomatosis,True,0.0,27,27,27
EFO_1000336,Lung Sarcomatoid Carcinoma,False,1.0,55,55,55
EFO_1000337,,,0.0,41,41,41
EFO_1000338,Lung Signet Ring Cell Carcinoma,True,0.0,6,6,6
EFO_1000339,,,0.0,15,15,15
EFO_1000340,Lymphoepithelioma-Like Lung Carcinoma,True,0.0,6,6,6
EFO_1000341,Lymphomatoid Papulosis,True,0.0,32,32,32
EFO_1000344,Major Salivary Gland Carcinoma,False,2.0,6,6,6
EFO_1000345,Major Salivary Gland Carcinoma ex Pleomorphic Adenoma,True,0.0,1,1,1
EFO_1000346,Major Salivary Gland Mucoepidermoid Carcinoma,True,0.0,1,1,1
EFO_1000347,Malignancy in Giant Cell Tumor of Bone,True,0.0,7,7,7
EFO_1000348,,,0.0,38,38,38
EFO_1000349,Malignant Bladder Paraganglioma,True,0.0,1,1,1
EFO_1000350,Malignant Bone Neoplasm,False,43.0,312,312,312
EFO_1000352,,,0.0,52,52,52
EFO_1000354,,,0.0,46,46,46
EFO_1000355,Malignant Mesothelioma,False,16.0,291,291,291
EFO_1000356,Malignant Mixed Neoplasm,True,0.0,4,4,4
EFO_1000357,Malignant Ovarian Brenner Tumor,False,84.0,86,86,86
EFO_1000358,Malignant Ovarian Mixed Epithelial Tumor,False,10.0,23,23,23
EFO_1000359,Malignant Pancreatic Neoplasm,False,115.0,415,415,415
EFO_1000362,Malignant Pleural Neoplasm,False,10.0,23,23,23
EFO_1000363,Malignant Urinary System Neoplasm,False,1.0,28,28,28
EFO_1000364,,,0.0,58,58,58
EFO_1000365,,,0.0,4,4,4
EFO_1000366,,,0.0,11,11,11
EFO_1000367,Mediastinal Neuroblastoma,True,0.0,4,4,4
EFO_1000368,,,0.0,24,24,24
EFO_1000370,Meningeal Melanocytoma,True,0.0,4,4,4
EFO_1000371,,,0.0,2,2,2
EFO_1000372,,,0.0,60,60,60
EFO_1000373,Metanephric Adenoma,True,0.0,13,13,13
EFO_1000375,Metaplastic Meningioma,True,0.0,1,1,1
EFO_1000376,,,0.0,7,7,7
EFO_1000377,Micropapillary Serous Carcinoma,True,0.0,2,2,2
EFO_1000378,Middle Ear Squamous Cell Carcinoma,True,0.0,2,2,2
EFO_1000379,Minor Salivary Gland Adenocarcinoma,True,0.0,3,3,3
EFO_1000380,Mixed Cell Uveal Melanoma,True,0.0,13,13,13
EFO_1000381,Mixed Epithelial Stromal Tumor of the Kidney,True,0.0,1,1,1
EFO_1000382,,,0.0,71,71,71
EFO_1000383,Mixed Somatotroph-Lactotroph Pituitary Gland Adenoma,True,0.0,1,1,1
EFO_1000384,Mixed Tumor of the Salivary Gland,False,2.0,180,180,180
EFO_1000385,,,0.0,13,13,13
EFO_1000386,,,0.0,5,5,5
EFO_1000388,Myelodysplastic/Myeloproliferative Neoplasm,False,22.0,48,48,48
EFO_1000389,,,0.0,16,16,16
EFO_1000390,Nabothian Cyst,True,0.0,1,1,1
EFO_1000391,Nasal Cavity Polyp,False,18.0,390,390,390
EFO_1000393,,,0.0,26,26,26
EFO_1000394,Neurothekeoma,True,0.0,16,16,16
EFO_1000395,,,0.0,2,2,2
EFO_1000396,,,0.0,3,3,3
EFO_1000397,Non-Cutaneous Melanoma,False,4.0,11,11,11
EFO_1000399,Non-Functioning Adrenal Cortex Adenoma,True,0.0,4,4,4
EFO_1000400,,,0.0,9,9,9
EFO_1000402,Normal Breast-Like Subtype of Breast Carcinoma,True,0.0,8,8,8
EFO_1000403,Ocular Melanoma,False,31.0,100,100,100
EFO_1000405,,,0.0,24,24,24
EFO_1000406,,,0.0,71,71,71
EFO_1000407,Olfactory Neuroblastoma,False,32.0,98,98,98
EFO_1000408,Ossifying Fibromyxoid Tumor,True,0.0,3,3,3
EFO_1000409,Ossifying Renal Tumor of Infancy,True,0.0,2,2,2
EFO_1000410,,,0.0,43,43,43
EFO_1000411,,,0.0,80,80,80
EFO_1000412,Ovarian Carcinosarcoma,False,29.0,58,58,58
EFO_1000413,Ovarian Choriocarcinoma,True,0.0,2,2,2
EFO_1000414,,,0.0,11,11,11
EFO_1000415,Ovarian Embryonal Carcinoma,False,2.0,6,6,6
EFO_1000416,,,0.0,133,133,133
EFO_1000417,,,0.0,154,154,154
EFO_1000418,,,0.0,163,163,163
EFO_1000419,Ovarian Germ Cell Tumor,False,79.0,92,92,92
EFO_1000422,Ovarian Gynandroblastoma,True,0.0,1,1,1
EFO_1000424,Ovarian Microcystic Stromal Tumor,True,0.0,3,3,3
EFO_1000425,Ovarian Mixed Epithelial Tumor,True,0.0,3,3,3
EFO_1000426,Ovarian Sclerosing Stromal Tumor,True,0.0,1,1,1
EFO_1000427,Ovarian Serous Adenocarcinofibroma,True,0.0,1,1,1
EFO_1000428,Ovarian Serous Adenofibroma,True,0.0,1,1,1
EFO_1000429,,,0.0,8,8,8
EFO_1000431,Ovarian Small Cell Carcinoma,False,1.0,35,35,35
EFO_1000432,Ovarian Squamous Cell Carcinoma,False,1.0,8,8,8
EFO_1000433,,,0.0,7,7,7
EFO_1000435,Ovarian Transitional Cell Carcinoma,False,19.0,28,28,28
EFO_1000436,Ovarian Tumor of the Thecoma/Fibroma Group,True,0.0,1,1,1
EFO_1000437,Ovarian Yolk Sac Tumor,False,2.0,16,16,16
EFO_1000438,Palmar Fibromatosis,False,25.0,45,45,45
EFO_1000439,Pancreatic Acinar Cell Carcinoma,False,5.0,84,84,84
EFO_1000441,Pancreatic Glucagonoma,False,2.0,3,3,3
EFO_1000442,Pancreatic Large Cell Neuroendocrine Carcinoma,True,0.0,3,3,3
EFO_1000443,Pancreatic Precancerous Condition,True,0.0,1,1,1
EFO_1000444,Pancreatic Small Cell Neuroendocrine Carcinoma,True,0.0,2,2,2
EFO_1000445,Pancreatic Vipoma,True,0.0,1,1,1
EFO_1000446,Pancreatoblastoma,True,0.0,29,29,29
EFO_1000447,,,0.0,22,22,22
EFO_1000448,Papillary Cystic Neoplasm,True,0.0,5,5,5
EFO_1000449,Papillary Meningioma,True,0.0,6,6,6
EFO_1000450,,,0.0,6,6,6
EFO_1000451,Papillary Tumor of the Pineal Region,True,0.0,1,1,1
EFO_1000452,Parachordoma,True,0.0,1,1,1
EFO_1000453,Paraganglioma,False,195.0,381,381,381
EFO_1000456,Parathyroid Gland Carcinoma,False,1.0,109,109,109
EFO_1000457,,,0.0,29,29,29
EFO_1000458,Parotid Gland Acinic Cell Carcinoma,True,0.0,6,6,6
EFO_1000459,,,0.0,18,18,18
EFO_1000460,,,0.0,22,22,22
EFO_1000461,Parotid Gland Carcinoma ex Pleomorphic Adenoma,True,0.0,4,4,4
EFO_1000462,Parotid Gland Pleomorphic Adenoma,True,0.0,3,3,3
EFO_1000463,Parotid Gland Squamous Cell Carcinoma,True,0.0,6,6,6
EFO_1000464,PEComa,False,1.0,80,80,80
EFO_1000465,Penile Carcinoma,False,3.0,45,45,45
EFO_1000466,Penile Fibromatosis,False,25.0,26,26,26
EFO_1000467,,,0.0,51,51,51
EFO_1000468,Peritoneal Multicystic Mesothelioma,True,0.0,6,6,6
EFO_1000470,,,0.0,5,5,5
EFO_1000473,Phosphaturic Mesenchymal Tumor,True,0.0,1,1,1
EFO_1000474,,,0.0,2,2,2
EFO_1000475,Pineoblastoma,False,18.0,35,35,35
EFO_1000476,Pineocytoma,True,0.0,9,9,9
EFO_1000477,,,0.0,61,61,61
EFO_1000478,Pituitary Gland Adenoma,False,5.0,366,366,366
EFO_1000479,,,0.0,94,94,94
EFO_1000480,,,0.0,8,8,8
EFO_1000481,Plantar Fibromatosis,True,0.0,3,3,3
EFO_1000483,Pleural Biphasic Mesothelioma,False,4.0,32,32,32
EFO_1000484,Pleural Epithelioid Mesothelioma,False,4.0,67,67,67
EFO_1000485,Pleural Mesothelioma,False,5.0,163,163,163
EFO_1000486,Pleural Sarcomatoid Mesothelioma,False,1.0,4,4,4
EFO_1000487,Plexiform Ameloblastoma,True,0.0,7,7,7
EFO_1000489,Poorly Differentiated Thyroid Gland Carcinoma,False,45.0,115,115,115
EFO_1000490,"Primary Cutaneous Diffuse Large B-Cell Lymphoma, Leg Type",True,0.0,1,1,1
EFO_1000491,Primary Effusion Lymphoma,False,17.0,179,179,179
EFO_1000492,,,0.0,5,5,5
EFO_1000494,Primary Peritoneal Serous Adenocarcinoma,False,24.0,26,26,26
EFO_1000495,Primary Pulmonary Diffuse Large B-Cell Lymphoma,True,0.0,8,8,8
EFO_1000496,,,0.0,43,43,43
EFO_1000497,Prolactin-Producing Pituitary Gland Carcinoma,True,0.0,1,1,1
EFO_1000498,Prostate Rhabdomyosarcoma,True,0.0,1,1,1
EFO_1000499,Prostate Small Cell Carcinoma,False,4.0,40,40,40
EFO_1000500,,,0.0,17,17,17
EFO_1000501,,,0.0,8,8,8
EFO_1000502,Rectal Hyperplastic Polyp,True,0.0,2,2,2
EFO_1000503,Rectal Traditional Serrated Adenoma,True,0.0,4,4,4
EFO_1000504,,,0.0,63,63,63
EFO_1000505,,,0.0,32,32,32
EFO_1000506,Rectal Villous Adenoma,True,0.0,3,3,3
EFO_1000508,Renal Cell Carcinoma Associated with Xp11.2 Translocations/TFE3 Gene Fusions,False,4.0,82,82,82
EFO_1000509,Retinal Neoplasm,True,0.0,4,4,4
EFO_1000510,,,0.0,1,1,1
EFO_1000511,,,0.0,46,46,46
EFO_1000512,Rhabdoid Tumor of the Kidney,True,0.0,22,22,22
EFO_1000513,,,0.0,7,7,7
EFO_1000515,,,0.0,17,17,17
EFO_1000516,Salivary Gland Carcinoma ex Pleomorphic Adenoma,True,0.0,9,9,9
EFO_1000517,Salivary Gland Large Cell Carcinoma,True,0.0,3,3,3
EFO_1000518,Salivary Gland Pleomorphic Adenoma,True,0.0,24,24,24
EFO_1000520,,,0.0,97,97,97
EFO_1000521,,,0.0,32,32,32
EFO_1000522,,,0.0,21,21,21
EFO_1000523,Sex Hormone-Producing Adrenal Cortex Adenoma,True,0.0,1,1,1
EFO_1000524,,,0.0,34,34,34
EFO_1000525,Simple Endometrial Hyperplasia,True,0.0,9,9,9
EFO_1000527,Sinonasal Undifferentiated Carcinoma,False,13.0,48,48,48
EFO_1000529,Skin Basosquamous Cell Carcinoma,True,0.0,11,11,11
EFO_1000531,,,0.0,12,12,12
EFO_1000532,small intestinal adenocarcinoma,False,17.0,93,93,93
EFO_1000534,,,0.0,53,53,53
EFO_1000535,Small Intestinal Enteropathy-Associated T-Cell Lymphoma,True,0.0,1,1,1
EFO_1000538,Small Intestinal Tubular Adenoma,True,0.0,1,1,1
EFO_1000539,,,0.0,80,80,80
EFO_1000540,,,0.0,4,4,4
EFO_1000541,,,0.0,152,152,152
EFO_1000542,Solid Pseudopapillary Neoplasm of the Pancreas,True,0.0,21,21,21
EFO_1000543,Spinal Chordoma,True,0.0,19,19,19
EFO_1000544,Spinal Cord Astrocytoma,True,0.0,19,19,19
EFO_1000546,Spindle Cell Melanoma,False,5.0,56,56,56
EFO_1000547,,,0.0,23,23,23
EFO_1000549,Splenic Mantle Cell Lymphoma,True,0.0,1,1,1
EFO_1000550,Splenic Marginal Zone Lymphoma,False,48.0,108,108,108
EFO_1000552,Subcutaneous Panniculitis-Like T-Cell Lymphoma,True,0.0,83,83,83
EFO_1000553,,,0.0,23,23,23
EFO_1000554,Submandibular Gland Adenocarcinoma,True,0.0,2,2,2
EFO_1000555,Submandibular Gland Adenoid Cystic Carcinoma,True,0.0,5,5,5
EFO_1000556,Superficial Fibromatosis,True,0.0,1,1,1
EFO_1000557,Synovial Chondromatosis,True,0.0,18,18,18
EFO_1000558,,,0.0,118,118,118
EFO_1000559,,,0.0,18,18,18
EFO_1000560,T-Cell Prolymphocytic Leukemia,False,19.0,123,123,123
EFO_1000562,Tenosynovial Giant Cell Tumor,False,3.0,27,27,27
EFO_1000563,Teratoma with Malignant Transformation,True,0.0,2,2,2
EFO_1000564,Testicular Choriocarcinoma,False,2.0,8,8,8
EFO_1000565,Testicular Embryonal Carcinoma,False,2.0,24,24,24
EFO_1000566,,,0.0,235,235,235
EFO_1000568,Testicular Large Cell Calcifying Sertoli Cell Tumor,True,0.0,1,1,1
EFO_1000570,Testicular Non-Seminomatous Germ Cell Tumor,True,0.0,13,13,13
EFO_1000571,Testicular Sclerosing Sertoli Cell Tumor,True,0.0,1,1,1
EFO_1000572,,,0.0,13,13,13
EFO_1000573,,,0.0,40,40,40
EFO_1000574,Testicular Yolk Sac Tumor,False,2.0,16,16,16
EFO_1000575,Therapy-Related Myeloid Neoplasm,False,1.0,42,42,42
EFO_1000576,Thymic Carcinoma,False,45.0,184,184,184
EFO_1000577,Thymic Sarcomatoid Carcinoma,True,0.0,1,1,1
EFO_1000578,Thymic Small Cell Carcinoma,True,0.0,4,4,4
EFO_1000579,,,0.0,44,44,44
EFO_1000580,,,0.0,12,12,12
EFO_1000581,Thymoma,False,68.0,508,508,508
EFO_1000582,Thymoma Type AB,True,0.0,9,9,9
EFO_1000583,Thymoma Type B3,True,0.0,12,12,12
EFO_1000584,Thymoma Type B1,True,0.0,3,3,3
EFO_1000585,Thyroglossal Duct Cyst,True,0.0,1,1,1
EFO_1000587,,,0.0,5,5,5
EFO_1000588,Thyroid Gland Hyalinizing Trabecular Tumor,True,0.0,3,3,3
EFO_1000589,Thyroid Gland Mixed Medullary and Follicular Cell Carcinoma,True,0.0,1,1,1
EFO_1000590,Thyroid Gland Mucoepidermoid Carcinoma,True,0.0,1,1,1
EFO_1000591,,,0.0,9,9,9
EFO_1000592,Thyroid Gland Oncocytic Follicular Carcinoma,False,5.0,56,56,56
EFO_1000593,,,0.0,10,10,10
EFO_1000594,Thyroid Gland Squamous Cell Carcinoma,True,0.0,2,2,2
EFO_1000595,Thyroid Gland Undifferentiated (Anaplastic) Carcinoma,False,14.0,316,316,316
EFO_1000597,Tonsillar Squamous Cell Carcinoma,True,0.0,41,41,41
EFO_1000598,,,0.0,7,7,7
EFO_1000599,Tracheal Carcinoma,True,0.0,2,2,2
EFO_1000600,Tracheal Squamous Cell Carcinoma,False,1.0,8,8,8
EFO_1000601,Transitional Cell Carcinoma,False,28.0,249,249,249
EFO_1000602,,,0.0,59,59,59
EFO_1000603,Unclassified Renal Cell Carcinoma,False,3.0,40,40,40
EFO_1000604,,,0.0,10,10,10
EFO_1000605,Undifferentiated Ovarian Carcinoma,True,0.0,8,8,8
EFO_1000606,Undifferentiated Pancreatic Carcinoma,False,2.0,50,50,50
EFO_1000607,Undifferentiated Pancreatic Carcinoma with Osteoclast-Like Giant Cells,True,0.0,7,7,7
EFO_1000608,"Undifferentiated Pleomorphic Sarcoma, Inflammatory Variant",True,0.0,2,2,2
EFO_1000609,Ureter Carcinoma,True,0.0,10,10,10
EFO_1000610,Ureter Small Cell Carcinoma,True,0.0,3,3,3
EFO_1000611,,,0.0,16,16,16
EFO_1000612,,,0.0,19,19,19
EFO_1000613,Uterine Carcinosarcoma,False,51.0,269,269,269
EFO_1000616,Uveal Melanoma,False,90.0,148,148,148
EFO_1000618,Vaginal Carcinosarcoma,True,0.0,1,1,1
EFO_1000619,,,0.0,44,44,44
EFO_1000620,,,0.0,12,12,12
EFO_1000623,Vulvar Lichen Sclerosus,False,3.0,36,36,36
EFO_1000624,Vulvar Squamous Cell Carcinoma,False,23.0,116,116,116
EFO_1000625,,,0.0,54,54,54
EFO_1000627,,,0.0,270,270,270
EFO_1000630,marginal zone B-cell lymphoma,False,31.0,183,183,183
EFO_1000631,,,0.0,9,9,9
EFO_1000632,cerebral palsy,False,116.0,250,250,250
EFO_1000633,adenomatous colon polyp,False,3.0,30,30,30
EFO_1000634,hamartoma,False,2.0,58,58,58
EFO_1000635,hemangioma,False,14.0,241,241,241
EFO_1000636,inflammatory skin disease,False,4.0,291,291,291
EFO_1000637,acute respiratory distress syndrome,False,71.0,689,689,689
EFO_1000638,,,0.0,19,19,19
EFO_1000639,,,0.0,4,4,4
EFO_1000641,,,0.0,1,1,1
EFO_1000642,hemochromatosis,False,1.0,114,114,114
EFO_1000643,,,0.0,21,21,21
EFO_1000644,newborn respiratory distress syndrome,False,19.0,77,77,77
EFO_1000645,orthostatic intolerance,False,25.0,76,76,76
EFO_1000646,,,0.0,189,189,189
EFO_1000647,,,0.0,1,1,1
EFO_1000648,,,0.0,20,20,20
EFO_1000649,estrogen-receptor positive breast cancer,False,4.0,21,21,21
EFO_1000650,,,0.0,21,21,21
EFO_1000652,acute pancreatitis,False,50.0,55,55,55
EFO_1000653,sarcopenia,False,13.0,386,386,386
EFO_1000654,childhood cancer,False,17.0,163,163,163
EFO_1000657,rectum cancer,False,221.0,619,619,619
EFO_1000660,,,0.0,403,403,403
EFO_1000661,,,0.0,1,1,1
EFO_1000662,acneiform dermatitis,False,3.0,24,24,24
EFO_1000664,,,0.0,4,4,4
EFO_1000665,,,0.0,4,4,4
EFO_1000666,acrokeratosis verruciformis,True,0.0,10,10,10
EFO_1000667,adiposis dolorosa,True,0.0,4,4,4
EFO_1000668,allergic contact dermatitis,False,8.0,175,175,175
EFO_1000669,,,0.0,5,5,5
EFO_1000670,,,0.0,18,18,18
EFO_1000675,,,0.0,216,216,216
EFO_1000676,cholesteatoma of attic,True,0.0,3,3,3
EFO_1000678,,,0.0,71,71,71
EFO_1000679,,,0.0,8,8,8
EFO_1000680,mucous membrane pemphigoid,False,3.0,708,708,708
EFO_1000681,,,0.0,34,34,34
EFO_1000684,dermatitis herpetiformis,False,1.0,71,71,71
EFO_1000685,dermatographia,False,1.0,5,5,5
EFO_1000686,dermatosis papulosa nigra,True,0.0,2,2,2
EFO_1000688,,,0.0,10,10,10
EFO_1000690,epidermolysis bullosa,False,16.0,60,60,60
EFO_1000691,,,0.0,70,70,70
EFO_1000692,,,0.0,5,5,5
EFO_1000693,erythema infectiosum,True,0.0,3,3,3
EFO_1000694,erythema multiforme,False,5.0,60,60,60
EFO_1000695,,,0.0,19,19,19
EFO_1000697,exanthem,False,1.0,32,32,32
EFO_1000701,follicular mucinosis,True,0.0,5,5,5
EFO_1000702,folliculitis,False,1.0,45,45,45
EFO_1000704,granuloma annulare,False,4.0,31,31,31
EFO_1000705,granulomatous dermatitis,True,0.0,11,11,11
EFO_1000706,hand dermatosis,False,7.0,7,7,7
EFO_1000707,,,0.0,3,3,3
EFO_1000708,hereditary papulotranslucent acrokeratoderma,True,0.0,3,3,3
EFO_1000709,,,0.0,10,10,10
EFO_1000710,hidradenitis suppurativa,False,84.0,206,206,206
EFO_1000712,,,0.0,9,9,9
EFO_1000717,inverted follicular keratosis,True,0.0,1,1,1
EFO_1000718,,,0.0,36,36,36
EFO_1000720,keratosis,False,4.0,51,51,51
EFO_1000722,,,0.0,129,129,129
EFO_1000724,lichen disease,False,4.0,78,78,78
EFO_1000725,lichen nitidus,True,0.0,3,3,3
EFO_1000726,lichen planus,False,19.0,176,176,176
EFO_1000727,lipodystrophy,False,5.0,7,7,7
EFO_1000728,lipomatosis,False,1.0,21,21,21
EFO_1000729,loiasis,False,5.0,13,13,13
EFO_1000730,Ludwig's angina,True,0.0,1,1,1
EFO_1000734,miliaria,True,0.0,1,1,1
EFO_1000735,,,0.0,3,3,3
EFO_1000737,,,0.0,72,72,72
EFO_1000738,necrobiosis lipoidica,False,3.0,15,15,15
EFO_1000739,neonatal jaundice,True,0.0,17,17,17
EFO_1000740,neurodermatitis,False,1.0,10,10,10
EFO_1000742,nodular nonsuppurative panniculitis,True,0.0,2,2,2
EFO_1000744,occupational dermatitis,True,0.0,2,2,2
EFO_1000745,palmoplantar keratosis,True,0.0,2,2,2
EFO_1000746,,,0.0,41,41,41
EFO_1000747,parapsoriasis,False,6.0,27,27,27
EFO_1000748,,,0.0,1,1,1
EFO_1000749,pemphigus,False,12.0,167,167,167
EFO_1000752,,,0.0,24,24,24
EFO_1000753,,,0.0,23,23,23
EFO_1000754,physical urticaria,True,0.0,1,1,1
EFO_1000756,,,0.0,14,14,14
EFO_1000757,porokeratosis,False,1.0,12,12,12
EFO_1000758,,,0.0,207,207,207
EFO_1000760,rosacea,False,28.0,318,318,318
EFO_1000762,scleredema adultorum,True,0.0,7,7,7
EFO_1000763,,,0.0,13,13,13
EFO_1000764,seborrheic dermatitis,False,9.0,38,38,38
EFO_1000766,skin atrophy,False,2.0,46,46,46
EFO_1000767,skin sarcoidosis,True,0.0,26,26,26
EFO_1000771,subcorneal pustular dermatosis,True,0.0,30,30,30
EFO_1000772,,,0.0,3,3,3
EFO_1000773,toxicodendron dermatitis,True,0.0,4,4,4
EFO_1000774,vesiculobullous skin disease,True,0.0,10,10,10
EFO_1000775,vibratory urticaria,True,0.0,2,2,2
EFO_1000780,,,0.0,47,47,47
EFO_1000781,overactive bladder,False,40.0,239,239,239
EFO_1000782,altitude sickness,False,21.0,92,92,92
EFO_1000783,diabetic neuropathy,False,123.0,393,393,393
EFO_1000784,microscopic polyangiitis,False,9.0,125,125,125
EFO_1000785,Sezary's disease,False,89.0,237,237,237
EFO_1000786,"osteoarthritis, hip",False,22.0,140,140,140
EFO_1000787,"osteoarthritis, spine",True,0.0,9,9,9
EFO_1000789,"osteoarthritis, hand",False,61.0,85,85,85
EFO_1000790,acalculous cholecystitis,True,0.0,10,10,10
EFO_1000792,Acinetobacter infectious disease,True,0.0,9,9,9
EFO_1000794,acute kidney tubular necrosis,False,2.0,84,84,84
EFO_1000795,acute retinal necrosis syndrome,True,0.0,17,17,17
EFO_1000796,adrenal cortex carcinoma,False,37.0,705,705,705
EFO_1000797,adrenal gland hyperfunction,False,5.0,131,131,131
EFO_1000798,adrenal rest tumor,True,0.0,2,2,2
EFO_1000799,afferent loop syndrome,True,0.0,1,1,1
EFO_1000800,,,0.0,23,23,23
EFO_1000801,,,0.0,34,34,34
EFO_1000802,alcoholic liver cirrhosis,False,2.0,168,168,168
EFO_1000803,,,0.0,16,16,16
EFO_1000805,angioid streaks,False,1.0,2,2,2
EFO_1000806,angiomyoma,True,0.0,1,1,1
EFO_1000807,anterior cerebral artery infarction,True,0.0,1,1,1
EFO_1000809,anterior ischemic optic neuropathy,False,9.0,49,49,49
EFO_1000810,anterior spinal artery syndrome,True,0.0,3,3,3
EFO_1000811,anterior uveitis,False,5.0,86,86,86
EFO_1000812,anterolateral myocardial infarction,True,0.0,9,9,9
EFO_1000813,anthracosilicosis,True,0.0,7,7,7
EFO_1000814,anthracosis,True,0.0,10,10,10
EFO_1000816,,,0.0,25,25,25
EFO_1000817,,,0.0,2,2,2
EFO_1000818,arcus senilis,True,0.0,3,3,3
EFO_1000819,arteriolosclerosis,True,0.0,26,26,26
EFO_1000820,arteriosclerosis obliterans,False,2.0,31,31,31
EFO_1000821,,,0.0,21,21,21
EFO_1000822,,,0.0,5,5,5
EFO_1000823,aseptic meningitis,False,12.0,86,86,86
EFO_1000824,asphyxia neonatorum,False,4.0,187,187,187
EFO_1000825,,,0.0,159,159,159
EFO_1000826,,,0.0,189,189,189
EFO_1000827,,,0.0,12,12,12
EFO_1000828,B- and T-cell mixed leukemia,True,0.0,5,5,5
EFO_1000829,bacterial conjunctivitis,False,3.0,9,9,9
EFO_1000830,bacterial endocarditis,True,0.0,18,18,18
EFO_1000831,bacterial meningitis,False,4.0,164,164,164
EFO_1000832,Bacteroides infectious disease,True,0.0,1,1,1
EFO_1000833,,,0.0,1,1,1
EFO_1000836,,,0.0,12,12,12
EFO_1000837,,,0.0,10,10,10
EFO_1000838,,,0.0,31,31,31
EFO_1000839,,,0.0,32,32,32
EFO_1000840,bladder neck obstruction,True,0.0,6,6,6
EFO_1000841,,,0.0,12,12,12
EFO_1000842,Borrelia infectious disease,False,4.0,53,53,53
EFO_1000843,brachial plexus neuritis,False,2.0,6,6,6
EFO_1000844,brachial plexus neuropathy,False,25.0,28,28,28
EFO_1000845,brain edema,False,1.0,131,131,131
EFO_1000847,brain stem infarction,True,0.0,9,9,9
EFO_1000848,,,0.0,36,36,36
EFO_1000849,bronchial neoplasm,False,6.0,14,14,14
EFO_1000850,burning mouth syndrome,False,11.0,137,137,137
EFO_1000851,byssinosis,True,0.0,8,8,8
EFO_1000852,carcinoid syndrome,False,10.0,43,43,43
EFO_1000853,,,0.0,41,41,41
EFO_1000854,causalgia,False,2.0,12,12,12
EFO_1000855,,,0.0,45,45,45
EFO_1000856,,,0.0,26,26,26
EFO_1000857,,,0.0,2,2,2
EFO_1000858,cerebellum cancer,True,0.0,1,1,1
EFO_1000859,cerebral arterial disease,False,27.0,34,34,34
EFO_1000860,cerebral atherosclerosis,False,11.0,51,51,51
EFO_1000863,Chlamydophila infectious disease,True,0.0,1,1,1
EFO_1000864,,,0.0,38,38,38
EFO_1000865,,,0.0,22,22,22
EFO_1000867,chromophobe adenoma,True,0.0,2,2,2
EFO_1000868,chronic inflammatory demyelinating polyradiculoneuropathy,False,9.0,61,61,61
EFO_1000869,chronic interstitial cystitis,False,4.0,188,188,188
EFO_1000874,commensal Clostridium infectious disease,False,1.0,2,2,2
EFO_1000877,complex partial epilepsy,False,29.0,32,32,32
EFO_1000878,constrictive pericarditis,True,0.0,20,20,20
EFO_1000879,corneal edema,False,8.0,36,36,36
EFO_1000880,corneal neovascularization,False,15.0,44,44,44
EFO_1000881,,,0.0,85,85,85
EFO_1000883,,,0.0,49,49,49
EFO_1000885,,,0.0,45,45,45
EFO_1000886,,,0.0,37,37,37
EFO_1000887,cutaneous syphilis,True,0.0,1,1,1
EFO_1000888,,,0.0,27,27,27
EFO_1000889,"cystic, mucinous, and serous neoplasm",False,10.0,10,10,10
EFO_1000890,,,0.0,21,21,21
EFO_1000891,,,0.0,8,8,8
EFO_1000892,,,0.0,96,96,96
EFO_1000893,,,0.0,25,25,25
EFO_1000894,,,0.0,21,21,21
EFO_1000895,desmoplastic small round cell tumor,False,16.0,98,98,98
EFO_1000896,diabetic angiopathy,False,1.0,55,55,55
EFO_1000897,,,0.0,173,173,173
EFO_1000898,diaphragmatic eventration,True,0.0,1,1,1
EFO_1000899,diastolic heart failure,False,11.0,65,65,65
EFO_1000900,discitis,True,0.0,3,3,3
EFO_1000904,drug-Induced dyskinesia,False,7.0,9,9,9
EFO_1000906,dry eye syndrome,False,54.0,592,592,592
EFO_1000909,,,0.0,6,6,6
EFO_1000910,dysplasia of cervix,False,15.0,112,112,112
EFO_1000911,dystocia,False,3.0,28,28,28
EFO_1000912,,,0.0,18,18,18
EFO_1000913,,,0.0,38,38,38
EFO_1000914,,,0.0,12,12,12
EFO_1000915,encephalomalacia,True,0.0,10,10,10
EFO_1000916,,,0.0,21,21,21
EFO_1000918,,,0.0,23,23,23
EFO_1000919,endometrial stromal sarcoma,False,1.0,109,109,109
EFO_1000920,endometrial stromal tumor,True,0.0,14,14,14
EFO_1000921,,,0.0,8,8,8
EFO_1000922,enterotoxemia,True,0.0,1,1,1
EFO_1000924,epilepsia partialis continua,False,7.0,13,13,13
EFO_1000926,Erdheim-Chester disease,False,4.0,39,39,39
EFO_1000928,Erysipelothrix rhusiopathiae infectious disease,True,0.0,1,1,1
EFO_1000929,Escherichia coli meningitis,True,0.0,6,6,6
EFO_1000931,euthyroid sick syndrome,False,2.0,24,24,24
EFO_1000933,,,0.0,35,35,35
EFO_1000934,eyelid neoplasm,True,0.0,16,16,16
EFO_1000935,female genital tuberculosis,True,0.0,4,4,4
EFO_1000937,fetal erythroblastosis,False,1.0,11,11,11
EFO_1000938,,,0.0,34,34,34
EFO_1000940,Frey Syndrome,True,0.0,1,1,1
EFO_1000941,frozen shoulder,False,44.0,114,114,114
EFO_1000942,fungal meningitis,True,0.0,7,7,7
EFO_1000943,Fusobacterium infectious disease,True,0.0,5,5,5
EFO_1000944,,,0.0,1,1,1
EFO_1000945,,,0.0,13,13,13
EFO_1000946,,,0.0,47,47,47
EFO_1000947,,,0.0,8,8,8
EFO_1000948,gastroparesis,False,24.0,85,85,85
EFO_1000949,gastroschisis,False,3.0,40,40,40
EFO_1000950,giant cell reparative granuloma,False,1.0,17,17,17
EFO_1000951,,,0.0,7,7,7
EFO_1000954,habitual abortion,False,9.0,88,88,88
EFO_1000955,Haemophilus influenzae meningitis,True,0.0,6,6,6
EFO_1000956,hairy cell leukemia,False,27.0,218,218,218
EFO_1000958,halo nevus,True,0.0,18,18,18
EFO_1000959,heart aneurysm,True,0.0,3,3,3
EFO_1000960,heartwater disease,True,0.0,1,1,1
EFO_1000961,Helicobacter pylori infectious disease,False,10.0,488,488,488
EFO_1000963,hemopneumothorax,True,0.0,2,2,2
EFO_1000964,hemorrhagic disease of newborn,True,0.0,2,2,2
EFO_1000965,Henoch-Schoenlein purpura,False,31.0,138,138,138
EFO_1000966,,,0.0,18,18,18
EFO_1000967,,,0.0,20,20,20
EFO_1000969,,,0.0,27,27,27
EFO_1000970,hypercementosis,True,0.0,4,4,4
EFO_1000971,hyperemesis gravidarum,False,8.0,28,28,28
EFO_1000973,,,0.0,34,34,34
EFO_1000974,hypersensitivity vasculitis,True,0.0,42,42,42
EFO_1000975,,,0.0,41,41,41
EFO_1000976,,,0.0,13,13,13
EFO_1000977,,,0.0,33,33,33
EFO_1000978,hypervitaminosis A,True,0.0,9,9,9
EFO_1000979,hypothalamic neoplasm,False,1.0,7,7,7
EFO_1000980,,,0.0,2,2,2
EFO_1000981,ileal neoplasm,True,0.0,15,15,15
EFO_1000982,inappropriate ADH syndrome,False,2.0,25,25,25
EFO_1000983,,,0.0,6,6,6
EFO_1000984,inflammatory breast carcinoma,False,56.0,319,319,319
EFO_1000985,intermediate coronary syndrome,False,9.0,40,40,40
EFO_1000986,intermediate uveitis,False,9.0,39,39,39
EFO_1000991,,,0.0,21,21,21
EFO_1000992,intracranial hypertension,False,1.0,41,41,41
EFO_1000994,intracranial vasospasm,False,6.0,8,8,8
EFO_1000995,intradermal nevus,True,0.0,5,5,5
EFO_1000996,iris cancer,True,0.0,2,2,2
EFO_1000997,iritis,False,1.0,24,24,24
EFO_1000998,,,0.0,7,7,7
EFO_1000999,joint disease,False,6.0,259,259,259
EFO_1001000,,,0.0,95,95,95
EFO_1001002,kernicterus,True,0.0,6,6,6
EFO_1001005,,,0.0,16,16,16
EFO_1001006,Klinefelter's syndrome,False,8.0,92,92,92
EFO_1001007,,,0.0,4,4,4
EFO_1001008,kuru,True,0.0,2,2,2
EFO_1001009,kwashiorkor,True,0.0,3,3,3
EFO_1001010,Landau-Kleffner syndrome,False,11.0,40,40,40
EFO_1001011,lateral medullary syndrome,True,0.0,1,1,1
EFO_1001012,leptomeningeal metastasis,False,23.0,52,52,52
EFO_1001013,lethal midline granuloma,False,17.0,17,17,17
EFO_1001015,leukoplakia of penis,True,0.0,5,5,5
EFO_1001017,limited scleroderma,False,1.0,11,11,11
EFO_1001019,,,0.0,14,14,14
EFO_1001020,lipoid nephrosis,False,1.0,200,200,200
EFO_1001021,,,0.0,14,14,14
EFO_1001022,low tension glaucoma,False,4.0,49,49,49
EFO_1001023,,,0.0,6,6,6
EFO_1001025,,,0.0,22,22,22
EFO_1001026,lymphangioendothelioma,True,0.0,1,1,1
EFO_1001027,,,0.0,4,4,4
EFO_1001028,macular holes,False,38.0,92,92,92
EFO_1001029,,,0.0,45,45,45
EFO_1001031,malignant hypertension,False,4.0,65,65,65
EFO_1001033,,,0.0,15,15,15
EFO_1001034,mastitis,False,2.0,347,347,347
EFO_1001035,maxillary sinus neoplasm,True,0.0,4,4,4
EFO_1001036,,,0.0,13,13,13
EFO_1001037,,,0.0,28,28,28
EFO_1001038,melanotic neuroectodermal tumor,True,0.0,3,3,3
EFO_1001039,,,0.0,16,16,16
EFO_1001040,,,0.0,27,27,27
EFO_1001041,mesenchymal chondrosarcoma,False,1.0,42,42,42
EFO_1001042,mesenchymoma,True,0.0,4,4,4
EFO_1001044,mesothelial neoplasm,True,0.0,7,7,7
EFO_1001045,middle cerebral artery infarction,True,0.0,10,10,10
EFO_1001047,,,0.0,146,146,146
EFO_1001048,,,0.0,43,43,43
EFO_1001050,multiple system atrophy,False,29.0,218,218,218
EFO_1001051,mycosis fungoides,False,99.0,303,303,303
EFO_1001052,myeloid sarcoma,False,22.0,960,960,960
EFO_1001053,,,0.0,1,1,1
EFO_1001054,myofascial pain syndrome,False,12.0,34,34,34
EFO_1001055,myxedema,False,2.0,57,57,57
EFO_1001056,,,0.0,111,111,111
EFO_1001058,necrotizing ulcerative gingivitis,True,0.0,3,3,3
EFO_1001060,neovascular glaucoma,False,2.0,47,47,47
EFO_1001062,nodular goiter,False,1.0,107,107,107
EFO_1001064,non-gestational choriocarcinoma,True,0.0,1,1,1
EFO_1001065,normal pressure hydrocephalus,False,4.0,94,94,94
EFO_1001066,,,0.0,15,15,15
EFO_1001067,,,0.0,17,17,17
EFO_1001068,obstructive jaundice,False,1.0,122,122,122
EFO_1001069,ocular hypertension,False,22.0,216,216,216
EFO_1001070,ocular tuberculosis,True,0.0,7,7,7
EFO_1001071,oophoritis,True,0.0,9,9,9
EFO_1001072,opportunistic Moraxellaceae infectious disease,True,0.0,6,6,6
EFO_1001073,optic nerve neoplasm,True,0.0,1,1,1
EFO_1001074,,,0.0,39,39,39
EFO_1001076,orbital cellulitis,True,0.0,2,2,2
EFO_1001077,orbital plasma cell granuloma,False,1.0,6,6,6
EFO_1001078,orchitis,False,1.0,81,81,81
EFO_1001079,,,0.0,151,151,151
EFO_1001080,Pancoast tumor,True,0.0,3,3,3
EFO_1001081,panophthalmitis,True,0.0,1,1,1
EFO_1001082,panuveitis,False,15.0,53,53,53
EFO_1001083,,,0.0,2,2,2
EFO_1001086,paraphimosis,True,0.0,3,3,3
EFO_1001087,parathyroid adenoma,False,19.0,128,128,128
EFO_1001088,pars planitis,True,0.0,16,16,16
EFO_1001091,Pasteurella hemorrhagic septicemia,True,0.0,5,5,5
EFO_1001092,patellofemoral pain syndrome,False,1.0,2,2,2
EFO_1001093,,,0.0,38,38,38
EFO_1001094,penile neoplasm,False,18.0,32,32,32
EFO_1001095,peptic esophagitis,False,6.0,29,29,29
EFO_1001096,,,0.0,81,81,81
EFO_1001097,periarthritis,False,11.0,14,14,14
EFO_1001098,pericoronitis,True,0.0,1,1,1
EFO_1001099,perinephritis,True,0.0,2,2,2
EFO_1001100,peritoneal neoplasm,False,48.0,57,57,57
EFO_1001101,,,0.0,164,164,164
EFO_1001103,persistent fetal circulation syndrome,False,6.0,78,78,78
EFO_1001104,,,0.0,11,11,11
EFO_1001106,,,0.0,12,12,12
EFO_1001108,,,0.0,14,14,14
EFO_1001109,pituitary dwarfism,False,8.0,16,16,16
EFO_1001110,pituitary-dependent Cushing's disease,False,35.0,39,39,39
EFO_1001111,placental site trophoblastic tumor,False,2.0,8,8,8
EFO_1001112,,,0.0,43,43,43
EFO_1001113,pneumatosis cystoides intestinalis,True,0.0,2,2,2
EFO_1001114,,,0.0,114,114,114
EFO_1001115,POEMS syndrome,False,6.0,63,63,63
EFO_1001116,polyradiculoneuropathy,True,0.0,7,7,7
EFO_1001117,,,0.0,2,2,2
EFO_1001118,,,0.0,1,1,1
EFO_1001119,posterior uveitis,False,16.0,53,53,53
EFO_1001120,,,0.0,33,33,33
EFO_1001121,prediabetes syndrome,False,65.0,349,349,349
EFO_1001122,primary Actinomycetales infectious disease,True,0.0,2,2,2
EFO_1001127,primary Haemophilus infectious disease,True,0.0,1,1,1
EFO_1001128,Rickettsiaceae infectious disease,True,0.0,2,2,2
EFO_1001129,proliferative vitreoretinopathy,False,14.0,128,128,128
EFO_1001131,,,0.0,2,2,2
EFO_1001132,pseudotumor cerebri,False,6.0,87,87,87
EFO_1001133,pulmonary coin lesion,True,0.0,3,3,3
EFO_1001134,pulmonary edema,False,5.0,232,232,232
EFO_1001137,pulmonary subvalvular stenosis,True,0.0,1,1,1
EFO_1001138,pulmonary valve stenosis,True,0.0,18,18,18
EFO_1001139,pulpitis,False,25.0,190,190,190
EFO_1001141,pyelonephritis,False,1.0,116,116,116
EFO_1001142,,,0.0,21,21,21
EFO_1001144,rat-bite fever,True,0.0,5,5,5
EFO_1001145,Raynaud disease,False,11.0,47,47,47
EFO_1001146,reflex epilepsy,False,16.0,22,22,22
EFO_1001147,reflex sympathetic dystrophy,False,1.0,48,48,48
EFO_1001148,relapsing polychondritis,False,5.0,19,19,19
EFO_1001150,renal artery obstruction,False,2.0,3,3,3
EFO_1001151,,,0.0,2,2,2
EFO_1001152,renal osteodystrophy,False,3.0,36,36,36
EFO_1001153,renovascular hypertension,False,10.0,148,148,148
EFO_1001154,retinal artery occlusion,False,4.0,16,16,16
EFO_1001155,retinal drusen,True,0.0,4,4,4
EFO_1001156,retinal vasculitis,False,3.0,42,42,42
EFO_1001157,retinal vein occlusion,False,49.0,104,104,104
EFO_1001158,retinopathy of prematurity,False,27.0,276,276,276
EFO_1001159,Rh isoimmunization,False,1.0,2,2,2
EFO_1001160,,,0.0,59,59,59
EFO_1001161,rheumatic heart disease,False,5.0,160,160,160
EFO_1001162,,,0.0,40,40,40
EFO_1001163,root caries,True,0.0,6,6,6
EFO_1001164,SAPHO syndrome,False,2.0,165,165,165
EFO_1001165,Schnitzler syndrome,False,3.0,78,78,78
EFO_1001166,,,0.0,9,9,9
EFO_1001167,,,0.0,43,43,43
EFO_1001168,,,0.0,200,200,200
EFO_1001169,scurvy,True,0.0,7,7,7
EFO_1001171,,,0.0,73,73,73
EFO_1001172,,,0.0,30,30,30
EFO_1001173,secondary hyperparathyroidism,False,2.0,99,99,99
EFO_1001174,secondary hypertrophic osteoarthropathy,True,0.0,11,11,11
EFO_1001175,secondary Parkinson disease,False,8.0,11,11,11
EFO_1001176,sensorineural hearing loss,False,8.0,192,192,192
EFO_1001178,shoulder impingement syndrome,False,14.0,14,14,14
EFO_1001179,,,0.0,129,129,129
EFO_1001180,,,0.0,63,63,63
EFO_1001181,,,0.0,2,2,2
EFO_1001183,,,0.0,34,34,34
EFO_1001184,small cell sarcoma,True,0.0,2,2,2
EFO_1001185,,,0.0,63,63,63
EFO_1001186,Sneddon syndrome,True,0.0,24,24,24
EFO_1001187,somatostatinoma,False,3.0,18,18,18
EFO_1001189,,,0.0,28,28,28
EFO_1001190,,,0.0,14,14,14
EFO_1001191,,,0.0,1,1,1
EFO_1001192,struma ovarii,True,0.0,6,6,6
EFO_1001193,subacute bacterial endocarditis,True,0.0,11,11,11
EFO_1001194,subacute thyroiditis,False,2.0,42,42,42
EFO_1001196,subdural empyema,True,0.0,1,1,1
EFO_1001197,subependymal glioma,True,0.0,1,1,1
EFO_1001199,subvalvular aortic stenosis,True,0.0,1,1,1
EFO_1001202,suppurative periapical periodontitis,True,0.0,21,21,21
EFO_1001204,,,0.0,20,20,20
EFO_1001205,sympathetic ophthalmia,False,1.0,26,26,26
EFO_1001207,systolic heart failure,False,57.0,132,132,132
EFO_1001208,tarsal tunnel syndrome,True,0.0,1,1,1
EFO_1001209,temporal arteritis,False,20.0,329,329,329
EFO_1001210,tethered spinal cord syndrome,False,26.0,32,32,32
EFO_1001211,,,0.0,219,219,219
EFO_1001212,thyroid crisis,True,0.0,16,16,16
EFO_1001214,tonsil cancer,False,9.0,19,19,19
EFO_1001216,tooth disease,False,7.0,103,103,103
EFO_1001217,Treponema infectious disease,True,0.0,4,4,4
EFO_1001218,,,0.0,1,1,1
EFO_1001219,trigeminal neuralgia,False,16.0,87,87,87
EFO_1001221,twin-to-twin transfusion syndrome,True,0.0,32,32,32
EFO_1001222,type III hypersensitivity reaction disease,False,10.0,45,45,45
EFO_1001223,ulcerative proctosigmoiditis,True,0.0,15,15,15
EFO_1001224,ulnar neuropathy,False,1.0,4,4,4
EFO_1001225,Ureaplasma urealyticum urethritis,True,0.0,16,16,16
EFO_1001226,uremia,False,2.0,261,261,261
EFO_1001227,ureterocele,True,0.0,7,7,7
EFO_1001228,ureterolithiasis,False,3.0,22,22,22
EFO_1001229,,,0.0,27,27,27
EFO_1001230,uveal cancer,False,1.0,7,7,7
EFO_1001231,uveitis,False,73.0,83,83,83
EFO_1001232,uveoparotid fever,True,0.0,3,3,3
EFO_1001233,,,0.0,25,25,25
EFO_1001235,Vibrio infectious disease,False,4.0,125,125,125
EFO_1001236,viral meningitis,True,0.0,60,60,60
EFO_1001237,,,0.0,99,99,99
EFO_1001238,vitreous detachment,True,0.0,5,5,5
EFO_1001239,,,0.0,7,7,7
EFO_1001240,,,0.0,16,16,16
EFO_1001241,,,0.0,17,17,17
EFO_1001242,,,0.0,10,10,10
EFO_1001243,wheat allergic reaction,True,0.0,4,4,4
EFO_1001244,xanthogranulomatous pyelonephritis,True,0.0,4,4,4
EFO_1001245,Yersinia infectious disease,True,0.0,75,75,75
EFO_1001246,Yersinia pseudotuberculosis infectious disease,True,0.0,7,7,7
EFO_1001247,chancre,True,0.0,18,18,18
EFO_1001249,non-alcoholic steatohepatitis,False,149.0,850,850,850
EFO_1001250,rotator cuff tear,False,38.0,129,129,129
EFO_1001252,,,0.0,84,84,84
EFO_1001253,maculopapular eruption,True,0.0,9,9,9
EFO_1001254,noise-induced hearing loss,False,12.0,107,107,107
EFO_1001255,spontaneous abortion,False,4.0,108,108,108
EFO_1001256,"ACTH Syndrome, Ectopic",False,4.0,10,10,10
EFO_1001257,acute erythroblastic leukemia,False,16.0,17,17,17
EFO_1001258,"Adenomatosis, Pulmonary",True,0.0,2,2,2
EFO_1001259,Adenoviridae Infections,True,0.0,1,1,1
EFO_1001260,,,0.0,2,2,2
EFO_1001261,Alien Hand Syndrome,True,0.0,1,1,1
EFO_1001263,amniotic fluid embolism,True,0.0,5,5,5
EFO_1001264,"Anemia, Hemolytic, Autoimmune",False,17.0,151,151,151
EFO_1001267,Aortic Coarctation,False,3.0,88,88,88
EFO_1001268,,,0.0,17,17,17
EFO_1001269,Arbovirus Infections,True,0.0,37,37,37
EFO_1001272,bacterial pneumonia,False,2.0,218,218,218
EFO_1001275,,,0.0,10,10,10
EFO_1001277,Branchioma,True,0.0,2,2,2
EFO_1001278,,,0.0,1,1,1
EFO_1001279,Brown-Sequard Syndrome,True,0.0,1,1,1
EFO_1001280,,,0.0,25,25,25
EFO_1001282,Candidemia,False,2.0,57,57,57
EFO_1001283,"Candidiasis, Invasive",True,0.0,45,45,45
EFO_1001284,capillary leak syndrome,True,0.0,58,58,58
EFO_1001285,Cardiac Tamponade,True,0.0,32,32,32
EFO_1001286,,,0.0,34,34,34
EFO_1001287,Cestode Infections,True,0.0,11,11,11
EFO_1001289,,,0.0,45,45,45
EFO_1001291,,,0.0,8,8,8
EFO_1001293,collagenous colitis,False,5.0,40,40,40
EFO_1001294,lymphocytic colitis,False,5.0,27,27,27
EFO_1001295,microscopic colitis,False,1.0,17,17,17
EFO_1001298,,,0.0,1,1,1
EFO_1001299,Crush Syndrome,True,0.0,24,24,24
EFO_1001300,,,0.0,73,73,73
EFO_1001302,Cytomegalovirus Retinitis,False,2.0,36,36,36
EFO_1001303,,,0.0,69,69,69
EFO_1001304,Dental enamel hypoplasia,True,0.0,12,12,12
EFO_1001305,"Dermatitis, Perioral",False,1.0,9,9,9
EFO_1001307,dumping syndrome,False,4.0,11,11,11
EFO_1001308,"Embolism, Paradoxical",True,0.0,3,3,3
EFO_1001309,,,0.0,103,103,103
EFO_1001310,"Encephalitis, Varicella Zoster",True,0.0,2,2,2
EFO_1001311,,,0.0,118,118,118
EFO_1001312,,,0.0,191,191,191
EFO_1001313,Enterobacteriaceae Infections,True,0.0,8,8,8
EFO_1001316,Eosinophilia-Myalgia Syndrome,True,0.0,6,6,6
EFO_1001317,,,0.0,6,6,6
EFO_1001318,,,0.0,308,308,308
EFO_1001320,Exanthema Subitum,True,0.0,5,5,5
EFO_1001321,extrinsic allergic alveolitis,False,1.0,2,2,2
EFO_1001324,,,0.0,62,62,62
EFO_1001325,abdominal fibromatosis,True,0.0,1,1,1
EFO_1001326,,,0.0,91,91,91
EFO_1001328,fluoride poisoning,False,22.0,22,22,22
EFO_1001329,Follicular Cyst,False,1.0,75,75,75
EFO_1001330,Foster-Kennedy syndrome,False,1.0,19,19,19
EFO_1001331,"Genital neoplasm, female",False,46.0,324,324,324
EFO_1001332,Giant Lymph Node Hyperplasia,False,1.0,1,1,1
EFO_1001333,,,0.0,63,63,63
EFO_1001336,Hammer Toe Syndrome,True,0.0,1,1,1
EFO_1001337,,,0.0,6,6,6
EFO_1001339,,,0.0,33,33,33
EFO_1001341,,,0.0,118,118,118
EFO_1001342,,,0.0,198,198,198
EFO_1001343,"Hemangioma, Cavernous, Central Nervous System",False,1.0,1,1,1
EFO_1001344,Hemarthrosis,True,0.0,23,23,23
EFO_1001345,"Hepatitis, Alcoholic",False,47.0,233,233,233
EFO_1001346,Hepatopulmonary Syndrome,False,3.0,47,47,47
EFO_1001348,HIV-Associated Lipodystrophy Syndrome,False,56.0,56,56,56
EFO_1001349,Human T-lymphotropic virus 2 infectious disease,True,0.0,13,13,13
EFO_1001350,Immunoblastic Lymphadenopathy,True,0.0,2,2,2
EFO_1001351,,,0.0,134,134,134
EFO_1001352,Kartagener Syndrome,True,0.0,4,4,4
EFO_1001353,Klebsiella Infections,True,0.0,29,29,29
EFO_1001354,,,0.0,14,14,14
EFO_1001355,Laryngopharyngeal Reflux,False,2.0,15,15,15
EFO_1001356,"Leiomyoma, Epithelioid",True,0.0,4,4,4
EFO_1001357,,,0.0,226,226,226
EFO_1001359,Leukocyte-Adhesion Deficiency Syndrome,False,2.0,4,4,4
EFO_1001360,"Leukoplakia, Hairy",True,0.0,11,11,11
EFO_1001361,localised scleroderma,False,12.0,18,18,18
EFO_1001362,Lung Abscess,True,0.0,25,25,25
EFO_1001364,,,0.0,99,99,99
EFO_1001365,"Lymphoma, AIDS-Related",False,31.0,49,49,49
EFO_1001367,Medial Tibial Stress Syndrome,True,0.0,1,1,1
EFO_1001368,,,0.0,3,3,3
EFO_1001369,Meningomyelocele,True,0.0,4,4,4
EFO_1001371,"Mixed Tumor, Mesodermal",True,0.0,1,1,1
EFO_1001373,Multiple Organ Failure,False,7.0,167,167,167
EFO_1001375,Myocardial Ischemia,False,67.0,701,701,701
EFO_1001376,Necrobiotic Xanthogranuloma,True,0.0,12,12,12
EFO_1001378,neurogenic arthropathy,False,1.0,6,6,6
EFO_1001379,,,0.0,12,12,12
EFO_1001380,Niemann-Pick disease,False,4.0,47,47,47
EFO_1001381,Nocturnal Paroxysmal Dystonia,True,0.0,1,1,1
EFO_1001382,Obesity Hypoventilation Syndrome,True,0.0,7,7,7
EFO_1001383,Opsoclonus-Myoclonus Syndrome,False,16.0,36,36,36
EFO_1001387,Peliosis Hepatis,True,0.0,5,5,5
EFO_1001388,Pelvic Inflammatory Disease,False,4.0,214,214,214
EFO_1001389,,,0.0,2,2,2
EFO_1001390,,,0.0,154,154,154
EFO_1001391,,,0.0,143,143,143
EFO_1001394,,,0.0,164,164,164
EFO_1001395,Phlebitis,False,3.0,59,59,59
EFO_1001399,"Pneumonia, Aspiration",False,2.0,56,56,56
EFO_1001401,Pneumovirus Infections,True,0.0,19,19,19
EFO_1001402,postencephalitic Parkinson disease,False,8.0,12,12,12
EFO_1001403,postpartum thyroiditis,True,0.0,10,10,10
EFO_1001404,Postpericardiotomy Syndrome,False,9.0,13,13,13
EFO_1001406,,,0.0,2,2,2
EFO_1001407,,,0.0,7,7,7
EFO_1001408,,,0.0,26,26,26
EFO_1001409,,,0.0,13,13,13
EFO_1001410,Pythiosis,True,0.0,14,14,14
EFO_1001413,Respiratory Syncytial Virus Infection,False,28.0,383,383,383
EFO_1001415,Retropharyngeal Abscess,True,0.0,2,2,2
EFO_1001417,"Rhinitis, Allergic, Perennial",False,14.0,47,47,47
EFO_1001418,,,0.0,305,305,305
EFO_1001419,,,0.0,47,47,47
EFO_1001420,,,0.0,31,31,31
EFO_1001421,Serratia Infections,True,0.0,6,6,6
EFO_1001422,,,0.0,82,82,82
EFO_1001423,Shaken Baby Syndrome,True,0.0,2,2,2
EFO_1001425,Skull Fractures,True,0.0,1,1,1
EFO_1001426,,,0.0,100,100,100
EFO_1001428,Subacute Combined Degeneration,True,0.0,5,5,5
EFO_1001429,Subdural Effusion,True,0.0,6,6,6
EFO_1001431,suppurative thyroiditis,True,0.0,2,2,2
EFO_1001433,,,0.0,9,9,9
EFO_1001434,Tendinopathy,False,45.0,209,209,209
EFO_1001435,tenosynovitis,False,1.0,34,34,34
EFO_1001436,,,0.0,135,135,135
EFO_1001437,,,0.0,6,6,6
EFO_1001438,Trematode Infections,True,0.0,8,8,8
EFO_1001441,,,0.0,42,42,42
EFO_1001444,Tularemia,False,4.0,91,91,91
EFO_1001445,Tungiasis,True,0.0,3,3,3
EFO_1001447,,,0.0,9,9,9
EFO_1001448,Ventricular Outflow Obstruction,True,0.0,1,1,1
EFO_1001449,Vertebrobasilar insufficiency,True,0.0,3,3,3
EFO_1001450,Wolff-Parkinson-White Syndrome,False,6.0,100,100,100
EFO_1001451,X-Linked Combined Immunodeficiency Diseases,False,1.0,177,177,177
EFO_1001452,Yellow Nail Syndrome,True,0.0,9,9,9
EFO_1001454,amnesia,False,21.0,170,170,170
EFO_1001455,,,0.0,9,9,9
EFO_1001456,,,0.0,60,60,60
EFO_1001458,diabetic cardiomyopathy,False,3.0,332,332,332
EFO_1001459,diabetic foot,False,97.0,252,252,252
EFO_1001461,endothelial dysfunction,False,68.0,691,691,691
EFO_1001462,,,0.0,41,41,41
EFO_1001463,gastroenteritis,False,6.0,231,231,231
EFO_1001465,gliosarcoma,False,197.0,295,295,295
EFO_1001466,Graves ophthalmopathy,False,22.0,153,153,153
EFO_1001467,Hypereosinophilic syndrome,False,10.0,134,134,134
EFO_1001469,Mantle cell lymphoma,False,154.0,560,560,560
EFO_1001471,Merkel cell skin cancer,False,38.0,405,405,405
EFO_1001472,Myelitis,True,0.0,52,52,52
EFO_1001474,,,0.0,138,138,138
EFO_1001475,,,0.0,306,306,306
EFO_1001476,streptococcal infection,False,4.0,81,81,81
EFO_1001477,,,0.0,16,16,16
EFO_1001479,Tumor Lysis Syndrome,False,1.0,104,104,104
EFO_1001480,metastatic colorectal cancer,False,212.0,410,410,410
EFO_1001481,,,0.0,118,118,118
EFO_1001482,cardiotoxicity,False,3.0,17,17,17
EFO_1001484,pain agnosia,False,13.0,15,15,15
EFO_1001485,acromegaly,False,10.0,170,170,170
EFO_1001486,primary biliary cirrhosis,False,56.0,520,520,520
EFO_1001487,,,0.0,15,15,15
EFO_1001488,influenza A (H1N1),False,10.0,26,26,26
EFO_1001489,,,0.0,8,8,8
EFO_1001490,late-onset myasthenia gravis,True,0.0,2,2,2
EFO_1001491,abortion,False,26.0,286,286,286
EFO_1001492,atrophic macular degeneration,False,75.0,140,140,140
EFO_1001493,cardiac embolism,True,0.0,11,11,11
EFO_1001494,psoriasis vulgaris,False,40.0,289,289,289
EFO_1001495,,,0.0,23,23,23
EFO_1001496,Autosomal dominant polycystic kidney disease,False,89.0,439,439,439
EFO_1001497,,,0.0,38,38,38
EFO_1001498,disseminated atypical mycobacterial infection,True,0.0,1,1,1
EFO_1001500,,,0.0,3,3,3
EFO_1001501,"pulmonary fibrosis and/or bone marrow failure, telomere-related, 1",True,0.0,9,9,9
EFO_1001502,,,0.0,85,85,85
EFO_1001504,,,0.0,37,37,37
EFO_1001505,cystic liver disease,True,0.0,4,4,4
EFO_1001506,,,0.0,37,37,37
EFO_1001510,specific language impairment,True,0.0,2,2,2
EFO_1001511,monogenic diabetes,False,1.0,12,12,12
EFO_1001512,endometrial carcinoma,False,108.0,587,587,587
EFO_1001513,liver neoplasm,False,20.0,280,280,280
EFO_1001514,,,0.0,79,79,79
EFO_1001515,,,0.0,63,63,63
EFO_1001516,,,0.0,275,275,275
EFO_1001517,,,0.0,613,613,613
EFO_1001518,heavy metal poisoning,True,0.0,5,5,5
EFO_1001753,abdominal abscess,False,1.0,18,18,18
EFO_1001754,,,0.0,231,231,231
EFO_1001759,,,0.0,3,3,3
EFO_1001760,,,0.0,253,253,253
EFO_1001761,,,0.0,33,33,33
EFO_1001762,autonomic dysreflexia,False,2.0,29,29,29
EFO_1001763,,,0.0,15,15,15
EFO_1001765,,,0.0,67,67,67
EFO_1001767,brain stem neoplasm,False,4.0,25,25,25
EFO_1001768,,,0.0,15,15,15
EFO_1001769,carcinoid heart disease,False,4.0,8,8,8
EFO_1001770,,,0.0,314,314,314
EFO_1001771,cardiac edema,False,2.0,3,3,3
EFO_1001776,Chilaiditi Syndrome,True,0.0,1,1,1
EFO_1001777,chloracne,True,0.0,1,1,1
EFO_1001779,chronic myelomonocytic leukemia,False,59.0,252,252,252
EFO_1001780,,,0.0,48,48,48
EFO_1001781,Commotio Cordis,True,0.0,1,1,1
EFO_1001782,dental pulp exposure,False,1.0,1,1,1
EFO_1001783,desmoplastic fibroma,True,0.0,5,5,5
EFO_1001784,diffuse cutaneous Leishmaniasis,True,0.0,32,32,32
EFO_1001785,,,0.0,1,1,1
EFO_1001786,erythroplasia,True,0.0,10,10,10
EFO_1001787,,,0.0,31,31,31
EFO_1001788,Eye Burns,False,4.0,5,5,5
EFO_1001790,,,0.0,3,3,3
EFO_1001791,femoral hernia,True,0.0,4,4,4
EFO_1001792,femoral neck fracture,False,3.0,39,39,39
EFO_1001794,fetomaternal transfusion,True,0.0,2,2,2
EFO_1001795,fusariosis,True,0.0,32,32,32
EFO_1001796,Glomus Jugulare Tumor,True,0.0,2,2,2
EFO_1001797,Hemoglobin SC Disease,False,1.0,2,2,2
EFO_1001798,,,0.0,78,78,78
EFO_1001799,incomplete abortion,False,4.0,4,4,4
EFO_1001800,Intervertebral Disc Displacement,False,3.0,3,3,3
EFO_1001801,intracranial subdural hematoma,False,11.0,13,13,13
EFO_1001804,,,0.0,21,21,21
EFO_1001805,lobomycosis,True,0.0,3,3,3
EFO_1001806,macrophage activation syndrome,False,8.0,152,152,152
EFO_1001807,,,0.0,13,13,13
EFO_1001808,,,0.0,34,34,34
EFO_1001809,,,0.0,104,104,104
EFO_1001810,,,0.0,10,10,10
EFO_1001812,myringosclerosis,True,0.0,8,8,8
EFO_1001814,nephrogenic fibrosing dermopathy,False,4.0,11,11,11
EFO_1001816,,,0.0,2,2,2
EFO_1001818,oral submucous fibrosis,False,77.0,193,193,193
EFO_1001819,orbital myositis,True,0.0,5,5,5
EFO_1001820,oroficial granulomatosis,True,0.0,4,4,4
EFO_1001821,osteoradionecrosis,True,0.0,15,15,15
EFO_1001822,,,0.0,3,3,3
EFO_1001824,pinguecula,True,0.0,5,5,5
EFO_1001825,,,0.0,27,27,27
EFO_1001826,,,0.0,29,29,29
EFO_1001827,post-concussion syndrome,False,1.0,11,11,11
EFO_1001829,,,0.0,306,306,306
EFO_1001830,precursor T-cell lymphoblastic leukemia-lymphoma,False,18.0,25,25,25
EFO_1001831,,,0.0,50,50,50
EFO_1001832,Psoas abscess,True,0.0,8,8,8
EFO_1001834,pulmonary aspergillosis,True,0.0,48,48,48
EFO_1001836,,,0.0,3,3,3
EFO_1001837,,,0.0,2,2,2
EFO_1001838,,,0.0,109,109,109
EFO_1001840,respiratory paralysis,True,0.0,8,8,8
EFO_1001841,,,0.0,12,12,12
EFO_1001842,,,0.0,21,21,21
EFO_1001846,Spinal Osteophytosis,True,0.0,2,2,2
EFO_1001847,,,0.0,1,1,1
EFO_1001848,squamous odontogenic tumor,True,0.0,2,2,2
EFO_1001849,staphylococcal skin infections,True,0.0,18,18,18
EFO_1001853,,,0.0,6,6,6
EFO_1001855,,,0.0,8,8,8
EFO_1001856,,,0.0,10,10,10
EFO_1001857,Takayasu arteritis,False,13.0,123,123,123
EFO_1001858,Tarlov Cysts,True,0.0,1,1,1
EFO_1001859,,,0.0,4,4,4
EFO_1001860,thymus hyperplasia,True,0.0,1,1,1
EFO_1001863,Uterine Inertia,False,1.0,5,5,5
EFO_1001864,,,0.0,26,26,26
EFO_1001865,ventilator-associated pneumonia,False,6.0,125,125,125
EFO_1001867,,,0.0,1,1,1
EFO_1001868,,,0.0,1,1,1
EFO_1001869,,,0.0,41,41,41
EFO_1001870,,,0.0,41,41,41
EFO_1001871,acquired cold urticaria,True,0.0,3,3,3
EFO_1001872,agoraphobia,False,1.0,33,33,33
EFO_1001874,,,0.0,7,7,7
EFO_1001875,amyloidosis,False,27.0,484,484,484
EFO_1001877,anxiety-like behavior,True,0.0,3,3,3
EFO_1001881,cold urticaria,False,5.0,33,33,33
EFO_1001882,cutaneous nodular amyloidosis,True,0.0,7,7,7
EFO_1001883,Dendritic keratitis,True,0.0,1,1,1
EFO_1001884,dental phobia,False,35.0,38,38,38
EFO_1001885,,,0.0,1,1,1
EFO_1001886,,,0.0,24,24,24
EFO_1001887,epicondylitis,False,12.0,12,12,12
EFO_1001888,eye infection,False,1.0,93,93,93
EFO_1001889,,,0.0,1,1,1
EFO_1001890,food allergy,False,4.0,214,214,214
EFO_1001892,generalized anxiety disorder,False,105.0,238,238,238
EFO_1001893,Hand-foot syndrome,False,8.0,62,62,62
EFO_1001896,lateral epicondylitis,False,19.0,30,30,30
EFO_1001897,,,0.0,126,126,126
EFO_1001899,muscular channelopathy,True,0.0,1,1,1
EFO_1001900,,,0.0,54,54,54
EFO_1001901,neuroendocrine neoplasm,False,176.0,695,695,695
EFO_1001902,,,0.0,148,148,148
EFO_1001905,oxidative stress,False,3.0,6,6,6
EFO_1001908,phobic disorder,False,3.0,28,28,28
EFO_1001910,,,0.0,3,3,3
EFO_1001911,pulmonary nodular amyloidosis,True,0.0,1,1,1
EFO_1001916,separation anxiety disorder,False,1.0,8,8,8
EFO_1001917,social anxiety disorder,False,25.0,84,84,84
EFO_1001918,specific phobia,False,4.0,13,13,13
EFO_1001922,,,0.0,1,1,1
EFO_1001925,pneumococcal bacteremia,True,0.0,9,9,9
EFO_1001926,,,0.0,1,1,1
EFO_1001927,cutaneous squamous cell carcinoma,False,20.0,266,266,266
EFO_1001928,,,0.0,33,33,33
EFO_1001929,,,0.0,60,60,60
EFO_1001930,idiopathic osteonecrosis of the femoral head,True,0.0,1,1,1
EFO_1001931,oropharynx cancer,False,29.0,201,201,201
EFO_1001932,adult acute megakaryoblastic leukemia,False,2.0,3,3,3
EFO_1001933,adult acute monocytic leukemia,False,2.0,2,2,2
EFO_1001934,adult acute myeloid leukemia,False,22.0,28,28,28
EFO_1001935,adult B acute lymphoblastic leukemia,False,46.0,46,46,46
EFO_1001936,adult T acute lymphoblastic leukemia,False,42.0,45,45,45
EFO_1001937,amelanotic melanoma,True,0.0,23,23,23
EFO_1001938,B-cell non-Hodgkins lymphoma,False,25.0,578,578,578
EFO_1001939,,,0.0,47,47,47
EFO_1001940,,,0.0,24,24,24
EFO_1001941,bronchioloalveolar carcinoma,True,0.0,59,59,59
EFO_1001942,bronchogenic carcinoma,False,1.0,89,89,89
EFO_1001945,childhood acute myeloid leukemia with maturation,False,24.0,24,24,24
EFO_1001946,childhood B acute lymphoblastic leukemia,False,40.0,41,41,41
EFO_1001947,childhood T acute lymphoblastic leukemia,False,41.0,42,42,42
EFO_1001949,colon adenocarcinoma,False,53.0,753,753,753
EFO_1001950,colon carcinoma,False,15.0,758,758,758
EFO_1001951,colorectal carcinoma,False,113.0,1312,1312,1312
EFO_1001952,endometrial adenosquamous carcinoma,False,27.0,29,29,29
EFO_1001953,"endometrial endometrioid adenocarcinoma, variant with squamous differentiation",False,11.0,12,12,12
EFO_1001955,,,0.0,178,178,178
EFO_1001956,gallbladder carcinoma,False,21.0,212,212,212
EFO_1001957,hereditary thyroid gland medullary carcinoma,True,0.0,3,3,3
EFO_1001958,high grade ovarian serous adenocarcinoma,False,9.0,10,10,10
EFO_1001959,hilar cholangiocarcinoma,False,18.0,89,89,89
EFO_1001960,hypopharyngeal squamous cell carcinoma,False,2.0,88,88,88
EFO_1001961,intrahepatic cholangiocarcinoma,False,60.0,653,653,653
EFO_1001962,,,0.0,22,22,22
EFO_1001963,ovarian mucinous cystadenocarcinoma,False,41.0,53,53,53
EFO_1001964,pancreatic somatostatinoma,True,0.0,4,4,4
EFO_1001965,pharyngeal squamous cell carcinoma,False,1.0,110,110,110
EFO_1001966,rectosigmoid adenocarcinoma,True,0.0,2,2,2
EFO_1001967,salivary gland squamous cell carcinoma,False,25.0,50,50,50
EFO_1001968,soft tissue sarcoma,False,111.0,434,434,434
EFO_1001970,,,0.0,23,23,23
EFO_1001972,undifferentiated pleomorphic sarcoma,False,8.0,331,331,331
EFO_1001973,ureter urothelial carcinoma,False,26.0,29,29,29
EFO_1001974,uterine leiomyosarcoma,False,49.0,219,219,219
EFO_1001975,,,0.0,3,3,3
EFO_1001976,,,0.0,98,98,98
EFO_1001977,3MC syndrome 2,True,0.0,8,8,8
EFO_1001978,,,0.0,2,2,2
EFO_1001979,,,0.0,46,46,46
EFO_1001980,,,0.0,6,6,6
EFO_1001981,,,0.0,5,5,5
EFO_1001982,,,0.0,38,38,38
EFO_1001983,,,0.0,5,5,5
EFO_1001984,cardiac amyloidosis,False,10.0,53,53,53
EFO_1001985,,,0.0,12,12,12
EFO_1001986,connective tissue disease,False,1.0,289,289,289
EFO_1001987,dropped head syndrome,True,0.0,2,2,2
EFO_1001988,Juvenile Polymyositis,True,0.0,1,1,1
EFO_1001989,,,0.0,15,15,15
EFO_1001990,,,0.0,7,7,7
EFO_1001991,,,0.0,451,451,451
EFO_1001992,,,0.0,7,7,7
EFO_1001993,scleroderma,False,39.0,57,57,57
EFO_1001994,Scleroderma Polymyositis Overlap Syndrome,True,0.0,5,5,5
EFO_1001996,Thalassemia,False,31.0,226,226,226
EFO_1001998,complex regional pain syndrome,False,36.0,156,156,156
EFO_1001999,systemic juvenile idiopathic arthritis,False,8.0,269,269,269
EFO_1002000,Takotsubo cardiomyopathy,False,6.0,200,200,200
EFO_1002001,core binding factor acute myeloid leukemia,False,46.0,46,46,46
EFO_1002002,high altitude pulmonary edema,False,2.0,25,25,25
EFO_1002003,,,0.0,106,106,106
EFO_1002004,,,0.0,25,25,25
EFO_1002005,lumbar disc herniation,False,12.0,135,135,135
EFO_1002006,,,0.0,4,4,4
EFO_1002008,atypical teratoid rhabdoid tumor,False,13.0,205,205,205
EFO_1002009,macular telangiectasia type 2,False,2.0,5,5,5
EFO_1002011,,,0.0,35,35,35
EFO_1002012,ligament rupture,False,1.0,4,4,4
EFO_1002013,,,0.0,34,34,34
EFO_1002014,melancholia,False,4.0,35,35,35
EFO_1002015,HPV-associated cervical carcinoma,False,1.0,1,1,1
EFO_1002017,differentiated thyroid carcinoma,False,7.0,154,154,154
EFO_1002018,,,0.0,55,55,55
EFO_1002019,,,0.0,38,38,38
EFO_1002020,,,0.0,15,15,15
EFO_1002022,Herpes simplex infection,False,3.0,99,99,99
EFO_1002023,plantar wart,False,5.0,12,12,12
EFO_1002024,streptococcal pharyngitis,True,0.0,9,9,9
EFO_1002025,,,0.0,190,190,190
EFO_1002026,,,0.0,85,85,85
EFO_1002027,osteomalacia,False,5.0,37,37,37
EFO_1002028,cicatricial alopecia,False,9.0,30,30,30
EFO_1002029,chronic rhinosinusitis with nasal polyps,False,6.0,320,320,320
EFO_1002030,chronic rhinosinusitis without nasal polyps,False,2.0,155,155,155
EFO_1002031,,,0.0,15,15,15
EFO_1002034,,,0.0,41,41,41
EFO_1002039,,,0.0,81,81,81
EFO_1002047,spotted fever,False,4.0,26,26,26
EFO_1002048,kidney failure,False,72.0,333,333,333
EFO_1002049,,,0.0,332,332,332
EFO_1002050,,,0.0,388,388,388
EFO_1002051,facial nerve disease,True,0.0,3,3,3
GO_0000278,mitotic cell cycle,True,0.0,4,4,4
GO_0001503,,,0.0,5,5,5
GO_0002524,,,0.0,43,43,43
GO_0006006,glucose metabolic process,True,0.0,8,8,8
GO_0006096,glycolytic process,True,0.0,1,1,1
GO_0006281,DNA repair,True,0.0,1,1,1
GO_0006629,lipid metabolic process,False,1.0,5,5,5
GO_0006694,steroid biosynthetic process,True,0.0,8,8,8
GO_0006699,bile acid biosynthetic process,True,0.0,1,1,1
GO_0006810,transport,True,0.0,3,3,3
GO_0006909,,,0.0,4,4,4
GO_0006915,,,0.0,12,12,12
GO_0006954,inflammatory response,True,0.0,2,2,2
GO_0006956,complement activation,True,0.0,5,5,5
GO_0007420,brain development,True,0.0,1,1,1
GO_0007565,female pregnancy,True,0.0,4,4,4
GO_0007586,,,0.0,2,2,2
GO_0007596,blood coagulation,False,6.0,7,7,7
GO_0007601,visual perception,True,0.0,1,1,1
GO_0007605,,,0.0,11,11,11
GO_0007608,sensory perception of smell,True,0.0,2,2,2
GO_0007610,,,0.0,15,15,15
GO_0007613,memory,False,7.0,98,98,98
GO_0007623,,,0.0,5,5,5
GO_0008152,,,0.0,67,67,67
GO_0009058,,,0.0,14,14,14
GO_0009314,,,0.0,6,6,6
GO_0009410,,,0.0,123,123,123
GO_0009415,response to water,True,0.0,2,2,2
GO_0010226,response to lithium ion,True,0.0,2,2,2
GO_0014072,response to isoquinoline alkaloid,True,0.0,1,1,1
GO_0016068,type I hypersensitivity,True,0.0,2,2,2
GO_0019233,,,0.0,5,5,5
GO_0030073,insulin secretion,False,1.0,1,1,1
GO_0030218,erythrocyte differentiation,True,0.0,2,2,2
GO_0030431,,,0.0,7,7,7
GO_0030728,ovulation,False,3.0,3,3,3
GO_0031424,,,0.0,5,5,5
GO_0032274,gonadotropin secretion,True,0.0,1,1,1
GO_0032502,,,0.0,10,10,10
GO_0035176,social behavior,False,3.0,3,3,3
GO_0035483,gastric emptying,False,5.0,5,5,5
GO_0035815,,,0.0,1,1,1
GO_0035882,defecation rhythm,True,0.0,3,3,3
GO_0036270,response to diuretic,True,0.0,3,3,3
GO_0036273,,,0.0,65,65,65
GO_0040007,,,0.0,16,16,16
GO_0042476,odontogenesis,True,0.0,2,2,2
GO_0042592,,,0.0,12,12,12
GO_0042697,menopause,False,18.0,40,40,40
GO_0044691,,,0.0,2,2,2
GO_0044850,menstrual cycle,True,0.0,1,1,1
GO_0045087,innate immune response,False,2.0,2,2,2
GO_0045453,bone resorption,False,1.0,1,1,1
GO_0046677,,,0.0,9,9,9
GO_0050892,intestinal absorption,False,1.0,1,1,1
GO_0050896,,,0.0,50,50,50
GO_0050909,sensory perception of taste,True,0.0,1,1,1
GO_0051321,meiotic cell cycle,True,0.0,2,2,2
GO_0051726,regulation of cell cycle,True,0.0,2,2,2
GO_0060073,,,0.0,4,4,4
GO_0060279,positive regulation of ovulation,False,2.0,3,3,3
GO_0061476,,,0.0,2,2,2
GO_0061479,,,0.0,2,2,2
GO_0070085,,,0.0,2,2,2
GO_0070527,platelet aggregation,False,3.0,5,5,5
GO_0097333,,,0.0,1,1,1
GO_0097366,,,0.0,6,6,6
GO_1901554,,,0.0,5,5,5
GO_1901557,,,0.0,4,4,4
GO_1903491,,,0.0,1,1,1
GSSO_000414,sexuality,True,0.0,5,5,5
MONDO_0000009,,,0.0,2,2,2
MONDO_0000030,,,0.0,4,4,4
MONDO_0000032,,,0.0,8,8,8
MONDO_0000044,,,0.0,3,3,3
MONDO_0000045,,,0.0,13,13,13
MONDO_0000050,,,0.0,20,20,20
MONDO_0000066,,,0.0,1,1,1
MONDO_0000078,,,0.0,173,173,173
MONDO_0000079,,,0.0,1,1,1
MONDO_0000087,,,0.0,57,57,57
MONDO_0000088,precocious puberty,False,5.0,32,32,32
MONDO_0000090,,,0.0,1,1,1
MONDO_0000105,,,0.0,5,5,5
MONDO_0000107,,,0.0,8,8,8
MONDO_0000115,Chiari malformation,True,0.0,5,5,5
MONDO_0000119,,,0.0,1,1,1
MONDO_0000127,geleophysic dysplasia,True,0.0,6,6,6
MONDO_0000128,,,0.0,4,4,4
MONDO_0000129,,,0.0,5,5,5
MONDO_0000133,,,0.0,2,2,2
MONDO_0000136,,,0.0,8,8,8
MONDO_0000137,,,0.0,14,14,14
MONDO_0000138,,,0.0,3,3,3
MONDO_0000141,mosaic variegated aneuploidy syndrome,True,0.0,3,3,3
MONDO_0000147,polyposis,False,1.0,102,102,102
MONDO_0000153,transposition of the great arteries,False,1.0,18,18,18
MONDO_0000156,trigonocephaly,True,0.0,11,11,11
MONDO_0000159,bone marrow failure syndrome,False,14.0,108,108,108
MONDO_0000160,,,0.0,1,1,1
MONDO_0000170,,,0.0,32,32,32
MONDO_0000171,,,0.0,13,13,13
MONDO_0000179,,,0.0,31,31,31
MONDO_0000192,polyglucosan body myopathy,True,0.0,1,1,1
MONDO_0000193,,,0.0,1,1,1
MONDO_0000200,,,0.0,11,11,11
MONDO_0000208,,,0.0,2,2,2
MONDO_0000211,,,0.0,2,2,2
MONDO_0000212,,,0.0,2,2,2
MONDO_0000252,,,0.0,12,12,12
MONDO_0000255,subcutaneous mycosis,True,0.0,2,2,2
MONDO_0000256,,,0.0,12,12,12
MONDO_0000257,,,0.0,7,7,7
MONDO_0000262,otomycosis,True,0.0,2,2,2
MONDO_0000263,laryngotracheitis,True,0.0,3,3,3
MONDO_0000286,Epstein-Barr virus hepatitis,True,0.0,2,2,2
MONDO_0000327,,,0.0,17,17,17
MONDO_0000328,hyperphosphatemia,False,1.0,110,110,110
MONDO_0000334,,,0.0,135,135,135
MONDO_0000341,paralytic poliomyelitis,True,0.0,4,4,4
MONDO_0000351,,,0.0,8,8,8
MONDO_0000355,,,0.0,26,26,26
MONDO_0000358,,,0.0,58,58,58
MONDO_0000359,spondylocostal dysostosis,True,0.0,8,8,8
MONDO_0000365,,,0.0,13,13,13
MONDO_0000368,extrapulmonary tuberculosis,True,0.0,39,39,39
MONDO_0000369,abdominal tuberculosis,True,0.0,9,9,9
MONDO_0000376,respiratory system cancer,True,0.0,8,8,8
MONDO_0000377,,,0.0,5,5,5
MONDO_0000380,paranasal sinus carcinoma,True,0.0,11,11,11
MONDO_0000384,bladder benign neoplasm,True,0.0,1,1,1
MONDO_0000385,,,0.0,9,9,9
MONDO_0000386,"digestive system neuroendocrine tumor, grade 1/2",False,3.0,70,70,70
MONDO_0000390,,,0.0,5,5,5
MONDO_0000396,spastic cerebral palsy,False,1.0,13,13,13
MONDO_0000397,ataxic cerebral palsy,True,0.0,2,2,2
MONDO_0000425,,,0.0,17,17,17
MONDO_0000426,,,0.0,71,71,71
MONDO_0000429,autosomal genetic disease,True,0.0,5,5,5
MONDO_0000430,mature T-cell and NK-cell non-Hodgkin lymphoma,False,48.0,302,302,302
MONDO_0000432,lymphoplasmacytic lymphoma,False,18.0,77,77,77
MONDO_0000437,cerebellar ataxia,False,13.0,237,237,237
MONDO_0000440,,,0.0,55,55,55
MONDO_0000447,autosomal dominant polycystic liver disease,False,6.0,42,42,42
MONDO_0000453,,,0.0,22,22,22
MONDO_0000455,,,0.0,22,22,22
MONDO_0000456,,,0.0,584,584,584
MONDO_0000461,,,0.0,8,8,8
MONDO_0000463,,,0.0,131,131,131
MONDO_0000465,atrioventricular block,False,1.0,83,83,83
MONDO_0000468,third-degree atrioventricular block,True,0.0,5,5,5
MONDO_0000469,,,0.0,6,6,6
MONDO_0000470,endocardium disorder,True,0.0,2,2,2
MONDO_0000473,arterial disorder,False,2.0,177,177,177
MONDO_0000476,,,0.0,26,26,26
MONDO_0000477,focal dystonia,False,6.0,17,17,17
MONDO_0000478,,,0.0,1,1,1
MONDO_0000479,,,0.0,5,5,5
MONDO_0000481,,,0.0,34,34,34
MONDO_0000483,,,0.0,2,2,2
MONDO_0000485,spasmodic dystonia,False,13.0,18,18,18
MONDO_0000488,,,0.0,3,3,3
MONDO_0000489,,,0.0,77,77,77
MONDO_0000490,,,0.0,312,312,312
MONDO_0000491,limb ischemia,False,1.0,149,149,149
MONDO_0000496,,,0.0,56,56,56
MONDO_0000497,,,0.0,84,84,84
MONDO_0000502,,,0.0,59,59,59
MONDO_0000503,lung adenocarcinoma in situ,True,0.0,34,34,34
MONDO_0000507,,,0.0,34,34,34
MONDO_0000508,,,0.0,60,60,60
MONDO_0000509,,,0.0,3,3,3
MONDO_0000515,,,0.0,3,3,3
MONDO_0000521,salivary gland carcinoma,False,31.0,141,141,141
MONDO_0000527,colon adenoma,False,2.0,214,214,214
MONDO_0000530,rectum adenoma,True,0.0,19,19,19
MONDO_0000540,small intestinal neuroendocrine tumor G1,False,5.0,40,40,40
MONDO_0000541,jejunal adenocarcinoma,True,0.0,2,2,2
MONDO_0000543,,,0.0,3,3,3
MONDO_0000544,mucosal melanoma,False,44.0,120,120,120
MONDO_0000548,ovarian clear cell cancer,False,12.0,149,149,149
MONDO_0000553,,,0.0,215,215,215
MONDO_0000554,,,0.0,141,141,141
MONDO_0000565,,,0.0,77,77,77
MONDO_0000577,,,0.0,15,15,15
MONDO_0000589,,,0.0,11,11,11
MONDO_0000590,,,0.0,3,3,3
MONDO_0000591,,,0.0,2,2,2
MONDO_0000594,pervasive developmental disorder,False,8.0,25,25,25
MONDO_0000595,,,0.0,13,13,13
MONDO_0000602,autoimmune disorder of blood,True,0.0,1,1,1
MONDO_0000608,,,0.0,12,12,12
MONDO_0000612,lymphatic system cancer,True,0.0,4,4,4
MONDO_0000620,,,0.0,129,129,129
MONDO_0000621,immune system cancer,True,0.0,1,1,1
MONDO_0000624,benign female reproductive system neoplasm,True,0.0,19,19,19
MONDO_0000627,benign endocrine neoplasm,True,0.0,1,1,1
MONDO_0000631,bone benign neoplasm,True,0.0,22,22,22
MONDO_0000632,uterine benign neoplasm,True,0.0,10,10,10
MONDO_0000637,,,0.0,4,4,4
MONDO_0000640,,,0.0,146,146,146
MONDO_0000648,,,0.0,10,10,10
MONDO_0000650,peritoneal benign neoplasm,True,0.0,1,1,1
MONDO_0000661,,,0.0,34,34,34
MONDO_0000665,,,0.0,16,16,16
MONDO_0000685,visual agnosia,True,0.0,1,1,1
MONDO_0000688,,,0.0,9,9,9
MONDO_0000700,,,0.0,27,27,27
MONDO_0000701,,,0.0,43,43,43
MONDO_0000708,,,0.0,4,4,4
MONDO_0000709,,,0.0,139,139,139
MONDO_0000710,gastroduodenal Crohn disease,True,0.0,1,1,1
MONDO_0000721,,,0.0,4,4,4
MONDO_0000723,stutter disorder,False,11.0,11,11,11
MONDO_0000726,idiopathic scoliosis,False,9.0,64,64,64
MONDO_0000727,scapuloperoneal myopathy,True,0.0,2,2,2
MONDO_0000728,ptosis,False,7.0,108,108,108
MONDO_0000732,,,0.0,4,4,4
MONDO_0000733,cornea plana,True,0.0,1,1,1
MONDO_0000736,dyschromatosis universalis hereditaria,True,0.0,13,13,13
MONDO_0000761,,,0.0,5,5,5
MONDO_0000766,,,0.0,31,31,31
MONDO_0000771,,,0.0,103,103,103
MONDO_0000774,,,0.0,40,40,40
MONDO_0000777,,,0.0,9,9,9
MONDO_0000812,,,0.0,50,50,50
MONDO_0000816,abdominal obesity-metabolic syndrome,True,0.0,1,1,1
MONDO_0000819,,,0.0,22,22,22
MONDO_0000820,cerebral cavernous malformation,False,2.0,242,242,242
MONDO_0000827,,,0.0,75,75,75
MONDO_0000828,,,0.0,1,1,1
MONDO_0000831,thrombotic disease,False,46.0,434,434,434
MONDO_0000833,,,0.0,33,33,33
MONDO_0000836,disease of bone structure,True,0.0,2,2,2
MONDO_0000837,bone resorption disease,False,1.0,18,18,18
MONDO_0000845,fibrous dysplasia,False,4.0,57,57,57
MONDO_0000858,,,0.0,9,9,9
MONDO_0000870,childhood acute lymphoblastic leukemia,False,70.0,76,76,76
MONDO_0000873,lymphoblastic lymphoma,False,68.0,122,122,122
MONDO_0000879,,,0.0,16,16,16
MONDO_0000890,,,0.0,15,15,15
MONDO_0000892,colon medullary carcinoma,True,0.0,24,24,24
MONDO_0000894,mucinous bronchioloalveolar adenocarcinoma,True,0.0,4,4,4
MONDO_0000902,,,0.0,2,2,2
MONDO_0000903,myoclonus-dystonia syndrome,False,10.0,45,45,45
MONDO_0000904,,,0.0,5,5,5
MONDO_0000914,"cerebral arteriopathy, autosomal dominant, with subcortical infarcts and leukoencephalopathy, type 1",False,1.0,7,7,7
MONDO_0000916,intestinal infectious disease,True,0.0,23,23,23
MONDO_0000919,,,0.0,19,19,19
MONDO_0000920,,,0.0,29,29,29
MONDO_0000921,ampulla of vater neoplasm,True,0.0,3,3,3
MONDO_0000923,interstitial emphysema,True,0.0,21,21,21
MONDO_0000926,eye accommodation disease,True,0.0,2,2,2
MONDO_0000928,eyelid melanoma,True,0.0,1,1,1
MONDO_0000931,endometrial disorder,False,1.0,35,35,35
MONDO_0000935,larynx squamous papilloma,False,1.0,36,36,36
MONDO_0000936,syphilitic meningitis,True,0.0,1,1,1
MONDO_0000938,gastric leiomyoma,True,0.0,5,5,5
MONDO_0000944,cerebral artery occlusion,True,0.0,76,76,76
MONDO_0000945,,,0.0,30,30,30
MONDO_0000955,ileum cancer,True,0.0,2,2,2
MONDO_0000956,small intestine cancer,False,39.0,77,77,77
MONDO_0000962,,,0.0,9,9,9
MONDO_0000963,esophageal lipoma,True,0.0,1,1,1
MONDO_0000964,skin lipoma,True,0.0,4,4,4
MONDO_0000980,,,0.0,103,103,103
MONDO_0000992,,,0.0,40,40,40
MONDO_0000993,prostate squamous cell carcinoma,True,0.0,6,6,6
MONDO_0000995,,,0.0,4,4,4
MONDO_0000996,prostate lymphoma,True,0.0,10,10,10
MONDO_0001007,chronic meningitis,True,0.0,6,6,6
MONDO_0001014,,,0.0,96,96,96
MONDO_0001017,epididymal adenocarcinoma,True,0.0,2,2,2
MONDO_0001020,amblyopia,False,10.0,48,48,48
MONDO_0001023,prolymphocytic leukemia,False,39.0,104,104,104
MONDO_0001024,,,0.0,18,18,18
MONDO_0001028,acute pericementitis,True,0.0,5,5,5
MONDO_0001029,,,0.0,11,11,11
MONDO_0001031,purulent acute otitis media,True,0.0,3,3,3
MONDO_0001039,tonsillitis,False,29.0,171,171,171
MONDO_0001040,,,0.0,90,90,90
MONDO_0001045,,,0.0,15,15,15
MONDO_0001046,,,0.0,13,13,13
MONDO_0001051,acute otitis externa,False,1.0,1,1,1
MONDO_0001056,gastric cancer,False,186.0,1194,1194,1194
MONDO_0001059,,,0.0,36,36,36
MONDO_0001063,,,0.0,36,36,36
MONDO_0001074,chronic tic disorder,False,4.0,12,12,12
MONDO_0001078,,,0.0,8,8,8
MONDO_0001082,,,0.0,8,8,8
MONDO_0001083,,,0.0,34,34,34
MONDO_0001085,interstitial nephritis,False,2.0,128,128,128
MONDO_0001087,schizotypal personality disorder,False,6.0,9,9,9
MONDO_0001091,lipoma of colon,True,0.0,1,1,1
MONDO_0001092,,,0.0,1,1,1
MONDO_0001104,toxic diffuse goiter,True,0.0,12,12,12
MONDO_0001110,,,0.0,30,30,30
MONDO_0001112,,,0.0,21,21,21
MONDO_0001114,bacterial myocarditis,True,0.0,1,1,1
MONDO_0001115,,,0.0,5,5,5
MONDO_0001117,,,0.0,22,22,22
MONDO_0001122,chronic maxillary sinusitis,True,0.0,5,5,5
MONDO_0001128,nasal cavity cancer,False,1.0,2,2,2
MONDO_0001134,essential hypertension,False,32.0,431,431,431
MONDO_0001147,,,0.0,11,11,11
MONDO_0001149,,,0.0,53,53,53
MONDO_0001152,amnestic disorder,True,0.0,2,2,2
MONDO_0001160,,,0.0,2,2,2
MONDO_0001161,,,0.0,1,1,1
MONDO_0001162,,,0.0,170,170,170
MONDO_0001163,paranoid personality disorder,True,0.0,1,1,1
MONDO_0001165,tongue disorder,True,0.0,2,2,2
MONDO_0001167,,,0.0,5,5,5
MONDO_0001172,salpingo-oophoritis,True,0.0,4,4,4
MONDO_0001173,acute salpingitis,True,0.0,2,2,2
MONDO_0001185,dissociative amnesia,True,0.0,1,1,1
MONDO_0001187,urinary bladder cancer,False,223.0,366,366,366
MONDO_0001188,esophagus lymphoma,True,0.0,1,1,1
MONDO_0001192,,,0.0,31,31,31
MONDO_0001197,,,0.0,1,1,1
MONDO_0001198,,,0.0,20,20,20
MONDO_0001208,acute respiratory failure,False,28.0,127,127,127
MONDO_0001212,non-suppurative otitis media,True,0.0,1,1,1
MONDO_0001214,,,0.0,6,6,6
MONDO_0001222,,,0.0,86,86,86
MONDO_0001235,appendix cancer,False,9.0,25,25,25
MONDO_0001237,appendix lymphoma,True,0.0,1,1,1
MONDO_0001240,neonatal anemia,False,1.0,4,4,4
MONDO_0001245,,,0.0,32,32,32
MONDO_0001251,,,0.0,53,53,53
MONDO_0001256,,,0.0,67,67,67
MONDO_0001259,pituitary gland infarction,True,0.0,3,3,3
MONDO_0001269,,,0.0,5,5,5
MONDO_0001275,spinal meningioma,True,0.0,8,8,8
MONDO_0001277,cerebral arteritis,True,0.0,3,3,3
MONDO_0001280,choroiditis,False,2.0,34,34,34
MONDO_0001282,fallopian tube endometriosis,True,0.0,1,1,1
MONDO_0001284,endometriosis of intestine,True,0.0,4,4,4
MONDO_0001285,endometriosis of pelvic peritoneum,True,0.0,3,3,3
MONDO_0001288,,,0.0,4,4,4
MONDO_0001291,,,0.0,10,10,10
MONDO_0001294,Horner syndrome,True,0.0,4,4,4
MONDO_0001298,congenital mitral valve insufficiency,False,4.0,4,4,4
MONDO_0001299,,,0.0,28,28,28
MONDO_0001300,,,0.0,52,52,52
MONDO_0001302,hypertensive heart disease,False,2.0,117,117,117
MONDO_0001309,oculomotor nerve paralysis,True,0.0,1,1,1
MONDO_0001314,chondrocalcinosis,False,3.0,17,17,17
MONDO_0001316,,,0.0,4,4,4
MONDO_0001318,,,0.0,1,1,1
MONDO_0001325,penile cancer,False,26.0,101,101,101
MONDO_0001328,,,0.0,23,23,23
MONDO_0001330,presbyopia,False,10.0,25,25,25
MONDO_0001332,,,0.0,4,4,4
MONDO_0001336,,,0.0,223,223,223
MONDO_0001340,heart cancer,True,0.0,1,1,1
MONDO_0001342,,,0.0,12,12,12
MONDO_0001343,,,0.0,287,287,287
MONDO_0001347,,,0.0,85,85,85
MONDO_0001357,hypochromic anemia,True,0.0,2,2,2
MONDO_0001369,,,0.0,26,26,26
MONDO_0001370,pericardial effusion,False,2.0,118,118,118
MONDO_0001374,bladder sarcoma,True,0.0,2,2,2
MONDO_0001377,vitreous syneresis,True,0.0,1,1,1
MONDO_0001382,hepatorenal syndrome,False,13.0,54,54,54
MONDO_0001384,,,0.0,317,317,317
MONDO_0001387,penile sarcoma,True,0.0,1,1,1
MONDO_0001402,vaginal cancer,False,25.0,52,52,52
MONDO_0001409,,,0.0,13,13,13
MONDO_0001410,postmenopausal atrophic vaginitis,False,2.0,2,2,2
MONDO_0001414,osteopoikilosis,True,0.0,3,3,3
MONDO_0001421,,,0.0,10,10,10
MONDO_0001422,primary aldosteronism,False,6.0,101,101,101
MONDO_0001423,,,0.0,2,2,2
MONDO_0001433,,,0.0,4,4,4
MONDO_0001434,,,0.0,7,7,7
MONDO_0001436,hemosiderosis,False,1.0,21,21,21
MONDO_0001437,pulmonary alveolar proteinosis,False,4.0,168,168,168
MONDO_0001438,,,0.0,6,6,6
MONDO_0001443,,,0.0,19,19,19
MONDO_0001444,Chagas disease,False,1.0,271,271,271
MONDO_0001464,,,0.0,15,15,15
MONDO_0001468,synovial plica syndrome,True,0.0,1,1,1
MONDO_0001475,neutropenia,False,38.0,394,394,394
MONDO_0001476,,,0.0,69,69,69
MONDO_0001487,,,0.0,13,13,13
MONDO_0001493,chronic pulmonary heart disease,True,0.0,7,7,7
MONDO_0001498,,,0.0,188,188,188
MONDO_0001501,retroperitoneal sarcoma,False,3.0,20,20,20
MONDO_0001502,retroperitoneum carcinoma,True,0.0,2,2,2
MONDO_0001515,,,0.0,6,6,6
MONDO_0001519,,,0.0,10,10,10
MONDO_0001528,vulva cancer,False,27.0,40,40,40
MONDO_0001530,,,0.0,1,1,1
MONDO_0001536,,,0.0,3,3,3
MONDO_0001537,tuberculous epididymitis,True,0.0,2,2,2
MONDO_0001538,,,0.0,183,183,183
MONDO_0001539,,,0.0,5,5,5
MONDO_0001543,,,0.0,9,9,9
MONDO_0001549,hemolytic-uremic syndrome,False,2.0,194,194,194
MONDO_0001551,ulceration of vulva,True,0.0,2,2,2
MONDO_0001567,,,0.0,58,58,58
MONDO_0001569,,,0.0,37,37,37
MONDO_0001572,leiomyoma,False,18.0,386,386,386
MONDO_0001574,capillary disorder,True,0.0,3,3,3
MONDO_0001576,telangiectasis,False,2.0,6,6,6
MONDO_0001583,diabetic polyneuropathy,False,12.0,77,77,77
MONDO_0001586,mucopolysaccharidosis type 1,False,1.0,13,13,13
MONDO_0001592,prolapse of female genital organ,True,0.0,8,8,8
MONDO_0001597,submandibular gland disorder,True,0.0,1,1,1
MONDO_0001604,,,0.0,27,27,27
MONDO_0001606,central nervous system leukemia,False,43.0,81,81,81
MONDO_0001615,epidemic keratoconjunctivitis,True,0.0,7,7,7
MONDO_0001618,,,0.0,6,6,6
MONDO_0001620,louse-borne relapsing fever,True,0.0,1,1,1
MONDO_0001627,,,0.0,46,46,46
MONDO_0001628,,,0.0,28,28,28
MONDO_0001639,,,0.0,29,29,29
MONDO_0001641,severe pre-eclampsia,False,16.0,16,16,16
MONDO_0001644,,,0.0,15,15,15
MONDO_0001645,,,0.0,148,148,148
MONDO_0001649,fungal esophagitis,True,0.0,1,1,1
MONDO_0001650,,,0.0,36,36,36
MONDO_0001652,,,0.0,1,1,1
MONDO_0001657,brain cancer,False,106.0,521,521,521
MONDO_0001658,,,0.0,26,26,26
MONDO_0001672,bronchus cancer,True,0.0,10,10,10
MONDO_0001673,diarrheal disease,False,1.0,44,44,44
MONDO_0001674,,,0.0,11,11,11
MONDO_0001676,erythropoietic protoporphyria,False,3.0,17,17,17
MONDO_0001678,,,0.0,22,22,22
MONDO_0001684,exocrine pancreatic insufficiency,False,1.0,53,53,53
MONDO_0001697,,,0.0,2,2,2
MONDO_0001700,,,0.0,24,24,24
MONDO_0001703,,,0.0,21,21,21
MONDO_0001705,pure red-cell aplasia,False,5.0,121,121,121
MONDO_0001707,cardiac sarcoidosis,False,3.0,43,43,43
MONDO_0001713,,,0.0,5,5,5
MONDO_0001718,scleritis,False,6.0,55,55,55
MONDO_0001730,,,0.0,17,17,17
MONDO_0001732,trigonitis,True,0.0,1,1,1
MONDO_0001734,tuberous sclerosis,False,19.0,361,361,361
MONDO_0001744,angle-closure glaucoma,False,6.0,27,27,27
MONDO_0001748,,,0.0,10,10,10
MONDO_0001751,cholestasis,False,3.0,63,63,63
MONDO_0001760,,,0.0,18,18,18
MONDO_0001776,prostate calculus,True,0.0,3,3,3
MONDO_0001780,premature ejaculation,False,25.0,36,36,36
MONDO_0001784,malignant renovascular hypertension,True,0.0,2,2,2
MONDO_0001785,,,0.0,1,1,1
MONDO_0001798,,,0.0,6,6,6
MONDO_0001815,extrapyramidal and movement disease,True,0.0,2,2,2
MONDO_0001817,,,0.0,3,3,3
MONDO_0001822,,,0.0,16,16,16
MONDO_0001823,,,0.0,43,43,43
MONDO_0001832,bacterial esophagitis,True,0.0,1,1,1
MONDO_0001835,facial paralysis,True,0.0,22,22,22
MONDO_0001836,amenorrhea,False,3.0,60,60,60
MONDO_0001837,acute gonococcal salpingitis,True,0.0,1,1,1
MONDO_0001847,nuclear senile cataract,True,0.0,1,1,1
MONDO_0001852,small intestine lymphoma,False,34.0,38,38,38
MONDO_0001858,,,0.0,45,45,45
MONDO_0001859,algoneurodystrophy,True,0.0,2,2,2
MONDO_0001876,renal artery atheroma,True,0.0,3,3,3
MONDO_0001879,anus cancer,False,35.0,36,36,36
MONDO_0001896,,,0.0,18,18,18
MONDO_0001898,,,0.0,11,11,11
MONDO_0001902,,,0.0,4,4,4
MONDO_0001903,,,0.0,1,1,1
MONDO_0001907,,,0.0,5,5,5
MONDO_0001909,,,0.0,31,31,31
MONDO_0001913,,,0.0,58,58,58
MONDO_0001920,chronic purulent otitis media,True,0.0,40,40,40
MONDO_0001926,ureteral disorder,True,0.0,3,3,3
MONDO_0001927,,,0.0,12,12,12
MONDO_0001930,,,0.0,27,27,27
MONDO_0001938,,,0.0,5,5,5
MONDO_0001941,blindness (disorder),False,52.0,58,58,58
MONDO_0001949,acute thyroiditis,True,0.0,2,2,2
MONDO_0001966,chronic closed-angle glaucoma,True,0.0,6,6,6
MONDO_0001967,gonadal dysgenesis,False,1.0,22,22,22
MONDO_0001989,atrophic glossitis,True,0.0,3,3,3
MONDO_0001999,primary pulmonary hypertension,False,1.0,54,54,54
MONDO_0002009,major depressive disorder,False,208.0,883,883,883
MONDO_0002012,methylmalonic acidemia,False,1.0,28,28,28
MONDO_0002013,lymphangioma,False,1.0,40,40,40
MONDO_0002017,,,0.0,35,35,35
MONDO_0002025,psychiatric disorder,False,9.0,608,608,608
MONDO_0002026,candidiasis,False,1.0,216,216,216
MONDO_0002028,,,0.0,2,2,2
MONDO_0002030,,,0.0,39,39,39
MONDO_0002033,cecum cancer,True,0.0,5,5,5
MONDO_0002036,penile disorder,True,0.0,3,3,3
MONDO_0002037,pleural disorder,True,0.0,5,5,5
MONDO_0002038,head and neck carcinoma,False,28.0,273,273,273
MONDO_0002039,,,0.0,266,266,266
MONDO_0002040,,,0.0,15,15,15
MONDO_0002041,fungal infectious disease,False,11.0,409,409,409
MONDO_0002043,,,0.0,10,10,10
MONDO_0002045,communicating hydrocephalus,True,0.0,12,12,12
MONDO_0002046,alcohol abuse,False,59.0,356,356,356
MONDO_0002050,depressive disorder,False,182.0,993,993,993
MONDO_0002052,lymphadenitis,True,0.0,22,22,22
MONDO_0002058,breast adenoma,True,0.0,6,6,6
MONDO_0002060,,,0.0,27,27,27
MONDO_0002070,ventricular septal defect,False,7.0,154,154,154
MONDO_0002073,malignant pineal area germ cell neoplasm,False,2.0,3,3,3
MONDO_0002076,,,0.0,98,98,98
MONDO_0002078,heart septal defect,True,0.0,10,10,10
MONDO_0002083,Richter syndrome,False,40.0,152,152,152
MONDO_0002087,peritoneum cancer,False,211.0,269,269,269
MONDO_0002089,,,0.0,23,23,23
MONDO_0002090,,,0.0,8,8,8
MONDO_0002092,small intestine leiomyoma,True,0.0,2,2,2
MONDO_0002093,acanthoma,True,0.0,4,4,4
MONDO_0002095,,,0.0,32,32,32
MONDO_0002102,cheilitis,False,1.0,21,21,21
MONDO_0002108,thyroid cancer,False,179.0,782,782,782
MONDO_0002113,peritoneal carcinoma,False,46.0,100,100,100
MONDO_0002114,pancreas lymphoma,True,0.0,3,3,3
MONDO_0002116,malignant exocrine pancreas neoplasm,True,0.0,2,2,2
MONDO_0002117,pancreas sarcoma,True,0.0,1,1,1
MONDO_0002120,neuroendocrine carcinoma,False,31.0,218,218,218
MONDO_0002122,neuritis,False,4.0,102,102,102
MONDO_0002123,calcinosis,False,1.0,48,48,48
MONDO_0002128,mononeuritis multiplex,True,0.0,8,8,8
MONDO_0002135,optic nerve disorder,False,3.0,11,11,11
MONDO_0002140,vagina sarcoma,True,0.0,2,2,2
MONDO_0002145,,,0.0,114,114,114
MONDO_0002146,hypogonadism,False,16.0,161,161,161
MONDO_0002149,reproductive system cancer,True,0.0,9,9,9
MONDO_0002150,hypothalamic disorder,True,0.0,6,6,6
MONDO_0002158,fallopian tube cancer,False,222.0,251,251,251
MONDO_0002163,thymus lipoma,True,0.0,3,3,3
MONDO_0002165,rectal neoplasm,False,3.0,162,162,162
MONDO_0002167,,,0.0,8,8,8
MONDO_0002171,giant cell tumor,False,3.0,135,135,135
MONDO_0002175,degeneration of macula and posterior pole,True,0.0,11,11,11
MONDO_0002177,hyperinsulinism,False,4.0,82,82,82
MONDO_0002181,,,0.0,61,61,61
MONDO_0002182,,,0.0,14,14,14
MONDO_0002185,,,0.0,18,18,18
MONDO_0002186,acute maxillary sinusitis,True,0.0,2,2,2
MONDO_0002187,,,0.0,8,8,8
MONDO_0002190,,,0.0,3,3,3
MONDO_0002191,,,0.0,23,23,23
MONDO_0002195,,,0.0,4,4,4
MONDO_0002203,constipation disorder,False,5.0,6,6,6
MONDO_0002204,transient arthritis,True,0.0,2,2,2
MONDO_0002205,,,0.0,64,64,64
MONDO_0002206,,,0.0,3,3,3
MONDO_0002207,vulval Paget disease,False,1.0,10,10,10
MONDO_0002211,,,0.0,77,77,77
MONDO_0002214,brain germinoma,True,0.0,7,7,7
MONDO_0002216,brain sarcoma,True,0.0,18,18,18
MONDO_0002217,central nervous system sarcoma,True,0.0,1,1,1
MONDO_0002220,,,0.0,4,4,4
MONDO_0002222,urethra leiomyoma,True,0.0,1,1,1
MONDO_0002225,ovarian sarcoma,False,2.0,15,15,15
MONDO_0002227,ovarian lymphoma,True,0.0,5,5,5
MONDO_0002229,,,0.0,168,168,168
MONDO_0002232,nasal cavity disorder,True,0.0,1,1,1
MONDO_0002233,,,0.0,4,4,4
MONDO_0002234,,,0.0,45,45,45
MONDO_0002236,ocular cancer,False,2.0,12,12,12
MONDO_0002238,,,0.0,8,8,8
MONDO_0002241,,,0.0,3,3,3
MONDO_0002242,,,0.0,12,12,12
MONDO_0002243,hemorrhagic disease,False,6.0,142,142,142
MONDO_0002244,factor VII deficiency,False,1.0,18,18,18
MONDO_0002245,blood platelet disease,False,3.0,53,53,53
MONDO_0002247,factor X deficiency,False,1.0,29,29,29
MONDO_0002249,,,0.0,12,12,12
MONDO_0002253,spondylosis,True,0.0,21,21,21
MONDO_0002257,,,0.0,52,52,52
MONDO_0002258,pharyngitis,False,28.0,101,101,101
MONDO_0002259,gonadal disorder,False,2.0,9,9,9
MONDO_0002260,hidradenitis,False,1.0,19,19,19
MONDO_0002265,stereotypic movement disorder,True,0.0,1,1,1
MONDO_0002270,,,0.0,1,1,1
MONDO_0002273,plasma protein metabolism disease,True,0.0,3,3,3
MONDO_0002277,arteriosclerosis disorder,False,3.0,20,20,20
MONDO_0002278,,,0.0,29,29,29
MONDO_0002279,,,0.0,44,44,44
MONDO_0002280,anemia,False,31.0,44,44,44
MONDO_0002281,,,0.0,41,41,41
MONDO_0002282,West Nile fever,True,0.0,5,5,5
MONDO_0002283,,,0.0,13,13,13
MONDO_0002286,,,0.0,15,15,15
MONDO_0002289,,,0.0,14,14,14
MONDO_0002291,cutaneous granular cell tumor,True,0.0,3,3,3
MONDO_0002297,,,0.0,43,43,43
MONDO_0002300,dermis tumor,True,0.0,11,11,11
MONDO_0002304,,,0.0,55,55,55
MONDO_0002307,blepharoconjunctivitis,False,1.0,6,6,6
MONDO_0002311,retinal vascular disorder,True,0.0,10,10,10
MONDO_0002312,opportunistic mycosis,True,0.0,1,1,1
MONDO_0002314,,,0.0,6,6,6
MONDO_0002316,,,0.0,9,9,9
MONDO_0002319,,,0.0,5,5,5
MONDO_0002320,congenital nervous system disorder,True,0.0,1,1,1
MONDO_0002321,,,0.0,36,36,36
MONDO_0002331,nephrosis,False,1.0,104,104,104
MONDO_0002333,splenic abscess,True,0.0,5,5,5
MONDO_0002334,hematopoietic and lymphoid system neoplasm,False,6.0,255,255,255
MONDO_0002341,granulomatous angiitis,True,0.0,5,5,5
MONDO_0002342,,,0.0,18,18,18
MONDO_0002343,splenic hemangioma,True,0.0,2,2,2
MONDO_0002345,,,0.0,76,76,76
MONDO_0002350,,,0.0,14,14,14
MONDO_0002351,glottis cancer,True,0.0,3,3,3
MONDO_0002354,benign laryngeal neoplasm,True,0.0,2,2,2
MONDO_0002355,,,0.0,13,13,13
MONDO_0002358,laryngeal carcinoma,False,11.0,284,284,284
MONDO_0002359,periosteal chondroma,True,0.0,1,1,1
MONDO_0002360,,,0.0,19,19,19
MONDO_0002363,papilloma,False,6.0,288,288,288
MONDO_0002367,kidney cancer,False,161.0,575,575,575
MONDO_0002368,,,0.0,52,52,52
MONDO_0002369,,,0.0,105,105,105
MONDO_0002373,,,0.0,2,2,2
MONDO_0002375,,,0.0,47,47,47
MONDO_0002376,,,0.0,12,12,12
MONDO_0002379,,,0.0,23,23,23
MONDO_0002380,,,0.0,63,63,63
MONDO_0002387,,,0.0,16,16,16
MONDO_0002395,renal adenoma,True,0.0,7,7,7
MONDO_0002397,liver sarcoma,True,0.0,4,4,4
MONDO_0002402,malignant giant cell tumor,True,0.0,2,2,2
MONDO_0002404,,,0.0,76,76,76
MONDO_0002406,dermatitis,False,27.0,389,389,389
MONDO_0002407,,,0.0,102,102,102
MONDO_0002408,,,0.0,20,20,20
MONDO_0002412,disorder of glycogen metabolism,False,1.0,163,163,163
MONDO_0002413,,,0.0,4,4,4
MONDO_0002415,bone carcinoma,True,0.0,2,2,2
MONDO_0002416,ethmoid sinus squamous cell carcinoma,True,0.0,6,6,6
MONDO_0002418,,,0.0,4,4,4
MONDO_0002419,,,0.0,3,3,3
MONDO_0002420,tic disorder,False,4.0,46,46,46
MONDO_0002422,,,0.0,35,35,35
MONDO_0002423,,,0.0,12,12,12
MONDO_0002424,,,0.0,13,13,13
MONDO_0002426,,,0.0,18,18,18
MONDO_0002427,,,0.0,16,16,16
MONDO_0002428,,,0.0,48,48,48
MONDO_0002429,,,0.0,142,142,142
MONDO_0002441,,,0.0,26,26,26
MONDO_0002443,bruxism,False,1.0,22,22,22
MONDO_0002450,,,0.0,45,45,45
MONDO_0002452,prostate leiomyoma,True,0.0,1,1,1
MONDO_0002457,,,0.0,313,313,313
MONDO_0002459,,,0.0,23,23,23
MONDO_0002461,,,0.0,60,60,60
MONDO_0002462,glomerulonephritis,False,33.0,102,102,102
MONDO_0002463,,,0.0,5,5,5
MONDO_0002464,lacrimal gland cancer,True,0.0,1,1,1
MONDO_0002465,,,0.0,40,40,40
MONDO_0002468,,,0.0,1,1,1
MONDO_0002471,bursitis,False,6.0,22,22,22
MONDO_0002472,carcinoma ex pleomorphic adenoma,True,0.0,3,3,3
MONDO_0002474,primary hyperoxaluria,False,6.0,19,19,19
MONDO_0002475,lacrimal gland adenocarcinoma,True,0.0,2,2,2
MONDO_0002477,prostate neuroendocrine neoplasm,True,0.0,28,28,28
MONDO_0002480,,,0.0,72,72,72
MONDO_0002481,ovarian neuroendocrine neoplasm,True,0.0,1,1,1
MONDO_0002485,breast neuroendocrine neoplasm,True,0.0,21,21,21
MONDO_0002486,,,0.0,420,420,420
MONDO_0002488,intraductal breast neoplasm,True,0.0,1,1,1
MONDO_0002490,breast sarcoma,True,0.0,11,11,11
MONDO_0002491,substance abuse,False,33.0,207,207,207
MONDO_0002492,acute kidney injury,False,3.0,744,744,744
MONDO_0002493,prostatic acinar adenocarcinoma,True,0.0,19,19,19
MONDO_0002494,,,0.0,11,11,11
MONDO_0002495,colon signet ring cell adenocarcinoma,False,2.0,2,2,2
MONDO_0002503,,,0.0,48,48,48
MONDO_0002505,childhood astrocytic tumor,True,0.0,3,3,3
MONDO_0002507,gingival overgrowth,False,1.0,75,75,75
MONDO_0002508,gingivitis,False,2.0,6,6,6
MONDO_0002512,,,0.0,65,65,65
MONDO_0002513,,,0.0,20,20,20
MONDO_0002516,digestive system cancer,False,22.0,147,147,147
MONDO_0002518,gallbladder papillary neoplasm,True,0.0,4,4,4
MONDO_0002520,,,0.0,7,7,7
MONDO_0002523,cutaneous mucinosis,True,0.0,13,13,13
MONDO_0002525,,,0.0,542,542,542
MONDO_0002527,,,0.0,76,76,76
MONDO_0002528,synovium neoplasm,True,0.0,2,2,2
MONDO_0002529,skin squamous cell carcinoma,False,7.0,443,443,443
MONDO_0002532,,,0.0,51,51,51
MONDO_0002533,,,0.0,26,26,26
MONDO_0002536,,,0.0,85,85,85
MONDO_0002537,inverted papilloma,False,17.0,51,51,51
MONDO_0002540,childhood oligodendroglioma,False,3.0,4,4,4
MONDO_0002542,spinal cord glioma,True,0.0,11,11,11
MONDO_0002543,adult oligodendroglioma,False,14.0,14,14,14
MONDO_0002544,,,0.0,21,21,21
MONDO_0002547,nerve sheath neoplasm,False,2.0,3,3,3
MONDO_0002548,cellular schwannoma,True,0.0,5,5,5
MONDO_0002555,trigeminal schwannoma,True,0.0,1,1,1
MONDO_0002558,,,0.0,7,7,7
MONDO_0002561,,,0.0,288,288,288
MONDO_0002562,demyelinating disease,False,1.0,265,265,265
MONDO_0002564,,,0.0,8,8,8
MONDO_0002567,,,0.0,4,4,4
MONDO_0002574,prostate embryonal rhabdomyosarcoma,True,0.0,1,1,1
MONDO_0002579,,,0.0,7,7,7
MONDO_0002580,orbit rhabdomyosarcoma,True,0.0,8,8,8
MONDO_0002581,spindle cell rhabdomyosarcoma,False,11.0,22,22,22
MONDO_0002583,mucinous ovarian cystadenoma,True,0.0,8,8,8
MONDO_0002586,thymus cancer,False,10.0,12,12,12
MONDO_0002588,,,0.0,13,13,13
MONDO_0002598,,,0.0,56,56,56
MONDO_0002599,,,0.0,203,203,203
MONDO_0002601,teratoma,False,13.0,262,262,262
MONDO_0002603,angiomyolipoma,False,1.0,88,88,88
MONDO_0002604,,,0.0,2,2,2
MONDO_0002605,,,0.0,10,10,10
MONDO_0002610,,,0.0,73,73,73
MONDO_0002612,,,0.0,7,7,7
MONDO_0002614,,,0.0,82,82,82
MONDO_0002615,xanthomatosis,True,0.0,11,11,11
MONDO_0002616,,,0.0,203,203,203
MONDO_0002617,bone angiosarcoma,True,0.0,3,3,3
MONDO_0002618,undifferentiated high grade pleomorphic sarcoma of bone,False,16.0,19,19,19
MONDO_0002621,,,0.0,21,21,21
MONDO_0002623,,,0.0,2,2,2
MONDO_0002625,Ewing sarcoma of bone,False,10.0,10,10,10
MONDO_0002627,,,0.0,15,15,15
MONDO_0002629,bone osteosarcoma,False,1.0,49,49,49
MONDO_0002630,,,0.0,183,183,183
MONDO_0002635,periodontal disorder,False,27.0,397,397,397
MONDO_0002645,,,0.0,93,93,93
MONDO_0002647,,,0.0,14,14,14
MONDO_0002648,,,0.0,23,23,23
MONDO_0002649,scrotum Paget disease,True,0.0,4,4,4
MONDO_0002650,,,0.0,2,2,2
MONDO_0002652,anus adenocarcinoma,True,0.0,12,12,12
MONDO_0002654,,,0.0,61,61,61
MONDO_0002661,,,0.0,2,2,2
MONDO_0002665,extrahepatic bile duct adenocarcinoma,True,0.0,4,4,4
MONDO_0002666,pancreatic signet ring cell adenocarcinoma,True,0.0,1,1,1
MONDO_0002671,signet ring cell breast carcinoma,True,0.0,1,1,1
MONDO_0002672,"acinar prostate adenocarcinoma, signet ring variant",True,0.0,1,1,1
MONDO_0002674,,,0.0,5,5,5
MONDO_0002675,,,0.0,15,15,15
MONDO_0002676,adult fibrosarcoma,False,5.0,8,8,8
MONDO_0002678,pediatric fibrosarcoma,False,1.0,1,1,1
MONDO_0002679,cerebral infarction,False,15.0,415,415,415
MONDO_0002684,atypical choroid plexus papilloma,True,0.0,1,1,1
MONDO_0002691,liver cancer,False,183.0,1060,1060,1060
MONDO_0002697,,,0.0,30,30,30
MONDO_0002703,appendix mucinous cystadenocarcinoma,True,0.0,1,1,1
MONDO_0002706,cervix endometriosis,True,0.0,3,3,3
MONDO_0002708,,,0.0,125,125,125
MONDO_0002715,uterine cancer,False,24.0,239,239,239
MONDO_0002716,childhood spinal cord tumor,False,5.0,5,5,5
MONDO_0002720,sella turcica neoplasm,True,0.0,3,3,3
MONDO_0002730,childhood kidney neoplasm,False,2.0,8,8,8
MONDO_0002731,cerebral hemisphere cancer,True,0.0,3,3,3
MONDO_0002732,lung benign neoplasm,True,0.0,54,54,54
MONDO_0002734,anal mucinous adenocarcinoma,True,0.0,1,1,1
MONDO_0002742,cervical mucinous adenocarcinoma,True,0.0,2,2,2
MONDO_0002744,fallopian tube mucinous adenocarcinoma,False,19.0,19,19,19
MONDO_0002746,fallopian tube adenocarcinoma,True,0.0,5,5,5
MONDO_0002748,rectum mucinous adenocarcinoma,False,4.0,10,10,10
MONDO_0002758,vulva verrucous carcinoma,True,0.0,1,1,1
MONDO_0002762,esophagus verrucous carcinoma,True,0.0,1,1,1
MONDO_0002764,,,0.0,8,8,8
MONDO_0002766,larynx verrucous carcinoma,True,0.0,1,1,1
MONDO_0002775,anovulation,False,5.0,51,51,51
MONDO_0002785,skull base neoplasm,True,0.0,11,11,11
MONDO_0002794,adult medulloblastoma,False,1.0,1,1,1
MONDO_0002797,,,0.0,6,6,6
MONDO_0002805,,,0.0,24,24,24
MONDO_0002808,,,0.0,170,170,170
MONDO_0002809,pancreatic cystadenoma,True,0.0,3,3,3
MONDO_0002813,lipomatous cancer,True,0.0,2,2,2
MONDO_0002814,,,0.0,58,58,58
MONDO_0002815,acute myocarditis,False,12.0,88,88,88
MONDO_0002817,adrenal gland cancer,True,0.0,9,9,9
MONDO_0002822,trabecular adenocarcinoma,True,0.0,1,1,1
MONDO_0002833,fallopian tube transitional cell carcinoma,False,19.0,19,19,19
MONDO_0002834,primary prostate urothelial carcinoma,True,0.0,3,3,3
MONDO_0002836,,,0.0,20,20,20
MONDO_0002842,,,0.0,1,1,1
MONDO_0002847,skeletal muscle cancer,True,0.0,4,4,4
MONDO_0002848,skeletal muscle neoplasm,True,0.0,2,2,2
MONDO_0002850,central nervous system rhabdomyosarcoma,True,0.0,1,1,1
MONDO_0002854,prostate sarcoma,True,0.0,7,7,7
MONDO_0002855,ectomesenchymoma,True,0.0,2,2,2
MONDO_0002861,testis sarcoma,True,0.0,1,1,1
MONDO_0002862,bile duct sarcoma,True,0.0,1,1,1
MONDO_0002863,rhabdomyosarcoma with mixed embryonal and alveolar features,False,11.0,12,12,12
MONDO_0002865,anus sarcoma,True,0.0,1,1,1
MONDO_0002866,,,0.0,4,4,4
MONDO_0002867,,,0.0,3,3,3
MONDO_0002870,tricuspid valve insufficiency,True,0.0,3,3,3
MONDO_0002872,,,0.0,58,58,58
MONDO_0002876,cervical adenosarcoma,False,10.0,16,16,16
MONDO_0002877,cervical carcinosarcoma,False,10.0,14,14,14
MONDO_0002878,,,0.0,57,57,57
MONDO_0002879,uterine body mixed cancer,True,0.0,1,1,1
MONDO_0002880,ovarian adenosarcoma,True,0.0,6,6,6
MONDO_0002882,colon neuroendocrine neoplasm,True,0.0,6,6,6
MONDO_0002883,,,0.0,12,12,12
MONDO_0002884,nail disorder,True,0.0,12,12,12
MONDO_0002887,bile duct disorder,False,6.0,43,43,43
MONDO_0002898,skin cancer,False,52.0,540,540,540
MONDO_0002900,cerebral neuroblastoma,True,0.0,6,6,6
MONDO_0002907,,,0.0,34,34,34
MONDO_0002912,brainstem cancer,False,4.0,5,5,5
MONDO_0002913,cerebellar neoplasm,True,0.0,36,36,36
MONDO_0002914,childhood brain stem neoplasm,False,1.0,1,1,1
MONDO_0002917,,,0.0,28,28,28
MONDO_0002921,,,0.0,1,1,1
MONDO_0002924,smooth muscle cancer,True,0.0,4,4,4
MONDO_0002927,,,0.0,53,53,53
MONDO_0002928,carcinosarcoma,False,5.0,139,139,139
MONDO_0002930,kidney sarcoma,True,0.0,7,7,7
MONDO_0002933,,,0.0,74,74,74
MONDO_0002951,,,0.0,5,5,5
MONDO_0002959,radiculopathy,False,16.0,60,60,60
MONDO_0002967,,,0.0,9,9,9
MONDO_0002970,ciliary body disorder,True,0.0,4,4,4
MONDO_0002973,epithelioid cell melanoma,True,0.0,17,17,17
MONDO_0002974,cervical cancer,False,181.0,961,961,961
MONDO_0002975,malignant breast melanoma,True,0.0,1,1,1
MONDO_0002977,,,0.0,29,29,29
MONDO_0002979,papillary squamous carcinoma,True,0.0,2,2,2
MONDO_0002981,peripheral primitive neuroectodermal tumor of bone,False,11.0,11,11,11
MONDO_0002989,benign fibrous histiocytoma,False,1.0,37,37,37
MONDO_0002995,"small intestine neuroendocrine tumor, well differentiated, low or intermediate grade",False,4.0,4,4,4
MONDO_0002996,cavernous sinus meningioma,True,0.0,1,1,1
MONDO_0002998,,,0.0,21,21,21
MONDO_0002999,,,0.0,8,8,8
MONDO_0003000,central nervous system germ cell tumor,False,21.0,26,26,26
MONDO_0003001,seminoma,False,4.0,257,257,257
MONDO_0003002,dysgerminoma,False,3.0,46,46,46
MONDO_0003005,macular retinal edema,False,12.0,139,139,139
MONDO_0003007,childhood kidney cell carcinoma,True,0.0,1,1,1
MONDO_0003008,,,0.0,8,8,8
MONDO_0003019,,,0.0,8,8,8
MONDO_0003022,pediatric angiosarcoma,False,1.0,1,1,1
MONDO_0003023,aorta angiosarcoma,True,0.0,1,1,1
MONDO_0003024,,,0.0,334,334,334
MONDO_0003027,thyroid gland angiosarcoma,True,0.0,1,1,1
MONDO_0003028,thyroid sarcoma,True,0.0,1,1,1
MONDO_0003029,skin angiosarcoma,False,13.0,52,52,52
MONDO_0003034,mediastinum angiosarcoma,True,0.0,2,2,2
MONDO_0003035,ovarian angiosarcoma,True,0.0,6,6,6
MONDO_0003036,,,0.0,185,185,185
MONDO_0003037,hypotrichosis,False,3.0,23,23,23
MONDO_0003047,thymic large cell neuroendocrine carcinoma,True,0.0,1,1,1
MONDO_0003049,ovarian large-cell neuroendocrine carcinoma,True,0.0,2,2,2
MONDO_0003054,,,0.0,70,70,70
MONDO_0003059,bile duct cancer,False,24.0,139,139,139
MONDO_0003060,biliary tract cancer,False,66.0,217,217,217
MONDO_0003061,benign muscle neoplasm,False,19.0,104,104,104
MONDO_0003062,intestinal benign neoplasm,True,0.0,1,1,1
MONDO_0003067,cervical lymphadenitis,True,0.0,16,16,16
MONDO_0003079,,,0.0,145,145,145
MONDO_0003087,mucoepidermoid breast carcinoma,True,0.0,1,1,1
MONDO_0003090,extrahepatic bile duct carcinoma,False,16.0,45,45,45
MONDO_0003091,cutaneous mucoepidermoid carcinoma,True,0.0,1,1,1
MONDO_0003093,mucoepidermoid esophageal carcinoma,True,0.0,1,1,1
MONDO_0003095,laryngeal mucoepidermoid carcinoma,True,0.0,1,1,1
MONDO_0003110,skin hemangioma,True,0.0,6,6,6
MONDO_0003111,,,0.0,13,13,13
MONDO_0003113,extragonadal germ cell cancer,True,0.0,2,2,2
MONDO_0003122,,,0.0,10,10,10
MONDO_0003124,,,0.0,22,22,22
MONDO_0003125,testicular sex cord-stromal neoplasm,True,0.0,6,6,6
MONDO_0003134,,,0.0,78,78,78
MONDO_0003142,intracranial primitive neuroectodermal tumor,True,0.0,6,6,6
MONDO_0003143,,,0.0,7,7,7
MONDO_0003145,supratentorial primitive neuroectodermal tumor,True,0.0,6,6,6
MONDO_0003157,disappearing bone disease,True,0.0,4,4,4
MONDO_0003158,,,0.0,36,36,36
MONDO_0003159,vascular hemostatic disease,False,1.0,35,35,35
MONDO_0003165,cerebellar astrocytoma,False,6.0,12,12,12
MONDO_0003168,,,0.0,9,9,9
MONDO_0003173,,,0.0,5,5,5
MONDO_0003175,salivary gland adenoid cystic carcinoma,False,16.0,108,108,108
MONDO_0003180,,,0.0,1,1,1
MONDO_0003181,lung adenoid cystic carcinoma,True,0.0,12,12,12
MONDO_0003189,middle ear adenocarcinoma,True,0.0,1,1,1
MONDO_0003193,bile duct adenocarcinoma,False,7.0,150,150,150
MONDO_0003194,hemangioma of lung,True,0.0,9,9,9
MONDO_0003195,peritoneal serous adenocarcinoma,True,0.0,1,1,1
MONDO_0003196,appendix carcinoma,False,22.0,25,25,25
MONDO_0003197,granular cell carcinoma,True,0.0,2,2,2
MONDO_0003199,anal carcinoma,False,3.0,75,75,75
MONDO_0003200,,,0.0,24,24,24
MONDO_0003204,villous adenocarcinoma,True,0.0,3,3,3
MONDO_0003205,renal pelvis adenocarcinoma,True,0.0,4,4,4
MONDO_0003209,,,0.0,15,15,15
MONDO_0003212,nasal cavity carcinoma,False,11.0,11,11,11
MONDO_0003214,,,0.0,40,40,40
MONDO_0003216,ureter adenocarcinoma,True,0.0,1,1,1
MONDO_0003218,adenocarcinoma in situ,True,0.0,59,59,59
MONDO_0003219,gastroesophageal junction adenocarcinoma,False,69.0,215,215,215
MONDO_0003222,central nervous system melanocytic neoplasm,True,0.0,1,1,1
MONDO_0003223,,,0.0,6,6,6
MONDO_0003225,,,0.0,37,37,37
MONDO_0003236,atypical polypoid adenomyoma,True,0.0,2,2,2
MONDO_0003237,adenomyoma of uterine corpus,True,0.0,1,1,1
MONDO_0003243,hepatocellular clear cell carcinoma,True,0.0,4,4,4
MONDO_0003250,benign granular cell tumor,True,0.0,3,3,3
MONDO_0003252,granular cell cancer,True,0.0,4,4,4
MONDO_0003257,,,0.0,2,2,2
MONDO_0003265,adjustment disorder,True,0.0,19,19,19
MONDO_0003268,mixed glioma,False,34.0,41,41,41
MONDO_0003274,,,0.0,59,59,59
MONDO_0003275,middle ear cancer,True,0.0,2,2,2
MONDO_0003276,middle ear disorder,False,8.0,24,24,24
MONDO_0003281,ovarian cystic teratoma,True,0.0,10,10,10
MONDO_0003295,,,0.0,14,14,14
MONDO_0003298,,,0.0,3,3,3
MONDO_0003319,scrotum neoplasm,True,0.0,1,1,1
MONDO_0003321,hereditary Wilms tumor,True,0.0,1,1,1
MONDO_0003332,,,0.0,6,6,6
MONDO_0003333,benign struma ovarii,True,0.0,1,1,1
MONDO_0003334,demyelinating polyneuropathy,False,1.0,28,28,28
MONDO_0003335,,,0.0,3,3,3
MONDO_0003340,malignant glomus tumor,True,0.0,2,2,2
MONDO_0003343,retinal hemangioblastoma,False,7.0,13,13,13
MONDO_0003346,central nervous system vasculitis,True,0.0,8,8,8
MONDO_0003354,heart sarcoma,True,0.0,12,12,12
MONDO_0003362,cutaneous leiomyosarcoma,True,0.0,2,2,2
MONDO_0003365,esophagus leiomyosarcoma,True,0.0,1,1,1
MONDO_0003366,,,0.0,6,6,6
MONDO_0003367,,,0.0,1,1,1
MONDO_0003368,prostate leiomyosarcoma,True,0.0,1,1,1
MONDO_0003370,,,0.0,4,4,4
MONDO_0003373,kidney leiomyosarcoma,True,0.0,1,1,1
MONDO_0003376,mediastinum leiomyosarcoma,True,0.0,2,2,2
MONDO_0003379,,,0.0,1,1,1
MONDO_0003383,fallopian tube clear cell adenocarcinoma,False,21.0,21,21,21
MONDO_0003386,bladder clear cell adenocarcinoma,True,0.0,2,2,2
MONDO_0003387,,,0.0,9,9,9
MONDO_0003393,thymus gland disorder,True,0.0,1,1,1
MONDO_0003395,testicular granulosa cell tumor,True,0.0,8,8,8
MONDO_0003396,epulis,True,0.0,9,9,9
MONDO_0003406,sleep-wake disorder,False,2.0,16,16,16
MONDO_0003409,,,0.0,86,86,86
MONDO_0003410,,,0.0,20,20,20
MONDO_0003411,breast hemangiopericytoma,True,0.0,1,1,1
MONDO_0003413,,,0.0,11,11,11
MONDO_0003417,internuclear ophthalmoplegia,True,0.0,4,4,4
MONDO_0003422,,,0.0,90,90,90
MONDO_0003423,middle ear adenoma,True,0.0,1,1,1
MONDO_0003425,,,0.0,24,24,24
MONDO_0003427,,,0.0,9,9,9
MONDO_0003428,brain hemangioma,True,0.0,1,1,1
MONDO_0003429,functioning pituitary gland adenoma,True,0.0,2,2,2
MONDO_0003438,combined small cell lung carcinoma,True,0.0,37,37,37
MONDO_0003441,dystonic disorder,False,13.0,25,25,25
MONDO_0003442,bladder papillary urothelial neoplasm,True,0.0,1,1,1
MONDO_0003443,papillary urothelial neoplasm,True,0.0,13,13,13
MONDO_0003446,,,0.0,17,17,17
MONDO_0003448,,,0.0,33,33,33
MONDO_0003450,,,0.0,2,2,2
MONDO_0003453,conjunctival intraepithelial neoplasm,True,0.0,44,44,44
MONDO_0003454,conjunctival cancer,True,0.0,6,6,6
MONDO_0003455,,,0.0,70,70,70
MONDO_0003464,cystadenofibroma,True,0.0,3,3,3
MONDO_0003466,,,0.0,2,2,2
MONDO_0003468,,,0.0,4,4,4
MONDO_0003472,,,0.0,2,2,2
MONDO_0003473,,,0.0,11,11,11
MONDO_0003478,childhood ependymoma,False,17.0,18,18,18
MONDO_0003497,renal pelvis squamous cell carcinoma,True,0.0,2,2,2
MONDO_0003503,fallopian tube squamous cell carcinoma,False,10.0,10,10,10
MONDO_0003510,malignant testicular germ cell tumor,False,3.0,5,5,5
MONDO_0003512,mediastinal mesenchymal tumor,True,0.0,1,1,1
MONDO_0003514,,,0.0,9,9,9
MONDO_0003519,,,0.0,46,46,46
MONDO_0003523,gastrin-producing neuroendocrine tumor,False,1.0,51,51,51
MONDO_0003529,acute pyelonephritis,False,4.0,77,77,77
MONDO_0003531,,,0.0,12,12,12
MONDO_0003532,,,0.0,17,17,17
MONDO_0003534,papillary thymic adenocarcinoma,True,0.0,1,1,1
MONDO_0003537,precursor T-lymphoblastic lymphoma/leukemia,True,0.0,1,1,1
MONDO_0003541,adult acute lymphoblastic leukemia,False,86.0,87,87,87
MONDO_0003544,spinal cord cancer,False,3.0,4,4,4
MONDO_0003548,adenosquamous breast carcinoma,True,0.0,4,4,4
MONDO_0003550,esophageal adenosquamous carcinoma,True,0.0,2,2,2
MONDO_0003554,adenosquamous colon carcinoma,True,0.0,2,2,2
MONDO_0003569,,,0.0,17,17,17
MONDO_0003572,nasopharyngeal type undifferentiated carcinoma,False,30.0,79,79,79
MONDO_0003578,extragonadal nonseminomatous germ cell tumor,True,0.0,6,6,6
MONDO_0003582,,,0.0,50,50,50
MONDO_0003585,adult liposarcoma,False,1.0,1,1,1
MONDO_0003586,esophagus liposarcoma,True,0.0,1,1,1
MONDO_0003594,,,0.0,43,43,43
MONDO_0003596,spindle cell liposarcoma,True,0.0,2,2,2
MONDO_0003608,optic atrophy,False,1.0,17,17,17
MONDO_0003617,chronic salpingitis,True,0.0,11,11,11
MONDO_0003619,,,0.0,36,36,36
MONDO_0003624,,,0.0,14,14,14
MONDO_0003630,pancreatic serous cystadenocarcinoma,True,0.0,1,1,1
MONDO_0003632,endocervicitis,True,0.0,2,2,2
MONDO_0003633,malignant mesenchymoma,True,0.0,2,2,2
MONDO_0003635,sebaceous breast carcinoma,True,0.0,2,2,2
MONDO_0003638,,,0.0,5,5,5
MONDO_0003646,,,0.0,20,20,20
MONDO_0003649,esophageal neuroendocrine tumor,True,0.0,3,3,3
MONDO_0003656,,,0.0,9,9,9
MONDO_0003659,pediatric lymphoma,False,3.0,3,3,3
MONDO_0003660,adult lymphoma,False,3.0,3,3,3
MONDO_0003661,breast lymphoma,True,0.0,11,11,11
MONDO_0003666,fallopian tube endometrioid adenocarcinoma,False,21.0,21,21,21
MONDO_0003668,,,0.0,20,20,20
MONDO_0003680,periosteal chondrosarcoma,True,0.0,7,7,7
MONDO_0003681,,,0.0,21,21,21
MONDO_0003684,clear cell chondrosarcoma,False,1.0,6,6,6
MONDO_0003686,,,0.0,14,14,14
MONDO_0003688,well differentiated papillary mesothelioma,True,0.0,1,1,1
MONDO_0003689,familial hemolytic anemia,False,1.0,29,29,29
MONDO_0003692,adult malignant mesenchymoma,False,13.0,13,13,13
MONDO_0003698,penis verrucous carcinoma,True,0.0,2,2,2
MONDO_0003710,,,0.0,13,13,13
MONDO_0003715,bladder urachal carcinoma,True,0.0,21,21,21
MONDO_0003719,renal pelvis neoplasm,True,0.0,7,7,7
MONDO_0003720,kidney fibrosarcoma,True,0.0,1,1,1
MONDO_0003721,kidney osteogenic sarcoma,True,0.0,2,2,2
MONDO_0003728,breast fibrosarcoma,True,0.0,2,2,2
MONDO_0003735,,,0.0,7,7,7
MONDO_0003741,juvenile type testicular granulosa cell tumor,True,0.0,2,2,2
MONDO_0003744,,,0.0,15,15,15
MONDO_0003745,choroid spindle cell melanoma,True,0.0,1,1,1
MONDO_0003750,childhood central nervous system germ cell tumor,False,1.0,1,1,1
MONDO_0003751,childhood germ cell tumor,False,12.0,12,12,12
MONDO_0003756,,,0.0,46,46,46
MONDO_0003758,,,0.0,64,64,64
MONDO_0003760,,,0.0,9,9,9
MONDO_0003761,,,0.0,5,5,5
MONDO_0003762,malignant leptomeningeal tumor,True,0.0,4,4,4
MONDO_0003772,,,0.0,5,5,5
MONDO_0003778,inborn error of immunity,False,6.0,245,245,245
MONDO_0003780,T-cell immunodeficiency,True,0.0,45,45,45
MONDO_0003783,lymphopenia,False,3.0,365,365,365
MONDO_0003789,,,0.0,5,5,5
MONDO_0003801,corneal intraepithelial neoplasm,True,0.0,1,1,1
MONDO_0003805,malignant pericardial mesothelioma,True,0.0,7,7,7
MONDO_0003812,ovarian endometrial cancer,True,0.0,7,7,7
MONDO_0003813,ovarian papillary tumor,True,0.0,1,1,1
MONDO_0003816,,,0.0,2,2,2
MONDO_0003825,kidney oncocytoma,False,11.0,195,195,195
MONDO_0003826,mediastinum seminoma,True,0.0,2,2,2
MONDO_0003827,,,0.0,5,5,5
MONDO_0003832,,,0.0,26,26,26
MONDO_0003835,,,0.0,39,39,39
MONDO_0003844,central nervous system lipoma,True,0.0,1,1,1
MONDO_0003856,adult malignant hemangiopericytoma,False,1.0,1,1,1
MONDO_0003865,acral lentiginous melanoma,False,22.0,163,163,163
MONDO_0003869,childhood brain stem glioma,False,6.0,6,6,6
MONDO_0003874,ovarian serous surface papillary adenocarcinoma,False,15.0,17,17,17
MONDO_0003876,eyelid carcinoma,True,0.0,2,2,2
MONDO_0003878,malignant choroid melanoma,False,4.0,14,14,14
MONDO_0003890,infiltrating bladder urothelial carcinoma,False,38.0,65,65,65
MONDO_0003891,bladder signet ring cell adenocarcinoma,True,0.0,2,2,2
MONDO_0003892,acinar lung adenocarcinoma,True,0.0,36,36,36
MONDO_0003901,,,0.0,10,10,10
MONDO_0003912,malignant ciliary body melanoma,True,0.0,8,8,8
MONDO_0003915,cortical thymoma,True,0.0,7,7,7
MONDO_0003916,,,0.0,174,174,174
MONDO_0003917,heart lymphoma,True,0.0,5,5,5
MONDO_0003922,ovarian clear cell malignant adenofibroma,True,0.0,1,1,1
MONDO_0003934,,,0.0,13,13,13
MONDO_0003936,invasive tubular breast carcinoma,False,10.0,19,19,19
MONDO_0003937,spondylitis,False,4.0,56,56,56
MONDO_0003939,,,0.0,66,66,66
MONDO_0003945,bone epithelioid hemangioma,True,0.0,2,2,2
MONDO_0003947,,,0.0,15,15,15
MONDO_0003948,cerebral hemangioma,True,0.0,2,2,2
MONDO_0003959,breast large cell neuroendocrine carcinoma,True,0.0,1,1,1
MONDO_0003960,pulmonary large cell neuroendocrine carcinoma,False,13.0,135,135,135
MONDO_0003978,colon small cell neuroendocrine carcinoma,True,0.0,12,12,12
MONDO_0003982,bilateral breast carcinoma,False,15.0,16,16,16
MONDO_0003987,lung lymphoma,True,0.0,6,6,6
MONDO_0003990,malignant breast myoepithelioma,True,0.0,2,2,2
MONDO_0004001,compartment syndrome,False,11.0,30,30,30
MONDO_0004007,,,0.0,36,36,36
MONDO_0004021,mediastinal malignant lymphoma,False,14.0,21,21,21
MONDO_0004030,ureter transitional cell carcinoma,True,0.0,1,1,1
MONDO_0004037,retinal edema,False,1.0,21,21,21
MONDO_0004040,urinary bladder inverted papilloma,True,0.0,2,2,2
MONDO_0004041,,,0.0,19,19,19
MONDO_0004046,childhood brain meningioma,True,0.0,9,9,9
MONDO_0004050,,,0.0,25,25,25
MONDO_0004056,,,0.0,8,8,8
MONDO_0004064,iris melanoma,False,35.0,44,44,44
MONDO_0004067,gallbladder mucinous adenocarcinoma,True,0.0,1,1,1
MONDO_0004069,inborn mitochondrial metabolism disorder,True,0.0,5,5,5
MONDO_0004075,infiltrating lipoma,True,0.0,2,2,2
MONDO_0004080,,,0.0,12,12,12
MONDO_0004093,esophageal basaloid carcinoma,True,0.0,2,2,2
MONDO_0004095,B-cell neoplasm,False,10.0,136,136,136
MONDO_0004105,childhood epithelioid sarcoma,False,1.0,1,1,1
MONDO_0004107,splenic manifestation of leukemia,True,0.0,2,2,2
MONDO_0004110,refractory hairy cell leukemia,False,31.0,31,31,31
MONDO_0004111,refractory hematologic cancer,False,2.0,2,2,2
MONDO_0004116,esophageal small cell neuroendocrine carcinoma,False,13.0,26,26,26
MONDO_0004125,rectum leiomyoma,True,0.0,2,2,2
MONDO_0004126,,,0.0,447,447,447
MONDO_0004130,anus basaloid carcinoma,True,0.0,2,2,2
MONDO_0004139,,,0.0,10,10,10
MONDO_0004156,pancreatic mucinous cystadenocarcinoma,True,0.0,3,3,3
MONDO_0004169,premenstrual tension,False,3.0,3,3,3
MONDO_0004180,benign urinary system neoplasm,False,11.0,17,17,17
MONDO_0004183,,,0.0,43,43,43
MONDO_0004187,,,0.0,30,30,30
MONDO_0004189,esophageal tuberculosis,True,0.0,1,1,1
MONDO_0004192,urethra cancer,False,83.0,85,85,85
MONDO_0004216,,,0.0,4,4,4
MONDO_0004221,uterine corpus perivascular epithelioid cell tumor,True,0.0,3,3,3
MONDO_0004222,ovarian clear cell cystadenocarcinoma,False,80.0,80,80,80
MONDO_0004233,childhood pleomorphic rhabdomyosarcoma,False,11.0,11,11,11
MONDO_0004235,diverticulitis,False,4.0,66,66,66
MONDO_0004245,ependymal tumor of brain,True,0.0,4,4,4
MONDO_0004247,peptic ulcer disease,False,9.0,108,108,108
MONDO_0004251,,,0.0,56,56,56
MONDO_0004255,,,0.0,26,26,26
MONDO_0004259,,,0.0,22,22,22
MONDO_0004265,,,0.0,10,10,10
MONDO_0004270,breast ductal adenoma,True,0.0,3,3,3
MONDO_0004286,,,0.0,217,217,217
MONDO_0004293,supraglottis squamous cell carcinoma,True,0.0,6,6,6
MONDO_0004295,asbestos-related lung carcinoma,True,0.0,1,1,1
MONDO_0004301,,,0.0,4,4,4
MONDO_0004308,meningeal sarcoma,True,0.0,2,2,2
MONDO_0004321,endometrial mixed adenocarcinoma,True,0.0,40,40,40
MONDO_0004323,,,0.0,105,105,105
MONDO_0004331,,,0.0,25,25,25
MONDO_0004334,non-functional pancreatic neuroendocrine tumor,True,0.0,25,25,25
MONDO_0004336,rectal signet ring cell adenocarcinoma,False,2.0,2,2,2
MONDO_0004348,retinal telangiectasia,False,1.0,1,1,1
MONDO_0004349,,,0.0,3,3,3
MONDO_0004355,,,0.0,534,534,534
MONDO_0004357,,,0.0,37,37,37
MONDO_0004359,,,0.0,14,14,14
MONDO_0004374,adult extraskeletal osteosarcoma,False,1.0,1,1,1
MONDO_0004379,female breast carcinoma,False,4.0,183,183,183
MONDO_0004380,,,0.0,18,18,18
MONDO_0004386,uterine corpus atypical polypoid adenomyoma,True,0.0,2,2,2
MONDO_0004389,mite infestation,True,0.0,1,1,1
MONDO_0004390,,,0.0,57,57,57
MONDO_0004392,intracranial extraskeletal myxoid chondrosarcoma,True,0.0,2,2,2
MONDO_0004394,maxillary sinus squamous cell carcinoma,True,0.0,5,5,5
MONDO_0004411,,,0.0,1,1,1
MONDO_0004427,,,0.0,8,8,8
MONDO_0004435,liver fibrosarcoma,True,0.0,3,3,3
MONDO_0004450,,,0.0,12,12,12
MONDO_0004456,cocaine abuse,False,32.0,104,104,104
MONDO_0004458,bladder mixed adenocarcinoma,True,0.0,1,1,1
MONDO_0004465,,,0.0,37,37,37
MONDO_0004474,gallbladder lymphoma,True,0.0,2,2,2
MONDO_0004483,,,0.0,61,61,61
MONDO_0004491,uterine corpus choriocarcinoma,False,1.0,1,1,1
MONDO_0004492,,,0.0,39,39,39
MONDO_0004514,,,0.0,35,35,35
MONDO_0004522,,,0.0,16,16,16
MONDO_0004528,lymph node palisaded myofibroblastoma,True,0.0,1,1,1
MONDO_0004555,kidney angiomyolipoma,False,1.0,58,58,58
MONDO_0004557,,,0.0,96,96,96
MONDO_0004565,intestinal obstruction,False,15.0,125,125,125
MONDO_0004567,ileus,False,26.0,102,102,102
MONDO_0004571,,,0.0,7,7,7
MONDO_0004573,,,0.0,1,1,1
MONDO_0004577,,,0.0,105,105,105
MONDO_0004579,retinoschisis,False,4.0,24,24,24
MONDO_0004580,retinal degeneration,False,2.0,437,437,437
MONDO_0004582,rheumatic myocarditis,True,0.0,5,5,5
MONDO_0004586,rheumatoid lung disease,True,0.0,7,7,7
MONDO_0004588,,,0.0,30,30,30
MONDO_0004593,Bartholin duct cyst,True,0.0,1,1,1
MONDO_0004596,,,0.0,96,96,96
MONDO_0004598,acute cor pulmonale,True,0.0,2,2,2
MONDO_0004600,monocytic leukemia,False,2.0,189,189,189
MONDO_0004603,collagenopathy,True,0.0,20,20,20
MONDO_0004614,chronic monocytic leukemia,True,0.0,3,3,3
MONDO_0004622,,,0.0,7,7,7
MONDO_0004627,duodenitis,False,1.0,51,51,51
MONDO_0004630,substance-induced psychosis,True,0.0,5,5,5
MONDO_0004631,tongue cancer,False,20.0,262,262,262
MONDO_0004634,vein disorder,True,0.0,38,38,38
MONDO_0004640,,,0.0,4,4,4
MONDO_0004641,skin carcinoma in situ,True,0.0,4,4,4
MONDO_0004643,myeloid leukemia,False,60.0,532,532,532
MONDO_0004647,in situ carcinoma,False,4.0,604,604,604
MONDO_0004651,,,0.0,40,40,40
MONDO_0004653,,,0.0,22,22,22
MONDO_0004658,breast carcinoma in situ,False,70.0,108,108,108
MONDO_0004660,lung carcinoma in situ,True,0.0,8,8,8
MONDO_0004663,,,0.0,18,18,18
MONDO_0004669,salivary gland cancer,False,58.0,175,175,175
MONDO_0004670,lupus erythematosus,False,9.0,187,187,187
MONDO_0004671,penis carcinoma in situ,True,0.0,3,3,3
MONDO_0004674,chorioretinitis,True,0.0,19,19,19
MONDO_0004675,,,0.0,33,33,33
MONDO_0004678,,,0.0,51,51,51
MONDO_0004680,,,0.0,8,8,8
MONDO_0004681,learning disability,False,8.0,91,91,91
MONDO_0004686,lattice corneal dystrophy,True,0.0,5,5,5
MONDO_0004693,,,0.0,27,27,27
MONDO_0004695,liver lymphoma,False,13.0,17,17,17
MONDO_0004696,larynx carcinoma in situ,True,0.0,1,1,1
MONDO_0004697,,,0.0,3,3,3
MONDO_0004699,,,0.0,17,17,17
MONDO_0004700,parotid gland cancer,False,1.0,21,21,21
MONDO_0004702,uterine cervix leukoplakia,True,0.0,3,3,3
MONDO_0004703,bladder carcinoma in situ,False,2.0,15,15,15
MONDO_0004705,liver solitary fibrous tumor,True,0.0,2,2,2
MONDO_0004708,esophagus carcinoma in situ,True,0.0,9,9,9
MONDO_0004712,,,0.0,11,11,11
MONDO_0004724,submandibular gland cancer,True,0.0,3,3,3
MONDO_0004725,,,0.0,1,1,1
MONDO_0004726,,,0.0,14,14,14
MONDO_0004730,,,0.0,23,23,23
MONDO_0004731,central sleep apnea syndrome,True,0.0,11,11,11
MONDO_0004736,inborn disorder of amino acid metabolism,False,2.0,8,8,8
MONDO_0004737,homocystinuria,False,2.0,9,9,9
MONDO_0004739,,,0.0,89,89,89
MONDO_0004741,tyrosinemia,False,1.0,19,19,19
MONDO_0004743,,,0.0,212,212,212
MONDO_0004748,lip disorder,True,0.0,7,7,7
MONDO_0004750,language disorder,False,1.0,22,22,22
MONDO_0004751,,,0.0,14,14,14
MONDO_0004756,nasal cavity neoplasm,True,0.0,4,4,4
MONDO_0004757,chronic ethmoidal sinusitis,True,0.0,2,2,2
MONDO_0004763,carotid artery dissection,True,0.0,1,1,1
MONDO_0004768,keratoconjunctivitis,False,2.0,24,24,24
MONDO_0004773,,,0.0,20,20,20
MONDO_0004777,acute laryngitis,True,0.0,7,7,7
MONDO_0004778,epididymo-orchitis,True,0.0,10,10,10
MONDO_0004779,,,0.0,6,6,6
MONDO_0004782,diabetes insipidus,False,56.0,129,129,129
MONDO_0004784,allergic asthma,False,20.0,464,464,464
MONDO_0004786,,,0.0,16,16,16
MONDO_0004789,,,0.0,13,13,13
MONDO_0004790,fatty liver disease,False,1.0,362,362,362
MONDO_0004804,,,0.0,42,42,42
MONDO_0004805,,,0.0,4,4,4
MONDO_0004806,chronic eosinophilic pneumonia,True,0.0,15,15,15
MONDO_0004812,acute dacryoadenitis,True,0.0,1,1,1
MONDO_0004816,refractory plasma cell neoplasm,False,7.0,8,8,8
MONDO_0004822,,,0.0,195,195,195
MONDO_0004827,esophagus squamous cell papilloma,True,0.0,2,2,2
MONDO_0004828,lower urinary tract calculus,True,0.0,11,11,11
MONDO_0004830,fasciitis,True,0.0,22,22,22
MONDO_0004832,esophagus leiomyoma,True,0.0,5,5,5
MONDO_0004843,,,0.0,1,1,1
MONDO_0004844,oral mucosa leukoplakia,False,53.0,65,65,65
MONDO_0004847,,,0.0,42,42,42
MONDO_0004848,ulcerative stomatitis,True,0.0,4,4,4
MONDO_0004857,tendinitis,False,7.0,47,47,47
MONDO_0004867,,,0.0,45,45,45
MONDO_0004880,bowel dysfunction,False,2.0,19,19,19
MONDO_0004884,eye degenerative disorder,True,0.0,5,5,5
MONDO_0004885,,,0.0,7,7,7
MONDO_0004891,,,0.0,28,28,28
MONDO_0004892,refractive error,False,1.0,55,55,55
MONDO_0004900,peripheral vertigo,False,8.0,8,8,8
MONDO_0004907,alopecia,False,10.0,298,298,298
MONDO_0004910,,,0.0,13,13,13
MONDO_0004928,,,0.0,37,37,37
MONDO_0004933,hypoplastic left heart syndrome,False,3.0,59,59,59
MONDO_0004934,periostitis,True,0.0,5,5,5
MONDO_0004938,substance dependence,False,12.0,226,226,226
MONDO_0004944,neurosyphilis,True,0.0,48,48,48
MONDO_0004975,Alzheimer disease,False,181.0,1418,1418,1418
MONDO_0004976,amyotrophic lateral sclerosis,False,145.0,220,220,220
MONDO_0004979,asthma,False,129.0,412,412,412
MONDO_0004985,bipolar disorder,False,177.0,652,652,652
MONDO_0004986,urinary bladder carcinoma,False,72.0,978,978,978
MONDO_0004992,cancer,False,556.0,1498,1498,1498
MONDO_0005041,glaucoma,False,92.0,695,695,695
MONDO_0005044,,,0.0,126,126,126
MONDO_0005053,,,0.0,183,183,183
MONDO_0005090,schizophrenia,False,245.0,1022,1022,1022
MONDO_0005094,,,0.0,63,63,63
MONDO_0005098,,,0.0,8,8,8
MONDO_0005129,cataract,False,33.0,104,104,104
MONDO_0005147,type 1 diabetes mellitus,False,168.0,1007,1007,1007
MONDO_0005148,type 2 diabetes mellitus,False,216.0,1266,1266,1266
MONDO_0005149,pulmonary hypertension,False,42.0,564,564,564
MONDO_0005178,osteoarthritis,False,127.0,844,844,844
MONDO_0005180,Parkinson disease,False,221.0,1074,1074,1074
MONDO_0005184,pancreatic ductal adenocarcinoma,False,164.0,828,828,828
MONDO_0005232,,,0.0,161,161,161
MONDO_0005247,,,0.0,308,308,308
MONDO_0005271,allergic disease,False,41.0,466,466,466
MONDO_0005277,migraine disorder,False,164.0,620,620,620
MONDO_0005299,brain ischemia,False,102.0,476,476,476
MONDO_0005301,multiple sclerosis,False,253.0,928,928,928
MONDO_0005321,Fuchs' endothelial dystrophy,False,2.0,34,34,34
MONDO_0005341,skin basal cell carcinoma,False,3.0,536,536,536
MONDO_0005351,anorexia nervosa,False,43.0,205,205,205
MONDO_0005374,bone marrow neoplasm,True,0.0,4,4,4
MONDO_0005405,,,0.0,155,155,155
MONDO_0005411,gallbladder cancer,False,84.0,371,371,371
MONDO_0005475,migraine with aura,False,19.0,99,99,99
MONDO_0005499,brain glioma,False,6.0,181,181,181
MONDO_0005514,,,0.0,15,15,15
MONDO_0005575,colorectal cancer,False,311.0,1309,1309,1309
MONDO_0005784,hantavirus hemorrhagic fever with renal syndrome,True,0.0,157,157,157
MONDO_0005835,Lynch syndrome,False,7.0,121,121,121
MONDO_0006058,Wilms tumor,False,24.0,277,277,277
MONDO_0006267,,,0.0,1,1,1
MONDO_0006412,sinus histiocytosis with massive lymphadenopathy,False,5.0,109,109,109
MONDO_0006507,,,0.0,66,66,66
MONDO_0006715,coronary stenosis,False,6.0,178,178,178
MONDO_0007029,,,0.0,1,1,1
MONDO_0007032,,,0.0,16,16,16
MONDO_0007033,abducens nerve palsy,True,0.0,6,6,6
MONDO_0007034,,,0.0,110,110,110
MONDO_0007037,achondroplasia,False,5.0,105,105,105
MONDO_0007039,NF2-related schwannomatosis,False,10.0,51,51,51
MONDO_0007041,Apert syndrome,True,0.0,28,28,28
MONDO_0007042,,,0.0,133,133,133
MONDO_0007043,,,0.0,15,15,15
MONDO_0007044,,,0.0,9,9,9
MONDO_0007049,,,0.0,11,11,11
MONDO_0007052,,,0.0,26,26,26
MONDO_0007055,,,0.0,8,8,8
MONDO_0007056,,,0.0,2,2,2
MONDO_0007057,,,0.0,12,12,12
MONDO_0007058,,,0.0,27,27,27
MONDO_0007059,,,0.0,5,5,5
MONDO_0007062,,,0.0,1,1,1
MONDO_0007064,"severe combined immunodeficiency, autosomal recessive, T cell-negative, B cell-negative, NK cell-negative, due to adenosine deaminase deficiency",True,0.0,79,79,79
MONDO_0007068,adenylosuccinate lyase deficiency,False,1.0,3,3,3
MONDO_0007072,ADULT syndrome,True,0.0,2,2,2
MONDO_0007073,,,0.0,3,3,3
MONDO_0007077,,,0.0,85,85,85
MONDO_0007078,pseudohypoparathyroidism type 1A,False,11.0,51,51,51
MONDO_0007079,alcohol dependence,False,120.0,327,327,327
MONDO_0007080,,,0.0,30,30,30
MONDO_0007083,autosomal dominant palmoplantar keratoderma and congenital alopecia,True,0.0,12,12,12
MONDO_0007086,,,0.0,39,39,39
MONDO_0007087,,,0.0,11,11,11
MONDO_0007088,Alzheimer disease type 1,True,0.0,11,11,11
MONDO_0007093,,,0.0,10,10,10
MONDO_0007094,,,0.0,15,15,15
MONDO_0007095,,,0.0,10,10,10
MONDO_0007097,,,0.0,9,9,9
MONDO_0007098,,,0.0,5,5,5
MONDO_0007099,,,0.0,20,20,20
MONDO_0007101,,,0.0,13,13,13
MONDO_0007104,,,0.0,6,6,6
MONDO_0007105,,,0.0,5,5,5
MONDO_0007109,,,0.0,28,28,28
MONDO_0007112,interventricular septum aneurysm,True,0.0,6,6,6
MONDO_0007113,Angelman syndrome,False,4.0,75,75,75
MONDO_0007114,,,0.0,170,170,170
MONDO_0007116,hereditary neurocutaneous angioma,True,0.0,3,3,3
MONDO_0007118,,,0.0,5,5,5
MONDO_0007119,,,0.0,16,16,16
MONDO_0007120,,,0.0,18,18,18
MONDO_0007123,,,0.0,29,29,29
MONDO_0007124,ankyloblepharon-ectodermal defects-cleft lip/palate syndrome,True,0.0,2,2,2
MONDO_0007125,,,0.0,7,7,7
MONDO_0007129,,,0.0,1,1,1
MONDO_0007131,anonychia with flexural pigmentation,True,0.0,6,6,6
MONDO_0007134,,,0.0,6,6,6
MONDO_0007142,,,0.0,722,722,722
MONDO_0007143,,,0.0,8,8,8
MONDO_0007145,aplasia cutis congenita,True,0.0,5,5,5
MONDO_0007152,,,0.0,46,46,46
MONDO_0007154,,,0.0,79,79,79
MONDO_0007156,"arthritis, sacroiliac",True,0.0,2,2,2
MONDO_0007159,,,0.0,4,4,4
MONDO_0007160,Stickler syndrome type 1,True,0.0,7,7,7
MONDO_0007161,,,0.0,52,52,52
MONDO_0007163,,,0.0,49,49,49
MONDO_0007164,,,0.0,25,25,25
MONDO_0007167,,,0.0,23,23,23
MONDO_0007168,,,0.0,20,20,20
MONDO_0007172,atrial septal defect 1,False,5.0,81,81,81
MONDO_0007173,,,0.0,36,36,36
MONDO_0007174,,,0.0,43,43,43
MONDO_0007177,auriculoosteodysplasia,True,0.0,1,1,1
MONDO_0007180,"Axenfeld-Rieger anomaly with partially absent eye muscles, distinctive face, hydrocephaly, and skeletal abnormalities",True,0.0,1,1,1
MONDO_0007182,,,0.0,68,68,68
MONDO_0007184,,,0.0,16,16,16
MONDO_0007185,,,0.0,4,4,4
MONDO_0007187,nevoid basal cell carcinoma syndrome,False,3.0,90,90,90
MONDO_0007188,,,0.0,7,7,7
MONDO_0007194,,,0.0,17,17,17
MONDO_0007198,,,0.0,9,9,9
MONDO_0007200,,,0.0,1,1,1
MONDO_0007201,,,0.0,105,105,105
MONDO_0007202,blepharoptosis-myopia-ectopia lentis syndrome,True,0.0,10,10,10
MONDO_0007203,,,0.0,20,20,20
MONDO_0007205,diaphyseal medullary stenosis-bone malignancy syndrome,True,0.0,7,7,7
MONDO_0007208,,,0.0,21,21,21
MONDO_0007209,,,0.0,50,50,50
MONDO_0007211,,,0.0,5,5,5
MONDO_0007214,,,0.0,6,6,6
MONDO_0007215,,,0.0,18,18,18
MONDO_0007216,brachydactyly type A2,True,0.0,9,9,9
MONDO_0007218,brachydactyly type A4,True,0.0,2,2,2
MONDO_0007219,,,0.0,27,27,27
MONDO_0007220,brachydactyly type B1,True,0.0,18,18,18
MONDO_0007221,brachydactyly type C,True,0.0,11,11,11
MONDO_0007223,,,0.0,2,2,2
MONDO_0007225,,,0.0,13,13,13
MONDO_0007226,,,0.0,2,2,2
MONDO_0007227,,,0.0,19,19,19
MONDO_0007230,,,0.0,1,1,1
MONDO_0007231,,,0.0,2,2,2
MONDO_0007232,autosomal dominant brachyolmia,True,0.0,13,13,13
MONDO_0007235,,,0.0,1,1,1
MONDO_0007239,,,0.0,22,22,22
MONDO_0007240,,,0.0,21,21,21
MONDO_0007244,,,0.0,39,39,39
MONDO_0007249,,,0.0,6,6,6
MONDO_0007250,,,0.0,1,1,1
MONDO_0007251,,,0.0,23,23,23
MONDO_0007252,,,0.0,19,19,19
MONDO_0007254,breast cancer,False,479.0,1443,1443,1443
MONDO_0007259,,,0.0,1,1,1
MONDO_0007263,,,0.0,1,1,1
MONDO_0007265,cardiofaciocutaneous syndrome 1,True,0.0,4,4,4
MONDO_0007266,,,0.0,29,29,29
MONDO_0007268,,,0.0,51,51,51
MONDO_0007269,,,0.0,75,75,75
MONDO_0007270,,,0.0,24,24,24
MONDO_0007271,,,0.0,15,15,15
MONDO_0007272,hereditary hypercarotenemia and vitamin A deficiency,True,0.0,4,4,4
MONDO_0007273,pheochromocytoma/paraganglioma syndrome 4,True,0.0,4,4,4
MONDO_0007276,cat-eye syndrome,True,0.0,13,13,13
MONDO_0007277,,,0.0,1,1,1
MONDO_0007280,,,0.0,15,15,15
MONDO_0007283,,,0.0,19,19,19
MONDO_0007289,,,0.0,16,16,16
MONDO_0007290,,,0.0,24,24,24
MONDO_0007293,,,0.0,18,18,18
MONDO_0007295,,,0.0,30,30,30
MONDO_0007296,,,0.0,19,19,19
MONDO_0007297,,,0.0,13,13,13
MONDO_0007298,,,0.0,10,10,10
MONDO_0007301,,,0.0,10,10,10
MONDO_0007306,,,0.0,32,32,32
MONDO_0007307,,,0.0,16,16,16
MONDO_0007308,,,0.0,9,9,9
MONDO_0007309,Charcot-Marie-Tooth disease type 1A,False,1.0,69,69,69
MONDO_0007311,,,0.0,4,4,4
MONDO_0007315,,,0.0,17,17,17
MONDO_0007316,,,0.0,7,7,7
MONDO_0007318,Alagille syndrome,False,1.0,34,34,34
MONDO_0007319,chondrocalcinosis 2,True,0.0,39,39,39
MONDO_0007321,,,0.0,3,3,3
MONDO_0007322,,,0.0,24,24,24
MONDO_0007329,,,0.0,21,21,21
MONDO_0007330,,,0.0,3,3,3
MONDO_0007333,,,0.0,13,13,13
MONDO_0007334,,,0.0,2,2,2
MONDO_0007335,,,0.0,11,11,11
MONDO_0007336,isolated cleft palate,True,0.0,57,57,57
MONDO_0007337,,,0.0,9,9,9
MONDO_0007340,,,0.0,44,44,44
MONDO_0007341,,,0.0,3,3,3
MONDO_0007342,,,0.0,69,69,69
MONDO_0007343,,,0.0,1,1,1
MONDO_0007346,,,0.0,41,41,41
MONDO_0007349,,,0.0,4,4,4
MONDO_0007350,,,0.0,11,11,11
MONDO_0007351,,,0.0,14,14,14
MONDO_0007352,,,0.0,16,16,16
MONDO_0007353,,,0.0,2,2,2
MONDO_0007354,,,0.0,48,48,48
MONDO_0007355,,,0.0,16,16,16
MONDO_0007361,,,0.0,42,42,42
MONDO_0007362,,,0.0,10,10,10
MONDO_0007363,,,0.0,11,11,11
MONDO_0007367,,,0.0,24,24,24
MONDO_0007368,,,0.0,16,16,16
MONDO_0007369,hereditary coproporphyria,False,1.0,42,42,42
MONDO_0007374,Schnyder corneal dystrophy,False,1.0,36,36,36
MONDO_0007375,,,0.0,12,12,12
MONDO_0007376,,,0.0,178,178,178
MONDO_0007377,,,0.0,31,31,31
MONDO_0007378,,,0.0,17,17,17
MONDO_0007379,,,0.0,12,12,12
MONDO_0007380,,,0.0,91,91,91
MONDO_0007381,,,0.0,10,10,10
MONDO_0007383,Stern-Lubinsky-Durrie syndrome,True,0.0,1,1,1
MONDO_0007389,,,0.0,12,12,12
MONDO_0007392,,,0.0,14,14,14
MONDO_0007395,,,0.0,7,7,7
MONDO_0007396,,,0.0,17,17,17
MONDO_0007399,TWIST1-related craniosynostosis,True,0.0,15,15,15
MONDO_0007400,,,0.0,14,14,14
MONDO_0007401,,,0.0,4,4,4
MONDO_0007403,,,0.0,32,32,32
MONDO_0007404,Cri-du-chat syndrome,True,0.0,4,4,4
MONDO_0007405,Crouzon syndrome,True,0.0,20,20,20
MONDO_0007409,,,0.0,5,5,5
MONDO_0007411,,,0.0,4,4,4
MONDO_0007412,,,0.0,3,3,3
MONDO_0007414,,,0.0,41,41,41
MONDO_0007417,,,0.0,33,33,33
MONDO_0007421,,,0.0,4,4,4
MONDO_0007422,keratoderma hereditarium mutilans,True,0.0,4,4,4
MONDO_0007424,,,0.0,52,52,52
MONDO_0007428,deafness-craniofacial syndrome,True,0.0,1,1,1
MONDO_0007429,,,0.0,2,2,2
MONDO_0007432,cerebral arteriopathy with subcortical infarcts and leukoencephalopathy,True,0.0,2,2,2
MONDO_0007434,,,0.0,35,35,35
MONDO_0007435,,,0.0,66,66,66
MONDO_0007436,,,0.0,17,17,17
MONDO_0007437,,,0.0,13,13,13
MONDO_0007438,,,0.0,31,31,31
MONDO_0007441,,,0.0,9,9,9
MONDO_0007442,,,0.0,14,14,14
MONDO_0007443,,,0.0,22,22,22
MONDO_0007445,dermatopathia pigmentosa reticularis,True,0.0,2,2,2
MONDO_0007447,autosomal dominant vibratory urticaria,True,0.0,2,2,2
MONDO_0007449,dermo-odonto dysplasia,True,0.0,3,3,3
MONDO_0007450,,,0.0,24,24,24
MONDO_0007451,,,0.0,8,8,8
MONDO_0007453,,,0.0,28,28,28
MONDO_0007461,short stature-valvular heart disease-characteristic facies syndrome,True,0.0,4,4,4
MONDO_0007470,calvarial doughnut lesions-bone fragility syndrome,True,0.0,19,19,19
MONDO_0007471,,,0.0,38,38,38
MONDO_0007473,,,0.0,582,582,582
MONDO_0007477,,,0.0,15,15,15
MONDO_0007478,,,0.0,17,17,17
MONDO_0007481,,,0.0,54,54,54
MONDO_0007483,,,0.0,41,41,41
MONDO_0007489,,,0.0,14,14,14
MONDO_0007492,,,0.0,46,46,46
MONDO_0007493,,,0.0,6,6,6
MONDO_0007495,,,0.0,69,69,69
MONDO_0007496,,,0.0,35,35,35
MONDO_0007500,,,0.0,3,3,3
MONDO_0007504,,,0.0,5,5,5
MONDO_0007507,absence of fingerprints-congenital milia syndrome,True,0.0,1,1,1
MONDO_0007508,Rapp-Hodgkin syndrome,True,0.0,4,4,4
MONDO_0007509,"ectodermal dysplasia 10A, hypohidrotic/hair/nail type, autosomal dominant",True,0.0,3,3,3
MONDO_0007510,,,0.0,46,46,46
MONDO_0007511,,,0.0,1,1,1
MONDO_0007514,,,0.0,1,1,1
MONDO_0007522,,,0.0,6,6,6
MONDO_0007523,"Ehlers-Danlos syndrome, hypermobility type",True,0.0,5,5,5
MONDO_0007524,"autosomal dominant Ehlers-Danlos syndrome, vascular type",True,0.0,2,2,2
MONDO_0007525,"Ehlers-Danlos syndrome, arthrochalasia type",True,0.0,3,3,3
MONDO_0007526,,,0.0,4,4,4
MONDO_0007527,,,0.0,1,1,1
MONDO_0007533,elliptocytosis 2,True,0.0,34,34,34
MONDO_0007534,Beckwith-Wiedemann syndrome,True,0.0,45,45,45
MONDO_0007536,,,0.0,13,13,13
MONDO_0007537,,,0.0,35,35,35
MONDO_0007538,,,0.0,11,11,11
MONDO_0007540,,,0.0,54,54,54
MONDO_0007542,,,0.0,26,26,26
MONDO_0007549,generalized dominant dystrophic epidermolysis bullosa,True,0.0,1,1,1
MONDO_0007551,"epidermolysis bullosa simplex 1C, localized",True,0.0,4,4,4
MONDO_0007552,,,0.0,7,7,7
MONDO_0007555,"epidermolysis bullosa simplex 5A, Ogna type",True,0.0,6,6,6
MONDO_0007556,"epidermolysis bullosa simplex 2F, with mottled pigmentation",True,0.0,8,8,8
MONDO_0007558,,,0.0,18,18,18
MONDO_0007561,,,0.0,36,36,36
MONDO_0007562,,,0.0,4,4,4
MONDO_0007565,,,0.0,24,24,24
MONDO_0007566,multiple self-healing squamous epithelioma,True,0.0,4,4,4
MONDO_0007568,,,0.0,38,38,38
MONDO_0007570,erythema palmare hereditarium,True,0.0,1,1,1
MONDO_0007571,primary erythermalgia,False,10.0,17,17,17
MONDO_0007572,,,0.0,57,57,57
MONDO_0007573,,,0.0,93,93,93
MONDO_0007574,,,0.0,11,11,11
MONDO_0007576,esophageal cancer,False,137.0,751,751,751
MONDO_0007584,,,0.0,1,1,1
MONDO_0007585,"exostoses, multiple, type 1",True,0.0,8,8,8
MONDO_0007586,,,0.0,8,8,8
MONDO_0007590,,,0.0,11,11,11
MONDO_0007600,,,0.0,32,32,32
MONDO_0007604,,,0.0,11,11,11
MONDO_0007606,fibrodysplasia ossificans progressiva,False,11.0,98,98,98
MONDO_0007610,gingival fibromatosis-hypertrichosis syndrome,True,0.0,3,3,3
MONDO_0007612,,,0.0,21,21,21
MONDO_0007614,congenital fibrosis of extraocular muscles,True,0.0,5,5,5
MONDO_0007615,,,0.0,20,20,20
MONDO_0007617,Coffin-Siris syndrome 1,True,0.0,6,6,6
MONDO_0007619,isolated congenital adermatoglyphia,True,0.0,34,34,34
MONDO_0007620,,,0.0,45,45,45
MONDO_0007621,,,0.0,31,31,31
MONDO_0007624,Flynn-Aird syndrome,True,0.0,4,4,4
MONDO_0007627,,,0.0,2,2,2
MONDO_0007628,,,0.0,13,13,13
MONDO_0007630,,,0.0,99,99,99
MONDO_0007631,"chromosome 16p12.1 deletion syndrome, 520kb",True,0.0,1,1,1
MONDO_0007634,,,0.0,7,7,7
MONDO_0007635,,,0.0,50,50,50
MONDO_0007636,,,0.0,3,3,3
MONDO_0007639,,,0.0,5,5,5
MONDO_0007640,,,0.0,47,47,47
MONDO_0007644,,,0.0,77,77,77
MONDO_0007646,,,0.0,2,2,2
MONDO_0007648,,,0.0,88,88,88
MONDO_0007656,,,0.0,38,38,38
MONDO_0007662,anterior segment dysgenesis 4,True,0.0,4,4,4
MONDO_0007664,,,0.0,3,3,3
MONDO_0007669,,,0.0,60,60,60
MONDO_0007671,,,0.0,47,47,47
MONDO_0007679,,,0.0,1,1,1
MONDO_0007680,,,0.0,5,5,5
MONDO_0007681,,,0.0,6,6,6
MONDO_0007683,,,0.0,17,17,17
MONDO_0007686,,,0.0,118,118,118
MONDO_0007688,,,0.0,9,9,9
MONDO_0007690,,,0.0,1,1,1
MONDO_0007693,,,0.0,1,1,1
MONDO_0007696,,,0.0,1,1,1
MONDO_0007698,,,0.0,16,16,16
MONDO_0007700,,,0.0,11,11,11
MONDO_0007702,,,0.0,5,5,5
MONDO_0007705,,,0.0,34,34,34
MONDO_0007706,,,0.0,8,8,8
MONDO_0007709,,,0.0,23,23,23
MONDO_0007711,,,0.0,3,3,3
MONDO_0007712,,,0.0,4,4,4
MONDO_0007716,,,0.0,46,46,46
MONDO_0007726,"hip dysplasia, Beukes type",True,0.0,39,39,39
MONDO_0007727,,,0.0,115,115,115
MONDO_0007728,,,0.0,6,6,6
MONDO_0007732,,,0.0,182,182,182
MONDO_0007733,,,0.0,4,4,4
MONDO_0007735,congenital Horner syndrome,True,0.0,2,2,2
MONDO_0007737,humeroradial synostosis,True,0.0,3,3,3
MONDO_0007738,,,0.0,18,18,18
MONDO_0007739,Huntington disease,False,97.0,945,945,945
MONDO_0007740,,,0.0,32,32,32
MONDO_0007741,,,0.0,38,38,38
MONDO_0007744,,,0.0,3,3,3
MONDO_0007747,,,0.0,14,14,14
MONDO_0007750,,,0.0,60,60,60
MONDO_0007751,,,0.0,16,16,16
MONDO_0007756,,,0.0,86,86,86
MONDO_0007757,,,0.0,8,8,8
MONDO_0007758,,,0.0,36,36,36
MONDO_0007762,,,0.0,15,15,15
MONDO_0007763,,,0.0,870,870,870
MONDO_0007764,,,0.0,46,46,46
MONDO_0007765,,,0.0,2,2,2
MONDO_0007766,,,0.0,3,3,3
MONDO_0007768,,,0.0,9,9,9
MONDO_0007771,,,0.0,13,13,13
MONDO_0007772,pseudohypoaldosteronism type 2A,True,0.0,6,6,6
MONDO_0007776,,,0.0,5,5,5
MONDO_0007777,,,0.0,11,11,11
MONDO_0007781,,,0.0,79,79,79
MONDO_0007784,,,0.0,13,13,13
MONDO_0007787,Ambras type hypertrichosis universalis congenita,True,0.0,4,4,4
MONDO_0007790,,,0.0,27,27,27
MONDO_0007791,,,0.0,11,11,11
MONDO_0007792,,,0.0,8,8,8
MONDO_0007793,hypochondroplasia,False,2.0,45,45,45
MONDO_0007795,,,0.0,15,15,15
MONDO_0007796,,,0.0,13,13,13
MONDO_0007797,,,0.0,17,17,17
MONDO_0007800,,,0.0,1,1,1
MONDO_0007804,,,0.0,817,817,817
MONDO_0007808,,,0.0,4,4,4
MONDO_0007809,,,0.0,13,13,13
MONDO_0007810,,,0.0,4,4,4
MONDO_0007812,,,0.0,8,8,8
MONDO_0007813,,,0.0,4,4,4
MONDO_0007814,,,0.0,113,113,113
MONDO_0007817,,,0.0,66,66,66
MONDO_0007818,"hyper-IgE recurrent infection syndrome 1, autosomal dominant",True,0.0,23,23,23
MONDO_0007819,,,0.0,3,3,3
MONDO_0007820,,,0.0,9,9,9
MONDO_0007834,,,0.0,46,46,46
MONDO_0007836,,,0.0,8,8,8
MONDO_0007837,Johnson neuroectodermal syndrome,True,0.0,1,1,1
MONDO_0007838,Jacobsen syndrome,True,0.0,8,8,8
MONDO_0007839,,,0.0,3,3,3
MONDO_0007841,,,0.0,26,26,26
MONDO_0007843,Kabuki syndrome 1,True,0.0,6,6,6
MONDO_0007844,,,0.0,3,3,3
MONDO_0007845,"Kaposi sarcoma, susceptibility to",True,0.0,6,6,6
MONDO_0007846,,,0.0,9,9,9
MONDO_0007848,,,0.0,25,25,25
MONDO_0007849,,,0.0,9,9,9
MONDO_0007850,autosomal dominant keratitis-ichthyosis-hearing loss syndrome,True,0.0,2,2,2
MONDO_0007851,,,0.0,5,5,5
MONDO_0007852,,,0.0,12,12,12
MONDO_0007854,keratolytic winter erythema,True,0.0,5,5,5
MONDO_0007856,,,0.0,24,24,24
MONDO_0007859,"palmoplantar keratoderma i, striate, focal, or diffuse",True,0.0,2,2,2
MONDO_0007860,focal palmoplantar and gingival keratoderma,True,0.0,6,6,6
MONDO_0007861,isolated cloverleaf skull syndrome,True,0.0,2,2,2
MONDO_0007862,,,0.0,2,2,2
MONDO_0007864,,,0.0,86,86,86
MONDO_0007871,familial congenital nasolacrimal duct obstruction,True,0.0,11,11,11
MONDO_0007872,LADD syndrome,True,0.0,8,8,8
MONDO_0007874,trichorhinophalangeal syndrome type II,True,0.0,5,5,5
MONDO_0007875,Larsen syndrome,True,0.0,26,26,26
MONDO_0007878,,,0.0,8,8,8
MONDO_0007879,,,0.0,2,2,2
MONDO_0007883,"periodic fever, immunodeficiency, and thrombocytopenia syndrome",True,0.0,77,77,77
MONDO_0007885,Legg-Calve-Perthes disease,True,0.0,41,41,41
MONDO_0007888,hereditary leiomyomatosis and renal cell cancer,False,3.0,53,53,53
MONDO_0007891,,,0.0,6,6,6
MONDO_0007892,,,0.0,8,8,8
MONDO_0007893,,,0.0,36,36,36
MONDO_0007894,,,0.0,13,13,13
MONDO_0007895,,,0.0,18,18,18
MONDO_0007899,lichen sclerosus et atrophicus,True,0.0,16,16,16
MONDO_0007900,,,0.0,1,1,1
MONDO_0007906,,,0.0,31,31,31
MONDO_0007909,,,0.0,1,1,1
MONDO_0007915,systemic lupus erythematosus,False,111.0,383,383,383
MONDO_0007916,,,0.0,73,73,73
MONDO_0007917,lymphedema-cerebral arteriovenous anomaly syndrome,True,0.0,8,8,8
MONDO_0007918,,,0.0,5,5,5
MONDO_0007919,,,0.0,2,2,2
MONDO_0007920,,,0.0,2,2,2
MONDO_0007922,lymphedema-distichiasis syndrome,True,0.0,2,2,2
MONDO_0007924,,,0.0,26,26,26
MONDO_0007925,myelodysplastic syndrome associated with isolated del(5q),False,17.0,73,73,73
MONDO_0007927,congenital macroglossia,True,0.0,4,4,4
MONDO_0007931,,,0.0,11,11,11
MONDO_0007934,benign concentric annular macular dystrophy,True,0.0,1,1,1
MONDO_0007935,cystoid macular edema,False,5.0,35,35,35
MONDO_0007937,,,0.0,9,9,9
MONDO_0007938,,,0.0,7,7,7
MONDO_0007943,,,0.0,57,57,57
MONDO_0007944,,,0.0,3,3,3
MONDO_0007946,,,0.0,4,4,4
MONDO_0007947,Marfan syndrome,False,9.0,155,155,155
MONDO_0007949,,,0.0,10,10,10
MONDO_0007953,Binder syndrome,True,0.0,8,8,8
MONDO_0007956,,,0.0,3,3,3
MONDO_0007958,,,0.0,15,15,15
MONDO_0007961,"megalencephaly, autosomal dominant",True,0.0,6,6,6
MONDO_0007962,megalodactyly,True,0.0,10,10,10
MONDO_0007964,,,0.0,3,3,3
MONDO_0007967,melanoma and neural system tumor syndrome,True,0.0,1,1,1
MONDO_0007970,melorheostosis,True,0.0,78,78,78
MONDO_0007971,,,0.0,2,2,2
MONDO_0007977,,,0.0,21,21,21
MONDO_0007979,metachondromatosis,True,0.0,8,8,8
MONDO_0007982,,,0.0,13,13,13
MONDO_0007983,,,0.0,62,62,62
MONDO_0007984,metaphyseal dysplasia-maxillary hypoplasia-brachydacty syndrome,True,0.0,10,10,10
MONDO_0007986,,,0.0,38,38,38
MONDO_0007987,,,0.0,19,19,19
MONDO_0007988,autosomal dominant primary microcephaly,True,0.0,2,2,2
MONDO_0007989,congenital microcoria,True,0.0,8,8,8
MONDO_0007990,,,0.0,4,4,4
MONDO_0007992,microcornea-glaucoma-absent frontal sinuses syndrome,True,0.0,2,2,2
MONDO_0007995,,,0.0,8,8,8
MONDO_0008002,,,0.0,3,3,3
MONDO_0008003,,,0.0,3,3,3
MONDO_0008004,,,0.0,60,60,60
MONDO_0008005,,,0.0,8,8,8
MONDO_0008006,,,0.0,635,635,635
MONDO_0008007,tooth ankylosis,True,0.0,2,2,2
MONDO_0008008,MOMO syndrome,True,0.0,3,3,3
MONDO_0008009,,,0.0,11,11,11
MONDO_0008013,,,0.0,1,1,1
MONDO_0008016,,,0.0,1,1,1
MONDO_0008017,,,0.0,52,52,52
MONDO_0008018,,,0.0,17,17,17
MONDO_0008019,,,0.0,25,25,25
MONDO_0008021,,,0.0,529,529,529
MONDO_0008023,,,0.0,14,14,14
MONDO_0008025,,,0.0,4,4,4
MONDO_0008026,,,0.0,13,13,13
MONDO_0008029,,,0.0,22,22,22
MONDO_0008031,facioscapulohumeral muscular dystrophy 2,True,0.0,6,6,6
MONDO_0008038,,,0.0,86,86,86
MONDO_0008040,transient myeloproliferative syndrome,False,2.0,64,64,64
MONDO_0008043,,,0.0,18,18,18
MONDO_0008045,,,0.0,18,18,18
MONDO_0008046,,,0.0,15,15,15
MONDO_0008047,,,0.0,39,39,39
MONDO_0008048,,,0.0,11,11,11
MONDO_0008050,,,0.0,18,18,18
MONDO_0008051,,,0.0,25,25,25
MONDO_0008053,,,0.0,18,18,18
MONDO_0008056,myotonic dystrophy type 1,False,10.0,144,144,144
MONDO_0008057,,,0.0,3,3,3
MONDO_0008059,,,0.0,5,5,5
MONDO_0008060,nonsyndromic congenital nail disorder 1,True,0.0,16,16,16
MONDO_0008061,,,0.0,707,707,707
MONDO_0008070,"congenital myopathy 2a, typical, autosomal dominant",True,0.0,6,6,6
MONDO_0008071,,,0.0,52,52,52
MONDO_0008073,,,0.0,83,83,83
MONDO_0008075,,,0.0,30,30,30
MONDO_0008078,"neurofibromatosis, familial spinal",True,0.0,3,3,3
MONDO_0008082,multiple endocrine neoplasia type 2B,True,0.0,15,15,15
MONDO_0008083,,,0.0,18,18,18
MONDO_0008086,,,0.0,2,2,2
MONDO_0008087,hereditary neuropathy with liability to pressure palsies,True,0.0,29,29,29
MONDO_0008090,,,0.0,271,271,271
MONDO_0008092,,,0.0,70,70,70
MONDO_0008093,"nevus, epidermal",True,0.0,13,13,13
MONDO_0008094,familial multiple nevi flammei,False,2.0,3,3,3
MONDO_0008097,linear nevus sebaceous syndrome,True,0.0,4,4,4
MONDO_0008098,,,0.0,16,16,16
MONDO_0008102,,,0.0,104,104,104
MONDO_0008108,,,0.0,67,67,67
MONDO_0008111,,,0.0,8,8,8
MONDO_0008115,Feingold syndrome type 1,True,0.0,9,9,9
MONDO_0008116,,,0.0,143,143,143
MONDO_0008118,odontomatosis-aortae esophagus stenosis syndrome,True,0.0,2,2,2
MONDO_0008119,spinocerebellar ataxia type 1,False,3.0,80,80,80
MONDO_0008123,autosomal dominant omodysplasia,True,0.0,8,8,8
MONDO_0008127,,,0.0,17,17,17
MONDO_0008130,ophthalmoplegia-intellectual disability-lingua scrotalis syndrome,True,0.0,3,3,3
MONDO_0008133,,,0.0,8,8,8
MONDO_0008134,,,0.0,13,13,13
MONDO_0008135,,,0.0,7,7,7
MONDO_0008136,,,0.0,26,26,26
MONDO_0008137,orofaciodigital syndrome X,True,0.0,5,5,5
MONDO_0008138,,,0.0,3,3,3
MONDO_0008139,,,0.0,21,21,21
MONDO_0008142,,,0.0,3,3,3
MONDO_0008145,,,0.0,26,26,26
MONDO_0008146,,,0.0,17,17,17
MONDO_0008147,,,0.0,13,13,13
MONDO_0008148,osteogenesis imperfecta type 4,False,3.0,27,27,27
MONDO_0008150,osteoglophonic dysplasia,True,0.0,21,21,21
MONDO_0008151,,,0.0,56,56,56
MONDO_0008152,multicentric carpo-tarsal osteolysis with or without nephropathy,True,0.0,7,7,7
MONDO_0008153,,,0.0,43,43,43
MONDO_0008155,osteomesopyknosis,True,0.0,56,56,56
MONDO_0008156,,,0.0,29,29,29
MONDO_0008157,Buschke-Ollendorff syndrome,True,0.0,23,23,23
MONDO_0008158,dacryocystitis-osteopoikilosis syndrome,True,0.0,24,24,24
MONDO_0008161,,,0.0,17,17,17
MONDO_0008163,,,0.0,4,4,4
MONDO_0008165,,,0.0,103,103,103
MONDO_0008170,ovarian cancer,False,267.0,1153,1153,1153
MONDO_0008173,,,0.0,3,3,3
MONDO_0008174,,,0.0,2,2,2
MONDO_0008175,,,0.0,19,19,19
MONDO_0008178,,,0.0,13,13,13
MONDO_0008179,,,0.0,42,42,42
MONDO_0008182,nasopalpebral lipoma-coloboma syndrome,True,0.0,5,5,5
MONDO_0008183,,,0.0,11,11,11
MONDO_0008185,,,0.0,90,90,90
MONDO_0008187,panic disorder 1,True,0.0,1,1,1
MONDO_0008192,pheochromocytoma/paraganglioma syndrome 1,True,0.0,4,4,4
MONDO_0008195,paramyotonia congenita of Von Eulenburg,False,6.0,58,58,58
MONDO_0008196,parastremmatic dwarfism,True,0.0,7,7,7
MONDO_0008197,parietal foramina 1,True,0.0,10,10,10
MONDO_0008198,,,0.0,2,2,2
MONDO_0008199,,,0.0,15,15,15
MONDO_0008201,,,0.0,29,29,29
MONDO_0008205,,,0.0,3,3,3
MONDO_0008206,benign paroxysmal tonic upgaze of childhood with ataxia,True,0.0,1,1,1
MONDO_0008207,,,0.0,1,1,1
MONDO_0008209,,,0.0,8,8,8
MONDO_0008210,,,0.0,5,5,5
MONDO_0008211,"pseudoleprechaunism syndrome, Patterson type",True,0.0,2,2,2
MONDO_0008215,,,0.0,14,14,14
MONDO_0008217,,,0.0,10,10,10
MONDO_0008218,,,0.0,21,21,21
MONDO_0008221,prolidase deficiency,True,0.0,20,20,20
MONDO_0008222,,,0.0,387,387,387
MONDO_0008223,hypokalemic periodic paralysis,False,5.0,25,25,25
MONDO_0008224,hyperkalemic periodic paralysis,False,4.0,14,14,14
MONDO_0008227,peripheral dysostosis,True,0.0,18,18,18
MONDO_0008231,Peyronie disease,False,28.0,85,85,85
MONDO_0008233,,,0.0,413,413,413
MONDO_0008234,,,0.0,37,37,37
MONDO_0008244,piebaldism,True,0.0,17,17,17
MONDO_0008245,,,0.0,15,15,15
MONDO_0008246,,,0.0,8,8,8
MONDO_0008247,Robin sequence-oligodactyly syndrome,True,0.0,15,15,15
MONDO_0008248,,,0.0,1,1,1
MONDO_0008250,,,0.0,7,7,7
MONDO_0008251,,,0.0,27,27,27
MONDO_0008259,familial spontaneous pneumothorax,True,0.0,9,9,9
MONDO_0008260,,,0.0,15,15,15
MONDO_0008262,,,0.0,13,13,13
MONDO_0008264,,,0.0,31,31,31
MONDO_0008265,polycystic liver disease 1,True,0.0,1,1,1
MONDO_0008266,"polydactyly, postaxial, type A1",True,0.0,10,10,10
MONDO_0008267,orofaciodigital syndrome V,True,0.0,2,2,2
MONDO_0008268,,,0.0,5,5,5
MONDO_0008270,polydactyly of a triphalangeal thumb,True,0.0,9,9,9
MONDO_0008271,,,0.0,2,2,2
MONDO_0008272,polysyndactyly 4,True,0.0,6,6,6
MONDO_0008274,polyostotic fibrous dysplasia,False,2.0,119,119,119
MONDO_0008275,,,0.0,30,30,30
MONDO_0008276,,,0.0,16,16,16
MONDO_0008277,,,0.0,53,53,53
MONDO_0008278,juvenile polyposis/hereditary hemorrhagic telangiectasia syndrome,True,0.0,12,12,12
MONDO_0008280,Peutz-Jeghers syndrome,False,1.0,110,110,110
MONDO_0008283,,,0.0,7,7,7
MONDO_0008286,,,0.0,1,1,1
MONDO_0008287,,,0.0,40,40,40
MONDO_0008289,brain small vessel disease 1 with or without ocular anomalies,True,0.0,3,3,3
MONDO_0008290,"porokeratosis 1, Mibelli type",True,0.0,6,6,6
MONDO_0008291,porokeratosis plantaris palmaris et disseminata,True,0.0,7,7,7
MONDO_0008292,,,0.0,8,8,8
MONDO_0008293,,,0.0,2,2,2
MONDO_0008294,acute intermittent porphyria,False,1.0,7,7,7
MONDO_0008295,,,0.0,7,7,7
MONDO_0008297,variegate porphyria,False,1.0,27,27,27
MONDO_0008298,,,0.0,13,13,13
MONDO_0008300,Prader-Willi syndrome,False,54.0,201,201,201
MONDO_0008302,,,0.0,14,14,14
MONDO_0008303,,,0.0,65,65,65
MONDO_0008306,,,0.0,21,21,21
MONDO_0008310,Hutchinson-Gilford progeria syndrome,False,4.0,114,114,114
MONDO_0008311,,,0.0,6,6,6
MONDO_0008312,autosomal dominant prognathism,True,0.0,2,2,2
MONDO_0008315,prostate cancer,False,415.0,1268,1268,1268
MONDO_0008316,"thrombophilia due to protein C deficiency, autosomal dominant",True,0.0,2,2,2
MONDO_0008318,Proteus syndrome,False,3.0,23,23,23
MONDO_0008321,"pruritus, hereditary localized",True,0.0,3,3,3
MONDO_0008322,,,0.0,56,56,56
MONDO_0008323,,,0.0,35,35,35
MONDO_0008329,,,0.0,14,14,14
MONDO_0008332,,,0.0,66,66,66
MONDO_0008337,,,0.0,4,4,4
MONDO_0008338,,,0.0,5,5,5
MONDO_0008340,,,0.0,3,3,3
MONDO_0008343,pulmonary atresia with ventricular septal defect,True,0.0,16,16,16
MONDO_0008355,,,0.0,5,5,5
MONDO_0008357,radial hypoplasia-triphalangeal thumbs-hypospadias-maxillary diastema syndrome,True,0.0,4,4,4
MONDO_0008359,,,0.0,5,5,5
MONDO_0008365,,,0.0,3,3,3
MONDO_0008368,,,0.0,23,23,23
MONDO_0008369,,,0.0,20,20,20
MONDO_0008371,,,0.0,18,18,18
MONDO_0008373,retinal arterial tortuosity,True,0.0,4,4,4
MONDO_0008377,,,0.0,306,306,306
MONDO_0008378,,,0.0,23,23,23
MONDO_0008379,,,0.0,24,24,24
MONDO_0008380,retinoblastoma,False,18.0,400,400,400
MONDO_0008386,,,0.0,3,3,3
MONDO_0008387,,,0.0,29,29,29
MONDO_0008388,ringed hair disease,True,0.0,18,18,18
MONDO_0008389,,,0.0,11,11,11
MONDO_0008390,Rombo syndrome,True,0.0,2,2,2
MONDO_0008391,Robinow-Sorauf syndrome,True,0.0,5,5,5
MONDO_0008392,,,0.0,17,17,17
MONDO_0008393,Rubinstein-Taybi syndrome due to CREBBP mutations,True,0.0,6,6,6
MONDO_0008394,,,0.0,29,29,29
MONDO_0008395,,,0.0,10,10,10
MONDO_0008396,,,0.0,11,11,11
MONDO_0008397,aplasia of lacrimal and salivary glands,True,0.0,2,2,2
MONDO_0008402,,,0.0,1,1,1
MONDO_0008404,,,0.0,20,20,20
MONDO_0008407,,,0.0,12,12,12
MONDO_0008409,,,0.0,24,24,24
MONDO_0008410,,,0.0,9,9,9
MONDO_0008411,,,0.0,333,333,333
MONDO_0008412,,,0.0,21,21,21
MONDO_0008416,,,0.0,6,6,6
MONDO_0008422,,,0.0,37,37,37
MONDO_0008426,,,0.0,5,5,5
MONDO_0008428,,,0.0,2,2,2
MONDO_0008429,,,0.0,12,12,12
MONDO_0008434,Smith-Magenis syndrome,False,2.0,232,232,232
MONDO_0008438,,,0.0,2,2,2
MONDO_0008440,,,0.0,23,23,23
MONDO_0008442,,,0.0,6,6,6
MONDO_0008443,,,0.0,11,11,11
MONDO_0008451,,,0.0,1,1,1
MONDO_0008452,,,0.0,2,2,2
MONDO_0008453,,,0.0,10,10,10
MONDO_0008457,,,0.0,37,37,37
MONDO_0008458,spinocerebellar ataxia type 2,False,13.0,66,66,66
MONDO_0008460,,,0.0,13,13,13
MONDO_0008465,Patterson-Stevenson-Fontaine syndrome,True,0.0,6,6,6
MONDO_0008466,Karsch-Neugebauer syndrome,True,0.0,2,2,2
MONDO_0008467,Czeizel-Losonci syndrome,True,0.0,2,2,2
MONDO_0008471,,,0.0,28,28,28
MONDO_0008473,"spondyloepimetaphyseal dysplasia, Maroteaux type",True,0.0,14,14,14
MONDO_0008474,"spondyloepiphyseal dysplasia tarda, autosomal dominant",True,0.0,10,10,10
MONDO_0008476,,,0.0,52,52,52
MONDO_0008477,,,0.0,35,35,35
MONDO_0008478,,,0.0,19,19,19
MONDO_0008479,,,0.0,26,26,26
MONDO_0008484,,,0.0,4,4,4
MONDO_0008485,,,0.0,9,9,9
MONDO_0008486,,,0.0,7,7,7
MONDO_0008488,holoprosencephaly-radial heart renal anomalies syndrome,True,0.0,2,2,2
MONDO_0008490,,,0.0,8,8,8
MONDO_0008492,stiff skin syndrome,True,0.0,3,3,3
MONDO_0008493,,,0.0,85,85,85
MONDO_0008494,,,0.0,349,349,349
MONDO_0008497,,,0.0,8,8,8
MONDO_0008499,,,0.0,2,2,2
MONDO_0008501,Sturge-Weber syndrome,False,4.0,27,27,27
MONDO_0008503,,,0.0,2,2,2
MONDO_0008504,,,0.0,97,97,97
MONDO_0008509,,,0.0,4,4,4
MONDO_0008510,,,0.0,11,11,11
MONDO_0008511,,,0.0,7,7,7
MONDO_0008512,,,0.0,7,7,7
MONDO_0008513,,,0.0,10,10,10
MONDO_0008514,,,0.0,5,5,5
MONDO_0008515,,,0.0,23,23,23
MONDO_0008516,,,0.0,7,7,7
MONDO_0008517,syndactyly-polydactyly-ear lobe syndrome,True,0.0,2,2,2
MONDO_0008519,multiple synostoses syndrome 1,True,0.0,8,8,8
MONDO_0008520,brachydactyly-elbow wrist dysplasia syndrome,True,0.0,12,12,12
MONDO_0008521,,,0.0,251,251,251
MONDO_0008523,,,0.0,40,40,40
MONDO_0008535,"telangiectasia, hereditary hemorrhagic, type 1",True,0.0,18,18,18
MONDO_0008537,telecanthus,True,0.0,4,4,4
MONDO_0008540,extensor tendons of finger anomalies,True,0.0,5,5,5
MONDO_0008544,,,0.0,4,4,4
MONDO_0008546,,,0.0,11,11,11
MONDO_0008547,thanatophoric dysplasia type 2,True,0.0,17,17,17
MONDO_0008549,"thoracic dysostosis, isolated",True,0.0,5,5,5
MONDO_0008551,thoracolaryngopelvic dysplasia,True,0.0,17,17,17
MONDO_0008553,,,0.0,34,34,34
MONDO_0008554,,,0.0,76,76,76
MONDO_0008555,,,0.0,58,58,58
MONDO_0008557,,,0.0,15,15,15
MONDO_0008559,,,0.0,8,8,8
MONDO_0008560,thrombophilia due to activated protein C resistance,True,0.0,1,1,1
MONDO_0008562,,,0.0,5,5,5
MONDO_0008563,,,0.0,5,5,5
MONDO_0008566,,,0.0,183,183,183
MONDO_0008567,,,0.0,8,8,8
MONDO_0008569,,,0.0,10,10,10
MONDO_0008572,,,0.0,15,15,15
MONDO_0008582,,,0.0,100,100,100
MONDO_0008586,,,0.0,15,15,15
MONDO_0008588,,,0.0,12,12,12
MONDO_0008592,,,0.0,36,36,36
MONDO_0008593,,,0.0,20,20,20
MONDO_0008598,,,0.0,17,17,17
MONDO_0008603,,,0.0,2,2,2
MONDO_0008607,,,0.0,3,3,3
MONDO_0008611,humerus trochlea aplasia,True,0.0,11,11,11
MONDO_0008612,tuberous sclerosis 1,True,0.0,5,5,5
MONDO_0008618,,,0.0,8,8,8
MONDO_0008619,,,0.0,17,17,17
MONDO_0008620,,,0.0,12,12,12
MONDO_0008621,,,0.0,53,53,53
MONDO_0008622,tricho-retino-dento-digital syndrome,True,0.0,6,6,6
MONDO_0008624,Upington disease,True,0.0,2,2,2
MONDO_0008627,ureter cancer,False,37.0,43,43,43
MONDO_0008630,,,0.0,18,18,18
MONDO_0008633,Muckle-Wells syndrome,False,1.0,22,22,22
MONDO_0008636,,,0.0,21,21,21
MONDO_0008637,,,0.0,5,5,5
MONDO_0008638,varicose disease,True,0.0,32,32,32
MONDO_0008640,"vasculitis, lymphocytic, nodular",True,0.0,13,13,13
MONDO_0008641,retinal vasculopathy with cerebral leukoencephalopathy and systemic manifestations,True,0.0,2,2,2
MONDO_0008642,,,0.0,9,9,9
MONDO_0008645,,,0.0,18,18,18
MONDO_0008647,,,0.0,73,73,73
MONDO_0008648,,,0.0,65,65,65
MONDO_0008650,,,0.0,15,15,15
MONDO_0008652,,,0.0,38,38,38
MONDO_0008654,,,0.0,5,5,5
MONDO_0008660,,,0.0,21,21,21
MONDO_0008662,,,0.0,20,20,20
MONDO_0008663,,,0.0,143,143,143
MONDO_0008665,ptosis-vocal cord paralysis syndrome,True,0.0,1,1,1
MONDO_0008666,volvulus of midgut,True,0.0,7,7,7
MONDO_0008667,von Hippel-Lindau disease,False,20.0,89,89,89
MONDO_0008668,,,0.0,34,34,34
MONDO_0008670,,,0.0,10,10,10
MONDO_0008671,,,0.0,24,24,24
MONDO_0008672,Watson syndrome,True,0.0,1,1,1
MONDO_0008673,"acrofacial dysostosis, Weyers type",True,0.0,20,20,20
MONDO_0008678,Williams syndrome,False,1.0,78,78,78
MONDO_0008679,Wilms tumor 1,True,0.0,3,3,3
MONDO_0008681,,,0.0,31,31,31
MONDO_0008682,,,0.0,34,34,34
MONDO_0008684,,,0.0,12,12,12
MONDO_0008686,,,0.0,41,41,41
MONDO_0008689,,,0.0,49,49,49
MONDO_0008692,,,0.0,44,44,44
MONDO_0008693,,,0.0,2,2,2
MONDO_0008695,,,0.0,25,25,25
MONDO_0008696,,,0.0,33,33,33
MONDO_0008699,,,0.0,1,1,1
MONDO_0008700,,,0.0,24,24,24
MONDO_0008701,,,0.0,15,15,15
MONDO_0008702,,,0.0,14,14,14
MONDO_0008703,,,0.0,39,39,39
MONDO_0008704,,,0.0,122,122,122
MONDO_0008706,,,0.0,4,4,4
MONDO_0008707,,,0.0,7,7,7
MONDO_0008708,,,0.0,105,105,105
MONDO_0008709,,,0.0,4,4,4
MONDO_0008710,,,0.0,6,6,6
MONDO_0008712,,,0.0,6,6,6
MONDO_0008713,,,0.0,171,171,171
MONDO_0008714,,,0.0,11,11,11
MONDO_0008715,acrofrontofacionasal dysostosis,True,0.0,2,2,2
MONDO_0008716,acrogeria,True,0.0,1,1,1
MONDO_0008717,,,0.0,31,31,31
MONDO_0008721,,,0.0,38,38,38
MONDO_0008722,,,0.0,9,9,9
MONDO_0008723,,,0.0,26,26,26
MONDO_0008724,,,0.0,1,1,1
MONDO_0008725,,,0.0,25,25,25
MONDO_0008726,,,0.0,6,6,6
MONDO_0008727,,,0.0,44,44,44
MONDO_0008728,classic congenital adrenal hyperplasia due to 21-hydroxylase deficiency,False,2.0,64,64,64
MONDO_0008729,,,0.0,33,33,33
MONDO_0008730,,,0.0,62,62,62
MONDO_0008731,,,0.0,21,21,21
MONDO_0008733,,,0.0,77,77,77
MONDO_0008734,,,0.0,89,89,89
MONDO_0008737,congenital afibrinogenemia,False,3.0,33,33,33
MONDO_0008738,"aganglionosis, total intestinal",True,0.0,4,4,4
MONDO_0008740,,,0.0,3,3,3
MONDO_0008741,,,0.0,7,7,7
MONDO_0008742,,,0.0,18,18,18
MONDO_0008743,Stimmler syndrome,True,0.0,1,1,1
MONDO_0008745,,,0.0,4,4,4
MONDO_0008746,,,0.0,14,14,14
MONDO_0008747,,,0.0,26,26,26
MONDO_0008749,,,0.0,28,28,28
MONDO_0008750,,,0.0,17,17,17
MONDO_0008752,,,0.0,61,61,61
MONDO_0008753,alkaptonuria,False,1.0,15,15,15
MONDO_0008754,,,0.0,5,5,5
MONDO_0008755,,,0.0,2,2,2
MONDO_0008756,alopecia - intellectual disability syndrome,True,0.0,1,1,1
MONDO_0008757,alopecia universalis congenita,True,0.0,86,86,86
MONDO_0008758,,,0.0,433,433,433
MONDO_0008759,,,0.0,5,5,5
MONDO_0008760,,,0.0,6,6,6
MONDO_0008762,,,0.0,32,32,32
MONDO_0008763,Alstrom syndrome,False,2.0,105,105,105
MONDO_0008764,Leber congenital amaurosis 1,False,1.0,9,9,9
MONDO_0008765,,,0.0,18,18,18
MONDO_0008766,,,0.0,1,1,1
MONDO_0008767,,,0.0,7,7,7
MONDO_0008768,,,0.0,15,15,15
MONDO_0008769,,,0.0,20,20,20
MONDO_0008771,,,0.0,11,11,11
MONDO_0008774,,,0.0,1,1,1
MONDO_0008777,,,0.0,12,12,12
MONDO_0008780,,,0.0,18,18,18
MONDO_0008783,,,0.0,39,39,39
MONDO_0008787,,,0.0,49,49,49
MONDO_0008788,,,0.0,57,57,57
MONDO_0008791,,,0.0,17,17,17
MONDO_0008792,familial angiolipomatosis,True,0.0,1,1,1
MONDO_0008795,,,0.0,4,4,4
MONDO_0008796,,,0.0,2,2,2
MONDO_0008797,anodontia,True,0.0,1,1,1
MONDO_0008799,anophthalmia/microphthalmia-esophageal atresia syndrome,True,0.0,2,2,2
MONDO_0008800,,,0.0,803,803,803
MONDO_0008803,,,0.0,10,10,10
MONDO_0008806,,,0.0,5,5,5
MONDO_0008808,,,0.0,46,46,46
MONDO_0008809,,,0.0,1,1,1
MONDO_0008810,,,0.0,39,39,39
MONDO_0008812,AREDYLD syndrome,True,0.0,5,5,5
MONDO_0008813,,,0.0,13,13,13
MONDO_0008814,arginase deficiency,True,0.0,1,1,1
MONDO_0008815,,,0.0,8,8,8
MONDO_0008816,,,0.0,2,2,2
MONDO_0008817,,,0.0,14,14,14
MONDO_0008818,arterial tortuosity syndrome,True,0.0,8,8,8
MONDO_0008822,,,0.0,2,2,2
MONDO_0008823,,,0.0,9,9,9
MONDO_0008824,,,0.0,58,58,58
MONDO_0008825,,,0.0,4,4,4
MONDO_0008827,,,0.0,118,118,118
MONDO_0008830,,,0.0,21,21,21
MONDO_0008832,right atrial isomerism,True,0.0,46,46,46
MONDO_0008833,,,0.0,12,12,12
MONDO_0008834,"asthma, nasal polyps, and aspirin intolerance",True,0.0,1,1,1
MONDO_0008838,,,0.0,6,6,6
MONDO_0008840,ataxia telangiectasia,False,4.0,197,197,197
MONDO_0008842,,,0.0,7,7,7
MONDO_0008843,atherosclerosis-deafness-diabetes-epilepsy-nephropathy syndrome,True,0.0,7,7,7
MONDO_0008846,,,0.0,18,18,18
MONDO_0008847,atrichia with papular lesions,True,0.0,4,4,4
MONDO_0008848,,,0.0,5,5,5
MONDO_0008849,,,0.0,5,5,5
MONDO_0008850,,,0.0,6,6,6
MONDO_0008853,,,0.0,2,2,2
MONDO_0008855,MHC class II deficiency,True,0.0,112,112,112
MONDO_0008857,,,0.0,8,8,8
MONDO_0008858,,,0.0,4,4,4
MONDO_0008860,,,0.0,1,1,1
MONDO_0008862,,,0.0,2,2,2
MONDO_0008863,,,0.0,96,96,96
MONDO_0008864,,,0.0,4,4,4
MONDO_0008865,,,0.0,10,10,10
MONDO_0008867,biliary atresia,False,28.0,44,44,44
MONDO_0008869,,,0.0,6,6,6
MONDO_0008870,,,0.0,3,3,3
MONDO_0008871,,,0.0,3,3,3
MONDO_0008872,microcephalic osteodysplastic primordial dwarfism type II,True,0.0,11,11,11
MONDO_0008874,,,0.0,14,14,14
MONDO_0008875,,,0.0,1,1,1
MONDO_0008876,,,0.0,600,600,600
MONDO_0008877,,,0.0,33,33,33
MONDO_0008878,,,0.0,6,6,6
MONDO_0008879,Bowen-Conradi syndrome,True,0.0,4,4,4
MONDO_0008881,kyphomelic dysplasia,True,0.0,24,24,24
MONDO_0008885,,,0.0,2,2,2
MONDO_0008887,,,0.0,9,9,9
MONDO_0008891,,,0.0,5,5,5
MONDO_0008892,progressive familial intrahepatic cholestasis type 1,False,1.0,5,5,5
MONDO_0008893,,,0.0,18,18,18
MONDO_0008894,cataract-hypertrichosis-intellectual disability syndrome,True,0.0,11,11,11
MONDO_0008895,hereditary arterial and articular multiple calcification syndrome,True,0.0,5,5,5
MONDO_0008896,"campomelia, Cumming type",True,0.0,3,3,3
MONDO_0008898,,,0.0,6,6,6
MONDO_0008899,,,0.0,2,2,2
MONDO_0008901,Tel Hashomer camptodactyly syndrome,True,0.0,5,5,5
MONDO_0008903,lung cancer,False,314.0,1276,1276,1276
MONDO_0008907,PMM2-congenital disorder of glycosylation,False,5.0,8,8,8
MONDO_0008913,,,0.0,19,19,19
MONDO_0008915,,,0.0,21,21,21
MONDO_0008917,heart defects-limb shortening syndrome,True,0.0,17,17,17
MONDO_0008918,,,0.0,18,18,18
MONDO_0008919,,,0.0,38,38,38
MONDO_0008921,,,0.0,10,10,10
MONDO_0008922,,,0.0,8,8,8
MONDO_0008923,autosomal recessive palmoplantar keratoderma and congenital alopecia,True,0.0,9,9,9
MONDO_0008924,,,0.0,20,20,20
MONDO_0008925,,,0.0,44,44,44
MONDO_0008926,COFS syndrome,True,0.0,11,11,11
MONDO_0008928,,,0.0,6,6,6
MONDO_0008931,Cenani-Lenz syndactyly syndrome,True,0.0,2,2,2
MONDO_0008934,,,0.0,1,1,1
MONDO_0008935,,,0.0,18,18,18
MONDO_0008938,,,0.0,6,6,6
MONDO_0008939,,,0.0,15,15,15
MONDO_0008941,,,0.0,3,3,3
MONDO_0008943,,,0.0,12,12,12
MONDO_0008944,,,0.0,2,2,2
MONDO_0008947,,,0.0,45,45,45
MONDO_0008948,cerebrotendinous xanthomatosis,False,2.0,105,105,105
MONDO_0008953,peroxisome biogenesis disorder 1A (Zellweger),True,0.0,1,1,1
MONDO_0008954,peroxisome biogenesis disorder 2A (Zellweger),True,0.0,2,2,2
MONDO_0008958,,,0.0,5,5,5
MONDO_0008959,CHAND syndrome,True,0.0,3,3,3
MONDO_0008960,,,0.0,15,15,15
MONDO_0008961,,,0.0,14,14,14
MONDO_0008962,,,0.0,33,33,33
MONDO_0008963,Chediak-Higashi syndrome,True,0.0,36,36,36
MONDO_0008964,,,0.0,333,333,333
MONDO_0008965,,,0.0,47,47,47
MONDO_0008966,Aagenaes syndrome,True,0.0,17,17,17
MONDO_0008967,congenital bile acid synthesis defect 4,True,0.0,6,6,6
MONDO_0008970,,,0.0,13,13,13
MONDO_0008972,,,0.0,5,5,5
MONDO_0008974,,,0.0,53,53,53
MONDO_0008975,,,0.0,18,18,18
MONDO_0008978,chordoma,False,17.0,39,39,39
MONDO_0008979,,,0.0,6,6,6
MONDO_0008980,,,0.0,13,13,13
MONDO_0008982,,,0.0,31,31,31
MONDO_0008988,,,0.0,9,9,9
MONDO_0008990,"cleft larynx, posterior",True,0.0,1,1,1
MONDO_0008991,,,0.0,13,13,13
MONDO_0008992,,,0.0,10,10,10
MONDO_0008993,,,0.0,6,6,6
MONDO_0008995,,,0.0,4,4,4
MONDO_0008999,,,0.0,56,56,56
MONDO_0009000,familial reactive perforating collagenosis,True,0.0,24,24,24
MONDO_0009001,,,0.0,1,1,1
MONDO_0009003,,,0.0,4,4,4
MONDO_0009007,,,0.0,10,10,10
MONDO_0009008,,,0.0,6,6,6
MONDO_0009009,hypoplasminogenemia,False,3.0,17,17,17
MONDO_0009010,,,0.0,39,39,39
MONDO_0009012,,,0.0,13,13,13
MONDO_0009014,,,0.0,10,10,10
MONDO_0009015,,,0.0,6,6,6
MONDO_0009018,central cloudy dystrophy of François,True,0.0,16,16,16
MONDO_0009019,congenital hereditary endothelial dystrophy of cornea,False,2.0,30,30,30
MONDO_0009020,macular corneal dystrophy,True,0.0,17,17,17
MONDO_0009021,,,0.0,3,3,3
MONDO_0009025,,,0.0,27,27,27
MONDO_0009026,Costello syndrome,True,0.0,47,47,47
MONDO_0009028,,,0.0,6,6,6
MONDO_0009031,,,0.0,98,98,98
MONDO_0009032,,,0.0,15,15,15
MONDO_0009033,,,0.0,3,3,3
MONDO_0009034,,,0.0,2,2,2
MONDO_0009035,,,0.0,6,6,6
MONDO_0009036,"cardiocranial syndrome, Pfeiffer type",True,0.0,1,1,1
MONDO_0009038,,,0.0,9,9,9
MONDO_0009039,Baller-Gerold syndrome,True,0.0,17,17,17
MONDO_0009042,,,0.0,6,6,6
MONDO_0009043,,,0.0,18,18,18
MONDO_0009044,Crigler-Najjar syndrome,True,0.0,5,5,5
MONDO_0009045,,,0.0,6,6,6
MONDO_0009046,,,0.0,6,6,6
MONDO_0009052,,,0.0,1,1,1
MONDO_0009053,,,0.0,14,14,14
MONDO_0009058,,,0.0,3,3,3
MONDO_0009060,cystic disease of lung,True,0.0,11,11,11
MONDO_0009061,cystic fibrosis,False,144.0,736,736,736
MONDO_0009062,,,0.0,3,3,3
MONDO_0009063,,,0.0,5,5,5
MONDO_0009064,,,0.0,11,11,11
MONDO_0009066,,,0.0,26,26,26
MONDO_0009067,cystinuria,False,1.0,54,54,54
MONDO_0009069,,,0.0,1,1,1
MONDO_0009071,,,0.0,39,39,39
MONDO_0009073,,,0.0,3,3,3
MONDO_0009075,,,0.0,1,1,1
MONDO_0009076,,,0.0,14,14,14
MONDO_0009079,,,0.0,3,3,3
MONDO_0009080,,,0.0,2,2,2
MONDO_0009082,,,0.0,2,2,2
MONDO_0009084,,,0.0,2,2,2
MONDO_0009085,,,0.0,5,5,5
MONDO_0009086,,,0.0,13,13,13
MONDO_0009089,,,0.0,7,7,7
MONDO_0009090,,,0.0,9,9,9
MONDO_0009091,,,0.0,5,5,5
MONDO_0009092,polycystic lipomembranous osteodysplasia with sclerosing leukoencephaly,True,0.0,17,17,17
MONDO_0009094,,,0.0,5,5,5
MONDO_0009095,,,0.0,4,4,4
MONDO_0009097,"persistent hyperplastic primary vitreous, autosomal recessive",True,0.0,12,12,12
MONDO_0009104,,,0.0,2,2,2
MONDO_0009106,,,0.0,1,1,1
MONDO_0009107,,,0.0,29,29,29
MONDO_0009108,,,0.0,4,4,4
MONDO_0009109,,,0.0,46,46,46
MONDO_0009110,,,0.0,9,9,9
MONDO_0009111,dihydropyrimidinuria,True,0.0,2,2,2
MONDO_0009112,,,0.0,6,6,6
MONDO_0009114,,,0.0,17,17,17
MONDO_0009115,,,0.0,6,6,6
MONDO_0009121,,,0.0,19,19,19
MONDO_0009123,orthostatic hypotension 1,False,18.0,23,23,23
MONDO_0009124,Dubowitz syndrome,True,0.0,3,3,3
MONDO_0009126,,,0.0,18,18,18
MONDO_0009130,,,0.0,74,74,74
MONDO_0009131,Riley-Day syndrome,False,1.0,6,6,6
MONDO_0009133,,,0.0,91,91,91
MONDO_0009134,,,0.0,49,49,49
MONDO_0009136,"dyskeratosis congenita, autosomal recessive 1",True,0.0,1,1,1
MONDO_0009138,,,0.0,22,22,22
MONDO_0009139,,,0.0,8,8,8
MONDO_0009140,,,0.0,10,10,10
MONDO_0009141,,,0.0,27,27,27
MONDO_0009146,,,0.0,4,4,4
MONDO_0009149,,,0.0,1,1,1
MONDO_0009150,hypohidrotic ectodermal dysplasia-hypothyroidism-ciliary dyskinesia syndrome,True,0.0,3,3,3
MONDO_0009151,,,0.0,3,3,3
MONDO_0009154,,,0.0,10,10,10
MONDO_0009155,,,0.0,5,5,5
MONDO_0009156,,,0.0,6,6,6
MONDO_0009158,,,0.0,1,1,1
MONDO_0009159,,,0.0,22,22,22
MONDO_0009161,,,0.0,237,237,237
MONDO_0009162,Ellis-van Creveld syndrome,True,0.0,11,11,11
MONDO_0009165,,,0.0,1,1,1
MONDO_0009166,,,0.0,1,1,1
MONDO_0009168,,,0.0,3,3,3
MONDO_0009173,,,0.0,6,6,6
MONDO_0009176,epidermodysplasia verruciformis,True,0.0,65,65,65
MONDO_0009179,recessive dystrophic epidermolysis bullosa,True,0.0,91,91,91
MONDO_0009180,,,0.0,9,9,9
MONDO_0009181,"epidermolysis bullosa simplex 5B, with muscular dystrophy",True,0.0,6,6,6
MONDO_0009182,junctional epidermolysis bullosa Herlitz type,True,0.0,6,6,6
MONDO_0009183,,,0.0,2,2,2
MONDO_0009185,,,0.0,10,10,10
MONDO_0009188,,,0.0,23,23,23
MONDO_0009189,,,0.0,35,35,35
MONDO_0009191,,,0.0,4,4,4
MONDO_0009192,,,0.0,44,44,44
MONDO_0009194,immunodeficiency 32B,True,0.0,124,124,124
MONDO_0009196,,,0.0,92,92,92
MONDO_0009198,congenital lethal erythroderma,True,0.0,7,7,7
MONDO_0009204,,,0.0,13,13,13
MONDO_0009205,faciocardiorenal syndrome,True,0.0,2,2,2
MONDO_0009206,,,0.0,1,1,1
MONDO_0009209,,,0.0,2,2,2
MONDO_0009210,,,0.0,42,42,42
MONDO_0009211,,,0.0,37,37,37
MONDO_0009212,,,0.0,49,49,49
MONDO_0009213,,,0.0,11,11,11
MONDO_0009214,,,0.0,5,5,5
MONDO_0009216,,,0.0,38,38,38
MONDO_0009217,Fanconi-like syndrome,True,0.0,2,2,2
MONDO_0009218,Farber lipogranulomatosis,True,0.0,10,10,10
MONDO_0009221,,,0.0,16,16,16
MONDO_0009222,,,0.0,12,12,12
MONDO_0009223,,,0.0,66,66,66
MONDO_0009226,,,0.0,16,16,16
MONDO_0009227,,,0.0,13,13,13
MONDO_0009228,gingival fibromatosis-facial dysmorphism syndrome,True,0.0,2,2,2
MONDO_0009229,,,0.0,7,7,7
MONDO_0009231,,,0.0,23,23,23
MONDO_0009232,,,0.0,34,34,34
MONDO_0009233,Fibulo-ulnar hypoplasia-renal anomalies syndrome,True,0.0,2,2,2
MONDO_0009234,,,0.0,3,3,3
MONDO_0009235,,,0.0,6,6,6
MONDO_0009238,,,0.0,33,33,33
MONDO_0009239,,,0.0,53,53,53
MONDO_0009240,,,0.0,20,20,20
MONDO_0009242,,,0.0,11,11,11
MONDO_0009247,,,0.0,6,6,6
MONDO_0009249,,,0.0,13,13,13
MONDO_0009251,,,0.0,1,1,1
MONDO_0009252,,,0.0,1,1,1
MONDO_0009253,,,0.0,14,14,14
MONDO_0009254,,,0.0,8,8,8
MONDO_0009255,,,0.0,40,40,40
MONDO_0009257,,,0.0,16,16,16
MONDO_0009258,,,0.0,14,14,14
MONDO_0009260,,,0.0,2,2,2
MONDO_0009261,GM1 gangliosidosis type 2,True,0.0,4,4,4
MONDO_0009262,GM1 gangliosidosis type 3,True,0.0,1,1,1
MONDO_0009263,GAPO syndrome,True,0.0,2,2,2
MONDO_0009265,Gaucher disease type I,True,0.0,18,18,18
MONDO_0009266,Gaucher disease type II,True,0.0,2,2,2
MONDO_0009267,Gaucher disease type III,True,0.0,3,3,3
MONDO_0009268,Gaucher disease-ophthalmoplegia-cardiovascular calcification syndrome,True,0.0,6,6,6
MONDO_0009270,genito-palato-cardiac syndrome,True,0.0,15,15,15
MONDO_0009271,,,0.0,169,169,169
MONDO_0009274,,,0.0,72,72,72
MONDO_0009275,,,0.0,35,35,35
MONDO_0009276,,,0.0,59,59,59
MONDO_0009279,,,0.0,3,3,3
MONDO_0009281,,,0.0,5,5,5
MONDO_0009282,multiple acyl-CoA dehydrogenase deficiency,True,0.0,23,23,23
MONDO_0009283,,,0.0,11,11,11
MONDO_0009285,gamma-glutamyl transpeptidase deficiency,True,0.0,1,1,1
MONDO_0009287,,,0.0,28,28,28
MONDO_0009288,glycogen storage disease Ib,False,1.0,24,24,24
MONDO_0009290,,,0.0,28,28,28
MONDO_0009291,glycogen storage disease III,False,6.0,50,50,50
MONDO_0009292,,,0.0,23,23,23
MONDO_0009293,glycogen storage disease V,False,1.0,50,50,50
MONDO_0009294,,,0.0,635,635,635
MONDO_0009296,,,0.0,60,60,60
MONDO_0009297,,,0.0,26,26,26
MONDO_0009299,,,0.0,23,23,23
MONDO_0009300,,,0.0,3,3,3
MONDO_0009302,,,0.0,2,2,2
MONDO_0009305,,,0.0,7,7,7
MONDO_0009306,,,0.0,170,170,170
MONDO_0009315,,,0.0,5,5,5
MONDO_0009318,,,0.0,15,15,15
MONDO_0009319,,,0.0,23,23,23
MONDO_0009320,Hall-Riggs syndrome,True,0.0,10,10,10
MONDO_0009321,,,0.0,5,5,5
MONDO_0009324,,,0.0,23,23,23
MONDO_0009326,,,0.0,53,53,53
MONDO_0009329,pulmonary venoocclusive disease 2,True,0.0,9,9,9
MONDO_0009330,"hemangiopericytoma, malignant",True,0.0,1,1,1
MONDO_0009331,isolated hemihyperplasia,True,0.0,16,16,16
MONDO_0009333,,,0.0,2,2,2
MONDO_0009338,,,0.0,107,107,107
MONDO_0009339,congenital bile acid synthesis defect 2,True,0.0,18,18,18
MONDO_0009341,,,0.0,10,10,10
MONDO_0009342,,,0.0,2,2,2
MONDO_0009344,,,0.0,4,4,4
MONDO_0009345,,,0.0,23,23,23
MONDO_0009348,classic Hodgkin lymphoma,False,52.0,263,263,263
MONDO_0009350,Holzgreve-Wagner-Rehder syndrome,True,0.0,12,12,12
MONDO_0009351,,,0.0,16,16,16
MONDO_0009352,classic homocystinuria,True,0.0,3,3,3
MONDO_0009353,,,0.0,3,3,3
MONDO_0009356,,,0.0,1,1,1
MONDO_0009359,multinucleated neurons-anhydramnios-renal dysplasia-cerebellar hypoplasia-hydranencephaly syndrome,True,0.0,5,5,5
MONDO_0009362,,,0.0,11,11,11
MONDO_0009363,,,0.0,1,1,1
MONDO_0009364,"muscular dystrophy-dystroglycanopathy (congenital with brain and eye anomalies), type A1",True,0.0,2,2,2
MONDO_0009367,,,0.0,46,46,46
MONDO_0009370,,,0.0,6,6,6
MONDO_0009371,,,0.0,3,3,3
MONDO_0009372,,,0.0,4,4,4
MONDO_0009373,,,0.0,6,6,6
MONDO_0009374,hydroxyprolinemia,True,0.0,4,4,4
MONDO_0009377,,,0.0,3,3,3
MONDO_0009378,hyper-beta-alaninemia,True,0.0,1,1,1
MONDO_0009379,,,0.0,15,15,15
MONDO_0009380,,,0.0,26,26,26
MONDO_0009383,transient familial neonatal hyperbilirubinemia,True,0.0,4,4,4
MONDO_0009384,,,0.0,16,16,16
MONDO_0009387,familial lipoprotein lipase deficiency,False,5.0,40,40,40
MONDO_0009388,,,0.0,9,9,9
MONDO_0009393,,,0.0,13,13,13
MONDO_0009394,,,0.0,14,14,14
MONDO_0009395,,,0.0,39,39,39
MONDO_0009397,,,0.0,19,19,19
MONDO_0009400,,,0.0,51,51,51
MONDO_0009401,,,0.0,9,9,9
MONDO_0009402,,,0.0,1,1,1
MONDO_0009404,,,0.0,3,3,3
MONDO_0009405,,,0.0,5,5,5
MONDO_0009406,,,0.0,17,17,17
MONDO_0009411,,,0.0,51,51,51
MONDO_0009413,"immunodeficiency, common variable, 2",True,0.0,137,137,137
MONDO_0009414,,,0.0,58,58,58
MONDO_0009416,,,0.0,84,84,84
MONDO_0009417,,,0.0,36,36,36
MONDO_0009419,,,0.0,30,30,30
MONDO_0009420,,,0.0,37,37,37
MONDO_0009425,,,0.0,4,4,4
MONDO_0009426,hypoparathyroidism-retardation-dysmorphism syndrome,True,0.0,83,83,83
MONDO_0009431,,,0.0,25,25,25
MONDO_0009436,,,0.0,9,9,9
MONDO_0009437,,,0.0,5,5,5
MONDO_0009444,ichthyosis-alopecia-eclabion-ectropion-intellectual disability syndrome,True,0.0,1,1,1
MONDO_0009445,,,0.0,26,26,26
MONDO_0009446,,,0.0,20,20,20
MONDO_0009448,iminoglycinuria,True,0.0,2,2,2
MONDO_0009451,Nezelof syndrome,True,0.0,123,123,123
MONDO_0009452,,,0.0,5,5,5
MONDO_0009454,,,0.0,12,12,12
MONDO_0009458,Schimke immuno-osseous dysplasia,True,0.0,19,19,19
MONDO_0009459,,,0.0,1,1,1
MONDO_0009461,,,0.0,53,53,53
MONDO_0009465,,,0.0,10,10,10
MONDO_0009467,,,0.0,9,9,9
MONDO_0009469,benign recurrent intrahepatic cholestasis type 1,True,0.0,3,3,3
MONDO_0009470,,,0.0,3,3,3
MONDO_0009473,,,0.0,3,3,3
MONDO_0009475,,,0.0,9,9,9
MONDO_0009476,,,0.0,15,15,15
MONDO_0009478,combined immunodeficiency due to DOCK8 deficiency,True,0.0,111,111,111
MONDO_0009479,Johanson-Blizzard syndrome,True,0.0,2,2,2
MONDO_0009480,,,0.0,19,19,19
MONDO_0009482,,,0.0,5,5,5
MONDO_0009483,Kapur-Toriello syndrome,True,0.0,5,5,5
MONDO_0009485,,,0.0,3,3,3
MONDO_0009486,,,0.0,19,19,19
MONDO_0009489,"hereditary palmoplantar keratoderma, Gamborg-Nielsen type",True,0.0,9,9,9
MONDO_0009490,,,0.0,25,25,25
MONDO_0009491,,,0.0,149,149,149
MONDO_0009493,Richards-Rundle syndrome,True,0.0,1,1,1
MONDO_0009495,,,0.0,8,8,8
MONDO_0009498,,,0.0,14,14,14
MONDO_0009499,,,0.0,82,82,82
MONDO_0009501,metabolic myopathy due to lactate transporter defect,True,0.0,1,1,1
MONDO_0009502,,,0.0,3,3,3
MONDO_0009503,,,0.0,3,3,3
MONDO_0009506,,,0.0,71,71,71
MONDO_0009511,,,0.0,4,4,4
MONDO_0009512,,,0.0,5,5,5
MONDO_0009513,laryngo-onycho-cutaneous syndrome,True,0.0,3,3,3
MONDO_0009514,,,0.0,204,204,204
MONDO_0009515,,,0.0,15,15,15
MONDO_0009516,,,0.0,9,9,9
MONDO_0009517,Donohue syndrome,True,0.0,10,10,10
MONDO_0009522,Leukomelanoderma-infantilism-intellectual disability-hypodontia-hypotrichosis syndrome,True,0.0,4,4,4
MONDO_0009524,,,0.0,3,3,3
MONDO_0009525,,,0.0,3,3,3
MONDO_0009528,,,0.0,26,26,26
MONDO_0009529,,,0.0,4,4,4
MONDO_0009530,,,0.0,10,10,10
MONDO_0009532,Miller-Dieker lissencephaly syndrome,True,0.0,18,18,18
MONDO_0009533,Dahlberg-Borer-Newcomer syndrome,True,0.0,2,2,2
MONDO_0009543,,,0.0,1,1,1
MONDO_0009547,macrosomia-microphthalmia-cleft palate syndrome,True,0.0,5,5,5
MONDO_0009548,,,0.0,13,13,13
MONDO_0009549,,,0.0,59,59,59
MONDO_0009550,,,0.0,24,24,24
MONDO_0009552,mal de Meleda,True,0.0,16,16,16
MONDO_0009556,,,0.0,2,2,2
MONDO_0009557,,,0.0,18,18,18
MONDO_0009558,,,0.0,3,3,3
MONDO_0009560,oculotrichoanal syndrome,True,0.0,2,2,2
MONDO_0009561,,,0.0,12,12,12
MONDO_0009562,,,0.0,2,2,2
MONDO_0009563,,,0.0,48,48,48
MONDO_0009564,,,0.0,4,4,4
MONDO_0009565,microcephaly-glomerulonephritis-marfanoid habitus syndrome,True,0.0,1,1,1
MONDO_0009566,,,0.0,2,2,2
MONDO_0009567,,,0.0,154,154,154
MONDO_0009568,,,0.0,8,8,8
MONDO_0009569,Hennekam-Beemer syndrome,True,0.0,1,1,1
MONDO_0009571,,,0.0,345,345,345
MONDO_0009572,,,0.0,5,5,5
MONDO_0009575,,,0.0,10,10,10
MONDO_0009576,,,0.0,46,46,46
MONDO_0009577,megalocornea-intellectual disability syndrome,True,0.0,2,2,2
MONDO_0009578,,,0.0,13,13,13
MONDO_0009579,,,0.0,11,11,11
MONDO_0009581,,,0.0,5,5,5
MONDO_0009582,Mietens syndrome,True,0.0,5,5,5
MONDO_0009583,"blepharophimosis - intellectual disability syndrome, Ohdo type",True,0.0,2,2,2
MONDO_0009584,,,0.0,4,4,4
MONDO_0009585,,,0.0,2,2,2
MONDO_0009588,,,0.0,91,91,91
MONDO_0009589,,,0.0,13,13,13
MONDO_0009591,,,0.0,4,4,4
MONDO_0009593,,,0.0,19,19,19
MONDO_0009595,,,0.0,81,81,81
MONDO_0009597,,,0.0,32,32,32
MONDO_0009598,,,0.0,2,2,2
MONDO_0009599,,,0.0,31,31,31
MONDO_0009601,,,0.0,14,14,14
MONDO_0009603,,,0.0,2,2,2
MONDO_0009606,,,0.0,13,13,13
MONDO_0009607,,,0.0,2,2,2
MONDO_0009610,,,0.0,9,9,9
MONDO_0009611,,,0.0,5,5,5
MONDO_0009612,,,0.0,9,9,9
MONDO_0009615,,,0.0,3,3,3
MONDO_0009616,"microcephalic primordial dwarfism, Toriello type",True,0.0,17,17,17
MONDO_0009617,,,0.0,7,7,7
MONDO_0009618,,,0.0,9,9,9
MONDO_0009619,,,0.0,10,10,10
MONDO_0009620,,,0.0,3,3,3
MONDO_0009621,,,0.0,7,7,7
MONDO_0009622,,,0.0,5,5,5
MONDO_0009623,,,0.0,639,639,639
MONDO_0009624,,,0.0,19,19,19
MONDO_0009627,,,0.0,23,23,23
MONDO_0009629,Desbuquois dysplasia 1,True,0.0,20,20,20
MONDO_0009633,,,0.0,9,9,9
MONDO_0009635,,,0.0,42,42,42
MONDO_0009636,,,0.0,5,5,5
MONDO_0009637,,,0.0,12,12,12
MONDO_0009642,orofaciodigital syndrome type II,True,0.0,14,14,14
MONDO_0009644,,,0.0,1,1,1
MONDO_0009646,,,0.0,49,49,49
MONDO_0009650,,,0.0,18,18,18
MONDO_0009652,GNPTG-mucolipidosis,True,0.0,1,1,1
MONDO_0009653,,,0.0,26,26,26
MONDO_0009655,,,0.0,33,33,33
MONDO_0009656,,,0.0,23,23,23
MONDO_0009657,,,0.0,7,7,7
MONDO_0009658,,,0.0,3,3,3
MONDO_0009659,mucopolysaccharidosis type 4A,False,1.0,46,46,46
MONDO_0009660,,,0.0,22,22,22
MONDO_0009661,mucopolysaccharidosis type 6,False,2.0,40,40,40
MONDO_0009662,,,0.0,30,30,30
MONDO_0009664,mulibrey nanism,True,0.0,4,4,4
MONDO_0009665,,,0.0,9,9,9
MONDO_0009666,,,0.0,2,2,2
MONDO_0009667,"muscular dystrophy-dystroglycanopathy (congenital with brain and eye anomalies), type A3",True,0.0,2,2,2
MONDO_0009668,,,0.0,24,24,24
MONDO_0009669,"spinal muscular atrophy, type 1",False,2.0,42,42,42
MONDO_0009670,,,0.0,5,5,5
MONDO_0009671,,,0.0,2,2,2
MONDO_0009672,"spinal muscular atrophy, type III",False,42.0,65,65,65
MONDO_0009673,"spinal muscular atrophy, type II",False,2.0,14,14,14
MONDO_0009674,,,0.0,4,4,4
MONDO_0009675,,,0.0,59,59,59
MONDO_0009676,autosomal recessive limb-girdle muscular dystrophy type 2B,False,1.0,57,57,57
MONDO_0009677,,,0.0,27,27,27
MONDO_0009678,,,0.0,22,22,22
MONDO_0009680,,,0.0,29,29,29
MONDO_0009681,,,0.0,8,8,8
MONDO_0009682,,,0.0,5,5,5
MONDO_0009683,,,0.0,21,21,21
MONDO_0009685,Miyoshi myopathy,False,1.0,898,898,898
MONDO_0009694,,,0.0,26,26,26
MONDO_0009696,,,0.0,78,78,78
MONDO_0009697,,,0.0,58,58,58
MONDO_0009698,Unverricht-Lundborg syndrome,False,3.0,39,39,39
MONDO_0009699,,,0.0,16,16,16
MONDO_0009703,,,0.0,15,15,15
MONDO_0009704,,,0.0,32,32,32
MONDO_0009705,,,0.0,9,9,9
MONDO_0009706,hereditary myopathy with lactic acidosis due to ISCU deficiency,True,0.0,6,6,6
MONDO_0009708,,,0.0,18,18,18
MONDO_0009709,,,0.0,8,8,8
MONDO_0009710,,,0.0,25,25,25
MONDO_0009711,,,0.0,13,13,13
MONDO_0009712,,,0.0,6,6,6
MONDO_0009714,,,0.0,7,7,7
MONDO_0009715,,,0.0,5,5,5
MONDO_0009716,,,0.0,13,13,13
MONDO_0009717,,,0.0,213,213,213
MONDO_0009719,,,0.0,19,19,19
MONDO_0009720,Keipert syndrome,True,0.0,4,4,4
MONDO_0009721,,,0.0,25,25,25
MONDO_0009722,,,0.0,19,19,19
MONDO_0009723,Leigh syndrome,False,1.0,374,374,374
MONDO_0009724,,,0.0,52,52,52
MONDO_0009725,,,0.0,8,8,8
MONDO_0009726,proteosome-associated autoinflammatory syndrome,True,0.0,19,19,19
MONDO_0009727,,,0.0,18,18,18
MONDO_0009728,,,0.0,39,39,39
MONDO_0009729,,,0.0,22,22,22
MONDO_0009731,,,0.0,5,5,5
MONDO_0009732,,,0.0,51,51,51
MONDO_0009733,,,0.0,30,30,30
MONDO_0009734,,,0.0,60,60,60
MONDO_0009735,Netherton syndrome,False,5.0,171,171,171
MONDO_0009736,,,0.0,1,1,1
MONDO_0009737,,,0.0,21,21,21
MONDO_0009738,,,0.0,5,5,5
MONDO_0009741,"neuroblastoma, susceptibility to, 1",True,0.0,1,1,1
MONDO_0009742,,,0.0,9,9,9
MONDO_0009744,,,0.0,22,22,22
MONDO_0009745,,,0.0,22,22,22
MONDO_0009746,,,0.0,15,15,15
MONDO_0009747,,,0.0,1,1,1
MONDO_0009748,,,0.0,1,1,1
MONDO_0009756,Niemann-Pick disease type A,True,0.0,13,13,13
MONDO_0009757,,,0.0,39,39,39
MONDO_0009759,,,0.0,3,3,3
MONDO_0009764,,,0.0,3,3,3
MONDO_0009767,,,0.0,16,16,16
MONDO_0009768,,,0.0,9,9,9
MONDO_0009769,oculo-palato-cerebral syndrome,True,0.0,6,6,6
MONDO_0009771,,,0.0,13,13,13
MONDO_0009773,,,0.0,2,2,2
MONDO_0009774,,,0.0,5,5,5
MONDO_0009775,,,0.0,2,2,2
MONDO_0009776,,,0.0,59,59,59
MONDO_0009777,Oliver syndrome,True,0.0,3,3,3
MONDO_0009779,,,0.0,14,14,14
MONDO_0009780,,,0.0,10,10,10
MONDO_0009783,,,0.0,6,6,6
MONDO_0009785,opsismodysplasia,True,0.0,12,12,12
MONDO_0009786,,,0.0,13,13,13
MONDO_0009787,,,0.0,10,10,10
MONDO_0009793,orofaciodigital syndrome III,True,0.0,4,4,4
MONDO_0009794,orofaciodigital syndrome IV,True,0.0,6,6,6
MONDO_0009795,,,0.0,2,2,2
MONDO_0009796,,,0.0,9,9,9
MONDO_0009797,,,0.0,41,41,41
MONDO_0009798,,,0.0,8,8,8
MONDO_0009801,,,0.0,13,13,13
MONDO_0009803,,,0.0,1,1,1
MONDO_0009804,osteogenesis imperfecta type 3,False,3.0,26,26,26
MONDO_0009805,,,0.0,22,22,22
MONDO_0009810,,,0.0,6,6,6
MONDO_0009813,,,0.0,86,86,86
MONDO_0009814,,,0.0,17,17,17
MONDO_0009815,,,0.0,11,11,11
MONDO_0009816,,,0.0,14,14,14
MONDO_0009818,,,0.0,9,9,9
MONDO_0009820,,,0.0,314,314,314
MONDO_0009821,,,0.0,16,16,16
MONDO_0009823,primary hyperoxaluria type 1,False,2.0,39,39,39
MONDO_0009824,primary hyperoxaluria type 2,False,1.0,43,43,43
MONDO_0009825,,,0.0,7,7,7
MONDO_0009830,,,0.0,32,32,32
MONDO_0009832,,,0.0,5,5,5
MONDO_0009833,Shwachman-Diamond syndrome,False,16.0,317,317,317
MONDO_0009837,,,0.0,36,36,36
MONDO_0009838,Parana hard-skin syndrome,True,0.0,1,1,1
MONDO_0009839,,,0.0,4,4,4
MONDO_0009841,PEHO syndrome,True,0.0,3,3,3
MONDO_0009842,Pelger-Huet-like anomaly and episodic fever with abdominal pain,True,0.0,32,32,32
MONDO_0009845,,,0.0,7,7,7
MONDO_0009846,,,0.0,32,32,32
MONDO_0009847,"pericardial effusion, chronic",True,0.0,3,3,3
MONDO_0009849,,,0.0,38,38,38
MONDO_0009856,,,0.0,3,3,3
MONDO_0009857,,,0.0,49,49,49
MONDO_0009858,Pfeiffer-Palm-Teller syndrome,True,0.0,2,2,2
MONDO_0009859,PHAVER syndrome,True,0.0,7,7,7
MONDO_0009861,phenylketonuria,False,1.0,117,117,117
MONDO_0009862,,,0.0,12,12,12
MONDO_0009863,,,0.0,12,12,12
MONDO_0009864,,,0.0,32,32,32
MONDO_0009865,,,0.0,17,17,17
MONDO_0009866,,,0.0,4,4,4
MONDO_0009867,,,0.0,16,16,16
MONDO_0009868,,,0.0,19,19,19
MONDO_0009869,isolated Pierre-Robin syndrome,True,0.0,9,9,9
MONDO_0009870,pili torti,True,0.0,9,9,9
MONDO_0009871,,,0.0,3,3,3
MONDO_0009872,,,0.0,130,130,130
MONDO_0009874,,,0.0,24,24,24
MONDO_0009875,,,0.0,1,1,1
MONDO_0009876,,,0.0,28,28,28
MONDO_0009877,Laron syndrome,False,1.0,10,10,10
MONDO_0009879,,,0.0,1,1,1
MONDO_0009880,,,0.0,18,18,18
MONDO_0009883,alpha-2-plasmin inhibitor deficiency,True,0.0,8,8,8
MONDO_0009885,,,0.0,17,17,17
MONDO_0009889,autosomal recessive polycystic kidney disease,False,3.0,100,100,100
MONDO_0009892,,,0.0,18,18,18
MONDO_0009894,,,0.0,2,2,2
MONDO_0009895,,,0.0,7,7,7
MONDO_0009897,adult polyglucosan body disease,True,0.0,7,7,7
MONDO_0009900,polysyndactyly-cardiac malformation syndrome,True,0.0,2,2,2
MONDO_0009901,,,0.0,762,762,762
MONDO_0009903,,,0.0,9,9,9
MONDO_0009904,,,0.0,32,32,32
MONDO_0009905,,,0.0,14,14,14
MONDO_0009908,,,0.0,5,5,5
MONDO_0009910,Wiedemann-Rautenstrauch syndrome,True,0.0,6,6,6
MONDO_0009914,,,0.0,3,3,3
MONDO_0009915,,,0.0,12,12,12
MONDO_0009916,,,0.0,24,24,24
MONDO_0009917,,,0.0,18,18,18
MONDO_0009920,Acrootoocular syndrome,True,0.0,4,4,4
MONDO_0009921,holoprosencephaly-postaxial polydactyly syndrome,True,0.0,3,3,3
MONDO_0009923,,,0.0,38,38,38
MONDO_0009925,autosomal recessive inherited pseudoxanthoma elasticum,False,2.0,10,10,10
MONDO_0009926,,,0.0,12,12,12
MONDO_0009928,pulmonary alveolar microlithiasis,True,0.0,7,7,7
MONDO_0009929,,,0.0,16,16,16
MONDO_0009933,,,0.0,32,32,32
MONDO_0009934,alveolar capillary dysplasia with misalignment of pulmonary veins,True,0.0,12,12,12
MONDO_0009935,,,0.0,17,17,17
MONDO_0009936,,,0.0,29,29,29
MONDO_0009937,pulmonary venoocclusive disease,False,5.0,56,56,56
MONDO_0009940,,,0.0,27,27,27
MONDO_0009942,,,0.0,62,62,62
MONDO_0009943,Pyle disease,True,0.0,32,32,32
MONDO_0009945,,,0.0,12,12,12
MONDO_0009946,,,0.0,21,21,21
MONDO_0009947,,,0.0,10,10,10
MONDO_0009948,,,0.0,40,40,40
MONDO_0009952,,,0.0,3,3,3
MONDO_0009953,,,0.0,74,74,74
MONDO_0009954,Ramon syndrome,True,0.0,7,7,7
MONDO_0009955,,,0.0,9,9,9
MONDO_0009958,,,0.0,5,5,5
MONDO_0009959,,,0.0,2,2,2
MONDO_0009960,,,0.0,46,46,46
MONDO_0009962,,,0.0,43,43,43
MONDO_0009963,Ulbright-Hodes syndrome,True,0.0,26,26,26
MONDO_0009964,,,0.0,1,1,1
MONDO_0009965,Perlman syndrome,True,0.0,7,7,7
MONDO_0009966,NPHP3-related Meckel-like syndrome,True,0.0,4,4,4
MONDO_0009968,,,0.0,1,1,1
MONDO_0009969,,,0.0,6,6,6
MONDO_0009970,,,0.0,9,9,9
MONDO_0009971,respiratory distress syndrome in premature infants,False,1.0,137,137,137
MONDO_0009973,,,0.0,167,167,167
MONDO_0009974,,,0.0,17,17,17
MONDO_0009978,,,0.0,17,17,17
MONDO_0009979,,,0.0,22,22,22
MONDO_0009983,,,0.0,10,10,10
MONDO_0009990,,,0.0,3,3,3
MONDO_0009992,,,0.0,14,14,14
MONDO_0009996,,,0.0,13,13,13
MONDO_0009998,,,0.0,18,18,18
MONDO_0009999,,,0.0,69,69,69
MONDO_0010000,,,0.0,4,4,4
MONDO_0010001,ectodermal dysplasia-blindness syndrome,True,0.0,4,4,4
MONDO_0010002,,,0.0,14,14,14
MONDO_0010004,,,0.0,16,16,16
MONDO_0010005,,,0.0,6,6,6
MONDO_0010006,Sandhoff disease,False,2.0,30,30,30
MONDO_0010007,microbrachycephaly-ptosis-cleft lip syndrome,True,0.0,6,6,6
MONDO_0010008,sarcosinemia,True,0.0,3,3,3
MONDO_0010010,,,0.0,9,9,9
MONDO_0010011,,,0.0,17,17,17
MONDO_0010013,,,0.0,18,18,18
MONDO_0010014,,,0.0,29,29,29
MONDO_0010015,,,0.0,28,28,28
MONDO_0010017,,,0.0,40,40,40
MONDO_0010020,,,0.0,35,35,35
MONDO_0010023,,,0.0,172,172,172
MONDO_0010024,Beemer-Langer syndrome,True,0.0,3,3,3
MONDO_0010026,SHORT syndrome,True,0.0,26,26,26
MONDO_0010027,,,0.0,1,1,1
MONDO_0010029,,,0.0,19,19,19
MONDO_0010031,,,0.0,44,44,44
MONDO_0010033,generalized peeling skin syndrome,True,0.0,1,1,1
MONDO_0010035,Smith-Lemli-Opitz syndrome,False,1.0,87,87,87
MONDO_0010038,growth delay due to insulin-like growth factor I resistance,True,0.0,1,1,1
MONDO_0010039,congenital heart defect-round face-developmental delay syndrome,True,0.0,5,5,5
MONDO_0010041,,,0.0,66,66,66
MONDO_0010043,,,0.0,3,3,3
MONDO_0010044,,,0.0,3,3,3
MONDO_0010046,,,0.0,5,5,5
MONDO_0010047,,,0.0,1,1,1
MONDO_0010051,,,0.0,4,4,4
MONDO_0010053,,,0.0,32,32,32
MONDO_0010056,,,0.0,29,29,29
MONDO_0010060,,,0.0,9,9,9
MONDO_0010062,,,0.0,3,3,3
MONDO_0010063,,,0.0,7,7,7
MONDO_0010064,spastic ataxia-corneal dystrophy syndrome,True,0.0,19,19,19
MONDO_0010066,,,0.0,192,192,192
MONDO_0010068,,,0.0,24,24,24
MONDO_0010069,spondylocostal dysostosis-anal and genitourinary malformations syndrome,True,0.0,7,7,7
MONDO_0010070,,,0.0,20,20,20
MONDO_0010072,,,0.0,9,9,9
MONDO_0010073,"spondyloepiphyseal dysplasia tarda, Kohn type",True,0.0,12,12,12
MONDO_0010074,,,0.0,13,13,13
MONDO_0010075,,,0.0,16,16,16
MONDO_0010076,,,0.0,26,26,26
MONDO_0010077,,,0.0,24,24,24
MONDO_0010078,,,0.0,21,21,21
MONDO_0010079,Canavan disease,False,3.0,20,20,20
MONDO_0010080,,,0.0,20,20,20
MONDO_0010083,,,0.0,32,32,32
MONDO_0010088,,,0.0,5,5,5
MONDO_0010089,,,0.0,5,5,5
MONDO_0010091,,,0.0,2,2,2
MONDO_0010092,,,0.0,2,2,2
MONDO_0010094,,,0.0,12,12,12
MONDO_0010095,ataxia-tapetoretinal degeneration syndrome,True,0.0,6,6,6
MONDO_0010098,,,0.0,9,9,9
MONDO_0010099,,,0.0,2,2,2
MONDO_0010100,Tay-Sachs disease,False,2.0,79,79,79
MONDO_0010104,,,0.0,15,15,15
MONDO_0010110,tetraamelia-multiple malformations syndrome,True,0.0,3,3,3
MONDO_0010111,,,0.0,1,1,1
MONDO_0010116,thoracomelic dysplasia,True,0.0,10,10,10
MONDO_0010120,,,0.0,29,29,29
MONDO_0010121,,,0.0,28,28,28
MONDO_0010122,,,0.0,26,26,26
MONDO_0010125,,,0.0,14,14,14
MONDO_0010127,"thymoma, familial",True,0.0,3,3,3
MONDO_0010128,,,0.0,8,8,8
MONDO_0010129,,,0.0,3,3,3
MONDO_0010130,,,0.0,11,11,11
MONDO_0010131,,,0.0,15,15,15
MONDO_0010132,,,0.0,14,14,14
MONDO_0010134,,,0.0,36,36,36
MONDO_0010139,,,0.0,9,9,9
MONDO_0010140,,,0.0,2,2,2
MONDO_0010142,,,0.0,13,13,13
MONDO_0010144,,,0.0,27,27,27
MONDO_0010152,,,0.0,82,82,82
MONDO_0010155,,,0.0,3,3,3
MONDO_0010156,,,0.0,2,2,2
MONDO_0010159,,,0.0,92,92,92
MONDO_0010160,,,0.0,4,4,4
MONDO_0010161,,,0.0,15,15,15
MONDO_0010162,,,0.0,4,4,4
MONDO_0010164,"phocomelia, Schinzel type",True,0.0,11,11,11
MONDO_0010165,,,0.0,10,10,10
MONDO_0010167,,,0.0,22,22,22
MONDO_0010168,,,0.0,17,17,17
MONDO_0010169,,,0.0,3,3,3
MONDO_0010170,,,0.0,4,4,4
MONDO_0010171,,,0.0,7,7,7
MONDO_0010172,,,0.0,6,6,6
MONDO_0010173,,,0.0,45,45,45
MONDO_0010176,,,0.0,2,2,2
MONDO_0010178,,,0.0,235,235,235
MONDO_0010180,,,0.0,38,38,38
MONDO_0010181,,,0.0,7,7,7
MONDO_0010187,,,0.0,8,8,8
MONDO_0010188,,,0.0,11,11,11
MONDO_0010191,,,0.0,45,45,45
MONDO_0010192,,,0.0,7,7,7
MONDO_0010193,,,0.0,13,13,13
MONDO_0010196,,,0.0,229,229,229
MONDO_0010199,white forelock with malformations,True,0.0,10,10,10
MONDO_0010200,Wilson disease,False,3.0,516,516,516
MONDO_0010203,,,0.0,1,1,1
MONDO_0010206,,,0.0,33,33,33
MONDO_0010207,,,0.0,5,5,5
MONDO_0010208,,,0.0,8,8,8
MONDO_0010209,,,0.0,27,27,27
MONDO_0010210,,,0.0,18,18,18
MONDO_0010211,,,0.0,21,21,21
MONDO_0010212,,,0.0,26,26,26
MONDO_0010213,,,0.0,10,10,10
MONDO_0010214,,,0.0,3,3,3
MONDO_0010215,,,0.0,2,2,2
MONDO_0010216,,,0.0,9,9,9
MONDO_0010220,,,0.0,41,41,41
MONDO_0010221,,,0.0,4,4,4
MONDO_0010222,X-linked Opitz G/BBB syndrome,True,0.0,4,4,4
MONDO_0010225,,,0.0,71,71,71
MONDO_0010227,,,0.0,6,6,6
MONDO_0010233,,,0.0,4,4,4
MONDO_0010235,,,0.0,26,26,26
MONDO_0010237,,,0.0,5,5,5
MONDO_0010238,,,0.0,10,10,10
MONDO_0010239,,,0.0,7,7,7
MONDO_0010241,,,0.0,3,3,3
MONDO_0010243,X-linked immunoneurologic disorder,True,0.0,9,9,9
MONDO_0010246,,,0.0,42,42,42
MONDO_0010247,,,0.0,15,15,15
MONDO_0010248,,,0.0,36,36,36
MONDO_0010258,,,0.0,3,3,3
MONDO_0010261,,,0.0,6,6,6
MONDO_0010263,Alport syndrome-intellectual disability-midface hypoplasia-elliptocytosis syndrome,True,0.0,2,2,2
MONDO_0010264,,,0.0,45,45,45
MONDO_0010265,,,0.0,1,1,1
MONDO_0010268,,,0.0,2,2,2
MONDO_0010269,Coats disease,False,1.0,59,59,59
MONDO_0010270,,,0.0,7,7,7
MONDO_0010275,,,0.0,12,12,12
MONDO_0010277,,,0.0,1,1,1
MONDO_0010278,,,0.0,7,7,7
MONDO_0010279,,,0.0,25,25,25
MONDO_0010283,,,0.0,6,6,6
MONDO_0010284,,,0.0,2,2,2
MONDO_0010286,,,0.0,1,1,1
MONDO_0010288,,,0.0,3,3,3
MONDO_0010292,Uruguay Faciocardiomusculoskeletal syndrome,True,0.0,7,7,7
MONDO_0010293,,,0.0,1,1,1
MONDO_0010294,X-linked severe congenital neutropenia,True,0.0,118,118,118
MONDO_0010297,,,0.0,1,1,1
MONDO_0010298,Lesch-Nyhan syndrome,False,2.0,54,54,54
MONDO_0010299,,,0.0,25,25,25
MONDO_0010302,,,0.0,158,158,158
MONDO_0010305,,,0.0,3,3,3
MONDO_0010306,,,0.0,8,8,8
MONDO_0010308,,,0.0,23,23,23
MONDO_0010310,,,0.0,85,85,85
MONDO_0010311,Becker muscular dystrophy,False,80.0,207,207,207
MONDO_0010319,,,0.0,19,19,19
MONDO_0010320,,,0.0,11,11,11
MONDO_0010323,,,0.0,2,2,2
MONDO_0010325,,,0.0,3,3,3
MONDO_0010327,,,0.0,1,1,1
MONDO_0010328,,,0.0,95,95,95
MONDO_0010332,,,0.0,1,1,1
MONDO_0010333,,,0.0,2,2,2
MONDO_0010334,,,0.0,5,5,5
MONDO_0010335,,,0.0,13,13,13
MONDO_0010336,,,0.0,2,2,2
MONDO_0010337,,,0.0,2,2,2
MONDO_0010338,,,0.0,1,1,1
MONDO_0010339,,,0.0,2,2,2
MONDO_0010353,,,0.0,2,2,2
MONDO_0010354,,,0.0,4,4,4
MONDO_0010355,,,0.0,1,1,1
MONDO_0010356,,,0.0,31,31,31
MONDO_0010358,,,0.0,31,31,31
MONDO_0010359,,,0.0,16,16,16
MONDO_0010360,,,0.0,1,1,1
MONDO_0010362,,,0.0,20,20,20
MONDO_0010364,,,0.0,10,10,10
MONDO_0010367,,,0.0,18,18,18
MONDO_0010371,,,0.0,5,5,5
MONDO_0010375,,,0.0,12,12,12
MONDO_0010378,,,0.0,13,13,13
MONDO_0010379,,,0.0,18,18,18
MONDO_0010382,fragile X-associated tremor/ataxia syndrome,False,16.0,91,91,91
MONDO_0010383,fragile X syndrome,False,102.0,363,363,363
MONDO_0010386,,,0.0,75,75,75
MONDO_0010390,,,0.0,6,6,6
MONDO_0010392,,,0.0,14,14,14
MONDO_0010393,,,0.0,2,2,2
MONDO_0010395,,,0.0,19,19,19
MONDO_0010396,,,0.0,4,4,4
MONDO_0010397,,,0.0,3,3,3
MONDO_0010401,,,0.0,12,12,12
MONDO_0010402,,,0.0,4,4,4
MONDO_0010403,,,0.0,15,15,15
MONDO_0010404,,,0.0,24,24,24
MONDO_0010407,,,0.0,2,2,2
MONDO_0010408,syndactyly-telecanthus-anogenital and renal malformations syndrome,True,0.0,2,2,2
MONDO_0010412,,,0.0,2,2,2
MONDO_0010414,"myopathy, reducing body, X-linked, early-onset, severe",True,0.0,9,9,9
MONDO_0010415,,,0.0,11,11,11
MONDO_0010417,,,0.0,2,2,2
MONDO_0010418,,,0.0,2,2,2
MONDO_0010421,Bruton-type agammaglobulinemia,True,0.0,113,113,113
MONDO_0010423,"hypospadias 2, X-linked",True,0.0,2,2,2
MONDO_0010425,Lisch epithelial corneal dystrophy,True,0.0,9,9,9
MONDO_0010426,,,0.0,22,22,22
MONDO_0010432,,,0.0,1,1,1
MONDO_0010435,,,0.0,9,9,9
MONDO_0010437,,,0.0,5,5,5
MONDO_0010438,paroxysmal nocturnal hemoglobinuria 1,True,0.0,13,13,13
MONDO_0010441,CK syndrome,True,0.0,4,4,4
MONDO_0010444,,,0.0,73,73,73
MONDO_0010446,,,0.0,53,53,53
MONDO_0010447,,,0.0,1,1,1
MONDO_0010448,,,0.0,5,5,5
MONDO_0010455,"X-linked immunodeficiency with magnesium defect, Epstein-Barr virus infection and neoplasia",True,0.0,149,149,149
MONDO_0010456,,,0.0,1,1,1
MONDO_0010457,,,0.0,5,5,5
MONDO_0010459,,,0.0,19,19,19
MONDO_0010460,,,0.0,1,1,1
MONDO_0010463,"X-linked dominant chondrodysplasia, Chassaing-Lacombe type",True,0.0,15,15,15
MONDO_0010464,,,0.0,1,1,1
MONDO_0010465,,,0.0,1,1,1
MONDO_0010467,,,0.0,18,18,18
MONDO_0010473,,,0.0,4,4,4
MONDO_0010475,,,0.0,16,16,16
MONDO_0010476,,,0.0,26,26,26
MONDO_0010479,,,0.0,3,3,3
MONDO_0010482,,,0.0,32,32,32
MONDO_0010485,,,0.0,4,4,4
MONDO_0010487,,,0.0,2,2,2
MONDO_0010488,,,0.0,19,19,19
MONDO_0010491,,,0.0,20,20,20
MONDO_0010494,,,0.0,3,3,3
MONDO_0010498,MEND syndrome,True,0.0,4,4,4
MONDO_0010502,,,0.0,2,2,2
MONDO_0010504,immunodeficiency 47,True,0.0,19,19,19
MONDO_0010505,,,0.0,2,2,2
MONDO_0010511,,,0.0,51,51,51
MONDO_0010512,,,0.0,1,1,1
MONDO_0010514,,,0.0,161,161,161
MONDO_0010515,Meester-Loeys syndrome,True,0.0,27,27,27
MONDO_0010518,Wiskott-Aldrich syndrome,False,19.0,263,263,263
MONDO_0010519,,,0.0,18,18,18
MONDO_0010520,X-linked Alport syndrome,False,3.0,22,22,22
MONDO_0010523,,,0.0,2,2,2
MONDO_0010524,,,0.0,17,17,17
MONDO_0010526,Fabry disease,False,7.0,411,411,411
MONDO_0010529,X-linked spinocerebellar ataxia type 3,True,0.0,3,3,3
MONDO_0010531,contractures-ectodermal dysplasia-cleft lip/palate syndrome,True,0.0,1,1,1
MONDO_0010532,,,0.0,5,5,5
MONDO_0010533,,,0.0,5,5,5
MONDO_0010534,,,0.0,19,19,19
MONDO_0010535,Bazex-Dupre-Christol syndrome,True,0.0,4,4,4
MONDO_0010537,,,0.0,7,7,7
MONDO_0010539,,,0.0,2,2,2
MONDO_0010540,"bullous dystrophy, macular type",True,0.0,10,10,10
MONDO_0010542,,,0.0,23,23,23
MONDO_0010543,,,0.0,70,70,70
MONDO_0010544,,,0.0,12,12,12
MONDO_0010545,Nance-Horan syndrome,True,0.0,6,6,6
MONDO_0010547,,,0.0,13,13,13
MONDO_0010549,,,0.0,12,12,12
MONDO_0010550,,,0.0,5,5,5
MONDO_0010551,,,0.0,4,4,4
MONDO_0010554,Abruzzo-Erickson syndrome,True,0.0,2,2,2
MONDO_0010555,,,0.0,10,10,10
MONDO_0010557,choroideremia,False,1.0,89,89,89
MONDO_0010558,,,0.0,13,13,13
MONDO_0010559,,,0.0,3,3,3
MONDO_0010560,,,0.0,17,17,17
MONDO_0010561,,,0.0,21,21,21
MONDO_0010562,,,0.0,5,5,5
MONDO_0010563,,,0.0,83,83,83
MONDO_0010566,,,0.0,11,11,11
MONDO_0010568,,,0.0,16,16,16
MONDO_0010569,,,0.0,5,5,5
MONDO_0010570,,,0.0,4,4,4
MONDO_0010571,,,0.0,19,19,19
MONDO_0010572,occipital horn syndrome,True,0.0,2,2,2
MONDO_0010574,,,0.0,156,156,156
MONDO_0010575,,,0.0,15,15,15
MONDO_0010576,,,0.0,20,20,20
MONDO_0010578,,,0.0,3,3,3
MONDO_0010579,,,0.0,34,34,34
MONDO_0010580,,,0.0,106,106,106
MONDO_0010584,"dyskeratosis congenita, X-linked",True,0.0,7,7,7
MONDO_0010585,,,0.0,6,6,6
MONDO_0010586,,,0.0,1,1,1
MONDO_0010588,,,0.0,58,58,58
MONDO_0010589,,,0.0,454,454,454
MONDO_0010590,,,0.0,6,6,6
MONDO_0010591,,,0.0,5,5,5
MONDO_0010592,,,0.0,6,6,6
MONDO_0010598,,,0.0,26,26,26
MONDO_0010602,hemophilia A,False,88.0,213,213,213
MONDO_0010604,hemophilia B,False,82.0,148,148,148
MONDO_0010607,,,0.0,10,10,10
MONDO_0010610,,,0.0,2,2,2
MONDO_0010611,,,0.0,7,7,7
MONDO_0010612,,,0.0,17,17,17
MONDO_0010613,,,0.0,7,7,7
MONDO_0010614,X-linked congenital generalized hypertrichosis,True,0.0,8,8,8
MONDO_0010615,isolated growth hormone deficiency type III,True,0.0,75,75,75
MONDO_0010617,,,0.0,47,47,47
MONDO_0010618,,,0.0,28,28,28
MONDO_0010619,,,0.0,70,70,70
MONDO_0010621,,,0.0,5,5,5
MONDO_0010622,,,0.0,20,20,20
MONDO_0010626,hyper-IgM syndrome type 1,True,0.0,124,124,124
MONDO_0010627,X-linked lymphoproliferative syndrome,True,0.0,17,17,17
MONDO_0010631,,,0.0,21,21,21
MONDO_0010632,,,0.0,11,11,11
MONDO_0010635,,,0.0,35,35,35
MONDO_0010641,X-linked diffuse leiomyomatosis-Alport syndrome,True,0.0,9,9,9
MONDO_0010644,,,0.0,68,68,68
MONDO_0010645,,,0.0,30,30,30
MONDO_0010647,,,0.0,73,73,73
MONDO_0010649,,,0.0,45,45,45
MONDO_0010650,,,0.0,339,339,339
MONDO_0010651,,,0.0,58,58,58
MONDO_0010652,X-linked intellectual disability-seizures-psoriasis syndrome,True,0.0,4,4,4
MONDO_0010653,,,0.0,2,2,2
MONDO_0010654,,,0.0,14,14,14
MONDO_0010655,X-linked intellectual disability with marfanoid habitus,True,0.0,1,1,1
MONDO_0010656,,,0.0,10,10,10
MONDO_0010659,,,0.0,24,24,24
MONDO_0010661,,,0.0,4,4,4
MONDO_0010662,,,0.0,9,9,9
MONDO_0010663,,,0.0,10,10,10
MONDO_0010664,,,0.0,1,1,1
MONDO_0010665,,,0.0,11,11,11
MONDO_0010668,,,0.0,11,11,11
MONDO_0010669,,,0.0,3,3,3
MONDO_0010670,,,0.0,1,1,1
MONDO_0010672,,,0.0,3,3,3
MONDO_0010674,mucopolysaccharidosis type 2,False,6.0,58,58,58
MONDO_0010679,Duchenne muscular dystrophy,False,172.0,639,639,639
MONDO_0010680,,,0.0,18,18,18
MONDO_0010683,X-linked myotubular myopathy,True,0.0,18,18,18
MONDO_0010684,,,0.0,24,24,24
MONDO_0010686,,,0.0,7,7,7
MONDO_0010691,,,0.0,282,282,282
MONDO_0010693,,,0.0,1,1,1
MONDO_0010698,,,0.0,29,29,29
MONDO_0010699,,,0.0,4,4,4
MONDO_0010702,orofaciodigital syndrome I,True,0.0,3,3,3
MONDO_0010704,,,0.0,28,28,28
MONDO_0010706,,,0.0,21,21,21
MONDO_0010709,,,0.0,34,34,34
MONDO_0010710,,,0.0,9,9,9
MONDO_0010711,,,0.0,4,4,4
MONDO_0010712,,,0.0,2,2,2
MONDO_0010713,"properdin deficiency, X-linked",True,0.0,1,1,1
MONDO_0010714,,,0.0,27,27,27
MONDO_0010716,,,0.0,4,4,4
MONDO_0010717,,,0.0,5,5,5
MONDO_0010718,,,0.0,2,2,2
MONDO_0010720,,,0.0,138,138,138
MONDO_0010722,,,0.0,123,123,123
MONDO_0010723,,,0.0,12,12,12
MONDO_0010725,,,0.0,335,335,335
MONDO_0010726,Rett syndrome,False,25.0,218,218,218
MONDO_0010728,,,0.0,1,1,1
MONDO_0010731,,,0.0,50,50,50
MONDO_0010732,,,0.0,9,9,9
MONDO_0010733,,,0.0,4,4,4
MONDO_0010735,Kennedy disease,False,4.0,62,62,62
MONDO_0010737,,,0.0,13,13,13
MONDO_0010738,,,0.0,4,4,4
MONDO_0010741,,,0.0,6,6,6
MONDO_0010742,,,0.0,12,12,12
MONDO_0010743,,,0.0,37,37,37
MONDO_0010745,,,0.0,143,143,143
MONDO_0010747,,,0.0,46,46,46
MONDO_0010748,,,0.0,20,20,20
MONDO_0010749,,,0.0,6,6,6
MONDO_0010750,,,0.0,3,3,3
MONDO_0010752,,,0.0,1,1,1
MONDO_0010753,,,0.0,11,11,11
MONDO_0010754,,,0.0,1,1,1
MONDO_0010758,,,0.0,3,3,3
MONDO_0010759,,,0.0,5,5,5
MONDO_0010765,,,0.0,89,89,89
MONDO_0010768,,,0.0,38,38,38
MONDO_0010771,,,0.0,10,10,10
MONDO_0010773,mitochondrial myopathy with diabetes,True,0.0,10,10,10
MONDO_0010774,,,0.0,14,14,14
MONDO_0010776,,,0.0,1,1,1
MONDO_0010779,,,0.0,6,6,6
MONDO_0010780,,,0.0,15,15,15
MONDO_0010785,,,0.0,25,25,25
MONDO_0010787,,,0.0,29,29,29
MONDO_0010788,Leber hereditary optic neuropathy,False,1.0,93,93,93
MONDO_0010789,,,0.0,17,17,17
MONDO_0010790,,,0.0,22,22,22
MONDO_0010791,"myoglobinuria, recurrent",True,0.0,15,15,15
MONDO_0010792,,,0.0,8,8,8
MONDO_0010793,,,0.0,6,6,6
MONDO_0010794,,,0.0,9,9,9
MONDO_0010795,,,0.0,46,46,46
MONDO_0010796,,,0.0,7,7,7
MONDO_0010797,Pearson syndrome,False,1.0,14,14,14
MONDO_0010799,,,0.0,2,2,2
MONDO_0010801,,,0.0,6,6,6
MONDO_0010802,pancreatic hypoplasia-diabetes-congenital heart disease syndrome,True,0.0,17,17,17
MONDO_0010803,,,0.0,57,57,57
MONDO_0010805,bladder exstrophy,True,0.0,18,18,18
MONDO_0010807,,,0.0,7,7,7
MONDO_0010808,,,0.0,7,7,7
MONDO_0010813,,,0.0,12,12,12
MONDO_0010814,,,0.0,4,4,4
MONDO_0010817,,,0.0,7,7,7
MONDO_0010818,,,0.0,10,10,10
MONDO_0010819,,,0.0,11,11,11
MONDO_0010822,,,0.0,1,1,1
MONDO_0010823,,,0.0,21,21,21
MONDO_0010825,atrioventricular defect-blepharophimosis-radial and anal defect syndrome,True,0.0,1,1,1
MONDO_0010826,childhood absence epilepsy,False,16.0,50,50,50
MONDO_0010830,,,0.0,16,16,16
MONDO_0010831,,,0.0,1,1,1
MONDO_0010835,,,0.0,1,1,1
MONDO_0010838,,,0.0,3,3,3
MONDO_0010839,,,0.0,6,6,6
MONDO_0010840,,,0.0,13,13,13
MONDO_0010842,multiple cutaneous and mucosal venous malformations,True,0.0,7,7,7
MONDO_0010847,,,0.0,9,9,9
MONDO_0010848,,,0.0,6,6,6
MONDO_0010850,,,0.0,8,8,8
MONDO_0010851,Lowry-MacLean syndrome,True,0.0,6,6,6
MONDO_0010854,,,0.0,73,73,73
MONDO_0010855,,,0.0,3,3,3
MONDO_0010856,,,0.0,7,7,7
MONDO_0010857,semantic dementia,False,1.0,36,36,36
MONDO_0010865,,,0.0,4,4,4
MONDO_0010866,,,0.0,6,6,6
MONDO_0010867,,,0.0,7,7,7
MONDO_0010870,,,0.0,30,30,30
MONDO_0010876,,,0.0,1,1,1
MONDO_0010877,,,0.0,2,2,2
MONDO_0010878,,,0.0,13,13,13
MONDO_0010879,,,0.0,2,2,2
MONDO_0010880,"telangiectasia, hereditary hemorrhagic, type 2",True,0.0,21,21,21
MONDO_0010881,,,0.0,9,9,9
MONDO_0010882,,,0.0,7,7,7
MONDO_0010886,,,0.0,6,6,6
MONDO_0010887,isolated anterior cervical hypertrichosis,True,0.0,4,4,4
MONDO_0010888,adenomyosis,False,11.0,256,256,256
MONDO_0010890,,,0.0,59,59,59
MONDO_0010891,,,0.0,4,4,4
MONDO_0010894,,,0.0,89,89,89
MONDO_0010895,ABCD syndrome,True,0.0,13,13,13
MONDO_0010896,pigment dispersion syndrome,True,0.0,11,11,11
MONDO_0010898,,,0.0,38,38,38
MONDO_0010902,,,0.0,2,2,2
MONDO_0010906,,,0.0,10,10,10
MONDO_0010908,loose anagen syndrome,True,0.0,5,5,5
MONDO_0010909,UV-sensitive syndrome 1,True,0.0,8,8,8
MONDO_0010912,"fibrosis of extraocular muscles, congenital, 3A, with or without extraocular involvement",True,0.0,2,2,2
MONDO_0010914,,,0.0,17,17,17
MONDO_0010915,,,0.0,2,2,2
MONDO_0010916,,,0.0,9,9,9
MONDO_0010919,,,0.0,16,16,16
MONDO_0010920,,,0.0,32,32,32
MONDO_0010924,,,0.0,10,10,10
MONDO_0010926,,,0.0,6,6,6
MONDO_0010929,craniosynostosis 4,True,0.0,14,14,14
MONDO_0010930,,,0.0,3,3,3
MONDO_0010932,,,0.0,21,21,21
MONDO_0010933,,,0.0,27,27,27
MONDO_0010938,,,0.0,176,176,176
MONDO_0010939,,,0.0,42,42,42
MONDO_0010946,,,0.0,91,91,91
MONDO_0010949,,,0.0,5,5,5
MONDO_0010952,,,0.0,78,78,78
MONDO_0010953,,,0.0,7,7,7
MONDO_0010959,,,0.0,11,11,11
MONDO_0010961,,,0.0,83,83,83
MONDO_0010962,,,0.0,5,5,5
MONDO_0010964,,,0.0,10,10,10
MONDO_0010966,,,0.0,5,5,5
MONDO_0010967,,,0.0,8,8,8
MONDO_0010970,,,0.0,2,2,2
MONDO_0010971,,,0.0,14,14,14
MONDO_0010972,hydrocephalus-costovertebral dysplasia-Sprengel anomaly syndrome,True,0.0,6,6,6
MONDO_0010974,,,0.0,33,33,33
MONDO_0010977,,,0.0,12,12,12
MONDO_0010979,,,0.0,422,422,422
MONDO_0010983,,,0.0,7,7,7
MONDO_0010986,,,0.0,29,29,29
MONDO_0010988,aplasia cutis-myopia syndrome,True,0.0,2,2,2
MONDO_0010989,,,0.0,18,18,18
MONDO_0010991,"laterality defects, autosomal dominant",True,0.0,2,2,2
MONDO_0010995,,,0.0,8,8,8
MONDO_0010997,,,0.0,250,250,250
MONDO_0010999,fallot complex-intellectual disability-growth delay syndrome,True,0.0,21,21,21
MONDO_0011001,,,0.0,68,68,68
MONDO_0011002,,,0.0,1,1,1
MONDO_0011003,,,0.0,84,84,84
MONDO_0011004,lissencephaly type 3-metacarpal bone dysplasia syndrome,True,0.0,4,4,4
MONDO_0011007,,,0.0,15,15,15
MONDO_0011008,,,0.0,5,5,5
MONDO_0011010,,,0.0,16,16,16
MONDO_0011011,skeletal dysplasia-epilepsy-short stature syndrome,True,0.0,7,7,7
MONDO_0011012,,,0.0,40,40,40
MONDO_0011013,,,0.0,17,17,17
MONDO_0011017,,,0.0,27,27,27
MONDO_0011018,,,0.0,5,5,5
MONDO_0011019,,,0.0,6,6,6
MONDO_0011020,,,0.0,5,5,5
MONDO_0011022,,,0.0,3,3,3
MONDO_0011023,,,0.0,28,28,28
MONDO_0011024,"dermatitis herpetiformis, familial",True,0.0,3,3,3
MONDO_0011025,,,0.0,12,12,12
MONDO_0011028,,,0.0,10,10,10
MONDO_0011031,,,0.0,5,5,5
MONDO_0011032,,,0.0,5,5,5
MONDO_0011034,,,0.0,6,6,6
MONDO_0011035,neurofibromatosis-Noonan syndrome,True,0.0,4,4,4
MONDO_0011038,,,0.0,17,17,17
MONDO_0011041,,,0.0,2,2,2
MONDO_0011045,,,0.0,7,7,7
MONDO_0011046,,,0.0,11,11,11
MONDO_0011047,deafness-epiphyseal dysplasia-short stature syndrome,True,0.0,2,2,2
MONDO_0011049,Fine-Lubinsky syndrome,True,0.0,1,1,1
MONDO_0011050,microcephaly-cardiac defect-lung malsegmentation syndrome,True,0.0,5,5,5
MONDO_0011051,,,0.0,3,3,3
MONDO_0011054,autosomal recessive amelia,True,0.0,1,1,1
MONDO_0011055,,,0.0,2,2,2
MONDO_0011059,,,0.0,6,6,6
MONDO_0011060,,,0.0,45,45,45
MONDO_0011062,,,0.0,2,2,2
MONDO_0011063,,,0.0,6,6,6
MONDO_0011065,,,0.0,1,1,1
MONDO_0011066,,,0.0,6,6,6
MONDO_0011070,,,0.0,4,4,4
MONDO_0011074,,,0.0,2,2,2
MONDO_0011076,,,0.0,17,17,17
MONDO_0011079,,,0.0,14,14,14
MONDO_0011080,progressive deafness with stapes fixation,True,0.0,1,1,1
MONDO_0011081,dislocation of the hip-dysmorphism syndrome,True,0.0,5,5,5
MONDO_0011082,oculoauriculofrontonasal syndrome,True,0.0,1,1,1
MONDO_0011083,trichodental syndrome,True,0.0,6,6,6
MONDO_0011085,,,0.0,7,7,7
MONDO_0011086,,,0.0,188,188,188
MONDO_0011091,,,0.0,9,9,9
MONDO_0011093,,,0.0,8,8,8
MONDO_0011096,,,0.0,34,34,34
MONDO_0011099,human HOXA1 syndromes,True,0.0,34,34,34
MONDO_0011101,,,0.0,4,4,4
MONDO_0011103,,,0.0,5,5,5
MONDO_0011106,facial dysmorphism-lens dislocation-anterior segment abnormalities-spontaneous filtering blebs syndrome,True,0.0,1,1,1
MONDO_0011107,,,0.0,9,9,9
MONDO_0011109,,,0.0,25,25,25
MONDO_0011113,,,0.0,14,14,14
MONDO_0011114,,,0.0,4,4,4
MONDO_0011116,,,0.0,31,31,31
MONDO_0011120,,,0.0,20,20,20
MONDO_0011121,pheochromocytoma/paraganglioma syndrome 2,True,0.0,2,2,2
MONDO_0011125,"trichothiodystrophy 1, photosensitive",True,0.0,2,2,2
MONDO_0011128,,,0.0,6,6,6
MONDO_0011131,tricho-oculo-dermo-vertebral syndrome,True,0.0,1,1,1
MONDO_0011132,"T-cell immunodeficiency, congenital alopecia, and nail dystrophy",True,0.0,60,60,60
MONDO_0011133,,,0.0,15,15,15
MONDO_0011134,,,0.0,3,3,3
MONDO_0011136,,,0.0,36,36,36
MONDO_0011137,,,0.0,15,15,15
MONDO_0011141,,,0.0,28,28,28
MONDO_0011142,,,0.0,400,400,400
MONDO_0011143,,,0.0,10,10,10
MONDO_0011144,,,0.0,15,15,15
MONDO_0011145,,,0.0,13,13,13
MONDO_0011146,,,0.0,229,229,229
MONDO_0011147,chromosome 18q deletion syndrome,True,0.0,2,2,2
MONDO_0011150,,,0.0,5,5,5
MONDO_0011152,,,0.0,3,3,3
MONDO_0011153,,,0.0,74,74,74
MONDO_0011154,,,0.0,1,1,1
MONDO_0011155,,,0.0,11,11,11
MONDO_0011156,progressive familial intrahepatic cholestasis type 2,False,1.0,16,16,16
MONDO_0011157,Gomez-Lopez-Hernandez syndrome,True,0.0,2,2,2
MONDO_0011158,,,0.0,142,142,142
MONDO_0011159,,,0.0,6,6,6
MONDO_0011165,,,0.0,45,45,45
MONDO_0011166,,,0.0,7,7,7
MONDO_0011169,keratosis linearis-ichthyosis congenita-sclerosing keratoderma syndrome,True,0.0,2,2,2
MONDO_0011170,,,0.0,16,16,16
MONDO_0011171,odonto-tricho-ungual-digito-palmar syndrome,True,0.0,3,3,3
MONDO_0011173,,,0.0,20,20,20
MONDO_0011174,hyperzincemia with functional zinc depletion,True,0.0,4,4,4
MONDO_0011176,,,0.0,19,19,19
MONDO_0011178,,,0.0,203,203,203
MONDO_0011182,,,0.0,73,73,73
MONDO_0011184,childhood apraxia of speech,False,2.0,43,43,43
MONDO_0011185,,,0.0,16,16,16
MONDO_0011186,,,0.0,2,2,2
MONDO_0011190,,,0.0,18,18,18
MONDO_0011191,capillary infantile hemangioma,True,0.0,8,8,8
MONDO_0011192,,,0.0,5,5,5
MONDO_0011193,,,0.0,12,12,12
MONDO_0011196,amyotrophic lateral sclerosis type 5,True,0.0,9,9,9
MONDO_0011198,,,0.0,40,40,40
MONDO_0011200,,,0.0,21,21,21
MONDO_0011202,,,0.0,5,5,5
MONDO_0011208,malignant atrophic papulosis,False,2.0,14,14,14
MONDO_0011211,,,0.0,16,16,16
MONDO_0011214,,,0.0,27,27,27
MONDO_0011215,,,0.0,3,3,3
MONDO_0011216,,,0.0,14,14,14
MONDO_0011217,,,0.0,1,1,1
MONDO_0011218,,,0.0,4,4,4
MONDO_0011223,,,0.0,22,22,22
MONDO_0011225,,,0.0,163,163,163
MONDO_0011227,,,0.0,63,63,63
MONDO_0011229,,,0.0,70,70,70
MONDO_0011232,,,0.0,9,9,9
MONDO_0011235,pelvic dysplasia-arthrogryposis of lower limbs syndrome,True,0.0,5,5,5
MONDO_0011236,,,0.0,67,67,67
MONDO_0011239,,,0.0,8,8,8
MONDO_0011240,megalencephaly-capillary malformation-polymicrogyria syndrome,False,1.0,81,81,81
MONDO_0011242,,,0.0,22,22,22
MONDO_0011243,grange syndrome,True,0.0,12,12,12
MONDO_0011244,,,0.0,8,8,8
MONDO_0011246,megaconial type congenital muscular dystrophy,True,0.0,8,8,8
MONDO_0011248,,,0.0,1,1,1
MONDO_0011252,"spondyloepimetaphyseal dysplasia, Shohat type",True,0.0,26,26,26
MONDO_0011255,,,0.0,3,3,3
MONDO_0011257,,,0.0,7,7,7
MONDO_0011258,,,0.0,19,19,19
MONDO_0011261,,,0.0,17,17,17
MONDO_0011264,,,0.0,8,8,8
MONDO_0011266,,,0.0,148,148,148
MONDO_0011268,,,0.0,11,11,11
MONDO_0011269,,,0.0,6,6,6
MONDO_0011271,,,0.0,10,10,10
MONDO_0011272,,,0.0,18,18,18
MONDO_0011273,,,0.0,23,23,23
MONDO_0011274,,,0.0,14,14,14
MONDO_0011275,,,0.0,17,17,17
MONDO_0011283,,,0.0,8,8,8
MONDO_0011287,,,0.0,11,11,11
MONDO_0011296,,,0.0,4,4,4
MONDO_0011299,,,0.0,11,11,11
MONDO_0011301,,,0.0,20,20,20
MONDO_0011303,,,0.0,33,33,33
MONDO_0011308,,,0.0,10,10,10
MONDO_0011309,,,0.0,28,28,28
MONDO_0011313,,,0.0,3,3,3
MONDO_0011320,radioulnar synostosis-microcephaly-scoliosis syndrome,True,0.0,10,10,10
MONDO_0011327,,,0.0,35,35,35
MONDO_0011330,,,0.0,28,28,28
MONDO_0011334,limb-mammary syndrome,True,0.0,6,6,6
MONDO_0011335,,,0.0,22,22,22
MONDO_0011338,Omenn syndrome,True,0.0,91,91,91
MONDO_0011340,congenital tracheal stenosis,False,1.0,2,2,2
MONDO_0011342,,,0.0,27,27,27
MONDO_0011346,,,0.0,26,26,26
MONDO_0011350,,,0.0,2,2,2
MONDO_0011362,,,0.0,23,23,23
MONDO_0011365,,,0.0,4,4,4
MONDO_0011369,,,0.0,24,24,24
MONDO_0011370,,,0.0,16,16,16
MONDO_0011376,,,0.0,49,49,49
MONDO_0011377,long QT syndrome 3,False,2.0,70,70,70
MONDO_0011381,,,0.0,134,134,134
MONDO_0011382,sickle cell disease,False,204.0,467,467,467
MONDO_0011383,,,0.0,109,109,109
MONDO_0011391,,,0.0,11,11,11
MONDO_0011393,,,0.0,52,52,52
MONDO_0011395,,,0.0,12,12,12
MONDO_0011396,,,0.0,7,7,7
MONDO_0011397,,,0.0,4,4,4
MONDO_0011398,,,0.0,4,4,4
MONDO_0011399,,,0.0,74,74,74
MONDO_0011400,,,0.0,75,75,75
MONDO_0011402,,,0.0,4,4,4
MONDO_0011405,poikiloderma with neutropenia,True,0.0,4,4,4
MONDO_0011408,,,0.0,4,4,4
MONDO_0011411,,,0.0,11,11,11
MONDO_0011412,familial encephalopathy with neuroserpin inclusion bodies,True,0.0,4,4,4
MONDO_0011414,,,0.0,40,40,40
MONDO_0011415,,,0.0,1,1,1
MONDO_0011417,,,0.0,18,18,18
MONDO_0011420,,,0.0,41,41,41
MONDO_0011422,,,0.0,6,6,6
MONDO_0011423,,,0.0,24,24,24
MONDO_0011424,,,0.0,7,7,7
MONDO_0011426,,,0.0,19,19,19
MONDO_0011428,,,0.0,2,2,2
MONDO_0011430,,,0.0,17,17,17
MONDO_0011431,,,0.0,6,6,6
MONDO_0011432,,,0.0,1,1,1
MONDO_0011436,autosomal recessive distal spinal muscular atrophy 1,True,0.0,2,2,2
MONDO_0011439,,,0.0,40,40,40
MONDO_0011445,,,0.0,5,5,5
MONDO_0011448,,,0.0,62,62,62
MONDO_0011449,,,0.0,4,4,4
MONDO_0011450,,,0.0,5,5,5
MONDO_0011451,,,0.0,2,2,2
MONDO_0011452,,,0.0,16,16,16
MONDO_0011454,,,0.0,12,12,12
MONDO_0011456,,,0.0,55,55,55
MONDO_0011457,,,0.0,18,18,18
MONDO_0011458,,,0.0,13,13,13
MONDO_0011459,,,0.0,83,83,83
MONDO_0011461,,,0.0,32,32,32
MONDO_0011462,,,0.0,72,72,72
MONDO_0011464,,,0.0,12,12,12
MONDO_0011466,,,0.0,18,18,18
MONDO_0011468,,,0.0,12,12,12
MONDO_0011472,epidermolysis bullosa simplex due to plakophilin deficiency,True,0.0,3,3,3
MONDO_0011475,,,0.0,4,4,4
MONDO_0011476,MHC class I deficiency,True,0.0,11,11,11
MONDO_0011481,craniosynostosis 2,True,0.0,27,27,27
MONDO_0011482,,,0.0,57,57,57
MONDO_0011484,,,0.0,89,89,89
MONDO_0011486,,,0.0,7,7,7
MONDO_0011487,,,0.0,10,10,10
MONDO_0011489,,,0.0,1,1,1
MONDO_0011493,,,0.0,26,26,26
MONDO_0011496,,,0.0,17,17,17
MONDO_0011497,hereditary North American Indian childhood cirrhosis,True,0.0,4,4,4
MONDO_0011500,Becker nevus syndrome,True,0.0,9,9,9
MONDO_0011501,,,0.0,28,28,28
MONDO_0011502,,,0.0,4,4,4
MONDO_0011504,,,0.0,2,2,2
MONDO_0011505,,,0.0,3,3,3
MONDO_0011506,,,0.0,35,35,35
MONDO_0011510,,,0.0,75,75,75
MONDO_0011512,Brooke-Spiegler syndrome,True,0.0,5,5,5
MONDO_0011514,,,0.0,33,33,33
MONDO_0011517,,,0.0,27,27,27
MONDO_0011518,,,0.0,2,2,2
MONDO_0011524,Dianzani autoimmune lymphoproliferative disease,True,0.0,4,4,4
MONDO_0011527,,,0.0,9,9,9
MONDO_0011528,,,0.0,167,167,167
MONDO_0011529,,,0.0,20,20,20
MONDO_0011530,,,0.0,20,20,20
MONDO_0011532,,,0.0,3,3,3
MONDO_0011533,,,0.0,14,14,14
MONDO_0011534,,,0.0,8,8,8
MONDO_0011535,,,0.0,7,7,7
MONDO_0011537,macrocephaly-autism syndrome,True,0.0,7,7,7
MONDO_0011539,,,0.0,27,27,27
MONDO_0011540,,,0.0,27,27,27
MONDO_0011541,,,0.0,24,24,24
MONDO_0011544,,,0.0,9,9,9
MONDO_0011549,,,0.0,341,341,341
MONDO_0011551,,,0.0,28,28,28
MONDO_0011555,,,0.0,8,8,8
MONDO_0011559,benign recurrent intrahepatic cholestasis type 2,True,0.0,7,7,7
MONDO_0011565,,,0.0,39,39,39
MONDO_0011569,,,0.0,11,11,11
MONDO_0011570,,,0.0,2,2,2
MONDO_0011571,,,0.0,7,7,7
MONDO_0011575,,,0.0,2,2,2
MONDO_0011576,,,0.0,23,23,23
MONDO_0011577,,,0.0,7,7,7
MONDO_0011578,,,0.0,11,11,11
MONDO_0011579,,,0.0,35,35,35
MONDO_0011581,,,0.0,21,21,21
MONDO_0011582,,,0.0,2,2,2
MONDO_0011583,,,0.0,11,11,11
MONDO_0011584,Fanconi anemia complementation group D1,True,0.0,3,3,3
MONDO_0011585,,,0.0,4,4,4
MONDO_0011599,,,0.0,59,59,59
MONDO_0011601,,,0.0,50,50,50
MONDO_0011603,,,0.0,49,49,49
MONDO_0011604,,,0.0,123,123,123
MONDO_0011610,,,0.0,5,5,5
MONDO_0011612,,,0.0,36,36,36
MONDO_0011614,,,0.0,43,43,43
MONDO_0011615,,,0.0,1,1,1
MONDO_0011620,,,0.0,51,51,51
MONDO_0011621,acropectoral syndrome,True,0.0,7,7,7
MONDO_0011624,,,0.0,17,17,17
MONDO_0011628,propionic acidemia,False,1.0,30,30,30
MONDO_0011629,,,0.0,1,1,1
MONDO_0011631,,,0.0,23,23,23
MONDO_0011633,,,0.0,3,3,3
MONDO_0011638,,,0.0,38,38,38
MONDO_0011640,,,0.0,2,2,2
MONDO_0011651,,,0.0,1,1,1
MONDO_0011652,Phelan-McDermid syndrome,False,1.0,71,71,71
MONDO_0011661,,,0.0,8,8,8
MONDO_0011663,juvenile primary lateral sclerosis,True,0.0,5,5,5
MONDO_0011664,immunodeficiency due to CD25 deficiency,True,0.0,71,71,71
MONDO_0011667,,,0.0,33,33,33
MONDO_0011668,,,0.0,28,28,28
MONDO_0011669,,,0.0,272,272,272
MONDO_0011670,Ehlers-Danlos syndrome due to tenascin-X deficiency,True,0.0,3,3,3
MONDO_0011671,,,0.0,26,26,26
MONDO_0011673,,,0.0,5,5,5
MONDO_0011674,,,0.0,11,11,11
MONDO_0011675,,,0.0,6,6,6
MONDO_0011676,,,0.0,12,12,12
MONDO_0011679,"craniosynostosis syndrome, autosomal recessive",True,0.0,1,1,1
MONDO_0011681,,,0.0,2,2,2
MONDO_0011682,,,0.0,1,1,1
MONDO_0011683,,,0.0,23,23,23
MONDO_0011686,,,0.0,4,4,4
MONDO_0011687,,,0.0,4,4,4
MONDO_0011688,,,0.0,4,4,4
MONDO_0011690,"Camurati-Engelmann disease, type 2",True,0.0,2,2,2
MONDO_0011694,,,0.0,33,33,33
MONDO_0011698,,,0.0,14,14,14
MONDO_0011702,,,0.0,30,30,30
MONDO_0011705,lymphangioleiomyomatosis,False,20.0,206,206,206
MONDO_0011706,,,0.0,30,30,30
MONDO_0011708,,,0.0,6,6,6
MONDO_0011714,,,0.0,2,2,2
MONDO_0011715,,,0.0,1,1,1
MONDO_0011717,,,0.0,72,72,72
MONDO_0011719,gastrointestinal stromal tumor,False,122.0,510,510,510
MONDO_0011720,,,0.0,39,39,39
MONDO_0011721,,,0.0,10,10,10
MONDO_0011723,hemifacial myohyperplasia,True,0.0,6,6,6
MONDO_0011724,,,0.0,15,15,15
MONDO_0011725,,,0.0,20,20,20
MONDO_0011728,benign essential blepharospasm,False,13.0,24,24,24
MONDO_0011730,,,0.0,5,5,5
MONDO_0011731,,,0.0,11,11,11
MONDO_0011732,,,0.0,3,3,3
MONDO_0011735,,,0.0,196,196,196
MONDO_0011738,,,0.0,11,11,11
MONDO_0011740,Carney-Stratakis syndrome,True,0.0,10,10,10
MONDO_0011744,,,0.0,1,1,1
MONDO_0011749,,,0.0,20,20,20
MONDO_0011752,,,0.0,34,34,34
MONDO_0011754,,,0.0,1,1,1
MONDO_0011755,,,0.0,17,17,17
MONDO_0011756,,,0.0,19,19,19
MONDO_0011758,Hurler syndrome,True,0.0,25,25,25
MONDO_0011759,,,0.0,7,7,7
MONDO_0011760,,,0.0,69,69,69
MONDO_0011765,,,0.0,34,34,34
MONDO_0011766,,,0.0,49,49,49
MONDO_0011767,,,0.0,6,6,6
MONDO_0011771,"neuronopathy, distal hereditary motor, autosomal recessive 3",False,2.0,8,8,8
MONDO_0011772,,,0.0,3,3,3
MONDO_0011773,,,0.0,12,12,12
MONDO_0011774,,,0.0,6,6,6
MONDO_0011775,"nasopharyngeal carcinoma, susceptibility to, 1",True,0.0,9,9,9
MONDO_0011776,CINCA syndrome,False,2.0,53,53,53
MONDO_0011778,,,0.0,5,5,5
MONDO_0011781,,,0.0,50,50,50
MONDO_0011783,,,0.0,3,3,3
MONDO_0011785,,,0.0,1,1,1
MONDO_0011787,,,0.0,35,35,35
MONDO_0011788,cloverleaf skull-multiple congenital anomalies syndrome,True,0.0,8,8,8
MONDO_0011789,,,0.0,5,5,5
MONDO_0011795,,,0.0,5,5,5
MONDO_0011801,,,0.0,10,10,10
MONDO_0011803,,,0.0,12,12,12
MONDO_0011804,,,0.0,303,303,303
MONDO_0011806,,,0.0,17,17,17
MONDO_0011810,,,0.0,2,2,2
MONDO_0011811,,,0.0,17,17,17
MONDO_0011812,,,0.0,4,4,4
MONDO_0011814,,,0.0,26,26,26
MONDO_0011816,,,0.0,6,6,6
MONDO_0011818,,,0.0,61,61,61
MONDO_0011819,,,0.0,26,26,26
MONDO_0011821,,,0.0,4,4,4
MONDO_0011822,,,0.0,21,21,21
MONDO_0011823,,,0.0,4,4,4
MONDO_0011829,,,0.0,2,2,2
MONDO_0011830,,,0.0,3,3,3
MONDO_0011831,,,0.0,62,62,62
MONDO_0011833,,,0.0,21,21,21
MONDO_0011834,,,0.0,15,15,15
MONDO_0011835,,,0.0,4,4,4
MONDO_0011837,,,0.0,1,1,1
MONDO_0011838,,,0.0,15,15,15
MONDO_0011839,,,0.0,7,7,7
MONDO_0011840,,,0.0,28,28,28
MONDO_0011841,,,0.0,13,13,13
MONDO_0011842,,,0.0,6,6,6
MONDO_0011843,,,0.0,25,25,25
MONDO_0011853,,,0.0,6,6,6
MONDO_0011855,,,0.0,226,226,226
MONDO_0011857,,,0.0,39,39,39
MONDO_0011862,,,0.0,5,5,5
MONDO_0011864,,,0.0,170,170,170
MONDO_0011866,,,0.0,6,6,6
MONDO_0011868,,,0.0,2,2,2
MONDO_0011869,epidermolysis bullosa simplex superficialis,True,0.0,1,1,1
MONDO_0011870,,,0.0,2,2,2
MONDO_0011871,Niemann-Pick disease type B,False,1.0,34,34,34
MONDO_0011872,,,0.0,36,36,36
MONDO_0011873,,,0.0,3,3,3
MONDO_0011874,,,0.0,4,4,4
MONDO_0011877,,,0.0,37,37,37
MONDO_0011879,,,0.0,15,15,15
MONDO_0011881,,,0.0,1,1,1
MONDO_0011883,,,0.0,18,18,18
MONDO_0011886,,,0.0,19,19,19
MONDO_0011888,,,0.0,160,160,160
MONDO_0011889,,,0.0,5,5,5
MONDO_0011890,,,0.0,6,6,6
MONDO_0011894,,,0.0,8,8,8
MONDO_0011895,idiopathic hypereosinophilic syndrome,True,0.0,75,75,75
MONDO_0011897,,,0.0,6,6,6
MONDO_0011899,Noonan syndrome-like disorder with loose anagen hair,True,0.0,3,3,3
MONDO_0011901,,,0.0,4,4,4
MONDO_0011902,,,0.0,12,12,12
MONDO_0011903,,,0.0,2,2,2
MONDO_0011904,,,0.0,23,23,23
MONDO_0011906,,,0.0,31,31,31
MONDO_0011907,,,0.0,49,49,49
MONDO_0011909,,,0.0,5,5,5
MONDO_0011911,craniolenticulosutural dysplasia,True,0.0,9,9,9
MONDO_0011913,,,0.0,28,28,28
MONDO_0011915,"mitral valve prolapse, myxomatous 2",True,0.0,5,5,5
MONDO_0011916,,,0.0,3,3,3
MONDO_0011922,nonimmune chronic idiopathic neutropenia of adults,True,0.0,124,124,124
MONDO_0011925,congenital merosin-deficient muscular dystrophy 1A,True,0.0,8,8,8
MONDO_0011927,tufted angioma,False,10.0,27,27,27
MONDO_0011928,,,0.0,10,10,10
MONDO_0011929,chromosome 1p36 deletion syndrome,True,0.0,1,1,1
MONDO_0011932,,,0.0,13,13,13
MONDO_0011934,dermatofibrosarcoma protuberans,False,14.0,110,110,110
MONDO_0011936,,,0.0,5,5,5
MONDO_0011937,,,0.0,6,6,6
MONDO_0011938,,,0.0,27,27,27
MONDO_0011939,Spondyloenchondrodysplasia with immune dysregulation,True,0.0,9,9,9
MONDO_0011945,,,0.0,3,3,3
MONDO_0011946,,,0.0,17,17,17
MONDO_0011948,,,0.0,1,1,1
MONDO_0011950,,,0.0,12,12,12
MONDO_0011953,familial acute necrotizing encephalopathy,True,0.0,6,6,6
MONDO_0011957,,,0.0,14,14,14
MONDO_0011959,,,0.0,72,72,72
MONDO_0011961,,,0.0,1,1,1
MONDO_0011962,endometrial cancer,False,169.0,796,796,796
MONDO_0011964,,,0.0,1,1,1
MONDO_0011965,,,0.0,23,23,23
MONDO_0011968,,,0.0,35,35,35
MONDO_0011970,,,0.0,19,19,19
MONDO_0011971,,,0.0,154,154,154
MONDO_0011972,ovarian hyperstimulation syndrome,False,10.0,133,133,133
MONDO_0011973,"zinc deficiency, transient neonatal",True,0.0,9,9,9
MONDO_0011975,,,0.0,7,7,7
MONDO_0011976,,,0.0,10,10,10
MONDO_0011977,,,0.0,6,6,6
MONDO_0011979,,,0.0,17,17,17
MONDO_0011984,synpolydactyly type 2,True,0.0,6,6,6
MONDO_0011985,hyper-IgM syndrome type 4,True,0.0,98,98,98
MONDO_0011987,,,0.0,7,7,7
MONDO_0011988,,,0.0,124,124,124
MONDO_0011992,,,0.0,2,2,2
MONDO_0011995,cataract - congenital heart disease - neural tube defect syndrome,True,0.0,1,1,1
MONDO_0011997,Hermansky-Pudlak syndrome 2,True,0.0,13,13,13
MONDO_0011998,,,0.0,8,8,8
MONDO_0012008,Lelis syndrome,True,0.0,1,1,1
MONDO_0012012,,,0.0,6,6,6
MONDO_0012013,"Weill-Marchesani syndrome 2, dominant",True,0.0,2,2,2
MONDO_0012014,,,0.0,14,14,14
MONDO_0012016,capillary malformation-arteriovenous malformation syndrome,True,0.0,4,4,4
MONDO_0012019,,,0.0,7,7,7
MONDO_0012020,,,0.0,6,6,6
MONDO_0012024,,,0.0,4,4,4
MONDO_0012031,,,0.0,68,68,68
MONDO_0012032,Braddock syndrome,True,0.0,1,1,1
MONDO_0012033,,,0.0,6,6,6
MONDO_0012034,,,0.0,19,19,19
MONDO_0012041,,,0.0,13,13,13
MONDO_0012043,,,0.0,6,6,6
MONDO_0012052,,,0.0,1,1,1
MONDO_0012055,Larsen-like osseous dysplasia-short stature syndrome,True,0.0,10,10,10
MONDO_0012056,,,0.0,15,15,15
MONDO_0012061,,,0.0,74,74,74
MONDO_0012062,,,0.0,67,67,67
MONDO_0012063,,,0.0,6,6,6
MONDO_0012072,,,0.0,67,67,67
MONDO_0012074,,,0.0,4,4,4
MONDO_0012075,oligodontia-cancer predisposition syndrome,True,0.0,3,3,3
MONDO_0012077,,,0.0,12,12,12
MONDO_0012078,,,0.0,2,2,2
MONDO_0012080,,,0.0,6,6,6
MONDO_0012081,,,0.0,34,34,34
MONDO_0012083,,,0.0,5,5,5
MONDO_0012084,aromatic L-amino acid decarboxylase deficiency,False,1.0,6,6,6
MONDO_0012088,,,0.0,4,4,4
MONDO_0012089,,,0.0,274,274,274
MONDO_0012092,,,0.0,3,3,3
MONDO_0012095,,,0.0,3,3,3
MONDO_0012096,,,0.0,5,5,5
MONDO_0012097,"spondylocostal dysostosis 2, autosomal recessive",True,0.0,17,17,17
MONDO_0012098,,,0.0,37,37,37
MONDO_0012099,AICA-ribosiduria,True,0.0,3,3,3
MONDO_0012103,,,0.0,3,3,3
MONDO_0012104,,,0.0,43,43,43
MONDO_0012108,"spondyloepimetaphyseal dysplasia, matrilin-3 type",True,0.0,22,22,22
MONDO_0012110,,,0.0,19,19,19
MONDO_0012112,,,0.0,79,79,79
MONDO_0012116,,,0.0,13,13,13
MONDO_0012117,,,0.0,5,5,5
MONDO_0012118,COG7-congenital disorder of glycosylation,True,0.0,1,1,1
MONDO_0012120,,,0.0,4,4,4
MONDO_0012124,,,0.0,3,3,3
MONDO_0012125,,,0.0,6,6,6
MONDO_0012126,,,0.0,83,83,83
MONDO_0012127,,,0.0,22,22,22
MONDO_0012130,,,0.0,10,10,10
MONDO_0012132,"colorectal cancer, susceptibility to, 1",True,0.0,1,1,1
MONDO_0012136,,,0.0,8,8,8
MONDO_0012138,,,0.0,3,3,3
MONDO_0012142,,,0.0,10,10,10
MONDO_0012143,hereditary cryohydrocytosis with reduced stomatin,True,0.0,5,5,5
MONDO_0012145,,,0.0,6,6,6
MONDO_0012155,,,0.0,7,7,7
MONDO_0012160,,,0.0,13,13,13
MONDO_0012163,immunodeficiency 104,True,0.0,62,62,62
MONDO_0012164,,,0.0,21,21,21
MONDO_0012165,,,0.0,1,1,1
MONDO_0012166,,,0.0,14,14,14
MONDO_0012172,,,0.0,4,4,4
MONDO_0012173,,,0.0,24,24,24
MONDO_0012176,Emanuel syndrome,True,0.0,2,2,2
MONDO_0012177,,,0.0,3,3,3
MONDO_0012183,"melanoma, cutaneous malignant, susceptibility to, 3",True,0.0,2,2,2
MONDO_0012184,,,0.0,15,15,15
MONDO_0012185,"spondylometaphyseal dysplasia, A4 type",True,0.0,27,27,27
MONDO_0012186,,,0.0,2,2,2
MONDO_0012188,,,0.0,1,1,1
MONDO_0012190,,,0.0,3,3,3
MONDO_0012192,,,0.0,117,117,117
MONDO_0012193,,,0.0,20,20,20
MONDO_0012195,,,0.0,4,4,4
MONDO_0012197,,,0.0,37,37,37
MONDO_0012198,,,0.0,3,3,3
MONDO_0012200,,,0.0,11,11,11
MONDO_0012203,,,0.0,13,13,13
MONDO_0012204,,,0.0,49,49,49
MONDO_0012205,,,0.0,24,24,24
MONDO_0012206,,,0.0,12,12,12
MONDO_0012208,,,0.0,5,5,5
MONDO_0012209,,,0.0,8,8,8
MONDO_0012211,,,0.0,1,1,1
MONDO_0012212,Loeys-Dietz syndrome 1,True,0.0,3,3,3
MONDO_0012213,,,0.0,5,5,5
MONDO_0012215,,,0.0,38,38,38
MONDO_0012216,,,0.0,6,6,6
MONDO_0012220,,,0.0,31,31,31
MONDO_0012222,,,0.0,1,1,1
MONDO_0012225,,,0.0,18,18,18
MONDO_0012231,,,0.0,8,8,8
MONDO_0012235,,,0.0,23,23,23
MONDO_0012237,,,0.0,15,15,15
MONDO_0012238,,,0.0,10,10,10
MONDO_0012239,,,0.0,8,8,8
MONDO_0012240,,,0.0,10,10,10
MONDO_0012241,,,0.0,4,4,4
MONDO_0012243,,,0.0,1,1,1
MONDO_0012246,,,0.0,8,8,8
MONDO_0012247,,,0.0,27,27,27
MONDO_0012248,,,0.0,16,16,16
MONDO_0012249,,,0.0,4,4,4
MONDO_0012250,,,0.0,10,10,10
MONDO_0012251,,,0.0,10,10,10
MONDO_0012252,rhabdoid tumor predisposition syndrome 1,True,0.0,2,2,2
MONDO_0012253,,,0.0,14,14,14
MONDO_0012258,"epidermolysis bullosa simplex 2E, with migratory circinate erythema",True,0.0,7,7,7
MONDO_0012260,,,0.0,21,21,21
MONDO_0012269,,,0.0,1,1,1
MONDO_0012271,mesoaxial synostotic syndactyly with phalangeal reduction,True,0.0,7,7,7
MONDO_0012274,,,0.0,22,22,22
MONDO_0012276,,,0.0,23,23,23
MONDO_0012277,,,0.0,18,18,18
MONDO_0012280,,,0.0,3,3,3
MONDO_0012282,Al-Gazali syndrome,True,0.0,8,8,8
MONDO_0012286,,,0.0,20,20,20
MONDO_0012287,,,0.0,9,9,9
MONDO_0012289,,,0.0,16,16,16
MONDO_0012290,CEDNIK syndrome,True,0.0,1,1,1
MONDO_0012291,,,0.0,123,123,123
MONDO_0012293,,,0.0,4,4,4
MONDO_0012296,lipomyelomeningocele,True,0.0,1,1,1
MONDO_0012297,,,0.0,3,3,3
MONDO_0012299,,,0.0,5,5,5
MONDO_0012301,,,0.0,4,4,4
MONDO_0012307,"familial scaphocephaly syndrome, McGillivray type",True,0.0,2,2,2
MONDO_0012308,Joubert syndrome with renal defect,True,0.0,8,8,8
MONDO_0012313,,,0.0,66,66,66
MONDO_0012314,,,0.0,55,55,55
MONDO_0012315,,,0.0,1,1,1
MONDO_0012316,,,0.0,54,54,54
MONDO_0012320,,,0.0,1,1,1
MONDO_0012322,,,0.0,2,2,2
MONDO_0012323,lethal acantholytic epidermolysis bullosa,True,0.0,4,4,4
MONDO_0012330,talo-patello-scaphoid osteolysis,True,0.0,28,28,28
MONDO_0012333,,,0.0,6,6,6
MONDO_0012334,,,0.0,1,1,1
MONDO_0012335,,,0.0,59,59,59
MONDO_0012342,,,0.0,18,18,18
MONDO_0012345,acral peeling skin syndrome,True,0.0,2,2,2
MONDO_0012350,,,0.0,14,14,14
MONDO_0012351,zygodactyly type 1,True,0.0,1,1,1
MONDO_0012353,,,0.0,49,49,49
MONDO_0012354,,,0.0,18,18,18
MONDO_0012359,combined immunodeficiency due to partial RAG1 deficiency,True,0.0,130,130,130
MONDO_0012363,,,0.0,25,25,25
MONDO_0012367,,,0.0,17,17,17
MONDO_0012371,,,0.0,3,3,3
MONDO_0012374,,,0.0,10,10,10
MONDO_0012381,,,0.0,86,86,86
MONDO_0012382,,,0.0,822,822,822
MONDO_0012383,,,0.0,13,13,13
MONDO_0012387,,,0.0,33,33,33
MONDO_0012391,,,0.0,18,18,18
MONDO_0012394,,,0.0,10,10,10
MONDO_0012396,,,0.0,90,90,90
MONDO_0012398,,,0.0,5,5,5
MONDO_0012399,,,0.0,6,6,6
MONDO_0012401,,,0.0,14,14,14
MONDO_0012407,,,0.0,3,3,3
MONDO_0012410,,,0.0,15,15,15
MONDO_0012411,,,0.0,8,8,8
MONDO_0012413,,,0.0,5,5,5
MONDO_0012414,,,0.0,2,2,2
MONDO_0012417,,,0.0,63,63,63
MONDO_0012419,,,0.0,31,31,31
MONDO_0012423,,,0.0,19,19,19
MONDO_0012426,,,0.0,157,157,157
MONDO_0012427,Loeys-Dietz syndrome 2,True,0.0,4,4,4
MONDO_0012429,Aicardi-Goutieres syndrome 2,True,0.0,11,11,11
MONDO_0012430,,,0.0,5,5,5
MONDO_0012431,diaphragmatic hernia 3,True,0.0,8,8,8
MONDO_0012432,,,0.0,1,1,1
MONDO_0012433,,,0.0,5,5,5
MONDO_0012434,,,0.0,70,70,70
MONDO_0012435,,,0.0,4,4,4
MONDO_0012436,,,0.0,8,8,8
MONDO_0012438,,,0.0,1,1,1
MONDO_0012439,,,0.0,14,14,14
MONDO_0012444,,,0.0,11,11,11
MONDO_0012446,seborrhea-like dermatitis with psoriasiform elements,True,0.0,7,7,7
MONDO_0012449,,,0.0,26,26,26
MONDO_0012450,,,0.0,31,31,31
MONDO_0012453,,,0.0,1,1,1
MONDO_0012454,"alcohol sensitivity, acute",True,0.0,6,6,6
MONDO_0012455,,,0.0,14,14,14
MONDO_0012456,,,0.0,142,142,142
MONDO_0012462,autosomal recessive frontotemporal pachygyria,True,0.0,1,1,1
MONDO_0012465,,,0.0,19,19,19
MONDO_0012472,,,0.0,1,1,1
MONDO_0012475,,,0.0,6,6,6
MONDO_0012476,,,0.0,9,9,9
MONDO_0012479,,,0.0,2,2,2
MONDO_0012480,,,0.0,36,36,36
MONDO_0012481,,,0.0,71,71,71
MONDO_0012483,,,0.0,12,12,12
MONDO_0012495,,,0.0,4,4,4
MONDO_0012496,Koolen-de Vries syndrome,True,0.0,5,5,5
MONDO_0012500,chilblain lupus 1,True,0.0,2,2,2
MONDO_0012502,normophosphatemic familial tumoral calcinosis,True,0.0,2,2,2
MONDO_0012504,,,0.0,3,3,3
MONDO_0012507,,,0.0,10,10,10
MONDO_0012508,,,0.0,1,1,1
MONDO_0012509,,,0.0,6,6,6
MONDO_0012511,preterm premature rupture of the membranes,False,7.0,154,154,154
MONDO_0012514,,,0.0,7,7,7
MONDO_0012516,,,0.0,6,6,6
MONDO_0012517,,,0.0,15,15,15
MONDO_0012519,Rubinstein-Taybi syndrome due to 16p13.3 microdeletion,True,0.0,3,3,3
MONDO_0012520,,,0.0,11,11,11
MONDO_0012521,,,0.0,87,87,87
MONDO_0012522,,,0.0,49,49,49
MONDO_0012524,,,0.0,24,24,24
MONDO_0012525,,,0.0,4,4,4
MONDO_0012526,,,0.0,4,4,4
MONDO_0012528,,,0.0,16,16,16
MONDO_0012530,palmoplantar keratoderma-XX sex reversal-predisposition to squamous cell carcinoma syndrome,True,0.0,11,11,11
MONDO_0012531,,,0.0,5,5,5
MONDO_0012536,,,0.0,20,20,20
MONDO_0012538,,,0.0,20,20,20
MONDO_0012539,,,0.0,1,1,1
MONDO_0012540,,,0.0,30,30,30
MONDO_0012541,,,0.0,9,9,9
MONDO_0012544,brachydactyly-syndactyly syndrome,True,0.0,11,11,11
MONDO_0012545,,,0.0,13,13,13
MONDO_0012546,,,0.0,33,33,33
MONDO_0012548,,,0.0,16,16,16
MONDO_0012549,,,0.0,9,9,9
MONDO_0012552,,,0.0,20,20,20
MONDO_0012553,,,0.0,2,2,2
MONDO_0012556,,,0.0,4,4,4
MONDO_0012557,,,0.0,1,1,1
MONDO_0012559,,,0.0,101,101,101
MONDO_0012561,,,0.0,18,18,18
MONDO_0012563,,,0.0,1,1,1
MONDO_0012569,"mitral valve prolapse, myxomatous 3",True,0.0,5,5,5
MONDO_0012570,body skin hyperlaxity due to vitamin K-dependent coagulation factor deficiency,True,0.0,3,3,3
MONDO_0012574,,,0.0,190,190,190
MONDO_0012579,autoimmune pulmonary alveolar proteinosis,False,3.0,38,38,38
MONDO_0012580,,,0.0,7,7,7
MONDO_0012581,,,0.0,25,25,25
MONDO_0012586,,,0.0,46,46,46
MONDO_0012588,,,0.0,13,13,13
MONDO_0012589,,,0.0,25,25,25
MONDO_0012590,,,0.0,2,2,2
MONDO_0012591,,,0.0,25,25,25
MONDO_0012593,,,0.0,6,6,6
MONDO_0012594,,,0.0,37,37,37
MONDO_0012596,,,0.0,1,1,1
MONDO_0012605,,,0.0,19,19,19
MONDO_0012608,,,0.0,5,5,5
MONDO_0012610,,,0.0,9,9,9
MONDO_0012611,,,0.0,4,4,4
MONDO_0012614,,,0.0,29,29,29
MONDO_0012621,,,0.0,62,62,62
MONDO_0012622,,,0.0,20,20,20
MONDO_0012624,,,0.0,3,3,3
MONDO_0012625,,,0.0,9,9,9
MONDO_0012626,,,0.0,2,2,2
MONDO_0012634,,,0.0,16,16,16
MONDO_0012637,,,0.0,10,10,10
MONDO_0012638,microphthalmia-brain atrophy syndrome,True,0.0,2,2,2
MONDO_0012639,,,0.0,3,3,3
MONDO_0012640,,,0.0,9,9,9
MONDO_0012643,,,0.0,2,2,2
MONDO_0012648,,,0.0,25,25,25
MONDO_0012650,,,0.0,146,146,146
MONDO_0012651,,,0.0,40,40,40
MONDO_0012652,,,0.0,44,44,44
MONDO_0012656,,,0.0,4,4,4
MONDO_0012657,,,0.0,479,479,479
MONDO_0012658,,,0.0,7,7,7
MONDO_0012659,,,0.0,1,1,1
MONDO_0012662,,,0.0,4,4,4
MONDO_0012664,,,0.0,5,5,5
MONDO_0012665,,,0.0,15,15,15
MONDO_0012667,,,0.0,16,16,16
MONDO_0012669,Legius syndrome,True,0.0,8,8,8
MONDO_0012670,,,0.0,3,3,3
MONDO_0012675,,,0.0,18,18,18
MONDO_0012676,,,0.0,28,28,28
MONDO_0012679,,,0.0,25,25,25
MONDO_0012682,,,0.0,118,118,118
MONDO_0012683,,,0.0,1,1,1
MONDO_0012684,,,0.0,64,64,64
MONDO_0012687,,,0.0,5,5,5
MONDO_0012690,,,0.0,2,2,2
MONDO_0012691,LEOPARD syndrome 2,True,0.0,1,1,1
MONDO_0012693,,,0.0,25,25,25
MONDO_0012694,,,0.0,1,1,1
MONDO_0012695,,,0.0,4,4,4
MONDO_0012696,,,0.0,4,4,4
MONDO_0012698,,,0.0,4,4,4
MONDO_0012699,,,0.0,9,9,9
MONDO_0012700,,,0.0,13,13,13
MONDO_0012701,,,0.0,20,20,20
MONDO_0012703,,,0.0,8,8,8
MONDO_0012704,,,0.0,19,19,19
MONDO_0012709,,,0.0,8,8,8
MONDO_0012714,,,0.0,29,29,29
MONDO_0012716,,,0.0,17,17,17
MONDO_0012719,,,0.0,3,3,3
MONDO_0012721,,,0.0,21,21,21
MONDO_0012723,,,0.0,5,5,5
MONDO_0012724,familial cold autoinflammatory syndrome 2,True,0.0,28,28,28
MONDO_0012725,,,0.0,53,53,53
MONDO_0012726,,,0.0,28,28,28
MONDO_0012729,,,0.0,38,38,38
MONDO_0012730,"aortic aneurysm, familial thoracic 6",True,0.0,20,20,20
MONDO_0012733,,,0.0,16,16,16
MONDO_0012734,,,0.0,6,6,6
MONDO_0012736,,,0.0,67,67,67
MONDO_0012737,,,0.0,46,46,46
MONDO_0012738,,,0.0,20,20,20
MONDO_0012739,microtia-eye coloboma-imperforation of the nasolacrimal duct syndrome,True,0.0,2,2,2
MONDO_0012740,,,0.0,2,2,2
MONDO_0012742,,,0.0,57,57,57
MONDO_0012745,,,0.0,36,36,36
MONDO_0012746,,,0.0,26,26,26
MONDO_0012750,,,0.0,1,1,1
MONDO_0012755,,,0.0,5,5,5
MONDO_0012756,,,0.0,2,2,2
MONDO_0012757,,,0.0,112,112,112
MONDO_0012761,,,0.0,4,4,4
MONDO_0012767,,,0.0,30,30,30
MONDO_0012774,,,0.0,5,5,5
MONDO_0012775,,,0.0,48,48,48
MONDO_0012783,,,0.0,1,1,1
MONDO_0012784,,,0.0,3,3,3
MONDO_0012786,,,0.0,24,24,24
MONDO_0012787,,,0.0,8,8,8
MONDO_0012789,,,0.0,30,30,30
MONDO_0012791,,,0.0,23,23,23
MONDO_0012792,,,0.0,2,2,2
MONDO_0012793,,,0.0,14,14,14
MONDO_0012794,,,0.0,12,12,12
MONDO_0012795,,,0.0,9,9,9
MONDO_0012796,,,0.0,16,16,16
MONDO_0012799,,,0.0,80,80,80
MONDO_0012802,,,0.0,11,11,11
MONDO_0012803,,,0.0,5,5,5
MONDO_0012804,,,0.0,66,66,66
MONDO_0012805,,,0.0,33,33,33
MONDO_0012806,,,0.0,1,1,1
MONDO_0012807,,,0.0,1,1,1
MONDO_0012808,,,0.0,75,75,75
MONDO_0012809,"histiocytoma, Angiomatoid fibrous",True,0.0,32,32,32
MONDO_0012812,,,0.0,23,23,23
MONDO_0012815,Coats plus syndrome,True,0.0,3,3,3
MONDO_0012818,,,0.0,21,21,21
MONDO_0012820,,,0.0,5,5,5
MONDO_0012824,,,0.0,1,1,1
MONDO_0012825,extraskeletal myxoid chondrosarcoma,False,12.0,123,123,123
MONDO_0012830,chromosome 10q23 deletion syndrome,True,0.0,1,1,1
MONDO_0012831,,,0.0,30,30,30
MONDO_0012832,,,0.0,7,7,7
MONDO_0012833,Crouzon syndrome-acanthosis nigricans syndrome,False,4.0,197,197,197
MONDO_0012839,pyogenic bacterial infections due to MyD88 deficiency,True,0.0,68,68,68
MONDO_0012840,,,0.0,14,14,14
MONDO_0012845,,,0.0,31,31,31
MONDO_0012848,,,0.0,1,1,1
MONDO_0012849,,,0.0,2,2,2
MONDO_0012850,,,0.0,12,12,12
MONDO_0012851,,,0.0,15,15,15
MONDO_0012853,,,0.0,77,77,77
MONDO_0012854,bilateral microtia-deafness-cleft palate syndrome,True,0.0,3,3,3
MONDO_0012855,,,0.0,2,2,2
MONDO_0012856,,,0.0,8,8,8
MONDO_0012858,primary CD59 deficiency,True,0.0,6,6,6
MONDO_0012859,,,0.0,20,20,20
MONDO_0012860,,,0.0,1,1,1
MONDO_0012865,Pseudofolliculitis barbae,False,1.0,2,2,2
MONDO_0012866,,,0.0,9,9,9
MONDO_0012867,,,0.0,1,1,1
MONDO_0012868,"thrombophilia due to protein S deficiency, autosomal dominant",True,0.0,1,1,1
MONDO_0012871,,,0.0,42,42,42
MONDO_0012873,,,0.0,22,22,22
MONDO_0012876,,,0.0,6,6,6
MONDO_0012880,,,0.0,7,7,7
MONDO_0012885,,,0.0,4,4,4
MONDO_0012891,,,0.0,3,3,3
MONDO_0012892,"bone fragility with contractures, arterial rupture, and deafness",True,0.0,3,3,3
MONDO_0012895,,,0.0,3,3,3
MONDO_0012897,,,0.0,9,9,9
MONDO_0012900,,,0.0,56,56,56
MONDO_0012901,,,0.0,1,1,1
MONDO_0012905,,,0.0,5,5,5
MONDO_0012907,,,0.0,14,14,14
MONDO_0012909,,,0.0,5,5,5
MONDO_0012911,,,0.0,12,12,12
MONDO_0012912,,,0.0,22,22,22
MONDO_0012913,"Wilms tumor, aniridia, genitourinary anomalies, intellectual disability, and obesity syndrome",True,0.0,3,3,3
MONDO_0012914,chromosome 1q21.1 deletion syndrome,True,0.0,2,2,2
MONDO_0012916,,,0.0,1,1,1
MONDO_0012923,,,0.0,49,49,49
MONDO_0012927,,,0.0,2,2,2
MONDO_0012928,,,0.0,4,4,4
MONDO_0012930,autosomal recessive severe congenital neutropenia due to G6PC3 deficiency,True,0.0,4,4,4
MONDO_0012933,,,0.0,4,4,4
MONDO_0012941,,,0.0,49,49,49
MONDO_0012944,,,0.0,24,24,24
MONDO_0012945,,,0.0,12,12,12
MONDO_0012946,,,0.0,4,4,4
MONDO_0012947,,,0.0,3,3,3
MONDO_0012948,chromosome 6pter-p24 deletion syndrome,True,0.0,2,2,2
MONDO_0012953,,,0.0,7,7,7
MONDO_0012960,,,0.0,10,10,10
MONDO_0012964,,,0.0,4,4,4
MONDO_0012967,,,0.0,29,29,29
MONDO_0012975,,,0.0,4,4,4
MONDO_0012977,,,0.0,4,4,4
MONDO_0012980,,,0.0,26,26,26
MONDO_0012981,,,0.0,47,47,47
MONDO_0012982,,,0.0,2,2,2
MONDO_0012983,,,0.0,4,4,4
MONDO_0012984,,,0.0,7,7,7
MONDO_0012986,,,0.0,11,11,11
MONDO_0012988,,,0.0,10,10,10
MONDO_0012990,,,0.0,21,21,21
MONDO_0012991,,,0.0,2,2,2
MONDO_0012992,pancreatic insufficiency-anemia-hyperostosis syndrome,True,0.0,20,20,20
MONDO_0012994,,,0.0,48,48,48
MONDO_0012996,,,0.0,7,7,7
MONDO_0012997,cholestasis-pigmentary retinopathy-cleft palate syndrome,True,0.0,2,2,2
MONDO_0012999,,,0.0,30,30,30
MONDO_0013000,porphyria due to ALA dehydratase deficiency,False,1.0,10,10,10
MONDO_0013003,,,0.0,5,5,5
MONDO_0013005,,,0.0,19,19,19
MONDO_0013006,,,0.0,5,5,5
MONDO_0013007,combined immunodeficiency due to ORAI1 deficiency,True,0.0,44,44,44
MONDO_0013008,combined immunodeficiency due to STIM1 deficiency,True,0.0,80,80,80
MONDO_0013011,atrial septal defect 5,True,0.0,8,8,8
MONDO_0013013,,,0.0,1,1,1
MONDO_0013014,,,0.0,6,6,6
MONDO_0013015,,,0.0,37,37,37
MONDO_0013016,,,0.0,49,49,49
MONDO_0013017,,,0.0,8,8,8
MONDO_0013021,sterile multifocal osteomyelitis with periostitis and pustulosis,False,1.0,9,9,9
MONDO_0013025,,,0.0,2,2,2
MONDO_0013026,,,0.0,22,22,22
MONDO_0013027,,,0.0,16,16,16
MONDO_0013028,adenosine monophosphate deaminase deficiency,True,0.0,6,6,6
MONDO_0013030,,,0.0,36,36,36
MONDO_0013034,,,0.0,1,1,1
MONDO_0013035,orofaciodigital syndrome XI,True,0.0,1,1,1
MONDO_0013036,,,0.0,1,1,1
MONDO_0013038,CLOVES syndrome,True,0.0,6,6,6
MONDO_0013040,,,0.0,44,44,44
MONDO_0013041,,,0.0,44,44,44
MONDO_0013042,,,0.0,44,44,44
MONDO_0013043,,,0.0,45,45,45
MONDO_0013044,,,0.0,44,44,44
MONDO_0013047,,,0.0,15,15,15
MONDO_0013049,,,0.0,13,13,13
MONDO_0013050,,,0.0,3,3,3
MONDO_0013051,,,0.0,1,1,1
MONDO_0013053,"microcephaly-facio-cardio-skeletal syndrome, Hadziselimovic type",True,0.0,1,1,1
MONDO_0013058,,,0.0,2,2,2
MONDO_0013059,,,0.0,2,2,2
MONDO_0013060,,,0.0,34,34,34
MONDO_0013061,,,0.0,6,6,6
MONDO_0013062,,,0.0,40,40,40
MONDO_0013065,,,0.0,43,43,43
MONDO_0013066,,,0.0,26,26,26
MONDO_0013069,,,0.0,4,4,4
MONDO_0013070,,,0.0,64,64,64
MONDO_0013071,,,0.0,6,6,6
MONDO_0013073,"palmoplantar keratoderma, nonepidermolytic, focal 1",True,0.0,9,9,9
MONDO_0013074,encephalocraniocutaneous lipomatosis,True,0.0,11,11,11
MONDO_0013077,Santos syndrome,True,0.0,9,9,9
MONDO_0013081,,,0.0,128,128,128
MONDO_0013082,,,0.0,5,5,5
MONDO_0013083,,,0.0,1,1,1
MONDO_0013087,,,0.0,8,8,8
MONDO_0013091,,,0.0,22,22,22
MONDO_0013092,,,0.0,1,1,1
MONDO_0013093,,,0.0,5,5,5
MONDO_0013099,,,0.0,10,10,10
MONDO_0013100,,,0.0,16,16,16
MONDO_0013110,,,0.0,6,6,6
MONDO_0013112,,,0.0,10,10,10
MONDO_0013115,RIN2 syndrome,True,0.0,1,1,1
MONDO_0013116,,,0.0,19,19,19
MONDO_0013117,,,0.0,2,2,2
MONDO_0013118,,,0.0,10,10,10
MONDO_0013125,CLAPO syndrome,True,0.0,3,3,3
MONDO_0013127,,,0.0,9,9,9
MONDO_0013128,,,0.0,50,50,50
MONDO_0013130,,,0.0,2,2,2
MONDO_0013131,,,0.0,16,16,16
MONDO_0013136,,,0.0,2,2,2
MONDO_0013137,,,0.0,1,1,1
MONDO_0013139,,,0.0,119,119,119
MONDO_0013140,"candidiasis, familial, 4",True,0.0,12,12,12
MONDO_0013144,hereditary antithrombin deficiency,False,2.0,24,24,24
MONDO_0013147,,,0.0,16,16,16
MONDO_0013148,,,0.0,42,42,42
MONDO_0013150,,,0.0,158,158,158
MONDO_0013155,"muscular dystrophy-dystroglycanopathy (congenital with intellectual disability), type B3",True,0.0,1,1,1
MONDO_0013156,"muscular dystrophy-dystroglycanopathy (congenital without intellectual disability), type B4",True,0.0,2,2,2
MONDO_0013157,"muscular dystrophy-dystroglycanopathy (congenital with brain and eye anomalies), type A5",True,0.0,4,4,4
MONDO_0013158,"muscular dystrophy-dystroglycanopathy (congenital with brain and eye anomalies), type A6",True,0.0,6,6,6
MONDO_0013159,,,0.0,4,4,4
MONDO_0013160,"muscular dystrophy-dystroglycanopathy (congenital with intellectual disability), type B2",True,0.0,1,1,1
MONDO_0013161,,,0.0,8,8,8
MONDO_0013162,,,0.0,18,18,18
MONDO_0013163,,,0.0,16,16,16
MONDO_0013165,,,0.0,1,1,1
MONDO_0013166,,,0.0,1,1,1
MONDO_0013168,,,0.0,36,36,36
MONDO_0013170,,,0.0,1,1,1
MONDO_0013171,,,0.0,67,67,67
MONDO_0013172,,,0.0,14,14,14
MONDO_0013175,,,0.0,24,24,24
MONDO_0013176,"Weill-Marchesani 4 syndrome, recessive",True,0.0,8,8,8
MONDO_0013177,,,0.0,9,9,9
MONDO_0013178,congenital muscular dystrophy due to LMNA mutation,True,0.0,8,8,8
MONDO_0013182,,,0.0,3,3,3
MONDO_0013184,,,0.0,23,23,23
MONDO_0013186,Noonan syndrome 6,True,0.0,2,2,2
MONDO_0013187,,,0.0,11,11,11
MONDO_0013189,trichotillomania,False,4.0,27,27,27
MONDO_0013191,,,0.0,37,37,37
MONDO_0013195,,,0.0,46,46,46
MONDO_0013196,Lynch syndrome 8,True,0.0,9,9,9
MONDO_0013197,,,0.0,73,73,73
MONDO_0013198,,,0.0,24,24,24
MONDO_0013199,,,0.0,12,12,12
MONDO_0013200,,,0.0,33,33,33
MONDO_0013201,,,0.0,22,22,22
MONDO_0013202,,,0.0,8,8,8
MONDO_0013203,,,0.0,7,7,7
MONDO_0013204,,,0.0,5,5,5
MONDO_0013206,,,0.0,11,11,11
MONDO_0013208,,,0.0,14,14,14
MONDO_0013211,,,0.0,25,25,25
MONDO_0013212,,,0.0,4,4,4
MONDO_0013214,,,0.0,7,7,7
MONDO_0013219,,,0.0,6,6,6
MONDO_0013220,,,0.0,35,35,35
MONDO_0013222,Miyoshi muscular dystrophy 3,True,0.0,6,6,6
MONDO_0013223,,,0.0,11,11,11
MONDO_0013225,,,0.0,7,7,7
MONDO_0013226,,,0.0,4,4,4
MONDO_0013227,,,0.0,14,14,14
MONDO_0013228,,,0.0,14,14,14
MONDO_0013231,,,0.0,4,4,4
MONDO_0013232,,,0.0,19,19,19
MONDO_0013233,,,0.0,46,46,46
MONDO_0013234,,,0.0,3,3,3
MONDO_0013238,,,0.0,1,1,1
MONDO_0013239,,,0.0,2,2,2
MONDO_0013240,,,0.0,79,79,79
MONDO_0013241,,,0.0,7,7,7
MONDO_0013245,,,0.0,2,2,2
MONDO_0013247,,,0.0,14,14,14
MONDO_0013252,,,0.0,2,2,2
MONDO_0013254,,,0.0,3,3,3
MONDO_0013256,chromosome 15q24 deletion syndrome,True,0.0,2,2,2
MONDO_0013259,,,0.0,2,2,2
MONDO_0013267,,,0.0,10,10,10
MONDO_0013268,,,0.0,1,1,1
MONDO_0013271,frontonasal dysplasia - severe microphthalmia - severe facial clefting syndrome,True,0.0,4,4,4
MONDO_0013272,chromosome 14q11-q22 deletion syndrome,True,0.0,2,2,2
MONDO_0013273,,,0.0,1,1,1
MONDO_0013276,,,0.0,6,6,6
MONDO_0013277,,,0.0,1,1,1
MONDO_0013278,,,0.0,14,14,14
MONDO_0013279,,,0.0,72,72,72
MONDO_0013282,alpha 1-antitrypsin deficiency,False,1.0,124,124,124
MONDO_0013283,,,0.0,177,177,177
MONDO_0013284,,,0.0,187,187,187
MONDO_0013286,,,0.0,93,93,93
MONDO_0013291,,,0.0,65,65,65
MONDO_0013296,myeloid neoplasm associated with FGFR1 rearrangement,True,0.0,3,3,3
MONDO_0013297,,,0.0,10,10,10
MONDO_0013299,,,0.0,1,1,1
MONDO_0013300,commissural facial cleft,True,0.0,1,1,1
MONDO_0013301,,,0.0,50,50,50
MONDO_0013302,,,0.0,18,18,18
MONDO_0013304,,,0.0,12,12,12
MONDO_0013308,CBL-related disorder,True,0.0,6,6,6
MONDO_0013310,,,0.0,26,26,26
MONDO_0013311,ectodermal dysplasia-syndactyly syndrome,True,0.0,1,1,1
MONDO_0013313,,,0.0,23,23,23
MONDO_0013314,,,0.0,23,23,23
MONDO_0013316,,,0.0,139,139,139
MONDO_0013318,,,0.0,10,10,10
MONDO_0013320,,,0.0,3,3,3
MONDO_0013324,lymphedema-posterior choanal atresia syndrome,True,0.0,2,2,2
MONDO_0013325,,,0.0,2,2,2
MONDO_0013326,,,0.0,27,27,27
MONDO_0013327,primary hyperoxaluria type 3,False,1.0,41,41,41
MONDO_0013329,,,0.0,2,2,2
MONDO_0013334,cocoon syndrome,True,0.0,4,4,4
MONDO_0013338,,,0.0,9,9,9
MONDO_0013339,,,0.0,41,41,41
MONDO_0013342,,,0.0,3,3,3
MONDO_0013343,C1Q deficiency,True,0.0,4,4,4
MONDO_0013354,,,0.0,16,16,16
MONDO_0013355,,,0.0,87,87,87
MONDO_0013359,,,0.0,29,29,29
MONDO_0013360,,,0.0,8,8,8
MONDO_0013361,,,0.0,34,34,34
MONDO_0013362,,,0.0,5,5,5
MONDO_0013363,chromosome 2q31.1 duplication syndrome,True,0.0,3,3,3
MONDO_0013364,Rubinstein-Taybi syndrome due to EP300 haploinsufficiency,True,0.0,5,5,5
MONDO_0013366,"spondylocostal dysostosis 4, autosomal recessive",True,0.0,10,10,10
MONDO_0013368,mammary-digital-nail syndrome,True,0.0,8,8,8
MONDO_0013369,,,0.0,26,26,26
MONDO_0013371,,,0.0,46,46,46
MONDO_0013372,,,0.0,63,63,63
MONDO_0013373,,,0.0,50,50,50
MONDO_0013375,,,0.0,12,12,12
MONDO_0013377,,,0.0,5,5,5
MONDO_0013378,,,0.0,10,10,10
MONDO_0013379,Noonan syndrome 7,True,0.0,1,1,1
MONDO_0013380,LEOPARD syndrome 3,True,0.0,1,1,1
MONDO_0013382,,,0.0,4,4,4
MONDO_0013385,,,0.0,2,2,2
MONDO_0013388,,,0.0,15,15,15
MONDO_0013389,,,0.0,17,17,17
MONDO_0013390,,,0.0,9,9,9
MONDO_0013391,,,0.0,6,6,6
MONDO_0013392,,,0.0,9,9,9
MONDO_0013393,distal 7q11.23 microdeletion syndrome,True,0.0,2,2,2
MONDO_0013394,porencephaly-microcephaly-bilateral congenital cataract syndrome,True,0.0,8,8,8
MONDO_0013396,,,0.0,2,2,2
MONDO_0013398,,,0.0,15,15,15
MONDO_0013400,,,0.0,8,8,8
MONDO_0013404,hypermethioninemia with deficiency of S-adenosylhomocysteine hydrolase,True,0.0,3,3,3
MONDO_0013405,,,0.0,11,11,11
MONDO_0013406,,,0.0,30,30,30
MONDO_0013408,,,0.0,8,8,8
MONDO_0013410,,,0.0,9,9,9
MONDO_0013411,,,0.0,21,21,21
MONDO_0013412,,,0.0,10,10,10
MONDO_0013413,,,0.0,13,13,13
MONDO_0013417,,,0.0,48,48,48
MONDO_0013418,"aortic aneurysm, familial thoracic 7",True,0.0,15,15,15
MONDO_0013419,,,0.0,44,44,44
MONDO_0013421,type II complement component 8 deficiency,True,0.0,38,38,38
MONDO_0013423,,,0.0,47,47,47
MONDO_0013424,,,0.0,2,2,2
MONDO_0013426,aneurysm-osteoarthritis syndrome,True,0.0,4,4,4
MONDO_0013427,immunodeficiency 31B,True,0.0,52,52,52
MONDO_0013437,,,0.0,19,19,19
MONDO_0013438,,,0.0,4,4,4
MONDO_0013439,congenital bile acid synthesis defect 3,True,0.0,36,36,36
MONDO_0013440,,,0.0,8,8,8
MONDO_0013443,,,0.0,2,2,2
MONDO_0013444,,,0.0,26,26,26
MONDO_0013446,,,0.0,13,13,13
MONDO_0013449,,,0.0,5,5,5
MONDO_0013452,,,0.0,16,16,16
MONDO_0013453,,,0.0,21,21,21
MONDO_0013454,,,0.0,2,2,2
MONDO_0013456,,,0.0,3,3,3
MONDO_0013458,,,0.0,21,21,21
MONDO_0013459,,,0.0,15,15,15
MONDO_0013461,,,0.0,30,30,30
MONDO_0013463,,,0.0,36,36,36
MONDO_0013464,,,0.0,26,26,26
MONDO_0013466,,,0.0,5,5,5
MONDO_0013467,immunodeficiency due to ficolin3 deficiency,True,0.0,47,47,47
MONDO_0013468,,,0.0,3,3,3
MONDO_0013472,,,0.0,4,4,4
MONDO_0013474,,,0.0,55,55,55
MONDO_0013477,,,0.0,25,25,25
MONDO_0013478,,,0.0,59,59,59
MONDO_0013479,,,0.0,21,21,21
MONDO_0013481,chromosome 13q14 deletion syndrome,True,0.0,3,3,3
MONDO_0013483,,,0.0,12,12,12
MONDO_0013485,,,0.0,26,26,26
MONDO_0013486,,,0.0,66,66,66
MONDO_0013487,recurrent Neisseria infections due to factor D deficiency,True,0.0,41,41,41
MONDO_0013489,,,0.0,8,8,8
MONDO_0013490,,,0.0,3,3,3
MONDO_0013497,,,0.0,40,40,40
MONDO_0013498,,,0.0,58,58,58
MONDO_0013499,,,0.0,1,1,1
MONDO_0013500,,,0.0,91,91,91
MONDO_0013501,frontotemporal dementia and/or amyotrophic lateral sclerosis 6,True,0.0,11,11,11
MONDO_0013504,,,0.0,40,40,40
MONDO_0013509,,,0.0,8,8,8
MONDO_0013511,,,0.0,51,51,51
MONDO_0013512,,,0.0,118,118,118
MONDO_0013513,,,0.0,49,49,49
MONDO_0013517,,,0.0,51,51,51
MONDO_0013518,,,0.0,32,32,32
MONDO_0013521,"dyskeratosis congenita, autosomal dominant 2",True,0.0,5,5,5
MONDO_0013522,"dyskeratosis congenita, autosomal dominant 3",True,0.0,3,3,3
MONDO_0013523,Nestor-Guillermo progeria syndrome,True,0.0,9,9,9
MONDO_0013526,,,0.0,27,27,27
MONDO_0013527,,,0.0,6,6,6
MONDO_0013530,,,0.0,53,53,53
MONDO_0013531,,,0.0,2,2,2
MONDO_0013532,protein Z deficiency,True,0.0,1,1,1
MONDO_0013533,,,0.0,31,31,31
MONDO_0013534,,,0.0,2,2,2
MONDO_0013536,,,0.0,31,31,31
MONDO_0013540,,,0.0,8,8,8
MONDO_0013541,,,0.0,7,7,7
MONDO_0013542,,,0.0,9,9,9
MONDO_0013545,,,0.0,14,14,14
MONDO_0013546,,,0.0,1,1,1
MONDO_0013547,,,0.0,4,4,4
MONDO_0013548,,,0.0,1,1,1
MONDO_0013549,,,0.0,9,9,9
MONDO_0013550,,,0.0,18,18,18
MONDO_0013555,,,0.0,7,7,7
MONDO_0013559,,,0.0,27,27,27
MONDO_0013560,,,0.0,1,1,1
MONDO_0013561,,,0.0,20,20,20
MONDO_0013564,,,0.0,19,19,19
MONDO_0013567,atrial septal defect 3,True,0.0,3,3,3
MONDO_0013570,,,0.0,11,11,11
MONDO_0013572,Keppen-Lubinsky syndrome,True,0.0,4,4,4
MONDO_0013573,,,0.0,1,1,1
MONDO_0013574,cutis laxa - Marfanoid syndrome,True,0.0,9,9,9
MONDO_0013575,,,0.0,7,7,7
MONDO_0013576,,,0.0,94,94,94
MONDO_0013577,,,0.0,76,76,76
MONDO_0013580,,,0.0,6,6,6
MONDO_0013582,mosaic variegated aneuploidy syndrome 2,True,0.0,1,1,1
MONDO_0013583,,,0.0,19,19,19
MONDO_0013584,,,0.0,5,5,5
MONDO_0013585,hydrolethalus syndrome 2,True,0.0,5,5,5
MONDO_0013587,glycogen storage disease due to lactate dehydrogenase H-subunit deficiency,True,0.0,6,6,6
MONDO_0013588,,,0.0,30,30,30
MONDO_0013591,,,0.0,11,11,11
MONDO_0013594,,,0.0,21,21,21
MONDO_0013595,hyperbiliverdinemia,True,0.0,6,6,6
MONDO_0013598,,,0.0,4,4,4
MONDO_0013599,autoimmune enteropathy and endocrinopathy - susceptibility to chronic infections syndrome,True,0.0,26,26,26
MONDO_0013601,,,0.0,31,31,31
MONDO_0013602,,,0.0,2,2,2
MONDO_0013606,,,0.0,21,21,21
MONDO_0013607,monocytopenia with susceptibility to infections,True,0.0,111,111,111
MONDO_0013611,,,0.0,12,12,12
MONDO_0013612,,,0.0,1,1,1
MONDO_0013613,,,0.0,5,5,5
MONDO_0013614,,,0.0,3,3,3
MONDO_0013615,craniosynostosis and dental anomalies,True,0.0,11,11,11
MONDO_0013616,,,0.0,12,12,12
MONDO_0013618,,,0.0,2,2,2
MONDO_0013620,congenital myasthenic syndrome 16,True,0.0,1,1,1
MONDO_0013621,,,0.0,25,25,25
MONDO_0013622,,,0.0,21,21,21
MONDO_0013623,,,0.0,49,49,49
MONDO_0013626,"psoriasis 14, pustular",False,5.0,75,75,75
MONDO_0013630,,,0.0,1,1,1
MONDO_0013640,,,0.0,20,20,20
MONDO_0013643,,,0.0,15,15,15
MONDO_0013645,,,0.0,9,9,9
MONDO_0013646,chromosome 8q21.11 deletion syndrome,True,0.0,1,1,1
MONDO_0013648,,,0.0,16,16,16
MONDO_0013656,,,0.0,4,4,4
MONDO_0013657,,,0.0,5,5,5
MONDO_0013660,,,0.0,3,3,3
MONDO_0013661,,,0.0,2,2,2
MONDO_0013674,,,0.0,24,24,24
MONDO_0013677,,,0.0,12,12,12
MONDO_0013678,,,0.0,18,18,18
MONDO_0013679,,,0.0,1,1,1
MONDO_0013680,,,0.0,3,3,3
MONDO_0013687,,,0.0,18,18,18
MONDO_0013688,,,0.0,28,28,28
MONDO_0013690,,,0.0,1,1,1
MONDO_0013691,,,0.0,7,7,7
MONDO_0013692,,,0.0,47,47,47
MONDO_0013695,,,0.0,4,4,4
MONDO_0013700,,,0.0,24,24,24
MONDO_0013711,peripheral neuropathy-myopathy-hoarseness-hearing loss syndrome,True,0.0,9,9,9
MONDO_0013714,mannose-binding lectin deficiency,True,0.0,52,52,52
MONDO_0013717,,,0.0,3,3,3
MONDO_0013721,complement component 4a deficiency,True,0.0,9,9,9
MONDO_0013722,,,0.0,2,2,2
MONDO_0013726,,,0.0,1,1,1
MONDO_0013730,graft versus host disease,False,97.0,568,568,568
MONDO_0013731,,,0.0,5,5,5
MONDO_0013735,,,0.0,1,1,1
MONDO_0013737,,,0.0,10,10,10
MONDO_0013739,chilblain lupus 2,True,0.0,6,6,6
MONDO_0013740,,,0.0,6,6,6
MONDO_0013741,,,0.0,29,29,29
MONDO_0013743,,,0.0,60,60,60
MONDO_0013746,ventricular septal defect 1,True,0.0,21,21,21
MONDO_0013747,,,0.0,1,1,1
MONDO_0013748,,,0.0,6,6,6
MONDO_0013749,ventricular septal defect 3,True,0.0,20,20,20
MONDO_0013750,,,0.0,6,6,6
MONDO_0013751,,,0.0,1,1,1
MONDO_0013752,hypoplastic left heart syndrome 2,True,0.0,16,16,16
MONDO_0013753,,,0.0,6,6,6
MONDO_0013758,,,0.0,12,12,12
MONDO_0013759,"melanoma, cutaneous malignant, susceptibility to, 8",True,0.0,1,1,1
MONDO_0013761,,,0.0,3,3,3
MONDO_0013766,familial cold autoinflammatory syndrome 3,True,0.0,2,2,2
MONDO_0013767,,,0.0,167,167,167
MONDO_0013768,,,0.0,41,41,41
MONDO_0013769,,,0.0,8,8,8
MONDO_0013770,atrial septal defect 9,True,0.0,4,4,4
MONDO_0013771,,,0.0,32,32,32
MONDO_0013772,,,0.0,2,2,2
MONDO_0013773,,,0.0,1,1,1
MONDO_0013774,,,0.0,3,3,3
MONDO_0013775,,,0.0,3,3,3
MONDO_0013776,,,0.0,19,19,19
MONDO_0013777,,,0.0,9,9,9
MONDO_0013778,,,0.0,10,10,10
MONDO_0013781,pseudohypoaldosteronism type 2D,True,0.0,9,9,9
MONDO_0013782,,,0.0,8,8,8
MONDO_0013783,,,0.0,9,9,9
MONDO_0013784,,,0.0,1,1,1
MONDO_0013788,,,0.0,3,3,3
MONDO_0013789,,,0.0,1,1,1
MONDO_0013791,,,0.0,4,4,4
MONDO_0013794,,,0.0,13,13,13
MONDO_0013795,,,0.0,10,10,10
MONDO_0013796,,,0.0,1,1,1
MONDO_0013797,,,0.0,2,2,2
MONDO_0013798,,,0.0,5,5,5
MONDO_0013801,,,0.0,34,34,34
MONDO_0013802,infantile cerebellar-retinal degeneration,True,0.0,3,3,3
MONDO_0013803,,,0.0,25,25,25
MONDO_0013805,,,0.0,1,1,1
MONDO_0013806,familial cutaneous telangiectasia and oropharyngeal predisposition cancer syndrome,True,0.0,3,3,3
MONDO_0013808,,,0.0,27,27,27
MONDO_0013811,,,0.0,7,7,7
MONDO_0013813,,,0.0,2,2,2
MONDO_0013815,,,0.0,59,59,59
MONDO_0013819,,,0.0,2,2,2
MONDO_0013821,,,0.0,1,1,1
MONDO_0013822,,,0.0,7,7,7
MONDO_0013824,,,0.0,1,1,1
MONDO_0013825,,,0.0,21,21,21
MONDO_0013826,,,0.0,4,4,4
MONDO_0013827,,,0.0,3,3,3
MONDO_0013828,,,0.0,1,1,1
MONDO_0013829,UV-sensitive syndrome 2,True,0.0,7,7,7
MONDO_0013830,,,0.0,2,2,2
MONDO_0013834,UV-sensitive syndrome 3,True,0.0,8,8,8
MONDO_0013835,"muscular dystrophy-dystroglycanopathy (congenital with brain and eye anomalies), type A, 7",True,0.0,3,3,3
MONDO_0013836,,,0.0,30,30,30
MONDO_0013838,,,0.0,9,9,9
MONDO_0013843,,,0.0,8,8,8
MONDO_0013848,,,0.0,34,34,34
MONDO_0013851,,,0.0,2,2,2
MONDO_0013852,,,0.0,27,27,27
MONDO_0013859,,,0.0,16,16,16
MONDO_0013860,,,0.0,113,113,113
MONDO_0013862,,,0.0,124,124,124
MONDO_0013863,combined immunodeficiency due to LRBA deficiency,True,0.0,66,66,66
MONDO_0013865,,,0.0,1,1,1
MONDO_0013866,,,0.0,7,7,7
MONDO_0013868,,,0.0,6,6,6
MONDO_0013869,,,0.0,60,60,60
MONDO_0013870,,,0.0,8,8,8
MONDO_0013871,,,0.0,1,1,1
MONDO_0013873,,,0.0,24,24,24
MONDO_0013876,,,0.0,1,1,1
MONDO_0013881,"epidermolysis bullosa, junctional 7, with interstitial lung disease and nephrotic syndrome",True,0.0,4,4,4
MONDO_0013884,,,0.0,2,2,2
MONDO_0013885,Malan overgrowth syndrome,True,0.0,2,2,2
MONDO_0013890,,,0.0,10,10,10
MONDO_0013891,,,0.0,7,7,7
MONDO_0013892,C3 glomerulonephritis,False,1.0,42,42,42
MONDO_0013894,,,0.0,24,24,24
MONDO_0013896,,,0.0,1,1,1
MONDO_0013897,Loeys-Dietz syndrome 4,True,0.0,4,4,4
MONDO_0013898,,,0.0,53,53,53
MONDO_0013899,Weill-Marchesani syndrome 3,True,0.0,3,3,3
MONDO_0013900,,,0.0,7,7,7
MONDO_0013901,,,0.0,63,63,63
MONDO_0013902,aortic valve disease 2,True,0.0,23,23,23
MONDO_0013904,,,0.0,5,5,5
MONDO_0013905,,,0.0,10,10,10
MONDO_0013906,,,0.0,10,10,10
MONDO_0013907,,,0.0,10,10,10
MONDO_0013910,,,0.0,50,50,50
MONDO_0013911,,,0.0,5,5,5
MONDO_0013912,,,0.0,24,24,24
MONDO_0013913,,,0.0,36,36,36
MONDO_0013914,,,0.0,42,42,42
MONDO_0013917,,,0.0,7,7,7
MONDO_0013918,distal tetrasomy 15q,True,0.0,2,2,2
MONDO_0013922,,,0.0,5,5,5
MONDO_0013923,,,0.0,2,2,2
MONDO_0013926,,,0.0,32,32,32
MONDO_0013927,,,0.0,1,1,1
MONDO_0013928,,,0.0,25,25,25
MONDO_0013929,,,0.0,5,5,5
MONDO_0013931,,,0.0,21,21,21
MONDO_0013932,peroxisome biogenesis disorder 5A (Zellweger),True,0.0,1,1,1
MONDO_0013934,combined immunodeficiency due to STK4 deficiency,True,0.0,49,49,49
MONDO_0013936,peroxisome biogenesis disorder 6A (Zellweger),True,0.0,2,2,2
MONDO_0013937,,,0.0,2,2,2
MONDO_0013938,,,0.0,1,1,1
MONDO_0013941,,,0.0,4,4,4
MONDO_0013942,peroxisome biogenesis disorder 8A (Zellweger),True,0.0,3,3,3
MONDO_0013944,autoinflammation-PLCG2-associated antibody deficiency-immune dysregulation,True,0.0,86,86,86
MONDO_0013947,,,0.0,5,5,5
MONDO_0013948,peroxisome biogenesis disorder 10A (Zellweger),True,0.0,1,1,1
MONDO_0013950,,,0.0,1,1,1
MONDO_0013953,,,0.0,42,42,42
MONDO_0013959,,,0.0,13,13,13
MONDO_0013960,,,0.0,63,63,63
MONDO_0013962,,,0.0,6,6,6
MONDO_0013965,,,0.0,3,3,3
MONDO_0013966,,,0.0,58,58,58
MONDO_0013968,,,0.0,2,2,2
MONDO_0013970,,,0.0,1,1,1
MONDO_0013972,,,0.0,22,22,22
MONDO_0013975,,,0.0,11,11,11
MONDO_0013977,,,0.0,3,3,3
MONDO_0013978,,,0.0,3,3,3
MONDO_0013981,"myoclonus, familial",True,0.0,7,7,7
MONDO_0013986,,,0.0,1,1,1
MONDO_0013987,,,0.0,4,4,4
MONDO_0013988,,,0.0,54,54,54
MONDO_0013989,,,0.0,8,8,8
MONDO_0013991,,,0.0,86,86,86
MONDO_0013992,,,0.0,78,78,78
MONDO_0013993,,,0.0,3,3,3
MONDO_0013996,focal facial dermal dysplasia type II,True,0.0,1,1,1
MONDO_0013999,"retinal dystrophy, optic nerve edema, splenomegaly, anhidrosis, and migraine headache syndrome",True,0.0,18,18,18
MONDO_0014002,,,0.0,5,5,5
MONDO_0014005,immunoglobulin-mediated membranoproliferative glomerulonephritis,False,1.0,56,56,56
MONDO_0014006,,,0.0,5,5,5
MONDO_0014007,Aicardi-Goutieres syndrome 6,True,0.0,13,13,13
MONDO_0014008,,,0.0,1,1,1
MONDO_0014012,,,0.0,4,4,4
MONDO_0014014,,,0.0,20,20,20
MONDO_0014015,,,0.0,5,5,5
MONDO_0014020,,,0.0,5,5,5
MONDO_0014021,,,0.0,1,1,1
MONDO_0014022,,,0.0,27,27,27
MONDO_0014024,,,0.0,1,1,1
MONDO_0014025,,,0.0,21,21,21
MONDO_0014028,,,0.0,2,2,2
MONDO_0014031,,,0.0,4,4,4
MONDO_0014033,,,0.0,4,4,4
MONDO_0014035,,,0.0,1,1,1
MONDO_0014037,,,0.0,63,63,63
MONDO_0014038,,,0.0,13,13,13
MONDO_0014039,,,0.0,2,2,2
MONDO_0014043,,,0.0,6,6,6
MONDO_0014047,,,0.0,4,4,4
MONDO_0014048,,,0.0,3,3,3
MONDO_0014049,,,0.0,21,21,21
MONDO_0014054,lymphoproliferative syndrome 2,True,0.0,74,74,74
MONDO_0014056,"melanoma, cutaneous malignant, susceptibility to, 9",True,0.0,1,1,1
MONDO_0014058,facial dysmorphism-immunodeficiency-livedo-short stature syndrome,True,0.0,29,29,29
MONDO_0014059,,,0.0,6,6,6
MONDO_0014060,,,0.0,8,8,8
MONDO_0014061,Steel syndrome,True,0.0,12,12,12
MONDO_0014062,mitochondrial DNA deletion syndrome with progressive myopathy,True,0.0,5,5,5
MONDO_0014067,,,0.0,3,3,3
MONDO_0014069,syndactyly-camptodactyly and clinodactyly of fifth fingers-bifid toes syndrome,True,0.0,8,8,8
MONDO_0014070,,,0.0,1,1,1
MONDO_0014071,,,0.0,3,3,3
MONDO_0014073,,,0.0,49,49,49
MONDO_0014074,,,0.0,4,4,4
MONDO_0014076,"dyskeratosis congenita, autosomal recessive 5",True,0.0,47,47,47
MONDO_0014077,,,0.0,6,6,6
MONDO_0014078,,,0.0,70,70,70
MONDO_0014080,osteosclerotic metaphyseal dysplasia,True,0.0,26,26,26
MONDO_0014081,,,0.0,206,206,206
MONDO_0014082,cryptosporidiosis-chronic cholangitis-liver disease syndrome,True,0.0,44,44,44
MONDO_0014083,,,0.0,168,168,168
MONDO_0014085,,,0.0,1,1,1
MONDO_0014087,,,0.0,14,14,14
MONDO_0014089,corneal intraepithelial dyskeratosis-palmoplantar hyperkeratosis-laryngeal dyskeratosis syndrome,True,0.0,6,6,6
MONDO_0014091,,,0.0,3,3,3
MONDO_0014094,,,0.0,58,58,58
MONDO_0014095,,,0.0,15,15,15
MONDO_0014096,,,0.0,1,1,1
MONDO_0014097,,,0.0,36,36,36
MONDO_0014098,,,0.0,65,65,65
MONDO_0014099,,,0.0,23,23,23
MONDO_0014100,,,0.0,41,41,41
MONDO_0014101,,,0.0,3,3,3
MONDO_0014103,,,0.0,5,5,5
MONDO_0014112,cardiofaciocutaneous syndrome 2,True,0.0,3,3,3
MONDO_0014113,cardiofaciocutaneous syndrome 3,True,0.0,1,1,1
MONDO_0014115,,,0.0,3,3,3
MONDO_0014117,,,0.0,2,2,2
MONDO_0014118,,,0.0,158,158,158
MONDO_0014119,,,0.0,1,1,1
MONDO_0014120,,,0.0,2,2,2
MONDO_0014121,autosomal dominant childhood-onset proximal spinal muscular atrophy with contractures,True,0.0,5,5,5
MONDO_0014122,,,0.0,1,1,1
MONDO_0014123,,,0.0,17,17,17
MONDO_0014125,,,0.0,1,1,1
MONDO_0014126,,,0.0,29,29,29
MONDO_0014127,,,0.0,7,7,7
MONDO_0014128,TCF12-related craniosynostosis,True,0.0,13,13,13
MONDO_0014131,,,0.0,12,12,12
MONDO_0014134,"pulmonary hypertension, primary, 2",True,0.0,3,3,3
MONDO_0014135,"pulmonary hypertension, primary, 3",True,0.0,5,5,5
MONDO_0014136,,,0.0,27,27,27
MONDO_0014137,,,0.0,17,17,17
MONDO_0014138,,,0.0,7,7,7
MONDO_0014139,,,0.0,13,13,13
MONDO_0014140,"muscular dystrophy-dystroglycanopathy (congenital with brain and eye anomalies), type A14",True,0.0,3,3,3
MONDO_0014141,,,0.0,2,2,2
MONDO_0014142,,,0.0,5,5,5
MONDO_0014147,,,0.0,22,22,22
MONDO_0014149,,,0.0,2,2,2
MONDO_0014154,,,0.0,3,3,3
MONDO_0014155,,,0.0,13,13,13
MONDO_0014157,mandibular hypoplasia-deafness-progeroid syndrome,True,0.0,13,13,13
MONDO_0014158,,,0.0,21,21,21
MONDO_0014159,,,0.0,9,9,9
MONDO_0014160,TCR-alpha-beta-positive T-cell deficiency,True,0.0,65,65,65
MONDO_0014162,,,0.0,9,9,9
MONDO_0014163,,,0.0,48,48,48
MONDO_0014164,,,0.0,1,1,1
MONDO_0014165,,,0.0,5,5,5
MONDO_0014166,paroxysmal nocturnal hemoglobinuria 2,True,0.0,5,5,5
MONDO_0014168,,,0.0,81,81,81
MONDO_0014169,,,0.0,1,1,1
MONDO_0014172,,,0.0,59,59,59
MONDO_0014174,,,0.0,6,6,6
MONDO_0014175,,,0.0,5,5,5
MONDO_0014176,,,0.0,1,1,1
MONDO_0014178,,,0.0,11,11,11
MONDO_0014179,,,0.0,22,22,22
MONDO_0014181,,,0.0,17,17,17
MONDO_0014185,chromosome 3q13.31 deletion syndrome,True,0.0,1,1,1
MONDO_0014186,,,0.0,9,9,9
MONDO_0014190,,,0.0,1,1,1
MONDO_0014195,,,0.0,4,4,4
MONDO_0014196,Hartsfield-Bixler-Demyer syndrome,True,0.0,6,6,6
MONDO_0014197,combined immunodeficiency due to MALT1 deficiency,True,0.0,54,54,54
MONDO_0014199,,,0.0,6,6,6
MONDO_0014200,,,0.0,39,39,39
MONDO_0014201,,,0.0,6,6,6
MONDO_0014205,,,0.0,3,3,3
MONDO_0014206,severe early-onset pulmonary alveolar proteinosis due to MARS deficiency,True,0.0,6,6,6
MONDO_0014208,,,0.0,3,3,3
MONDO_0014209,,,0.0,12,12,12
MONDO_0014210,,,0.0,13,13,13
MONDO_0014212,,,0.0,1,1,1
MONDO_0014213,,,0.0,5,5,5
MONDO_0014218,severe dermatitis-multiple allergies-metabolic wasting syndrome,True,0.0,13,13,13
MONDO_0014224,,,0.0,4,4,4
MONDO_0014225,,,0.0,30,30,30
MONDO_0014226,,,0.0,114,114,114
MONDO_0014227,hypopigmentation-punctate palmoplantar keratoderma syndrome,True,0.0,4,4,4
MONDO_0014229,,,0.0,6,6,6
MONDO_0014234,,,0.0,5,5,5
MONDO_0014235,,,0.0,5,5,5
MONDO_0014238,,,0.0,1,1,1
MONDO_0014239,,,0.0,7,7,7
MONDO_0014242,,,0.0,2,2,2
MONDO_0014243,,,0.0,8,8,8
MONDO_0014244,,,0.0,2,2,2
MONDO_0014246,,,0.0,1,1,1
MONDO_0014247,,,0.0,5,5,5
MONDO_0014248,,,0.0,152,152,152
MONDO_0014249,,,0.0,8,8,8
MONDO_0014250,,,0.0,69,69,69
MONDO_0014252,,,0.0,23,23,23
MONDO_0014258,,,0.0,2,2,2
MONDO_0014260,"immunodeficiency, common variable, 10",True,0.0,33,33,33
MONDO_0014263,,,0.0,8,8,8
MONDO_0014265,,,0.0,11,11,11
MONDO_0014267,,,0.0,166,166,166
MONDO_0014268,,,0.0,58,58,58
MONDO_0014270,,,0.0,3,3,3
MONDO_0014271,,,0.0,3,3,3
MONDO_0014272,"palmoplantar keratoderma, Nagashima type",True,0.0,3,3,3
MONDO_0014273,,,0.0,4,4,4
MONDO_0014274,,,0.0,10,10,10
MONDO_0014276,,,0.0,118,118,118
MONDO_0014278,,,0.0,200,200,200
MONDO_0014280,immunodeficiency 19,True,0.0,97,97,97
MONDO_0014282,,,0.0,13,13,13
MONDO_0014284,,,0.0,1,1,1
MONDO_0014286,,,0.0,2,2,2
MONDO_0014289,,,0.0,5,5,5
MONDO_0014290,,,0.0,7,7,7
MONDO_0014292,,,0.0,9,9,9
MONDO_0014293,,,0.0,3,3,3
MONDO_0014295,,,0.0,7,7,7
MONDO_0014299,LZTR1-related schwannomatosis,True,0.0,2,2,2
MONDO_0014300,,,0.0,7,7,7
MONDO_0014302,,,0.0,7,7,7
MONDO_0014304,,,0.0,2,2,2
MONDO_0014305,,,0.0,1,1,1
MONDO_0014306,,,0.0,21,21,21
MONDO_0014309,,,0.0,36,36,36
MONDO_0014310,,,0.0,4,4,4
MONDO_0014311,,,0.0,7,7,7
MONDO_0014313,,,0.0,43,43,43
MONDO_0014314,,,0.0,3,3,3
MONDO_0014317,,,0.0,45,45,45
MONDO_0014319,,,0.0,3,3,3
MONDO_0014320,,,0.0,2,2,2
MONDO_0014321,,,0.0,45,45,45
MONDO_0014326,,,0.0,4,4,4
MONDO_0014327,,,0.0,1,1,1
MONDO_0014328,,,0.0,15,15,15
MONDO_0014331,,,0.0,21,21,21
MONDO_0014332,,,0.0,8,8,8
MONDO_0014334,,,0.0,81,81,81
MONDO_0014336,,,0.0,2,2,2
MONDO_0014337,,,0.0,1,1,1
MONDO_0014339,,,0.0,22,22,22
MONDO_0014341,,,0.0,9,9,9
MONDO_0014342,,,0.0,28,28,28
MONDO_0014343,,,0.0,15,15,15
MONDO_0014344,"congenital heart defects, multiple types, 4",True,0.0,36,36,36
MONDO_0014345,,,0.0,9,9,9
MONDO_0014347,,,0.0,2,2,2
MONDO_0014350,,,0.0,1,1,1
MONDO_0014351,,,0.0,2,2,2
MONDO_0014353,immunodeficiency 23,True,0.0,64,64,64
MONDO_0014355,,,0.0,3,3,3
MONDO_0014359,,,0.0,7,7,7
MONDO_0014361,,,0.0,3,3,3
MONDO_0014365,,,0.0,50,50,50
MONDO_0014366,,,0.0,55,55,55
MONDO_0014367,Aicardi-Goutieres syndrome 7,True,0.0,2,2,2
MONDO_0014369,,,0.0,10,10,10
MONDO_0014370,,,0.0,1,1,1
MONDO_0014374,,,0.0,18,18,18
MONDO_0014375,,,0.0,23,23,23
MONDO_0014379,ADNP-related multiple congenital anomalies - intellectual disability - autism spectrum disorder,False,7.0,13,13,13
MONDO_0014380,,,0.0,4,4,4
MONDO_0014381,,,0.0,4,4,4
MONDO_0014382,,,0.0,5,5,5
MONDO_0014383,,,0.0,2,2,2
MONDO_0014386,,,0.0,49,49,49
MONDO_0014387,,,0.0,8,8,8
MONDO_0014388,familial median cleft of the upper and lower lips,True,0.0,2,2,2
MONDO_0014389,polyglucosan body myopathy 1 with or without immunodeficiency,True,0.0,4,4,4
MONDO_0014391,,,0.0,179,179,179
MONDO_0014400,,,0.0,27,27,27
MONDO_0014401,tall stature-scoliosis-macrodactyly of the great toes syndrome,True,0.0,7,7,7
MONDO_0014402,,,0.0,27,27,27
MONDO_0014403,,,0.0,33,33,33
MONDO_0014404,,,0.0,2,2,2
MONDO_0014405,STING-associated vasculopathy with onset in infancy,True,0.0,53,53,53
MONDO_0014406,,,0.0,28,28,28
MONDO_0014407,,,0.0,1,1,1
MONDO_0014408,,,0.0,4,4,4
MONDO_0014410,,,0.0,29,29,29
MONDO_0014413,,,0.0,1,1,1
MONDO_0014418,,,0.0,3,3,3
MONDO_0014419,,,0.0,7,7,7
MONDO_0014420,,,0.0,37,37,37
MONDO_0014421,,,0.0,65,65,65
MONDO_0014422,,,0.0,2,2,2
MONDO_0014423,severe combined immunodeficiency due to DNA-PKcs deficiency,True,0.0,2,2,2
MONDO_0014428,,,0.0,2,2,2
MONDO_0014431,,,0.0,61,61,61
MONDO_0014432,,,0.0,1,1,1
MONDO_0014439,,,0.0,9,9,9
MONDO_0014441,,,0.0,11,11,11
MONDO_0014442,,,0.0,5,5,5
MONDO_0014443,,,0.0,1,1,1
MONDO_0014444,,,0.0,13,13,13
MONDO_0014449,,,0.0,14,14,14
MONDO_0014450,,,0.0,3,3,3
MONDO_0014451,,,0.0,48,48,48
MONDO_0014452,,,0.0,22,22,22
MONDO_0014453,,,0.0,152,152,152
MONDO_0014455,,,0.0,4,4,4
MONDO_0014456,autosomal recessive severe congenital neutropenia due to JAGN1 deficiency,True,0.0,56,56,56
MONDO_0014460,nail and teeth abnormalities-marginal palmoplantar keratoderma-oral hyperpigmentation syndrome,True,0.0,5,5,5
MONDO_0014464,,,0.0,1,1,1
MONDO_0014467,,,0.0,4,4,4
MONDO_0014470,,,0.0,2,2,2
MONDO_0014472,periodic fever-infantile enterocolitis-autoinflammatory syndrome,True,0.0,36,36,36
MONDO_0014474,,,0.0,9,9,9
MONDO_0014476,,,0.0,14,14,14
MONDO_0014481,,,0.0,4,4,4
MONDO_0014483,,,0.0,5,5,5
MONDO_0014485,,,0.0,3,3,3
MONDO_0014486,,,0.0,1,1,1
MONDO_0014487,,,0.0,22,22,22
MONDO_0014489,,,0.0,2,2,2
MONDO_0014490,,,0.0,9,9,9
MONDO_0014491,,,0.0,105,105,105
MONDO_0014492,wooly hair-palmoplantar keratoderma syndrome,True,0.0,5,5,5
MONDO_0014493,,,0.0,134,134,134
MONDO_0014497,,,0.0,37,37,37
MONDO_0014498,,,0.0,5,5,5
MONDO_0014503,,,0.0,11,11,11
MONDO_0014504,,,0.0,3,3,3
MONDO_0014505,,,0.0,16,16,16
MONDO_0014506,,,0.0,5,5,5
MONDO_0014507,,,0.0,7,7,7
MONDO_0014508,,,0.0,4,4,4
MONDO_0014509,,,0.0,4,4,4
MONDO_0014510,fatty acyl-CoA reductase 1 deficiency,True,0.0,1,1,1
MONDO_0014511,,,0.0,2,2,2
MONDO_0014512,,,0.0,2,2,2
MONDO_0014513,,,0.0,5,5,5
MONDO_0014515,,,0.0,6,6,6
MONDO_0014518,,,0.0,32,32,32
MONDO_0014523,,,0.0,5,5,5
MONDO_0014526,,,0.0,18,18,18
MONDO_0014527,,,0.0,3,3,3
MONDO_0014528,,,0.0,82,82,82
MONDO_0014530,,,0.0,6,6,6
MONDO_0014532,,,0.0,13,13,13
MONDO_0014536,,,0.0,41,41,41
MONDO_0014539,,,0.0,25,25,25
MONDO_0014541,,,0.0,15,15,15
MONDO_0014542,,,0.0,2,2,2
MONDO_0014546,,,0.0,11,11,11
MONDO_0014548,,,0.0,73,73,73
MONDO_0014550,,,0.0,88,88,88
MONDO_0014552,,,0.0,1,1,1
MONDO_0014553,Tenorio syndrome,True,0.0,1,1,1
MONDO_0014555,peeling skin syndrome type A,True,0.0,3,3,3
MONDO_0014558,,,0.0,1,1,1
MONDO_0014559,,,0.0,9,9,9
MONDO_0014561,,,0.0,1,1,1
MONDO_0014562,,,0.0,1,1,1
MONDO_0014563,,,0.0,1,1,1
MONDO_0014564,,,0.0,38,38,38
MONDO_0014565,,,0.0,12,12,12
MONDO_0014566,,,0.0,5,5,5
MONDO_0014567,,,0.0,10,10,10
MONDO_0014568,,,0.0,4,4,4
MONDO_0014572,,,0.0,14,14,14
MONDO_0014574,,,0.0,5,5,5
MONDO_0014576,,,0.0,1,1,1
MONDO_0014577,,,0.0,7,7,7
MONDO_0014578,,,0.0,8,8,8
MONDO_0014579,,,0.0,4,4,4
MONDO_0014587,congenital myasthenic syndrome 9,True,0.0,1,1,1
MONDO_0014589,,,0.0,62,62,62
MONDO_0014592,,,0.0,4,4,4
MONDO_0014593,,,0.0,1,1,1
MONDO_0014598,,,0.0,28,28,28
MONDO_0014603,,,0.0,8,8,8
MONDO_0014608,mandibulofacial dysostosis with alopecia,True,0.0,2,2,2
MONDO_0014611,,,0.0,1,1,1
MONDO_0014613,,,0.0,6,6,6
MONDO_0014615,,,0.0,1,1,1
MONDO_0014617,,,0.0,1,1,1
MONDO_0014618,,,0.0,9,9,9
MONDO_0014620,,,0.0,9,9,9
MONDO_0014621,,,0.0,50,50,50
MONDO_0014624,,,0.0,1,1,1
MONDO_0014625,,,0.0,24,24,24
MONDO_0014627,,,0.0,26,26,26
MONDO_0014628,,,0.0,2,2,2
MONDO_0014629,,,0.0,17,17,17
MONDO_0014630,,,0.0,15,15,15
MONDO_0014633,,,0.0,47,47,47
MONDO_0014635,,,0.0,15,15,15
MONDO_0014637,DOCK2 deficiency,True,0.0,49,49,49
MONDO_0014639,,,0.0,9,9,9
MONDO_0014641,,,0.0,4,4,4
MONDO_0014643,congenital cataract-microcephaly-nevus flammeus simplex-severe intellectual disability syndrome,True,0.0,3,3,3
MONDO_0014644,,,0.0,2,2,2
MONDO_0014645,,,0.0,149,149,149
MONDO_0014651,,,0.0,4,4,4
MONDO_0014654,Ullrich congenital muscular dystrophy 2,True,0.0,7,7,7
MONDO_0014656,,,0.0,3,3,3
MONDO_0014658,severe achondroplasia-developmental delay-acanthosis nigricans syndrome,True,0.0,3,3,3
MONDO_0014661,epidermolysis bullosa simplex with nail dystrophy,True,0.0,5,5,5
MONDO_0014664,,,0.0,1,1,1
MONDO_0014666,,,0.0,13,13,13
MONDO_0014670,,,0.0,3,3,3
MONDO_0014671,,,0.0,1,1,1
MONDO_0014673,,,0.0,12,12,12
MONDO_0014678,,,0.0,1,1,1
MONDO_0014679,,,0.0,2,2,2
MONDO_0014681,,,0.0,7,7,7
MONDO_0014682,,,0.0,1,1,1
MONDO_0014683,,,0.0,1,1,1
MONDO_0014685,,,0.0,9,9,9
MONDO_0014687,,,0.0,13,13,13
MONDO_0014689,,,0.0,1,1,1
MONDO_0014690,"dyskeratosis congenita, autosomal dominant 6",True,0.0,1,1,1
MONDO_0014691,,,0.0,3,3,3
MONDO_0014692,,,0.0,11,11,11
MONDO_0014693,,,0.0,4,4,4
MONDO_0014699,,,0.0,2,2,2
MONDO_0014700,,,0.0,2,2,2
MONDO_0014701,,,0.0,6,6,6
MONDO_0014702,,,0.0,5,5,5
MONDO_0014704,skeletal overgrowth-craniofacial dysmorphism-hyperelastic skin-white matter lesions syndrome,True,0.0,8,8,8
MONDO_0014705,,,0.0,5,5,5
MONDO_0014706,,,0.0,1,1,1
MONDO_0014711,,,0.0,1,1,1
MONDO_0014712,,,0.0,6,6,6
MONDO_0014713,,,0.0,1,1,1
MONDO_0014714,,,0.0,3,3,3
MONDO_0014715,,,0.0,107,107,107
MONDO_0014717,,,0.0,13,13,13
MONDO_0014719,,,0.0,1,1,1
MONDO_0014720,,,0.0,4,4,4
MONDO_0014722,,,0.0,12,12,12
MONDO_0014725,,,0.0,4,4,4
MONDO_0014727,,,0.0,1,1,1
MONDO_0014733,,,0.0,5,5,5
MONDO_0014735,,,0.0,5,5,5
MONDO_0014736,,,0.0,6,6,6
MONDO_0014738,,,0.0,5,5,5
MONDO_0014739,,,0.0,7,7,7
MONDO_0014742,,,0.0,22,22,22
MONDO_0014743,,,0.0,8,8,8
MONDO_0014744,,,0.0,8,8,8
MONDO_0014746,,,0.0,2,2,2
MONDO_0014747,,,0.0,33,33,33
MONDO_0014748,,,0.0,19,19,19
MONDO_0014749,,,0.0,10,10,10
MONDO_0014751,palatal anomalies-widely spaced teeth-facial dysmorphism-developmental delay syndrome,True,0.0,1,1,1
MONDO_0014752,,,0.0,20,20,20
MONDO_0014754,,,0.0,4,4,4
MONDO_0014755,,,0.0,1,1,1
MONDO_0014757,,,0.0,8,8,8
MONDO_0014758,,,0.0,19,19,19
MONDO_0014760,TFRC-related combined immunodeficiency,True,0.0,86,86,86
MONDO_0014764,,,0.0,2,2,2
MONDO_0014765,,,0.0,21,21,21
MONDO_0014766,,,0.0,1,1,1
MONDO_0014768,"cerebral arteriopathy, autosomal dominant, with subcortical infarcts and leukoencephalopathy, type 2",True,0.0,3,3,3
MONDO_0014769,inherited oocyte maturation defect,False,1.0,2,2,2
MONDO_0014770,,,0.0,6,6,6
MONDO_0014772,,,0.0,1,1,1
MONDO_0014773,,,0.0,1,1,1
MONDO_0014778,Lamb-Shaffer syndrome,True,0.0,1,1,1
MONDO_0014782,,,0.0,16,16,16
MONDO_0014784,,,0.0,3,3,3
MONDO_0014788,,,0.0,13,13,13
MONDO_0014789,,,0.0,19,19,19
MONDO_0014790,TMEM199-CDG,True,0.0,24,24,24
MONDO_0014791,,,0.0,35,35,35
MONDO_0014793,,,0.0,11,11,11
MONDO_0014795,,,0.0,12,12,12
MONDO_0014797,,,0.0,1,1,1
MONDO_0014800,,,0.0,16,16,16
MONDO_0014802,,,0.0,6,6,6
MONDO_0014803,,,0.0,3,3,3
MONDO_0014804,,,0.0,86,86,86
MONDO_0014805,,,0.0,2,2,2
MONDO_0014806,spinal muscular atrophy with congenital bone fractures 1,True,0.0,3,3,3
MONDO_0014807,spinal muscular atrophy with congenital bone fractures 2,True,0.0,1,1,1
MONDO_0014809,DDX41-related hematologic malignancy predisposition syndrome,True,0.0,61,61,61
MONDO_0014810,,,0.0,112,112,112
MONDO_0014813,,,0.0,3,3,3
MONDO_0014816,split-foot malformation-mesoaxial polydactyly syndrome,True,0.0,4,4,4
MONDO_0014817,,,0.0,31,31,31
MONDO_0014821,,,0.0,7,7,7
MONDO_0014822,,,0.0,3,3,3
MONDO_0014832,,,0.0,3,3,3
MONDO_0014835,,,0.0,2,2,2
MONDO_0014836,,,0.0,15,15,15
MONDO_0014839,,,0.0,6,6,6
MONDO_0014840,,,0.0,141,141,141
MONDO_0014843,,,0.0,15,15,15
MONDO_0014844,,,0.0,5,5,5
MONDO_0014846,,,0.0,13,13,13
MONDO_0014847,,,0.0,55,55,55
MONDO_0014850,,,0.0,35,35,35
MONDO_0014851,,,0.0,24,24,24
MONDO_0014853,,,0.0,2,2,2
MONDO_0014855,,,0.0,1,1,1
MONDO_0014864,,,0.0,14,14,14
MONDO_0014865,,,0.0,56,56,56
MONDO_0014869,,,0.0,8,8,8
MONDO_0014870,,,0.0,7,7,7
MONDO_0014872,,,0.0,1,1,1
MONDO_0014873,nevus comedonicus syndrome,True,0.0,6,6,6
MONDO_0014875,,,0.0,21,21,21
MONDO_0014877,,,0.0,30,30,30
MONDO_0014878,,,0.0,2,2,2
MONDO_0014881,,,0.0,6,6,6
MONDO_0014882,,,0.0,2,2,2
MONDO_0014883,,,0.0,45,45,45
MONDO_0014886,,,0.0,1,1,1
MONDO_0014888,MIRAGE syndrome,True,0.0,7,7,7
MONDO_0014889,,,0.0,4,4,4
MONDO_0014891,,,0.0,36,36,36
MONDO_0014893,Okur-Chung neurodevelopmental syndrome,True,0.0,3,3,3
MONDO_0014896,,,0.0,10,10,10
MONDO_0014898,,,0.0,6,6,6
MONDO_0014899,,,0.0,6,6,6
MONDO_0014900,,,0.0,13,13,13
MONDO_0014903,,,0.0,23,23,23
MONDO_0014906,,,0.0,5,5,5
MONDO_0014912,"autoinflammation, panniculitis, and dermatosis syndrome, autosomal recessive",True,0.0,69,69,69
MONDO_0014914,,,0.0,1,1,1
MONDO_0014915,,,0.0,3,3,3
MONDO_0014916,,,0.0,5,5,5
MONDO_0014917,,,0.0,17,17,17
MONDO_0014918,tall stature-intellectual disability-renal anomalies syndrome,True,0.0,3,3,3
MONDO_0014919,sessile serrated polyposis cancer syndrome,True,0.0,4,4,4
MONDO_0014920,,,0.0,13,13,13
MONDO_0014921,,,0.0,32,32,32
MONDO_0014922,,,0.0,7,7,7
MONDO_0014923,,,0.0,5,5,5
MONDO_0014926,,,0.0,5,5,5
MONDO_0014928,,,0.0,2,2,2
MONDO_0014929,,,0.0,11,11,11
MONDO_0014933,,,0.0,4,4,4
MONDO_0014934,,,0.0,9,9,9
MONDO_0014935,,,0.0,1,1,1
MONDO_0014936,ZTTK syndrome,True,0.0,3,3,3
MONDO_0014940,,,0.0,17,17,17
MONDO_0014942,,,0.0,2,2,2
MONDO_0014943,,,0.0,3,3,3
MONDO_0014946,,,0.0,2,2,2
MONDO_0014947,,,0.0,4,4,4
MONDO_0014948,,,0.0,1,1,1
MONDO_0014951,,,0.0,1,1,1
MONDO_0014952,,,0.0,14,14,14
MONDO_0014953,,,0.0,23,23,23
MONDO_0014954,"Ehlers-Danlos syndrome, periodontal type 2",True,0.0,1,1,1
MONDO_0014955,,,0.0,11,11,11
MONDO_0014956,Chitayat syndrome,True,0.0,1,1,1
MONDO_0014957,,,0.0,10,10,10
MONDO_0014958,,,0.0,1,1,1
MONDO_0014959,,,0.0,1,1,1
MONDO_0014961,,,0.0,54,54,54
MONDO_0014962,,,0.0,10,10,10
MONDO_0014963,Shashi-Pena syndrome,True,0.0,1,1,1
MONDO_0014965,,,0.0,1,1,1
MONDO_0014968,,,0.0,2,2,2
MONDO_0014969,,,0.0,13,13,13
MONDO_0014975,,,0.0,17,17,17
MONDO_0014979,,,0.0,1,1,1
MONDO_0014981,,,0.0,3,3,3
MONDO_0014982,,,0.0,18,18,18
MONDO_0014984,,,0.0,101,101,101
MONDO_0014985,,,0.0,30,30,30
MONDO_0014986,,,0.0,1,1,1
MONDO_0014987,,,0.0,1,1,1
MONDO_0014989,,,0.0,13,13,13
MONDO_0014990,,,0.0,19,19,19
MONDO_0014991,Seckel syndrome 10,True,0.0,7,7,7
MONDO_0014992,,,0.0,1,1,1
MONDO_0014993,,,0.0,4,4,4
MONDO_0014996,,,0.0,9,9,9
MONDO_0014997,,,0.0,26,26,26
MONDO_0015003,,,0.0,13,13,13
MONDO_0015006,"epidermolysis bullosa simplex 6, generalized, with scarring and hair loss",True,0.0,13,13,13
MONDO_0015007,,,0.0,1,1,1
MONDO_0015010,,,0.0,1,1,1
MONDO_0015012,mucopolysaccharidosis-plus syndrome,True,0.0,6,6,6
MONDO_0015013,,,0.0,21,21,21
MONDO_0015014,,,0.0,3,3,3
MONDO_0015018,,,0.0,1,1,1
MONDO_0015019,Yao syndrome,True,0.0,17,17,17
MONDO_0015020,,,0.0,33,33,33
MONDO_0015021,,,0.0,3,3,3
MONDO_0015023,,,0.0,9,9,9
MONDO_0015027,,,0.0,26,26,26
MONDO_0015028,,,0.0,4,4,4
MONDO_0015032,intraneural perineurioma,True,0.0,1,1,1
MONDO_0015033,,,0.0,2,2,2
MONDO_0015047,,,0.0,1,1,1
MONDO_0015053,,,0.0,7,7,7
MONDO_0015054,hereditary angioedema type 2,True,0.0,1,1,1
MONDO_0015059,,,0.0,6,6,6
MONDO_0015062,,,0.0,27,27,27
MONDO_0015063,"duodenal neuroendocrine tumor, well differentiated, low or intermediate grade",True,0.0,4,4,4
MONDO_0015065,"ileal neuroendocrine tumor, well differentiated, low or intermediate grade",True,0.0,9,9,9
MONDO_0015066,,,0.0,15,15,15
MONDO_0015068,,,0.0,5,5,5
MONDO_0015070,laryngeal neuroendocrine neoplasm,True,0.0,9,9,9
MONDO_0015071,middle ear neuroendocrine tumor,True,0.0,7,7,7
MONDO_0015072,,,0.0,20,20,20
MONDO_0015073,"gallbladder neuroendocrine tumor, grade 1/2",True,0.0,5,5,5
MONDO_0015082,alopecia antibody deficiency,True,0.0,6,6,6
MONDO_0015084,,,0.0,9,9,9
MONDO_0015085,,,0.0,81,81,81
MONDO_0015093,,,0.0,6,6,6
MONDO_0015094,,,0.0,2,2,2
MONDO_0015096,,,0.0,12,12,12
MONDO_0015099,,,0.0,18,18,18
MONDO_0015104,porphyria cutanea tarda,False,2.0,31,31,31
MONDO_0015126,,,0.0,25,25,25
MONDO_0015127,,,0.0,14,14,14
MONDO_0015128,primary adrenal insufficiency,False,2.0,67,67,67
MONDO_0015129,chronic primary adrenal insufficiency,False,2.0,53,53,53
MONDO_0015131,,,0.0,102,102,102
MONDO_0015134,,,0.0,40,40,40
MONDO_0015137,periodic fever syndrome,True,0.0,22,22,22
MONDO_0015140,,,0.0,23,23,23
MONDO_0015146,,,0.0,46,46,46
MONDO_0015148,,,0.0,1,1,1
MONDO_0015149,,,0.0,1,1,1
MONDO_0015150,,,0.0,4,4,4
MONDO_0015152,,,0.0,4,4,4
MONDO_0015159,multiple congenital anomalies/dysmorphic syndrome-intellectual disability,True,0.0,1,1,1
MONDO_0015167,,,0.0,4,4,4
MONDO_0015168,,,0.0,52,52,52
MONDO_0015169,,,0.0,13,13,13
MONDO_0015170,,,0.0,43,43,43
MONDO_0015171,,,0.0,7,7,7
MONDO_0015175,,,0.0,257,257,257
MONDO_0015177,,,0.0,18,18,18
MONDO_0015183,short bowel syndrome,False,4.0,49,49,49
MONDO_0015185,intestinal polyposis syndrome,True,0.0,1,1,1
MONDO_0015193,,,0.0,54,54,54
MONDO_0015194,,,0.0,17,17,17
MONDO_0015195,,,0.0,14,14,14
MONDO_0015196,vein of Galen aneurysm,True,0.0,9,9,9
MONDO_0015198,,,0.0,13,13,13
MONDO_0015199,,,0.0,31,31,31
MONDO_0015201,,,0.0,14,14,14
MONDO_0015204,,,0.0,13,13,13
MONDO_0015205,,,0.0,1,1,1
MONDO_0015228,pentasomy X,True,0.0,5,5,5
MONDO_0015229,Bardet-Biedl syndrome,False,52.0,180,180,180
MONDO_0015230,,,0.0,2,2,2
MONDO_0015231,,,0.0,52,52,52
MONDO_0015233,,,0.0,3,3,3
MONDO_0015234,,,0.0,1,1,1
MONDO_0015240,,,0.0,7,7,7
MONDO_0015241,,,0.0,7,7,7
MONDO_0015244,,,0.0,7,7,7
MONDO_0015253,Diamond-Blackfan anemia,False,26.0,170,170,170
MONDO_0015259,brachydactyly-mesomelia-intellectual disability-heart defects syndrome,True,0.0,2,2,2
MONDO_0015263,Brugada syndrome,False,40.0,156,156,156
MONDO_0015267,,,0.0,158,158,158
MONDO_0015268,,,0.0,30,30,30
MONDO_0015270,butyrylcholinesterase deficiency,False,1.0,9,9,9
MONDO_0015271,idiopathic camptocormia,True,0.0,6,6,6
MONDO_0015272,,,0.0,1,1,1
MONDO_0015273,,,0.0,31,31,31
MONDO_0015277,medullary thyroid gland carcinoma,False,60.0,415,415,415
MONDO_0015278,,,0.0,28,28,28
MONDO_0015279,chronic mucocutaneous candidiasis,True,0.0,37,37,37
MONDO_0015280,cardiofaciocutaneous syndrome,True,0.0,39,39,39
MONDO_0015281,,,0.0,91,91,91
MONDO_0015282,,,0.0,22,22,22
MONDO_0015283,,,0.0,3,3,3
MONDO_0015284,,,0.0,16,16,16
MONDO_0015285,,,0.0,48,48,48
MONDO_0015286,,,0.0,25,25,25
MONDO_0015293,segmental outgrowth-lipomatosis-arteriovenous malformation-epidermal nevus syndrome,True,0.0,5,5,5
MONDO_0015300,,,0.0,33,33,33
MONDO_0015301,,,0.0,12,12,12
MONDO_0015307,,,0.0,2,2,2
MONDO_0015324,,,0.0,4,4,4
MONDO_0015325,,,0.0,3,3,3
MONDO_0015326,,,0.0,1,1,1
MONDO_0015333,,,0.0,96,96,96
MONDO_0015337,,,0.0,1,1,1
MONDO_0015338,,,0.0,13,13,13
MONDO_0015339,adrenomyeloneuropathy,False,1.0,54,54,54
MONDO_0015342,acute transverse myelitis,True,0.0,11,11,11
MONDO_0015346,,,0.0,26,26,26
MONDO_0015349,,,0.0,1,1,1
MONDO_0015350,17q11.2 microduplication syndrome,True,0.0,2,2,2
MONDO_0015352,distal hereditary motor neuropathy type 2,False,2.0,4,4,4
MONDO_0015353,,,0.0,4,4,4
MONDO_0015356,,,0.0,52,52,52
MONDO_0015358,,,0.0,13,13,13
MONDO_0015362,,,0.0,2,2,2
MONDO_0015363,,,0.0,3,3,3
MONDO_0015364,,,0.0,216,216,216
MONDO_0015367,,,0.0,1,1,1
MONDO_0015369,,,0.0,6,6,6
MONDO_0015371,,,0.0,6,6,6
MONDO_0015372,,,0.0,86,86,86
MONDO_0015374,,,0.0,24,24,24
MONDO_0015375,orofaciodigital syndrome,True,0.0,4,4,4
MONDO_0015397,,,0.0,53,53,53
MONDO_0015405,cerebrofacial arteriovenous metameric syndrome,True,0.0,45,45,45
MONDO_0015408,diffuse lymphatic malformation,True,0.0,23,23,23
MONDO_0015411,facial cleft,True,0.0,4,4,4
MONDO_0015425,,,0.0,19,19,19
MONDO_0015426,,,0.0,2,2,2
MONDO_0015427,,,0.0,14,14,14
MONDO_0015428,choroidal atrophy-alopecia syndrome,True,0.0,5,5,5
MONDO_0015430,,,0.0,1,1,1
MONDO_0015432,,,0.0,1,1,1
MONDO_0015436,ring chromosome 20,True,0.0,1,1,1
MONDO_0015437,,,0.0,3,3,3
MONDO_0015439,,,0.0,4,4,4
MONDO_0015440,,,0.0,31,31,31
MONDO_0015443,,,0.0,3,3,3
MONDO_0015446,atypical coarctation of aorta,True,0.0,5,5,5
MONDO_0015452,,,0.0,13,13,13
MONDO_0015454,multiple carboxylase deficiency,True,0.0,1,1,1
MONDO_0015459,nasopharyngeal carcinoma,False,55.0,822,822,822
MONDO_0015461,short rib-polydactyly syndrome,True,0.0,5,5,5
MONDO_0015462,,,0.0,1,1,1
MONDO_0015463,craniodigital syndrome-intellectual disability syndrome,True,0.0,2,2,2
MONDO_0015465,,,0.0,12,12,12
MONDO_0015466,,,0.0,23,23,23
MONDO_0015467,,,0.0,4,4,4
MONDO_0015469,craniosynostosis,False,2.0,169,169,169
MONDO_0015473,,,0.0,2,2,2
MONDO_0015474,,,0.0,82,82,82
MONDO_0015483,,,0.0,9,9,9
MONDO_0015486,keratoconus,False,1.0,170,170,170
MONDO_0015487,,,0.0,18,18,18
MONDO_0015492,anti-neutrophil cytoplasmic antibody-associated vasculitis,False,1.0,157,157,157
MONDO_0015494,,,0.0,1,1,1
MONDO_0015496,macroglossia,True,0.0,15,15,15
MONDO_0015514,hereditary endocrine growth disease,False,1.0,47,47,47
MONDO_0015515,carnitine palmitoyltransferase II deficiency,False,3.0,22,22,22
MONDO_0015516,symbrachydactyly of hands and feet,True,0.0,14,14,14
MONDO_0015517,common variable immunodeficiency,False,2.0,336,336,336
MONDO_0015518,,,0.0,20,20,20
MONDO_0015523,epithelioid hemangioendothelioma,False,11.0,48,48,48
MONDO_0015524,,,0.0,18,18,18
MONDO_0015526,,,0.0,28,28,28
MONDO_0015528,,,0.0,1,1,1
MONDO_0015530,trigeminal autonomic cephalalgia,True,0.0,2,2,2
MONDO_0015531,,,0.0,5,5,5
MONDO_0015540,hemophagocytic syndrome,False,22.0,163,163,163
MONDO_0015541,,,0.0,39,39,39
MONDO_0015542,secondary hemophagocytic lymphohistiocytosis,True,0.0,8,8,8
MONDO_0015546,non-distal monosomy 10q,True,0.0,1,1,1
MONDO_0015547,hereditary dementia,True,0.0,2,2,2
MONDO_0015548,,,0.0,2,2,2
MONDO_0015552,acral dystrophic epidermolysis bullosa,True,0.0,3,3,3
MONDO_0015562,,,0.0,1,1,1
MONDO_0015564,Castleman disease,False,21.0,84,84,84
MONDO_0015566,2q24 microdeletion syndrome,True,0.0,1,1,1
MONDO_0015574,chronic cutaneous lupus erythematosus,False,1.0,11,11,11
MONDO_0015579,,,0.0,30,30,30
MONDO_0015583,,,0.0,3,3,3
MONDO_0015587,,,0.0,11,11,11
MONDO_0015597,pustulosis palmaris et plantaris,False,9.0,93,93,93
MONDO_0015600,,,0.0,19,19,19
MONDO_0015601,,,0.0,28,28,28
MONDO_0015606,,,0.0,21,21,21
MONDO_0015607,,,0.0,78,78,78
MONDO_0015609,advanced sleep phase syndrome,True,0.0,5,5,5
MONDO_0015611,,,0.0,2,2,2
MONDO_0015612,,,0.0,112,112,112
MONDO_0015613,,,0.0,280,280,280
MONDO_0015626,Charcot-Marie-Tooth disease,False,16.0,153,153,153
MONDO_0015627,,,0.0,13,13,13
MONDO_0015628,,,0.0,3,3,3
MONDO_0015629,,,0.0,4,4,4
MONDO_0015630,,,0.0,2,2,2
MONDO_0015631,,,0.0,2,2,2
MONDO_0015634,,,0.0,31,31,31
MONDO_0015643,photosensitive epilepsy,False,27.0,60,60,60
MONDO_0015650,,,0.0,80,80,80
MONDO_0015666,,,0.0,48,48,48
MONDO_0015667,acute myeloid leukemia by FAB classification,False,2.0,358,358,358
MONDO_0015674,,,0.0,8,8,8
MONDO_0015678,"dysplasia of head of femur, Meyer type",True,0.0,11,11,11
MONDO_0015681,,,0.0,23,23,23
MONDO_0015686,primary peritoneal carcinoma,False,161.0,224,224,224
MONDO_0015690,myeloid neoplasm associated with PDGFRB rearrangement,True,0.0,1,1,1
MONDO_0015695,,,0.0,12,12,12
MONDO_0015699,immunodeficiency due to a classical component pathway complement deficiency,True,0.0,75,75,75
MONDO_0015700,,,0.0,1,1,1
MONDO_0015701,,,0.0,161,161,161
MONDO_0015702,,,0.0,1,1,1
MONDO_0015703,,,0.0,123,123,123
MONDO_0015704,,,0.0,1,1,1
MONDO_0015705,,,0.0,5,5,5
MONDO_0015706,,,0.0,3,3,3
MONDO_0015708,,,0.0,2,2,2
MONDO_0015712,,,0.0,2,2,2
MONDO_0015713,,,0.0,1,1,1
MONDO_0015715,severe hemophilia B,False,1.0,1,1,1
MONDO_0015716,moderately severe hemophilia B,True,0.0,1,1,1
MONDO_0015717,mild hemophilia B,True,0.0,1,1,1
MONDO_0015719,severe hemophilia A,False,3.0,10,10,10
MONDO_0015720,,,0.0,9,9,9
MONDO_0015721,mild hemophilia A,True,0.0,1,1,1
MONDO_0015722,,,0.0,1,1,1
MONDO_0015725,,,0.0,1,1,1
MONDO_0015726,,,0.0,8,8,8
MONDO_0015728,,,0.0,1,1,1
MONDO_0015729,,,0.0,6,6,6
MONDO_0015736,,,0.0,2,2,2
MONDO_0015737,,,0.0,5,5,5
MONDO_0015738,,,0.0,7,7,7
MONDO_0015739,adult-onset nemaline myopathy,True,0.0,11,11,11
MONDO_0015745,,,0.0,7,7,7
MONDO_0015746,,,0.0,42,42,42
MONDO_0015749,6q16 deletion syndrome,True,0.0,1,1,1
MONDO_0015751,,,0.0,1,1,1
MONDO_0015753,,,0.0,13,13,13
MONDO_0015756,myeloid hemopathy,True,0.0,1,1,1
MONDO_0015757,,,0.0,1,1,1
MONDO_0015758,,,0.0,7,7,7
MONDO_0015760,T-cell non-Hodgkin lymphoma,False,50.0,481,481,481
MONDO_0015761,,,0.0,2,2,2
MONDO_0015762,progressive familial intrahepatic cholestasis,False,1.0,55,55,55
MONDO_0015769,distal trisomy 6p,True,0.0,2,2,2
MONDO_0015770,,,0.0,15,15,15
MONDO_0015772,,,0.0,8,8,8
MONDO_0015773,,,0.0,5,5,5
MONDO_0015774,thoraco-abdominal enteric duplication,True,0.0,1,1,1
MONDO_0015776,rhizomelic chondrodysplasia punctata,True,0.0,11,11,11
MONDO_0015779,,,0.0,11,11,11
MONDO_0015780,dyskeratosis congenita,False,2.0,180,180,180
MONDO_0015781,,,0.0,2,2,2
MONDO_0015783,,,0.0,19,19,19
MONDO_0015784,,,0.0,18,18,18
MONDO_0015786,,,0.0,8,8,8
MONDO_0015787,,,0.0,2,2,2
MONDO_0015788,symptomatic form of hemophilia B in female carriers,True,0.0,1,1,1
MONDO_0015791,,,0.0,9,9,9
MONDO_0015792,transient congenital hypothyroidism,True,0.0,1,1,1
MONDO_0015793,moderate multiminicore disease with hand involvement,True,0.0,5,5,5
MONDO_0015794,,,0.0,3,3,3
MONDO_0015797,UV-sensitive syndrome,True,0.0,8,8,8
MONDO_0015798,inflammatory myofibroblastic tumor,False,4.0,149,149,149
MONDO_0015799,,,0.0,14,14,14
MONDO_0015800,,,0.0,9,9,9
MONDO_0015802,,,0.0,13,13,13
MONDO_0015804,infant botulism,True,0.0,1,1,1
MONDO_0015813,,,0.0,21,21,21
MONDO_0015820,,,0.0,2,2,2
MONDO_0015824,oculomaxillofacial dysostosis,True,0.0,3,3,3
MONDO_0015826,autosomal dominant spondylocostal dysostosis,True,0.0,17,17,17
MONDO_0015827,,,0.0,22,22,22
MONDO_0015864,,,0.0,31,31,31
MONDO_0015867,,,0.0,4,4,4
MONDO_0015871,,,0.0,32,32,32
MONDO_0015883,,,0.0,1,1,1
MONDO_0015884,autosomal dominant hypohidrotic ectodermal dysplasia,True,0.0,2,2,2
MONDO_0015892,growth hormone insensitivity syndrome,False,1.0,11,11,11
MONDO_0015898,adrenogenital syndrome,False,1.0,5,5,5
MONDO_0015903,,,0.0,10,10,10
MONDO_0015909,,,0.0,189,189,189
MONDO_0015914,primary orthostatic hypotension,True,0.0,6,6,6
MONDO_0015923,acquired peripheral neuropathy,True,0.0,2,2,2
MONDO_0015926,,,0.0,128,128,128
MONDO_0015935,,,0.0,1,1,1
MONDO_0015941,,,0.0,1,1,1
MONDO_0015942,,,0.0,13,13,13
MONDO_0015944,,,0.0,4,4,4
MONDO_0015947,,,0.0,9,9,9
MONDO_0015951,hereditary photodermatosis,True,0.0,1,1,1
MONDO_0015962,,,0.0,1,1,1
MONDO_0015974,severe combined immunodeficiency,False,19.0,129,129,129
MONDO_0015977,,,0.0,90,90,90
MONDO_0015978,,,0.0,21,21,21
MONDO_0015986,,,0.0,2,2,2
MONDO_0015988,,,0.0,45,45,45
MONDO_0015990,"focal, segmental or multifocal dystonia",False,1.0,1,1,1
MONDO_0015991,,,0.0,4,4,4
MONDO_0015993,,,0.0,17,17,17
MONDO_0015995,,,0.0,41,41,41
MONDO_0015998,,,0.0,43,43,43
MONDO_0015999,,,0.0,32,32,32
MONDO_0016001,,,0.0,8,8,8
MONDO_0016002,"Ehlers-Danlos syndrome, kyphoscoliotic type 1",True,0.0,5,5,5
MONDO_0016006,,,0.0,35,35,35
MONDO_0016009,fetal trimethadione syndrome,True,0.0,2,2,2
MONDO_0016020,frontal encephalocele,True,0.0,1,1,1
MONDO_0016027,,,0.0,8,8,8
MONDO_0016028,erythromelalgia,False,3.0,20,20,20
MONDO_0016030,,,0.0,35,35,35
MONDO_0016033,,,0.0,62,62,62
MONDO_0016043,isolated cleft lip,True,0.0,4,4,4
MONDO_0016044,cleft lip/palate,False,10.0,52,52,52
MONDO_0016045,,,0.0,29,29,29
MONDO_0016047,,,0.0,84,84,84
MONDO_0016048,,,0.0,1,1,1
MONDO_0016051,,,0.0,12,12,12
MONDO_0016052,,,0.0,1,1,1
MONDO_0016058,,,0.0,11,11,11
MONDO_0016059,,,0.0,4,4,4
MONDO_0016060,,,0.0,608,608,608
MONDO_0016063,Cowden disease,False,9.0,49,49,49
MONDO_0016064,,,0.0,172,172,172
MONDO_0016065,,,0.0,4,4,4
MONDO_0016067,,,0.0,15,15,15
MONDO_0016068,,,0.0,12,12,12
MONDO_0016070,,,0.0,11,11,11
MONDO_0016071,,,0.0,9,9,9
MONDO_0016073,,,0.0,7,7,7
MONDO_0016075,,,0.0,58,58,58
MONDO_0016083,,,0.0,1,1,1
MONDO_0016085,,,0.0,19,19,19
MONDO_0016087,progressive non-infectious anterior vertebral fusion,True,0.0,2,2,2
MONDO_0016088,,,0.0,4,4,4
MONDO_0016090,,,0.0,8,8,8
MONDO_0016091,,,0.0,6,6,6
MONDO_0016097,,,0.0,21,21,21
MONDO_0016103,isolated asymptomatic elevation of creatine phosphokinase,True,0.0,27,27,27
MONDO_0016106,,,0.0,22,22,22
MONDO_0016107,myotonic dystrophy,False,12.0,123,123,123
MONDO_0016108,,,0.0,22,22,22
MONDO_0016112,hereditary inclusion-body myopathy,True,0.0,8,8,8
MONDO_0016113,,,0.0,2,2,2
MONDO_0016120,myotonic syndrome,False,10.0,15,15,15
MONDO_0016122,,,0.0,34,34,34
MONDO_0016126,,,0.0,6,6,6
MONDO_0016129,eosinophilic gastroenteritis,False,3.0,76,76,76
MONDO_0016130,fungal myositis,True,0.0,1,1,1
MONDO_0016140,sarcoglycanopathy,True,0.0,23,23,23
MONDO_0016142,qualitative or quantitative defects of beta-sarcoglycan,True,0.0,3,3,3
MONDO_0016144,qualitative or quantitative defects of delta-sarcoglycan,True,0.0,3,3,3
MONDO_0016145,neuromuscular disease caused by qualitative or quantitative defects of dysferlin,False,1.0,41,41,41
MONDO_0016146,caveolinopathy,True,0.0,4,4,4
MONDO_0016147,neuromuscular disease caused by qualitative or quantitative defects of dystrophin,False,78.0,141,141,141
MONDO_0016158,narcolepsy-cataplexy syndrome,False,7.0,46,46,46
MONDO_0016162,,,0.0,1,1,1
MONDO_0016163,spinocerebellar ataxia 7,False,10.0,48,48,48
MONDO_0016166,,,0.0,3,3,3
MONDO_0016167,optic pathway glioma,False,1.0,15,15,15
MONDO_0016168,cryopyrin-associated periodic syndrome,False,1.0,518,518,518
MONDO_0016175,,,0.0,23,23,23
MONDO_0016195,neuromuscular disease caused by qualitative or quantitative defects of beta-myosin heavy chain (MYH7),True,0.0,1,1,1
MONDO_0016202,autosomal dominant rhegmatogenous retinal detachment,True,0.0,1,1,1
MONDO_0016203,,,0.0,16,16,16
MONDO_0016205,,,0.0,20,20,20
MONDO_0016210,,,0.0,1,1,1
MONDO_0016216,adult hepatocellular carcinoma,False,60.0,62,62,62
MONDO_0016222,,,0.0,261,261,261
MONDO_0016226,specific language disorder,False,1.0,5,5,5
MONDO_0016227,,,0.0,4,4,4
MONDO_0016231,,,0.0,27,27,27
MONDO_0016236,kaposiform hemangioendothelioma,False,11.0,45,45,45
MONDO_0016238,solitary fibrous tumor,False,20.0,189,189,189
MONDO_0016239,cystinosis,False,79.0,127,127,127
MONDO_0016241,alternating hemiplegia of childhood,False,2.0,66,66,66
MONDO_0016242,,,0.0,1,1,1
MONDO_0016243,,,0.0,119,119,119
MONDO_0016244,atypical hemolytic-uremic syndrome,False,4.0,65,65,65
MONDO_0016248,,,0.0,13,13,13
MONDO_0016256,Hennekam syndrome,True,0.0,5,5,5
MONDO_0016259,carcinosarcoma of the corpus uteri,True,0.0,1,1,1
MONDO_0016280,sarcoma of cervix uteri,True,0.0,6,6,6
MONDO_0016281,,,0.0,93,93,93
MONDO_0016291,,,0.0,4,4,4
MONDO_0016292,,,0.0,10,10,10
MONDO_0016293,,,0.0,25,25,25
MONDO_0016294,,,0.0,4,4,4
MONDO_0016295,,,0.0,61,61,61
MONDO_0016296,,,0.0,77,77,77
MONDO_0016301,,,0.0,57,57,57
MONDO_0016304,,,0.0,4,4,4
MONDO_0016305,,,0.0,22,22,22
MONDO_0016311,Bockenheimer syndrome,True,0.0,1,1,1
MONDO_0016315,"mucopolysaccharidosis type 2, severe form",True,0.0,1,1,1
MONDO_0016316,,,0.0,1,1,1
MONDO_0016322,neuroendocrine cell hyperplasia of infancy,True,0.0,2,2,2
MONDO_0016323,,,0.0,18,18,18
MONDO_0016331,,,0.0,4,4,4
MONDO_0016333,,,0.0,27,27,27
MONDO_0016340,,,0.0,6,6,6
MONDO_0016342,,,0.0,2,2,2
MONDO_0016344,,,0.0,9,9,9
MONDO_0016346,,,0.0,9,9,9
MONDO_0016349,,,0.0,26,26,26
MONDO_0016358,limited cutaneous systemic sclerosis,False,2.0,14,14,14
MONDO_0016362,,,0.0,90,90,90
MONDO_0016364,Joubert syndrome with ocular defect,True,0.0,18,18,18
MONDO_0016366,maternal phenylketonuria,True,0.0,1,1,1
MONDO_0016368,,,0.0,6,6,6
MONDO_0016369,,,0.0,6,6,6
MONDO_0016372,,,0.0,3,3,3
MONDO_0016377,,,0.0,3,3,3
MONDO_0016381,,,0.0,17,17,17
MONDO_0016383,,,0.0,49,49,49
MONDO_0016385,,,0.0,7,7,7
MONDO_0016386,,,0.0,26,26,26
MONDO_0016387,mitochondrial oxidative phosphorylation disorder,True,0.0,4,4,4
MONDO_0016390,,,0.0,2,2,2
MONDO_0016391,,,0.0,57,57,57
MONDO_0016394,,,0.0,9,9,9
MONDO_0016395,,,0.0,9,9,9
MONDO_0016396,pontocerebellar hypoplasia type 1,True,0.0,3,3,3
MONDO_0016410,,,0.0,15,15,15
MONDO_0016411,,,0.0,7,7,7
MONDO_0016412,peripheral hypothyroidism,True,0.0,1,1,1
MONDO_0016414,,,0.0,8,8,8
MONDO_0016417,congenital ichthyosis-microcephalus-tetraplegia syndrome,True,0.0,1,1,1
MONDO_0016418,,,0.0,39,39,39
MONDO_0016419,hereditary breast carcinoma,True,0.0,19,19,19
MONDO_0016446,,,0.0,1,1,1
MONDO_0016450,,,0.0,7,7,7
MONDO_0016460,polyvalvular heart disease syndrome,True,0.0,3,3,3
MONDO_0016462,,,0.0,196,196,196
MONDO_0016464,,,0.0,40,40,40
MONDO_0016470,,,0.0,2,2,2
MONDO_0016471,pachyonychia congenita,False,1.0,809,809,809
MONDO_0016473,familial rhabdoid tumor,True,0.0,15,15,15
MONDO_0016474,,,0.0,12,12,12
MONDO_0016481,silver-Russell syndrome due to 11p15 microduplication,True,0.0,2,2,2
MONDO_0016483,intracranial berry aneurysm,True,0.0,1,1,1
MONDO_0016484,,,0.0,3,3,3
MONDO_0016485,,,0.0,6,6,6
MONDO_0016486,beta-thalassemia major,False,10.0,36,36,36
MONDO_0016487,beta-thalassemia intermedia,False,3.0,42,42,42
MONDO_0016489,,,0.0,74,74,74
MONDO_0016490,,,0.0,110,110,110
MONDO_0016491,,,0.0,84,84,84
MONDO_0016501,Hermansky-Pudlak syndrome with pulmonary fibrosis,True,0.0,3,3,3
MONDO_0016502,,,0.0,9,9,9
MONDO_0016512,,,0.0,93,93,93
MONDO_0016514,epidermolysis bullosa simplex with anodontia/hypodontia,True,0.0,1,1,1
MONDO_0016515,,,0.0,2,2,2
MONDO_0016516,Kenny-Caffey syndrome,True,0.0,1,1,1
MONDO_0016521,muscular pseudohypertrophy-hypothyroidism syndrome,True,0.0,2,2,2
MONDO_0016523,,,0.0,15,15,15
MONDO_0016525,,,0.0,309,309,309
MONDO_0016526,,,0.0,1,1,1
MONDO_0016527,,,0.0,12,12,12
MONDO_0016529,,,0.0,6,6,6
MONDO_0016532,Lennox-Gastaut syndrome,False,42.0,161,161,161
MONDO_0016535,hypohidrotic ectodermal dysplasia,True,0.0,99,99,99
MONDO_0016537,lymphoproliferative syndrome,False,23.0,284,284,284
MONDO_0016542,,,0.0,5,5,5
MONDO_0016543,,,0.0,1,1,1
MONDO_0016545,leukoencephalopathy-palmoplantar keratoderma syndrome,True,0.0,2,2,2
MONDO_0016553,,,0.0,64,64,64
MONDO_0016558,,,0.0,7,7,7
MONDO_0016562,,,0.0,18,18,18
MONDO_0016563,,,0.0,14,14,14
MONDO_0016568,,,0.0,1,1,1
MONDO_0016574,,,0.0,7,7,7
MONDO_0016575,primary ciliary dyskinesia,False,5.0,375,375,375
MONDO_0016576,,,0.0,11,11,11
MONDO_0016581,,,0.0,15,15,15
MONDO_0016584,,,0.0,38,38,38
MONDO_0016586,systemic mastocytosis,False,47.0,130,130,130
MONDO_0016587,,,0.0,114,114,114
MONDO_0016596,hyperphosphatasia-intellectual disability syndrome,True,0.0,3,3,3
MONDO_0016602,,,0.0,8,8,8
MONDO_0016603,,,0.0,8,8,8
MONDO_0016604,dysraphism-cleft lip/palate-limb reduction defects syndrome,True,0.0,7,7,7
MONDO_0016608,,,0.0,19,19,19
MONDO_0016611,,,0.0,20,20,20
MONDO_0016613,,,0.0,18,18,18
MONDO_0016614,,,0.0,5,5,5
MONDO_0016619,,,0.0,7,7,7
MONDO_0016620,,,0.0,37,37,37
MONDO_0016621,,,0.0,23,23,23
MONDO_0016624,,,0.0,7,7,7
MONDO_0016638,,,0.0,3,3,3
MONDO_0016639,,,0.0,3,3,3
MONDO_0016641,limb transversal defect-cardiac anomaly syndrome,True,0.0,8,8,8
MONDO_0016642,meningioma,False,27.0,508,508,508
MONDO_0016643,,,0.0,9,9,9
MONDO_0016648,,,0.0,33,33,33
MONDO_0016649,Warburg micro syndrome,True,0.0,7,7,7
MONDO_0016650,,,0.0,6,6,6
MONDO_0016651,,,0.0,1,1,1
MONDO_0016652,2q31.1 microdeletion syndrome,True,0.0,2,2,2
MONDO_0016653,,,0.0,8,8,8
MONDO_0016654,,,0.0,5,5,5
MONDO_0016656,,,0.0,1,1,1
MONDO_0016657,,,0.0,5,5,5
MONDO_0016658,,,0.0,21,21,21
MONDO_0016659,,,0.0,5,5,5
MONDO_0016660,,,0.0,28,28,28
MONDO_0016664,,,0.0,2,2,2
MONDO_0016668,sickle cell-beta-thalassemia disease syndrome,False,1.0,4,4,4
MONDO_0016669,sickle cell-hemoglobin c disease syndrome,True,0.0,1,1,1
MONDO_0016672,,,0.0,104,104,104
MONDO_0016673,"localized junctional epidermolysis bullosa, non-Herlitz type",True,0.0,2,2,2
MONDO_0016674,,,0.0,81,81,81
MONDO_0016680,high grade astrocytic tumor,True,0.0,4,4,4
MONDO_0016683,,,0.0,54,54,54
MONDO_0016685,,,0.0,19,19,19
MONDO_0016690,,,0.0,52,52,52
MONDO_0016691,pilocytic astrocytoma,False,11.0,157,157,157
MONDO_0016692,pilomyxoid astrocytoma,True,0.0,24,24,24
MONDO_0016693,subependymal giant cell astrocytoma,False,2.0,39,39,39
MONDO_0016700,anaplastic ependymoma,False,32.0,81,81,81
MONDO_0016707,astroblastoma,True,0.0,18,18,18
MONDO_0016710,,,0.0,6,6,6
MONDO_0016711,,,0.0,2,2,2
MONDO_0016712,,,0.0,4,4,4
MONDO_0016715,,,0.0,37,37,37
MONDO_0016717,choroid plexus neoplasm,False,13.0,22,22,22
MONDO_0016718,,,0.0,23,23,23
MONDO_0016727,extraventricular neurocytoma,True,0.0,5,5,5
MONDO_0016729,,,0.0,45,45,45
MONDO_0016730,,,0.0,27,27,27
MONDO_0016734,anaplastic ganglioglioma,True,0.0,6,6,6
MONDO_0016735,,,0.0,7,7,7
MONDO_0016736,rosette-forming glioneuronal tumor of fourth ventricule,True,0.0,11,11,11
MONDO_0016742,mixed germ cell tumor of central nervous system,True,0.0,1,1,1
MONDO_0016747,,,0.0,9,9,9
MONDO_0016748,hemangioblastoma,False,1.0,157,157,157
MONDO_0016750,,,0.0,5,5,5
MONDO_0016751,malignant perineurioma,True,0.0,1,1,1
MONDO_0016752,benign peripheral nerve sheath tumor,True,0.0,8,8,8
MONDO_0016757,malignant triton tumor,True,0.0,1,1,1
MONDO_0016759,,,0.0,7,7,7
MONDO_0016760,,,0.0,5,5,5
MONDO_0016761,spondyloepiphyseal dysplasia,True,0.0,18,18,18
MONDO_0016763,,,0.0,4,4,4
MONDO_0016778,iatrogenic botulism,False,40.0,41,41,41
MONDO_0016779,,,0.0,2,2,2
MONDO_0016780,,,0.0,1,1,1
MONDO_0016781,,,0.0,2,2,2
MONDO_0016782,,,0.0,3,3,3
MONDO_0016783,maternal 14q32.2 hypermethylation syndrome,True,0.0,3,3,3
MONDO_0016785,complete hydatidiform mole,True,0.0,15,15,15
MONDO_0016790,tricarboxylic acid cycle disorder,True,0.0,1,1,1
MONDO_0016796,,,0.0,1,1,1
MONDO_0016807,,,0.0,5,5,5
MONDO_0016809,,,0.0,11,11,11
MONDO_0016810,,,0.0,7,7,7
MONDO_0016812,,,0.0,44,44,44
MONDO_0016814,,,0.0,9,9,9
MONDO_0016817,Meier-Gorlin syndrome,True,0.0,1,1,1
MONDO_0016820,,,0.0,108,108,108
MONDO_0016824,,,0.0,136,136,136
MONDO_0016825,,,0.0,6,6,6
MONDO_0016828,,,0.0,7,7,7
MONDO_0016829,,,0.0,67,67,67
MONDO_0016830,,,0.0,91,91,91
MONDO_0016832,,,0.0,2,2,2
MONDO_0016837,,,0.0,10,10,10
MONDO_0016840,trisomy 17p,True,0.0,2,2,2
MONDO_0016841,20p12.3 microdeletion syndrome,True,0.0,2,2,2
MONDO_0016844,,,0.0,1,1,1
MONDO_0016851,,,0.0,1,1,1
MONDO_0016852,,,0.0,3,3,3
MONDO_0016853,,,0.0,89,89,89
MONDO_0016854,,,0.0,14,14,14
MONDO_0016855,,,0.0,1,1,1
MONDO_0016856,,,0.0,1,1,1
MONDO_0016860,familial adenomatous polyposis due to 5q22.2 microdeletion,True,0.0,1,1,1
MONDO_0016862,,,0.0,6,6,6
MONDO_0016971,limb-girdle muscular dystrophy,False,2.0,91,91,91
MONDO_0016974,,,0.0,4,4,4
MONDO_0016979,,,0.0,20,20,20
MONDO_0016980,,,0.0,1,1,1
MONDO_0016981,,,0.0,1,1,1
MONDO_0016983,,,0.0,10,10,10
MONDO_0016987,neuroacanthocytosis,True,0.0,1,1,1
MONDO_0016988,,,0.0,10,10,10
MONDO_0016994,microcephalic osteodysplastic primordial dwarfism types I and III,True,0.0,6,6,6
MONDO_0016996,,,0.0,46,46,46
MONDO_0017013,,,0.0,2,2,2
MONDO_0017014,,,0.0,29,29,29
MONDO_0017042,,,0.0,281,281,281
MONDO_0017043,,,0.0,48,48,48
MONDO_0017050,intraocular medulloepithelioma,True,0.0,2,2,2
MONDO_0017056,DYRK1A-related intellectual disability syndrome due to 21q22.13q22.2 microdeletion,True,0.0,1,1,1
MONDO_0017062,spina bifida aperta,True,0.0,10,10,10
MONDO_0017069,,,0.0,6,6,6
MONDO_0017077,,,0.0,1,1,1
MONDO_0017078,cephalocele,True,0.0,1,1,1
MONDO_0017079,meningoencephalocele,True,0.0,1,1,1
MONDO_0017080,occipital encephalocele,True,0.0,3,3,3
MONDO_0017082,basal encephalocele,True,0.0,1,1,1
MONDO_0017086,primary tethered cord syndrome,True,0.0,4,4,4
MONDO_0017087,neurenteric cyst,True,0.0,4,4,4
MONDO_0017093,,,0.0,13,13,13
MONDO_0017094,,,0.0,65,65,65
MONDO_0017095,isolated focal cortical dysplasia type I,True,0.0,6,6,6
MONDO_0017096,isolated focal cortical dysplasia type Ia,True,0.0,1,1,1
MONDO_0017100,,,0.0,39,39,39
MONDO_0017101,isolated focal cortical dysplasia type IIa,True,0.0,2,2,2
MONDO_0017102,,,0.0,14,14,14
MONDO_0017117,,,0.0,1,1,1
MONDO_0017134,odonto-onycho dysplasia-alopecia syndrome,True,0.0,5,5,5
MONDO_0017135,,,0.0,3,3,3
MONDO_0017136,omodysplasia,True,0.0,3,3,3
MONDO_0017138,Opitz G/BBB syndrome,False,1.0,11,11,11
MONDO_0017140,,,0.0,4,4,4
MONDO_0017147,idiopathic pulmonary arterial hypertension,False,5.0,324,324,324
MONDO_0017148,,,0.0,46,46,46
MONDO_0017160,,,0.0,77,77,77
MONDO_0017161,,,0.0,12,12,12
MONDO_0017162,,,0.0,5,5,5
MONDO_0017169,,,0.0,58,58,58
MONDO_0017174,,,0.0,1,1,1
MONDO_0017175,,,0.0,1,1,1
MONDO_0017176,,,0.0,6,6,6
MONDO_0017177,,,0.0,2,2,2
MONDO_0017178,,,0.0,174,174,174
MONDO_0017182,,,0.0,5,5,5
MONDO_0017183,,,0.0,29,29,29
MONDO_0017184,,,0.0,45,45,45
MONDO_0017185,,,0.0,41,41,41
MONDO_0017187,,,0.0,1,1,1
MONDO_0017188,,,0.0,1,1,1
MONDO_0017189,,,0.0,19,19,19
MONDO_0017193,,,0.0,1,1,1
MONDO_0017194,,,0.0,12,12,12
MONDO_0017195,,,0.0,32,32,32
MONDO_0017196,,,0.0,2,2,2
MONDO_0017197,osteopathia striata-pigmentary dermopathy-white forelock syndrome,True,0.0,13,13,13
MONDO_0017198,osteopetrosis,False,17.0,25,25,25
MONDO_0017202,acute endophthalmitis,True,0.0,1,1,1
MONDO_0017209,infectious posterior uveitis,True,0.0,1,1,1
MONDO_0017210,infectious anterior uveitis,True,0.0,1,1,1
MONDO_0017219,,,0.0,3,3,3
MONDO_0017221,,,0.0,2,2,2
MONDO_0017222,,,0.0,20,20,20
MONDO_0017223,,,0.0,1,1,1
MONDO_0017225,,,0.0,12,12,12
MONDO_0017226,,,0.0,1,1,1
MONDO_0017230,,,0.0,15,15,15
MONDO_0017236,,,0.0,54,54,54
MONDO_0017239,familial progressive hyper- and hypopigmentation,True,0.0,2,2,2
MONDO_0017256,idiopathic anterior uveitis,True,0.0,11,11,11
MONDO_0017258,,,0.0,13,13,13
MONDO_0017264,,,0.0,2,2,2
MONDO_0017265,,,0.0,19,19,19
MONDO_0017268,,,0.0,2,2,2
MONDO_0017275,,,0.0,5,5,5
MONDO_0017276,frontotemporal dementia,False,66.0,84,84,84
MONDO_0017278,autoimmune polyendocrinopathy,False,7.0,44,44,44
MONDO_0017279,,,0.0,12,12,12
MONDO_0017283,DeSanto-Shinawi Syndrome due to 10p11.21p12.31 microdeletion,True,0.0,1,1,1
MONDO_0017284,,,0.0,2,2,2
MONDO_0017285,,,0.0,2,2,2
MONDO_0017287,immunoglobulin G4-related sclerosing disease,False,13.0,224,224,224
MONDO_0017290,familial intrahepatic cholestasis,False,1.0,9,9,9
MONDO_0017292,well-differentiated fetal adenocarcinoma of the lung,True,0.0,5,5,5
MONDO_0017301,,,0.0,9,9,9
MONDO_0017304,,,0.0,10,10,10
MONDO_0017306,,,0.0,1,1,1
MONDO_0017309,neonatal Marfan syndrome,True,0.0,2,2,2
MONDO_0017310,Marfan and Marfan-related disorder,True,0.0,1,1,1
MONDO_0017312,,,0.0,46,46,46
MONDO_0017314,"Ehlers-Danlos syndrome, vascular type",False,1.0,31,31,31
MONDO_0017316,,,0.0,2,2,2
MONDO_0017317,phakomatosis pigmentokeratotica,True,0.0,3,3,3
MONDO_0017318,phakomatosis pigmentovascularis,True,0.0,17,17,17
MONDO_0017319,,,0.0,66,66,66
MONDO_0017321,pili torti-onychodysplasia syndrome,True,0.0,4,4,4
MONDO_0017322,,,0.0,1,1,1
MONDO_0017323,,,0.0,1,1,1
MONDO_0017324,,,0.0,56,56,56
MONDO_0017325,,,0.0,23,23,23
MONDO_0017329,,,0.0,14,14,14
MONDO_0017337,,,0.0,22,22,22
MONDO_0017339,,,0.0,4,4,4
MONDO_0017340,juvenile nasopharyngeal angiofibroma,False,1.0,35,35,35
MONDO_0017341,virus associated tumor,True,0.0,1,1,1
MONDO_0017346,Epstein-Barr virus-positive diffuse large B-cell lymphoma of the elderly,False,13.0,14,14,14
MONDO_0017349,myopericytoma,True,0.0,43,43,43
MONDO_0017352,disorder of glutamine metabolism,True,0.0,4,4,4
MONDO_0017354,,,0.0,1,1,1
MONDO_0017360,,,0.0,6,6,6
MONDO_0017362,neuralgic amyotrophy,True,0.0,2,2,2
MONDO_0017365,"hereditary acrokeratotic poikiloderma, Weary type",True,0.0,1,1,1
MONDO_0017366,,,0.0,4,4,4
MONDO_0017375,,,0.0,4,4,4
MONDO_0017377,,,0.0,6,6,6
MONDO_0017379,,,0.0,1,1,1
MONDO_0017380,,,0.0,149,149,149
MONDO_0017381,congenital herpes simplex virus infection,True,0.0,1,1,1
MONDO_0017385,,,0.0,15,15,15
MONDO_0017386,pleomorphic rhabdomyosarcoma,False,9.0,34,34,34
MONDO_0017387,epithelioid sarcoma,False,3.0,80,80,80
MONDO_0017389,,,0.0,1,1,1
MONDO_0017392,pre-descemet corneal dystrophy,True,0.0,4,4,4
MONDO_0017398,,,0.0,2,2,2
MONDO_0017400,,,0.0,11,11,11
MONDO_0017401,,,0.0,1,1,1
MONDO_0017402,,,0.0,1,1,1
MONDO_0017403,,,0.0,1,1,1
MONDO_0017406,,,0.0,1,1,1
MONDO_0017407,,,0.0,10,10,10
MONDO_0017408,,,0.0,7,7,7
MONDO_0017410,,,0.0,2,2,2
MONDO_0017411,,,0.0,16,16,16
MONDO_0017413,,,0.0,157,157,157
MONDO_0017415,,,0.0,9,9,9
MONDO_0017424,,,0.0,2,2,2
MONDO_0017435,,,0.0,190,190,190
MONDO_0017436,,,0.0,9,9,9
MONDO_0017439,tetra-amelia,True,0.0,2,2,2
MONDO_0017441,,,0.0,10,10,10
MONDO_0017454,triphalangeal thumb-polysyndactyly syndrome,True,0.0,6,6,6
MONDO_0017455,hyperphalangy,True,0.0,1,1,1
MONDO_0017474,,,0.0,7,7,7
MONDO_0017475,macrodactyly of toes,True,0.0,6,6,6
MONDO_0017568,,,0.0,15,15,15
MONDO_0017569,,,0.0,3,3,3
MONDO_0017570,,,0.0,77,77,77
MONDO_0017571,Proteus-like syndrome,True,0.0,6,6,6
MONDO_0017574,,,0.0,63,63,63
MONDO_0017575,,,0.0,18,18,18
MONDO_0017582,pituitary adenocarcinoma,False,2.0,69,69,69
MONDO_0017583,,,0.0,4,4,4
MONDO_0017591,,,0.0,21,21,21
MONDO_0017593,,,0.0,16,16,16
MONDO_0017594,,,0.0,12,12,12
MONDO_0017596,diffuse large B-cell lymphoma of the central nervous system,False,10.0,45,45,45
MONDO_0017599,splenic diffuse red pulp small B-cell lymphoma,True,0.0,15,15,15
MONDO_0017607,caudal regression sequence,True,0.0,3,3,3
MONDO_0017609,,,0.0,12,12,12
MONDO_0017610,epidermolysis bullosa simplex,False,1.0,165,165,165
MONDO_0017611,pituitary tumor,False,6.0,314,314,314
MONDO_0017612,,,0.0,21,21,21
MONDO_0017614,,,0.0,4,4,4
MONDO_0017615,,,0.0,45,45,45
MONDO_0017617,,,0.0,2,2,2
MONDO_0017623,PTEN hamartoma tumor syndrome,False,1.0,220,220,220
MONDO_0017624,familial primary hypomagnesemia with hypercalciuria and nephrocalcinosis,True,0.0,4,4,4
MONDO_0017634,non-infectious anterior uveitis,False,1.0,1,1,1
MONDO_0017636,,,0.0,8,8,8
MONDO_0017639,,,0.0,2,2,2
MONDO_0017658,,,0.0,24,24,24
MONDO_0017666,diffuse palmoplantar keratoderma,True,0.0,2,2,2
MONDO_0017668,,,0.0,3,3,3
MONDO_0017672,,,0.0,10,10,10
MONDO_0017682,,,0.0,2,2,2
MONDO_0017694,,,0.0,5,5,5
MONDO_0017704,,,0.0,6,6,6
MONDO_0017708,mevalonate kinase deficiency,False,1.0,7,7,7
MONDO_0017711,pancreatic colipase deficiency,True,0.0,4,4,4
MONDO_0017714,,,0.0,2,2,2
MONDO_0017715,,,0.0,4,4,4
MONDO_0017719,gangliosidosis,False,3.0,7,7,7
MONDO_0017720,GM2 gangliosidosis,False,2.0,25,25,25
MONDO_0017722,,,0.0,3,3,3
MONDO_0017723,,,0.0,18,18,18
MONDO_0017729,,,0.0,3,3,3
MONDO_0017730,,,0.0,3,3,3
MONDO_0017733,,,0.0,1,1,1
MONDO_0017734,,,0.0,24,24,24
MONDO_0017735,,,0.0,40,40,40
MONDO_0017738,lysosomal glycogen storage disease,True,0.0,3,3,3
MONDO_0017739,disorder of lysosomal-related organelles,True,0.0,2,2,2
MONDO_0017746,,,0.0,22,22,22
MONDO_0017762,disorder of copper metabolism,True,0.0,3,3,3
MONDO_0017769,,,0.0,19,19,19
MONDO_0017771,,,0.0,64,64,64
MONDO_0017773,,,0.0,22,22,22
MONDO_0017774,,,0.0,13,13,13
MONDO_0017778,lamellar ichthyosis,False,1.0,40,40,40
MONDO_0017779,alpha-N-acetylgalactosaminidase deficiency,True,0.0,1,1,1
MONDO_0017787,,,0.0,9,9,9
MONDO_0017790,,,0.0,17,17,17
MONDO_0017791,high bone mass osteogenesis imperfecta,True,0.0,2,2,2
MONDO_0017792,,,0.0,6,6,6
MONDO_0017795,ameloblastoma,False,3.0,181,181,181
MONDO_0017805,,,0.0,1,1,1
MONDO_0017806,15q overgrowth syndrome,True,0.0,1,1,1
MONDO_0017809,,,0.0,20,20,20
MONDO_0017810,,,0.0,1,1,1
MONDO_0017812,,,0.0,2,2,2
MONDO_0017814,primary bone lymphoma,True,0.0,6,6,6
MONDO_0017816,primary systemic amyloidosis,False,13.0,26,26,26
MONDO_0017824,,,0.0,5,5,5
MONDO_0017836,,,0.0,7,7,7
MONDO_0017837,,,0.0,1,1,1
MONDO_0017838,,,0.0,31,31,31
MONDO_0017842,,,0.0,39,39,39
MONDO_0017845,,,0.0,35,35,35
MONDO_0017847,,,0.0,4,4,4
MONDO_0017850,,,0.0,3,3,3
MONDO_0017851,,,0.0,18,18,18
MONDO_0017852,,,0.0,3,3,3
MONDO_0017853,,,0.0,187,187,187
MONDO_0017855,,,0.0,7,7,7
MONDO_0017857,,,0.0,19,19,19
MONDO_0017867,,,0.0,3,3,3
MONDO_0017868,,,0.0,4,4,4
MONDO_0017869,chondroectodermal dysplasia with night blindness,True,0.0,3,3,3
MONDO_0017886,,,0.0,16,16,16
MONDO_0017892,,,0.0,1,1,1
MONDO_0017895,,,0.0,32,32,32
MONDO_0017896,,,0.0,6,6,6
MONDO_0017904,,,0.0,9,9,9
MONDO_0017906,,,0.0,6,6,6
MONDO_0017909,,,0.0,2,2,2
MONDO_0017910,dehydrated hereditary stomatocytosis,False,1.0,106,106,106
MONDO_0017917,,,0.0,8,8,8
MONDO_0017919,,,0.0,122,122,122
MONDO_0017921,,,0.0,5,5,5
MONDO_0017923,,,0.0,14,14,14
MONDO_0017932,muscular hypertrophy-hepatomegaly-polyhydramnios syndrome,True,0.0,5,5,5
MONDO_0017933,,,0.0,5,5,5
MONDO_0017935,,,0.0,63,63,63
MONDO_0017936,,,0.0,2,2,2
MONDO_0017939,,,0.0,12,12,12
MONDO_0017945,,,0.0,5,5,5
MONDO_0017946,,,0.0,4,4,4
MONDO_0017947,,,0.0,4,4,4
MONDO_0017948,,,0.0,1,1,1
MONDO_0017949,,,0.0,1,1,1
MONDO_0017951,,,0.0,9,9,9
MONDO_0017953,hereditary periodic fever syndrome,True,0.0,7,7,7
MONDO_0017967,,,0.0,61,61,61
MONDO_0017968,,,0.0,15,15,15
MONDO_0017975,sex chromosome disorder of sex development,False,51.0,51,51,51
MONDO_0017979,,,0.0,200,200,200
MONDO_0017983,humero-radio-ulnar synostosis,True,0.0,6,6,6
MONDO_0017985,,,0.0,16,16,16
MONDO_0017987,syringomyelia,False,6.0,28,28,28
MONDO_0017989,,,0.0,60,60,60
MONDO_0017990,,,0.0,114,114,114
MONDO_0017994,,,0.0,42,42,42
MONDO_0017998,,,0.0,7,7,7
MONDO_0017999,,,0.0,6,6,6
MONDO_0018002,,,0.0,2,2,2
MONDO_0018004,acute megakaryoblastic leukemia without down syndrome,True,0.0,1,1,1
MONDO_0018005,spastic paraplegia-Paget disease of bone syndrome,True,0.0,4,4,4
MONDO_0018006,,,0.0,9,9,9
MONDO_0018010,,,0.0,9,9,9
MONDO_0018013,non-immunoglobulin-mediated membranoproliferative glomerulonephritis,False,4.0,45,45,45
MONDO_0018015,intermittent hydrarthrosis,True,0.0,1,1,1
MONDO_0018017,,,0.0,66,66,66
MONDO_0018023,,,0.0,44,44,44
MONDO_0018026,tetraploidy syndrome,True,0.0,1,1,1
MONDO_0018027,,,0.0,1,1,1
MONDO_0018028,,,0.0,1,1,1
MONDO_0018029,congenital factor XIII deficiency,False,1.0,11,11,11
MONDO_0018030,,,0.0,2,2,2
MONDO_0018037,,,0.0,69,69,69
MONDO_0018039,,,0.0,101,101,101
MONDO_0018043,Thomas syndrome,True,0.0,2,2,2
MONDO_0018044,idiopathic hypersomnia,False,14.0,18,18,18
MONDO_0018045,Hoyeraal-Hreidarsson syndrome,True,0.0,7,7,7
MONDO_0018050,,,0.0,28,28,28
MONDO_0018053,,,0.0,21,21,21
MONDO_0018054,,,0.0,95,95,95
MONDO_0018055,,,0.0,12,12,12
MONDO_0018060,congenital fibrinogen deficiency,False,3.0,6,6,6
MONDO_0018065,,,0.0,1,1,1
MONDO_0018066,,,0.0,4,4,4
MONDO_0018067,triploidy,True,0.0,1,1,1
MONDO_0018068,,,0.0,6,6,6
MONDO_0018071,,,0.0,7,7,7
MONDO_0018072,,,0.0,382,382,382
MONDO_0018075,neural tube defect,False,2.0,201,201,201
MONDO_0018076,tuberculosis,False,92.0,656,656,656
MONDO_0018079,thymic epithelial neoplasm,False,9.0,138,138,138
MONDO_0018085,,,0.0,12,12,12
MONDO_0018086,ulerythema ophryogenesis,True,0.0,5,5,5
MONDO_0018087,viral hemorrhagic fever,True,0.0,39,39,39
MONDO_0018088,familial Mediterranean fever,False,12.0,191,191,191
MONDO_0018089,double outlet right ventricle,False,2.0,14,14,14
MONDO_0018091,,,0.0,2,2,2
MONDO_0018092,Vogt-Koyanagi-Harada disease,False,2.0,109,109,109
MONDO_0018094,,,0.0,35,35,35
MONDO_0018095,,,0.0,7,7,7
MONDO_0018096,Weill-Marchesani syndrome,True,0.0,13,13,13
MONDO_0018097,infantile spasms,False,22.0,119,119,119
MONDO_0018100,,,0.0,1,1,1
MONDO_0018101,,,0.0,10,10,10
MONDO_0018102,,,0.0,52,52,52
MONDO_0018105,Wolfram syndrome,False,5.0,58,58,58
MONDO_0018106,,,0.0,13,13,13
MONDO_0018109,fulminant viral hepatitis,True,0.0,18,18,18
MONDO_0018115,epidermal nevus syndrome,False,1.0,3,3,3
MONDO_0018116,,,0.0,42,42,42
MONDO_0018126,,,0.0,6,6,6
MONDO_0018129,,,0.0,9,9,9
MONDO_0018130,,,0.0,10,10,10
MONDO_0018131,neurodevelopmental disorder-craniofacial dysmorphism-cardiac defect-hip dysplasia syndrome due to 9q21 microdeletion,True,0.0,1,1,1
MONDO_0018133,,,0.0,1,1,1
MONDO_0018134,,,0.0,2,2,2
MONDO_0018135,,,0.0,136,136,136
MONDO_0018136,minimal pigment oculocutaneous albinism type 1,True,0.0,1,1,1
MONDO_0018137,temperature-sensitive oculocutaneous albinism type 1,True,0.0,1,1,1
MONDO_0018149,GM1 gangliosidosis,True,0.0,33,33,33
MONDO_0018150,Gaucher disease,False,2.0,121,121,121
MONDO_0018151,,,0.0,12,12,12
MONDO_0018155,lateral sclerosis,True,0.0,12,12,12
MONDO_0018158,,,0.0,10,10,10
MONDO_0018160,hereditary retinoblastoma,True,0.0,9,9,9
MONDO_0018162,neurometabolic disorder due to serine deficiency,True,0.0,7,7,7
MONDO_0018163,,,0.0,1,1,1
MONDO_0018169,,,0.0,27,27,27
MONDO_0018170,idiopathic nephrotic syndrome,False,9.0,91,91,91
MONDO_0018171,malignant germ cell tumor of ovary,False,11.0,22,22,22
MONDO_0018174,hereditary glaucoma,True,0.0,4,4,4
MONDO_0018175,,,0.0,18,18,18
MONDO_0018177,,,0.0,1060,1060,1060
MONDO_0018178,,,0.0,72,72,72
MONDO_0018184,,,0.0,8,8,8
MONDO_0018189,,,0.0,3,3,3
MONDO_0018199,,,0.0,22,22,22
MONDO_0018201,extragonadal germ cell tumor,False,12.0,14,14,14
MONDO_0018202,gonadal germ cell tumor,True,0.0,3,3,3
MONDO_0018203,LMNA-related cardiocutaneous progeria syndrome,True,0.0,24,24,24
MONDO_0018204,,,0.0,1,1,1
MONDO_0018209,,,0.0,1,1,1
MONDO_0018210,,,0.0,3,3,3
MONDO_0018212,,,0.0,2,2,2
MONDO_0018213,,,0.0,7,7,7
MONDO_0018214,,,0.0,26,26,26
MONDO_0018215,,,0.0,206,206,206
MONDO_0018217,,,0.0,1,1,1
MONDO_0018226,,,0.0,8,8,8
MONDO_0018230,,,0.0,105,105,105
MONDO_0018233,otopalatodigital syndrome spectrum disorder,True,0.0,1,1,1
MONDO_0018234,dysostosis,True,0.0,2,2,2
MONDO_0018237,,,0.0,5,5,5
MONDO_0018242,,,0.0,6,6,6
MONDO_0018243,,,0.0,2,2,2
MONDO_0018244,,,0.0,24,24,24
MONDO_0018247,,,0.0,14,14,14
MONDO_0018253,,,0.0,10,10,10
MONDO_0018254,"spondyloepimetaphyseal dysplasia, Isidor type",True,0.0,1,1,1
MONDO_0018264,,,0.0,14,14,14
MONDO_0018266,,,0.0,7,7,7
MONDO_0018271,peripheral primitive neuroectodermal tumor,False,11.0,48,48,48
MONDO_0018273,,,0.0,4,4,4
MONDO_0018274,,,0.0,4,4,4
MONDO_0018278,,,0.0,2,2,2
MONDO_0018280,,,0.0,2,2,2
MONDO_0018282,,,0.0,24,24,24
MONDO_0018298,,,0.0,7,7,7
MONDO_0018305,chronic granulomatous disease,False,18.0,223,223,223
MONDO_0018306,,,0.0,22,22,22
MONDO_0018307,,,0.0,14,14,14
MONDO_0018308,,,0.0,62,62,62
MONDO_0018309,,,0.0,210,210,210
MONDO_0018315,X-linked osteoporosis with fractures,True,0.0,3,3,3
MONDO_0018319,,,0.0,96,96,96
MONDO_0018320,,,0.0,2,2,2
MONDO_0018321,,,0.0,32,32,32
MONDO_0018323,,,0.0,2,2,2
MONDO_0018325,juvenile myasthenia gravis,True,0.0,1,1,1
MONDO_0018327,,,0.0,36,36,36
MONDO_0018328,homozygous familial hypercholesterolemia,False,8.0,70,70,70
MONDO_0018330,mucinous adenocarcinoma of the appendix,True,0.0,12,12,12
MONDO_0018338,activated PI3K-delta syndrome,False,1.0,245,245,245
MONDO_0018342,,,0.0,1,1,1
MONDO_0018346,,,0.0,17,17,17
MONDO_0018352,squamous cell carcinoma of penis,False,26.0,102,102,102
MONDO_0018355,,,0.0,10,10,10
MONDO_0018364,malignant epithelial tumor of ovary,False,125.0,155,155,155
MONDO_0018365,malignant non-epithelial tumor of ovary,True,0.0,1,1,1
MONDO_0018369,immature ovarian teratoma,True,0.0,4,4,4
MONDO_0018370,,,0.0,8,8,8
MONDO_0018371,,,0.0,19,19,19
MONDO_0018373,avascular necrosis,False,26.0,86,86,86
MONDO_0018394,,,0.0,81,81,81
MONDO_0018417,,,0.0,2,2,2
MONDO_0018418,,,0.0,2,2,2
MONDO_0018419,,,0.0,13,13,13
MONDO_0018421,,,0.0,4,4,4
MONDO_0018422,,,0.0,6,6,6
MONDO_0018423,,,0.0,17,17,17
MONDO_0018425,,,0.0,37,37,37
MONDO_0018426,,,0.0,11,11,11
MONDO_0018428,,,0.0,1,1,1
MONDO_0018429,,,0.0,5,5,5
MONDO_0018438,,,0.0,29,29,29
MONDO_0018443,,,0.0,4,4,4
MONDO_0018445,,,0.0,2,2,2
MONDO_0018450,spinal muscular atrophy with respiratory distress type 2,False,2.0,2,2,2
MONDO_0018453,,,0.0,20,20,20
MONDO_0018458,,,0.0,47,47,47
MONDO_0018459,,,0.0,3,3,3
MONDO_0018467,,,0.0,9,9,9
MONDO_0018469,pulmonary non-tuberculous mycobacterial infection,True,0.0,11,11,11
MONDO_0018470,,,0.0,44,44,44
MONDO_0018473,hyperlipoproteinemia type 3,False,3.0,17,17,17
MONDO_0018477,,,0.0,17,17,17
MONDO_0018479,congenital adrenal hyperplasia,False,9.0,210,210,210
MONDO_0018481,undifferentiated carcinoma of esophagus,True,0.0,1,1,1
MONDO_0018485,,,0.0,2,2,2
MONDO_0018492,,,0.0,2,2,2
MONDO_0018493,,,0.0,10,10,10
MONDO_0018504,,,0.0,11,11,11
MONDO_0018509,squamous cell carcinoma of the small intestine,True,0.0,3,3,3
MONDO_0018511,epithelial tumor of the appendix,True,0.0,2,2,2
MONDO_0018513,,,0.0,5,5,5
MONDO_0018515,,,0.0,3,3,3
MONDO_0018521,squamous cell carcinoma of pancreas,False,5.0,8,8,8
MONDO_0018523,,,0.0,12,12,12
MONDO_0018528,,,0.0,7,7,7
MONDO_0018531,carcinoma of liver and intrahepatic biliary tract,False,20.0,192,192,192
MONDO_0018535,,,0.0,2,2,2
MONDO_0018540,PFAPA syndrome,True,0.0,48,48,48
MONDO_0018541,,,0.0,15,15,15
MONDO_0018542,severe congenital neutropenia,False,17.0,78,78,78
MONDO_0018543,,,0.0,7,7,7
MONDO_0018544,adrenoleukodystrophy,False,1.0,50,50,50
MONDO_0018555,hypogonadotropic hypogonadism,False,11.0,94,94,94
MONDO_0018559,,,0.0,8,8,8
MONDO_0018566,,,0.0,8,8,8
MONDO_0018570,hypophosphatasia,False,1.0,64,64,64
MONDO_0018582,,,0.0,37,37,37
MONDO_0018588,,,0.0,16,16,16
MONDO_0018591,,,0.0,3,3,3
MONDO_0018592,cutaneous polyarteritis nodosa,True,0.0,9,9,9
MONDO_0018604,,,0.0,10,10,10
MONDO_0018612,congenital hypothyroidism,False,2.0,57,57,57
MONDO_0018614,,,0.0,53,53,53
MONDO_0018630,,,0.0,80,80,80
MONDO_0018631,Marie Unna hereditary hypotrichosis,True,0.0,12,12,12
MONDO_0018634,hereditary amyloidosis,False,1.0,20,20,20
MONDO_0018637,familial chylomicronemia syndrome,False,2.0,23,23,23
MONDO_0018638,pseudohypoaldosteronism,False,1.0,13,13,13
MONDO_0018648,Keratocystic odontogenic tumor,False,1.0,88,88,88
MONDO_0018653,Polymerase proofreading-related adenomatous polyposis,True,0.0,10,10,10
MONDO_0018656,,,0.0,8,8,8
MONDO_0018657,pigmentation defects-palmoplantar keratoderma-skin carcinoma syndrome,True,0.0,8,8,8
MONDO_0018660,hemophilia,False,6.0,114,114,114
MONDO_0018661,Zika virus infectious disease,False,2.0,336,336,336
MONDO_0018663,,,0.0,23,23,23
MONDO_0018675,,,0.0,9,9,9
MONDO_0018677,,,0.0,24,24,24
MONDO_0018681,,,0.0,1,1,1
MONDO_0018683,,,0.0,9,9,9
MONDO_0018686,,,0.0,24,24,24
MONDO_0018696,,,0.0,54,54,54
MONDO_0018702,,,0.0,69,69,69
MONDO_0018715,congenital hemangioma,True,0.0,5,5,5
MONDO_0018733,,,0.0,1,1,1
MONDO_0018734,verrucous hemangioma,True,0.0,3,3,3
MONDO_0018740,,,0.0,3,3,3
MONDO_0018744,,,0.0,60,60,60
MONDO_0018749,,,0.0,84,84,84
MONDO_0018752,,,0.0,2,2,2
MONDO_0018760,,,0.0,1,1,1
MONDO_0018762,,,0.0,3,3,3
MONDO_0018763,,,0.0,3,3,3
MONDO_0018764,,,0.0,1,1,1
MONDO_0018768,,,0.0,15,15,15
MONDO_0018770,,,0.0,138,138,138
MONDO_0018772,,,0.0,32,32,32
MONDO_0018781,,,0.0,8,8,8
MONDO_0018794,,,0.0,8,8,8
MONDO_0018800,Kallmann syndrome,False,5.0,109,109,109
MONDO_0018801,,,0.0,58,58,58
MONDO_0018820,,,0.0,2,2,2
MONDO_0018827,,,0.0,5,5,5
MONDO_0018829,,,0.0,1,1,1
MONDO_0018837,,,0.0,22,22,22
MONDO_0018838,lissencephaly spectrum disorders,True,0.0,2,2,2
MONDO_0018843,,,0.0,2,2,2
MONDO_0018844,,,0.0,5,5,5
MONDO_0018848,IgG4-related retroperitoneal fibrosis,False,4.0,40,40,40
MONDO_0018849,,,0.0,35,35,35
MONDO_0018851,,,0.0,1,1,1
MONDO_0018852,,,0.0,29,29,29
MONDO_0018853,transgrediens et progrediens palmoplantar keratoderma,True,0.0,1,1,1
MONDO_0018855,,,0.0,12,12,12
MONDO_0018858,Graham Little-Piccardi-Lassueur syndrome,True,0.0,8,8,8
MONDO_0018865,striate palmoplantar keratoderma,True,0.0,4,4,4
MONDO_0018866,Aicardi-Goutieres syndrome,False,2.0,32,32,32
MONDO_0018868,metachromatic leukodystrophy,False,1.0,89,89,89
MONDO_0018869,cobblestone lissencephaly,True,0.0,10,10,10
MONDO_0018875,Li-Fraumeni syndrome,False,51.0,123,123,123
MONDO_0018877,,,0.0,13,13,13
MONDO_0018878,,,0.0,5,5,5
MONDO_0018883,,,0.0,64,64,64
MONDO_0018884,,,0.0,13,13,13
MONDO_0018889,,,0.0,2,2,2
MONDO_0018892,Wyburn-Mason syndrome,True,0.0,1,1,1
MONDO_0018894,,,0.0,13,13,13
MONDO_0018896,thrombotic thrombocytopenic purpura,False,9.0,157,157,157
MONDO_0018898,,,0.0,8,8,8
MONDO_0018899,,,0.0,1061,1061,1061
MONDO_0018901,,,0.0,142,142,142
MONDO_0018904,primary membranoproliferative glomerulonephritis,False,6.0,129,129,129
MONDO_0018906,follicular lymphoma,False,189.0,422,422,422
MONDO_0018910,oculocutaneous albinism,False,2.0,63,63,63
MONDO_0018911,,,0.0,16,16,16
MONDO_0018914,hypotrichosis simplex,False,1.0,47,47,47
MONDO_0018918,,,0.0,9,9,9
MONDO_0018919,McCune-Albright syndrome,False,3.0,36,36,36
MONDO_0018921,,,0.0,28,28,28
MONDO_0018922,cold agglutinin disease,False,4.0,46,46,46
MONDO_0018923,22q11.2 deletion syndrome,False,7.0,208,208,208
MONDO_0018924,"microphthalmia, Lenz type",True,0.0,2,2,2
MONDO_0018925,,,0.0,11,11,11
MONDO_0018926,,,0.0,38,38,38
MONDO_0018930,,,0.0,4,4,4
MONDO_0018931,,,0.0,13,13,13
MONDO_0018933,,,0.0,12,12,12
MONDO_0018937,mucopolysaccharidosis type 3,False,1.0,11,11,11
MONDO_0018938,,,0.0,27,27,27
MONDO_0018939,muscle-eye-brain disease,True,0.0,8,8,8
MONDO_0018940,,,0.0,18,18,18
MONDO_0018943,,,0.0,19,19,19
MONDO_0018944,gestational trophoblastic neoplasm,False,19.0,124,124,124
MONDO_0018945,,,0.0,138,138,138
MONDO_0018947,,,0.0,27,27,27
MONDO_0018948,,,0.0,223,223,223
MONDO_0018949,,,0.0,42,42,42
MONDO_0018950,,,0.0,10,10,10
MONDO_0018951,distal myopathy with vocal cord weakness,True,0.0,8,8,8
MONDO_0018953,,,0.0,2,2,2
MONDO_0018954,Loeys-Dietz syndrome,True,0.0,32,32,32
MONDO_0018956,idiopathic bronchiectasis,True,0.0,16,16,16
MONDO_0018958,,,0.0,36,36,36
MONDO_0018959,potassium-aggravated myotonia,True,0.0,25,25,25
MONDO_0018960,,,0.0,17,17,17
MONDO_0018961,,,0.0,24,24,24
MONDO_0018963,,,0.0,1,1,1
MONDO_0018965,Alport syndrome,False,87.0,197,197,197
MONDO_0018967,,,0.0,1,1,1
MONDO_0018968,,,0.0,2,2,2
MONDO_0018969,,,0.0,12,12,12
MONDO_0018975,neurofibromatosis type 1,False,34.0,208,208,208
MONDO_0018982,Niemann-Pick disease type C,False,5.0,63,63,63
MONDO_0018983,,,0.0,19,19,19
MONDO_0018988,,,0.0,23,23,23
MONDO_0018993,,,0.0,5,5,5
MONDO_0018995,,,0.0,2,2,2
MONDO_0018996,,,0.0,5,5,5
MONDO_0018997,Noonan syndrome,False,3.0,135,135,135
MONDO_0018998,Leber congenital amaurosis,False,2.0,244,244,244
MONDO_0018999,,,0.0,25,25,25
MONDO_0019002,Lhermitte-Duclos disease,True,0.0,53,53,53
MONDO_0019003,,,0.0,21,21,21
MONDO_0019004,kidney Wilms tumor,False,12.0,70,70,70
MONDO_0019005,,,0.0,88,88,88
MONDO_0019006,,,0.0,66,66,66
MONDO_0019008,,,0.0,15,15,15
MONDO_0019009,,,0.0,19,19,19
MONDO_0019010,congenital isolated hyperinsulinism,False,7.0,119,119,119
MONDO_0019011,,,0.0,17,17,17
MONDO_0019012,,,0.0,9,9,9
MONDO_0019015,,,0.0,46,46,46
MONDO_0019016,maternally-inherited progressive external ophthalmoplegia,True,0.0,7,7,7
MONDO_0019017,,,0.0,30,30,30
MONDO_0019019,osteogenesis imperfecta,False,10.0,237,237,237
MONDO_0019022,sensorineural hearing loss-early graying-essential tremor syndrome,True,0.0,9,9,9
MONDO_0019026,,,0.0,16,16,16
MONDO_0019027,,,0.0,1,1,1
MONDO_0019031,,,0.0,39,39,39
MONDO_0019032,,,0.0,3,3,3
MONDO_0019037,progressive supranuclear palsy,False,33.0,149,149,149
MONDO_0019040,,,0.0,18,18,18
MONDO_0019042,multiple congenital anomalies/dysmorphic syndrome,True,0.0,8,8,8
MONDO_0019046,leukodystrophy,False,2.0,126,126,126
MONDO_0019050,,,0.0,7,7,7
MONDO_0019052,inborn errors of metabolism,False,3.0,27,27,27
MONDO_0019053,peroxisomal disease,True,0.0,25,25,25
MONDO_0019064,hereditary spastic paraplegia,False,1.0,302,302,302
MONDO_0019068,,,0.0,34,34,34
MONDO_0019071,,,0.0,15,15,15
MONDO_0019072,intrahepatic cholestasis,False,2.0,161,161,161
MONDO_0019075,,,0.0,1,1,1
MONDO_0019079,proximal spinal muscular atrophy,False,56.0,63,63,63
MONDO_0019080,alopecia totalis,False,3.0,25,25,25
MONDO_0019088,post-transplant lymphoproliferative disease,False,33.0,164,164,164
MONDO_0019091,bronchopulmonary dysplasia,False,12.0,256,256,256
MONDO_0019093,,,0.0,117,117,117
MONDO_0019098,autoimmune thrombocytopenia,False,5.0,47,47,47
MONDO_0019101,,,0.0,4,4,4
MONDO_0019102,,,0.0,12,12,12
MONDO_0019107,,,0.0,54,54,54
MONDO_0019111,,,0.0,7,7,7
MONDO_0019112,,,0.0,15,15,15
MONDO_0019113,,,0.0,3,3,3
MONDO_0019115,obesity due to melanocortin 4 receptor deficiency,False,1.0,93,93,93
MONDO_0019118,inherited retinal dystrophy,False,1.0,28,28,28
MONDO_0019120,,,0.0,18,18,18
MONDO_0019123,,,0.0,34,34,34
MONDO_0019128,,,0.0,1,1,1
MONDO_0019129,global developmental delay-osteopenia-ectodermal defect syndrome,True,0.0,1,1,1
MONDO_0019131,,,0.0,12,12,12
MONDO_0019132,,,0.0,8,8,8
MONDO_0019139,acquired hemophilia,False,3.0,12,12,12
MONDO_0019141,,,0.0,4,4,4
MONDO_0019144,,,0.0,4,4,4
MONDO_0019145,hereditary thrombophilia due to congenital protein C deficiency,True,0.0,3,3,3
MONDO_0019148,,,0.0,22,22,22
MONDO_0019149,,,0.0,52,52,52
MONDO_0019152,,,0.0,11,11,11
MONDO_0019153,brain malformation-congenital heart disease-postaxial polydactyly syndrome,True,0.0,1,1,1
MONDO_0019154,,,0.0,48,48,48
MONDO_0019155,,,0.0,65,65,65
MONDO_0019156,,,0.0,22,22,22
MONDO_0019161,,,0.0,10,10,10
MONDO_0019162,,,0.0,12,12,12
MONDO_0019169,pyruvate dehydrogenase deficiency,False,4.0,24,24,24
MONDO_0019170,,,0.0,283,283,283
MONDO_0019171,familial long QT syndrome,False,5.0,101,101,101
MONDO_0019172,aniridia,False,78.0,114,114,114
MONDO_0019175,primary lymphedema,True,0.0,25,25,25
MONDO_0019177,,,0.0,1,1,1
MONDO_0019180,hereditary hemorrhagic telangiectasia,False,32.0,137,137,137
MONDO_0019181,,,0.0,3,3,3
MONDO_0019182,,,0.0,19,19,19
MONDO_0019187,Axenfeld-Rieger syndrome,True,0.0,10,10,10
MONDO_0019188,Rubinstein-Taybi syndrome,False,1.0,21,21,21
MONDO_0019190,,,0.0,3,3,3
MONDO_0019191,IgG4-related dacryoadenitis and sialadenitis,True,0.0,14,14,14
MONDO_0019192,,,0.0,68,68,68
MONDO_0019193,,,0.0,31,31,31
MONDO_0019195,hereditary inclusion body myopathy-joint contractures-ophthalmoplegia syndrome,True,0.0,1,1,1
MONDO_0019197,,,0.0,8,8,8
MONDO_0019200,retinitis pigmentosa,False,9.0,284,284,284
MONDO_0019201,,,0.0,32,32,32
MONDO_0019202,myxofibrosarcoma,True,0.0,92,92,92
MONDO_0019205,,,0.0,10,10,10
MONDO_0019207,,,0.0,3,3,3
MONDO_0019212,,,0.0,14,14,14
MONDO_0019214,,,0.0,4,4,4
MONDO_0019225,disorder of gluconeogenesis,True,0.0,1,1,1
MONDO_0019226,glucose transport disorder,True,0.0,1,1,1
MONDO_0019234,,,0.0,42,42,42
MONDO_0019245,,,0.0,47,47,47
MONDO_0019248,mucolipidosis,True,0.0,6,6,6
MONDO_0019249,mucopolysaccharidosis,False,3.0,56,56,56
MONDO_0019255,,,0.0,17,17,17
MONDO_0019257,,,0.0,10,10,10
MONDO_0019258,,,0.0,1,1,1
MONDO_0019259,,,0.0,2,2,2
MONDO_0019260,adult neuronal ceroid lipofuscinosis,True,0.0,3,3,3
MONDO_0019261,infantile neuronal ceroid lipofuscinosis,True,0.0,18,18,18
MONDO_0019262,juvenile neuronal ceroid lipofuscinosis,False,3.0,41,41,41
MONDO_0019263,,,0.0,44,44,44
MONDO_0019264,,,0.0,18,18,18
MONDO_0019267,,,0.0,9,9,9
MONDO_0019268,,,0.0,14,14,14
MONDO_0019269,ichthyosis,False,6.0,88,88,88
MONDO_0019270,,,0.0,3,3,3
MONDO_0019276,inherited epidermolysis bullosa,False,1.0,4,4,4
MONDO_0019278,,,0.0,1,1,1
MONDO_0019280,,,0.0,38,38,38
MONDO_0019283,,,0.0,3,3,3
MONDO_0019287,,,0.0,54,54,54
MONDO_0019288,,,0.0,17,17,17
MONDO_0019289,hyperpigmentation of the skin,False,3.0,18,18,18
MONDO_0019290,,,0.0,4,4,4
MONDO_0019293,skin vascular disease,True,0.0,1,1,1
MONDO_0019296,,,0.0,15,15,15
MONDO_0019297,lymphedema,False,16.0,202,202,202
MONDO_0019303,,,0.0,23,23,23
MONDO_0019306,,,0.0,67,67,67
MONDO_0019307,generalized junctional epidermolysis bullosa non-Herlitz type,True,0.0,10,10,10
MONDO_0019308,,,0.0,2,2,2
MONDO_0019309,,,0.0,2,2,2
MONDO_0019311,wooly hair nevus,True,0.0,11,11,11
MONDO_0019312,Hermansky-Pudlak syndrome,False,37.0,76,76,76
MONDO_0019313,lymphatic malformation,False,3.0,54,54,54
MONDO_0019321,,,0.0,10,10,10
MONDO_0019328,macrocystic lymphatic malformation,True,0.0,4,4,4
MONDO_0019330,pili gemini,True,0.0,1,1,1
MONDO_0019332,,,0.0,15,15,15
MONDO_0019333,,,0.0,1,1,1
MONDO_0019334,,,0.0,62,62,62
MONDO_0019335,,,0.0,1,1,1
MONDO_0019336,Gardner syndrome,True,0.0,24,24,24
MONDO_0019338,sarcoidosis,False,72.0,483,483,483
MONDO_0019339,,,0.0,8,8,8
MONDO_0019342,,,0.0,43,43,43
MONDO_0019346,,,0.0,1,1,1
MONDO_0019347,,,0.0,329,329,329
MONDO_0019349,,,0.0,30,30,30
MONDO_0019350,,,0.0,52,52,52
MONDO_0019351,,,0.0,18,18,18
MONDO_0019353,Stargardt disease,False,52.0,126,126,126
MONDO_0019354,,,0.0,45,45,45
MONDO_0019358,,,0.0,1,1,1
MONDO_0019362,epidemic louse-borne typhus,True,0.0,2,2,2
MONDO_0019374,,,0.0,3,3,3
MONDO_0019375,,,0.0,6,6,6
MONDO_0019377,Mycoplasma encephalitis,True,0.0,3,3,3
MONDO_0019388,,,0.0,5,5,5
MONDO_0019391,Fanconi anemia,False,77.0,322,322,322
MONDO_0019394,,,0.0,50,50,50
MONDO_0019401,,,0.0,23,23,23
MONDO_0019402,,,0.0,100,100,100
MONDO_0019403,,,0.0,44,44,44
MONDO_0019404,,,0.0,16,16,16
MONDO_0019405,,,0.0,6,6,6
MONDO_0019406,,,0.0,3,3,3
MONDO_0019407,,,0.0,7,7,7
MONDO_0019408,,,0.0,8,8,8
MONDO_0019409,,,0.0,23,23,23
MONDO_0019412,,,0.0,16,16,16
MONDO_0019414,,,0.0,1,1,1
MONDO_0019415,,,0.0,17,17,17
MONDO_0019419,,,0.0,13,13,13
MONDO_0019420,,,0.0,1,1,1
MONDO_0019421,,,0.0,2,2,2
MONDO_0019423,,,0.0,1,1,1
MONDO_0019424,,,0.0,4,4,4
MONDO_0019427,,,0.0,5,5,5
MONDO_0019430,,,0.0,7,7,7
MONDO_0019438,AL amyloidosis,False,28.0,134,134,134
MONDO_0019439,,,0.0,75,75,75
MONDO_0019441,ATTRV122I amyloidosis,False,4.0,67,67,67
MONDO_0019443,,,0.0,5,5,5
MONDO_0019448,,,0.0,41,41,41
MONDO_0019450,,,0.0,146,146,146
MONDO_0019452,,,0.0,22,22,22
MONDO_0019453,,,0.0,21,21,21
MONDO_0019455,,,0.0,29,29,29
MONDO_0019456,acute myeloid leukemia with multilineage dysplasia,False,3.0,4,4,4
MONDO_0019457,therapy related acute myeloid leukemia and myelodysplastic syndrome,False,101.0,114,114,114
MONDO_0019460,acute leukemia of ambiguous lineage,False,51.0,83,83,83
MONDO_0019465,nodal marginal zone B-cell lymphoma,False,64.0,103,103,103
MONDO_0019469,T-cell large granular lymphocyte leukemia,False,40.0,191,191,191
MONDO_0019470,,,0.0,77,77,77
MONDO_0019471,adult T-cell leukemia/lymphoma,False,67.0,365,365,365
MONDO_0019472,extranodal nasal NK/T cell lymphoma,False,49.0,285,285,285
MONDO_0019473,enteropathy-associated T-cell lymphoma,False,14.0,67,67,67
MONDO_0019474,hepatosplenic T-cell lymphoma,False,31.0,68,68,68
MONDO_0019479,,,0.0,101,101,101
MONDO_0019485,,,0.0,69,69,69
MONDO_0019490,,,0.0,1,1,1
MONDO_0019497,,,0.0,9,9,9
MONDO_0019499,Turner syndrome,False,5.0,110,110,110
MONDO_0019501,,,0.0,48,48,48
MONDO_0019502,,,0.0,16,16,16
MONDO_0019503,anterior segment dysgenesis,True,0.0,16,16,16
MONDO_0019506,,,0.0,6,6,6
MONDO_0019507,,,0.0,39,39,39
MONDO_0019508,,,0.0,192,192,192
MONDO_0019514,hepatic veno-occlusive disease,False,2.0,65,65,65
MONDO_0019516,,,0.0,48,48,48
MONDO_0019517,,,0.0,23,23,23
MONDO_0019518,,,0.0,28,28,28
MONDO_0019522,recessive dystrophic epidermolysis bullosa-generalized other,True,0.0,2,2,2
MONDO_0019524,,,0.0,12,12,12
MONDO_0019525,tetrasomy X,True,0.0,3,3,3
MONDO_0019530,non-syndromic syndactyly,True,0.0,5,5,5
MONDO_0019531,,,0.0,30,30,30
MONDO_0019535,,,0.0,5,5,5
MONDO_0019537,,,0.0,146,146,146
MONDO_0019542,,,0.0,252,252,252
MONDO_0019544,cocaine intoxication,True,0.0,2,2,2
MONDO_0019551,,,0.0,4,4,4
MONDO_0019557,,,0.0,48,48,48
MONDO_0019558,discoid lupus erythematosus,False,15.0,110,110,110
MONDO_0019565,,,0.0,3,3,3
MONDO_0019567,,,0.0,6,6,6
MONDO_0019568,,,0.0,3,3,3
MONDO_0019569,,,0.0,4,4,4
MONDO_0019570,,,0.0,10,10,10
MONDO_0019571,autosomal dominant cutis laxa,True,0.0,19,19,19
MONDO_0019572,autosomal recessive cutis laxa type 1,True,0.0,1,1,1
MONDO_0019575,hypotrichosis simplex of the scalp,True,0.0,5,5,5
MONDO_0019586,,,0.0,22,22,22
MONDO_0019587,,,0.0,65,65,65
MONDO_0019588,,,0.0,102,102,102
MONDO_0019591,,,0.0,38,38,38
MONDO_0019600,xeroderma pigmentosum,False,1.0,144,144,144
MONDO_0019609,,,0.0,16,16,16
MONDO_0019611,,,0.0,32,32,32
MONDO_0019612,,,0.0,68,68,68
MONDO_0019623,hereditary angioedema,False,13.0,161,161,161
MONDO_0019624,,,0.0,40,40,40
MONDO_0019625,,,0.0,53,53,53
MONDO_0019627,,,0.0,4,4,4
MONDO_0019628,Rieger anomaly,True,0.0,17,17,17
MONDO_0019631,,,0.0,30,30,30
MONDO_0019633,,,0.0,20,20,20
MONDO_0019636,,,0.0,4,4,4
MONDO_0019637,,,0.0,63,63,63
MONDO_0019638,,,0.0,83,83,83
MONDO_0019640,,,0.0,27,27,27
MONDO_0019642,,,0.0,2,2,2
MONDO_0019643,transient pseudohypoaldosteronism,True,0.0,2,2,2
MONDO_0019648,,,0.0,1,1,1
MONDO_0019659,,,0.0,8,8,8
MONDO_0019660,Pfeiffer syndrome type 2,True,0.0,1,1,1
MONDO_0019661,Pfeiffer syndrome type 3,True,0.0,2,2,2
MONDO_0019662,"short rib-polydactyly syndrome, Majewski type",True,0.0,2,2,2
MONDO_0019665,,,0.0,1,1,1
MONDO_0019666,,,0.0,7,7,7
MONDO_0019667,,,0.0,40,40,40
MONDO_0019669,,,0.0,1,1,1
MONDO_0019670,,,0.0,26,26,26
MONDO_0019671,,,0.0,5,5,5
MONDO_0019672,,,0.0,37,37,37
MONDO_0019673,postaxial polydactyly type A,True,0.0,6,6,6
MONDO_0019675,,,0.0,19,19,19
MONDO_0019676,,,0.0,10,10,10
MONDO_0019677,,,0.0,14,14,14
MONDO_0019679,,,0.0,6,6,6
MONDO_0019681,,,0.0,1,1,1
MONDO_0019682,,,0.0,2,2,2
MONDO_0019685,,,0.0,1,1,1
MONDO_0019691,,,0.0,30,30,30
MONDO_0019695,,,0.0,3,3,3
MONDO_0019696,,,0.0,16,16,16
MONDO_0019698,bent bone dysplasia,True,0.0,3,3,3
MONDO_0019701,chondrodysplasia punctata,True,0.0,7,7,7
MONDO_0019716,overgrowth syndrome,False,1.0,37,37,37
MONDO_0019719,,,0.0,55,55,55
MONDO_0019725,,,0.0,13,13,13
MONDO_0019733,,,0.0,1,1,1
MONDO_0019736,dense deposit disease,False,3.0,9,9,9
MONDO_0019737,thrombotic microangiopathy,False,2.0,104,104,104
MONDO_0019740,acquired thrombotic thrombocytopenic purpura,False,2.0,6,6,6
MONDO_0019742,,,0.0,1,1,1
MONDO_0019746,,,0.0,1,1,1
MONDO_0019751,,,0.0,62,62,62
MONDO_0019755,,,0.0,14,14,14
MONDO_0019756,lobar holoprosencephaly,True,0.0,3,3,3
MONDO_0019757,,,0.0,1,1,1
MONDO_0019759,,,0.0,5,5,5
MONDO_0019767,,,0.0,1,1,1
MONDO_0019771,oromandibular dystonia,False,2.0,5,5,5
MONDO_0019772,,,0.0,11,11,11
MONDO_0019773,myelomeningocele,True,0.0,34,34,34
MONDO_0019784,12q14 microdeletion syndrome,True,0.0,33,33,33
MONDO_0019786,,,0.0,1,1,1
MONDO_0019787,,,0.0,23,23,23
MONDO_0019791,,,0.0,5,5,5
MONDO_0019792,,,0.0,2,2,2
MONDO_0019796,,,0.0,8,8,8
MONDO_0019797,,,0.0,26,26,26
MONDO_0019799,hepatoerythropoietic porphyria,True,0.0,9,9,9
MONDO_0019801,,,0.0,24,24,24
MONDO_0019803,angioma serpiginosum,True,0.0,3,3,3
MONDO_0019804,congenital tracheomalacia,True,0.0,2,2,2
MONDO_0019828,,,0.0,38,38,38
MONDO_0019832,acquired pituitary hormone deficiency,True,0.0,1,1,1
MONDO_0019835,,,0.0,17,17,17
MONDO_0019838,,,0.0,8,8,8
MONDO_0019846,,,0.0,10,10,10
MONDO_0019848,,,0.0,7,7,7
MONDO_0019854,,,0.0,1,1,1
MONDO_0019855,,,0.0,5,5,5
MONDO_0019860,thyroid hemiagenesis,True,0.0,2,2,2
MONDO_0019861,,,0.0,7,7,7
MONDO_0019867,,,0.0,1,1,1
MONDO_0019876,,,0.0,1,1,1
MONDO_0019878,,,0.0,3,3,3
MONDO_0019880,,,0.0,1,1,1
MONDO_0019893,,,0.0,1,1,1
MONDO_0019896,,,0.0,2,2,2
MONDO_0019897,,,0.0,2,2,2
MONDO_0019907,,,0.0,1,1,1
MONDO_0019908,,,0.0,1,1,1
MONDO_0019910,,,0.0,2,2,2
MONDO_0019911,,,0.0,2,2,2
MONDO_0019912,,,0.0,3,3,3
MONDO_0019914,,,0.0,3,3,3
MONDO_0019915,,,0.0,4,4,4
MONDO_0019917,,,0.0,269,269,269
MONDO_0019920,,,0.0,2,2,2
MONDO_0019921,,,0.0,1,1,1
MONDO_0019927,,,0.0,68,68,68
MONDO_0019928,,,0.0,5,5,5
MONDO_0019929,,,0.0,4,4,4
MONDO_0019930,,,0.0,1,1,1
MONDO_0019931,,,0.0,1,1,1
MONDO_0019938,,,0.0,19,19,19
MONDO_0019941,,,0.0,27,27,27
MONDO_0019942,,,0.0,15,15,15
MONDO_0019943,,,0.0,15,15,15
MONDO_0019947,,,0.0,3,3,3
MONDO_0019949,,,0.0,18,18,18
MONDO_0019950,,,0.0,48,48,48
MONDO_0019951,rigid spine syndrome,True,0.0,8,8,8
MONDO_0019952,,,0.0,49,49,49
MONDO_0019956,encephalitis,False,2.0,312,312,312
MONDO_0019962,,,0.0,25,25,25
MONDO_0019963,,,0.0,13,13,13
MONDO_0019964,,,0.0,12,12,12
MONDO_0019978,,,0.0,21,21,21
MONDO_0019980,,,0.0,19,19,19
MONDO_0019982,,,0.0,13,13,13
MONDO_0019992,pseudohypoparathyroidism,False,10.0,29,29,29
MONDO_0019995,,,0.0,2,2,2
MONDO_0020010,infectious disorder of the nervous system,True,0.0,2,2,2
MONDO_0020022,central nervous system malformation,True,0.0,3,3,3
MONDO_0020040,,,0.0,4,4,4
MONDO_0020066,Ehlers-Danlos syndrome,False,6.0,503,503,503
MONDO_0020070,,,0.0,2,2,2
MONDO_0020071,,,0.0,4,4,4
MONDO_0020072,,,0.0,7,7,7
MONDO_0020074,,,0.0,20,20,20
MONDO_0020077,myelodysplastic/myeloproliferative disease,False,31.0,33,33,33
MONDO_0020082,,,0.0,28,28,28
MONDO_0020087,,,0.0,4,4,4
MONDO_0020088,familial partial lipodystrophy,False,5.0,30,30,30
MONDO_0020089,,,0.0,3,3,3
MONDO_0020102,,,0.0,1,1,1
MONDO_0020115,,,0.0,4,4,4
MONDO_0020119,,,0.0,35,35,35
MONDO_0020120,,,0.0,39,39,39
MONDO_0020121,muscular dystrophy,False,54.0,387,387,387
MONDO_0020122,acquired idiopathic inflammatory myopathy,False,1.0,139,139,139
MONDO_0020123,,,0.0,15,15,15
MONDO_0020127,hereditary peripheral neuropathy,True,0.0,4,4,4
MONDO_0020135,,,0.0,4,4,4
MONDO_0020143,cerebral lipidosis with dementia,True,0.0,1,1,1
MONDO_0020179,palpebral nevus,True,0.0,1,1,1
MONDO_0020204,conjunctival tumor,False,1.0,10,10,10
MONDO_0020213,stromal corneal dystrophy,True,0.0,6,6,6
MONDO_0020247,,,0.0,1,1,1
MONDO_0020248,vitreoretinal degeneration,True,0.0,5,5,5
MONDO_0020249,,,0.0,10,10,10
MONDO_0020250,,,0.0,17,17,17
MONDO_0020257,supranuclear oculomotor palsy,True,0.0,2,2,2
MONDO_0020290,familial atrioventricular septal defect,False,3.0,100,100,100
MONDO_0020291,hypoplastic right heart syndrome,True,0.0,1,1,1
MONDO_0020292,,,0.0,2,2,2
MONDO_0020297,,,0.0,6,6,6
MONDO_0020298,,,0.0,11,11,11
MONDO_0020300,,,0.0,23,23,23
MONDO_0020301,,,0.0,10,10,10
MONDO_0020302,,,0.0,1,1,1
MONDO_0020303,,,0.0,2,2,2
MONDO_0020304,,,0.0,57,57,57
MONDO_0020305,,,0.0,55,55,55
MONDO_0020307,,,0.0,1,1,1
MONDO_0020310,,,0.0,24,24,24
MONDO_0020333,,,0.0,58,58,58
MONDO_0020336,,,0.0,39,39,39
MONDO_0020337,,,0.0,1,1,1
MONDO_0020340,,,0.0,5,5,5
MONDO_0020341,,,0.0,17,17,17
MONDO_0020344,,,0.0,11,11,11
MONDO_0020354,coloboma of choroid and retina,True,0.0,2,2,2
MONDO_0020355,coloboma of eye lens,True,0.0,1,1,1
MONDO_0020356,,,0.0,4,4,4
MONDO_0020357,,,0.0,3,3,3
MONDO_0020364,,,0.0,51,51,51
MONDO_0020366,,,0.0,43,43,43
MONDO_0020367,juvenile open angle glaucoma,True,0.0,10,10,10
MONDO_0020368,Axenfeld anomaly,True,0.0,16,16,16
MONDO_0020376,,,0.0,18,18,18
MONDO_0020378,,,0.0,1,1,1
MONDO_0020379,,,0.0,21,21,21
MONDO_0020380,,,0.0,342,342,342
MONDO_0020404,shone complex,True,0.0,2,2,2
MONDO_0020427,,,0.0,34,34,34
MONDO_0020428,,,0.0,30,30,30
MONDO_0020434,,,0.0,39,39,39
MONDO_0020435,,,0.0,28,28,28
MONDO_0020436,,,0.0,74,74,74
MONDO_0020437,,,0.0,48,48,48
MONDO_0020459,,,0.0,3,3,3
MONDO_0020460,acquired von willebrand syndrome,False,1.0,22,22,22
MONDO_0020466,,,0.0,3,3,3
MONDO_0020467,,,0.0,3,3,3
MONDO_0020469,,,0.0,2,2,2
MONDO_0020470,,,0.0,12,12,12
MONDO_0020472,,,0.0,3,3,3
MONDO_0020476,,,0.0,6,6,6
MONDO_0020478,,,0.0,9,9,9
MONDO_0020480,,,0.0,3,3,3
MONDO_0020481,myotonia fluctuans,True,0.0,3,3,3
MONDO_0020482,,,0.0,2,2,2
MONDO_0020483,acetazolamide-responsive myotonia,True,0.0,2,2,2
MONDO_0020485,,,0.0,4,4,4
MONDO_0020488,,,0.0,24,24,24
MONDO_0020490,mosaic trisomy 9,True,0.0,2,2,2
MONDO_0020491,,,0.0,14,14,14
MONDO_0020492,,,0.0,26,26,26
MONDO_0020493,,,0.0,3,3,3
MONDO_0020494,oculootodental syndrome,True,0.0,2,2,2
MONDO_0020496,,,0.0,2,2,2
MONDO_0020497,Turcot syndrome with polyposis,True,0.0,4,4,4
MONDO_0020504,,,0.0,18,18,18
MONDO_0020505,,,0.0,4,4,4
MONDO_0020507,,,0.0,3,3,3
MONDO_0020511,precursor B-cell acute lymphoblastic leukemia,False,5.0,373,373,373
MONDO_0020513,spermatocytic seminoma,True,0.0,13,13,13
MONDO_0020516,thymic neuroendocrine carcinoma,True,0.0,3,3,3
MONDO_0020521,,,0.0,12,12,12
MONDO_0020525,,,0.0,63,63,63
MONDO_0020526,,,0.0,3,3,3
MONDO_0020529,,,0.0,16,16,16
MONDO_0020531,,,0.0,27,27,27
MONDO_0020541,maligant granulosa cell tumor of ovary,False,3.0,4,4,4
MONDO_0020546,acute graft versus host disease,False,12.0,249,249,249
MONDO_0020547,chronic graft versus host disease,False,42.0,240,240,240
MONDO_0020549,,,0.0,35,35,35
MONDO_0020550,gestational choriocarcinoma,True,0.0,15,15,15
MONDO_0020558,,,0.0,12,12,12
MONDO_0020561,myxoid/round cell liposarcoma,True,0.0,17,17,17
MONDO_0020569,,,0.0,1,1,1
MONDO_0020574,central nervous system nongerminomatous germ cell tumor,False,2.0,2,2,2
MONDO_0020575,,,0.0,21,21,21
MONDO_0020576,,,0.0,54,54,54
MONDO_0020586,,,0.0,35,35,35
MONDO_0020587,,,0.0,8,8,8
MONDO_0020590,mycobacterial infectious disease,True,0.0,25,25,25
MONDO_0020592,disorder of pharynx,True,0.0,4,4,4
MONDO_0020593,,,0.0,35,35,35
MONDO_0020596,mucin-producing carcinoma,True,0.0,3,3,3
MONDO_0020602,,,0.0,4,4,4
MONDO_0020603,X-linked chondrodysplasia punctata 2,True,0.0,3,3,3
MONDO_0020604,X-linked dominant disease,True,0.0,1,1,1
MONDO_0020605,,,0.0,2,2,2
MONDO_0020607,,,0.0,17,17,17
MONDO_0020630,,,0.0,7,7,7
MONDO_0020632,,,0.0,10,10,10
MONDO_0020633,,,0.0,39,39,39
MONDO_0020634,grade III meningioma,False,27.0,94,94,94
MONDO_0020635,anaplastic meningioma,False,2.0,39,39,39
MONDO_0020638,,,0.0,169,169,169
MONDO_0020640,autoimmune encephalitis,False,3.0,133,133,133
MONDO_0020645,,,0.0,19,19,19
MONDO_0020646,,,0.0,14,14,14
MONDO_0020648,rubella encephalitis,True,0.0,1,1,1
MONDO_0020653,vaginal adenocarcinoma,True,0.0,1,1,1
MONDO_0020654,renal pelvis/ureter urothelial carcinoma,False,84.0,204,204,204
MONDO_0020655,juvenile ankylosing spondylitis,True,0.0,4,4,4
MONDO_0020656,human papillomavirus-related penile squamous cell carcinoma,False,1.0,1,1,1
MONDO_0020657,human papillomavirus-related squamous cell carcinoma,False,15.0,15,15,15
MONDO_0020660,,,0.0,15,15,15
MONDO_0020663,malignant spindle cell neoplasm,True,0.0,4,4,4
MONDO_0020667,,,0.0,3,3,3
MONDO_0020669,paranasal sinus cancer,False,1.0,3,3,3
MONDO_0020672,,,0.0,63,63,63
MONDO_0020673,arterial occlusion,False,4.0,10,10,10
MONDO_0020674,,,0.0,37,37,37
MONDO_0020675,ischemic bowel disorder,True,0.0,6,6,6
MONDO_0020679,,,0.0,7,7,7
MONDO_0020680,acute bronchiolitis,False,1.0,35,35,35
MONDO_0020686,,,0.0,37,37,37
MONDO_0020690,adult glioblastoma,False,59.0,60,60,60
MONDO_0020692,"spondylocostal dysostosis 1, autosomal recessive",True,0.0,14,14,14
MONDO_0020693,,,0.0,22,22,22
MONDO_0020702,autosomal dominant epidermolytic ichthyosis,True,0.0,4,4,4
MONDO_0020704,,,0.0,16,16,16
MONDO_0020712,,,0.0,36,36,36
MONDO_0020713,,,0.0,13,13,13
MONDO_0020716,thyroid dyshormonogenesis 1,True,0.0,3,3,3
MONDO_0020717,,,0.0,9,9,9
MONDO_0020718,,,0.0,16,16,16
MONDO_0020720,X-linked hypophosphatemic rickets,True,0.0,9,9,9
MONDO_0020721,,,0.0,97,97,97
MONDO_0020722,,,0.0,14,14,14
MONDO_0020723,,,0.0,12,12,12
MONDO_0020724,,,0.0,5,5,5
MONDO_0020726,,,0.0,44,44,44
MONDO_0020730,,,0.0,2,2,2
MONDO_0020733,,,0.0,3,3,3
MONDO_0020735,,,0.0,4,4,4
MONDO_0020738,,,0.0,1,1,1
MONDO_0020740,ectodermal dysplasia and immunodeficiency 1,True,0.0,63,63,63
MONDO_0020741,,,0.0,62,62,62
MONDO_0020743,mixed phenotype acute leukemia,False,58.0,101,101,101
MONDO_0020745,,,0.0,49,49,49
MONDO_0020746,,,0.0,6,6,6
MONDO_0020747,,,0.0,37,37,37
MONDO_0020748,,,0.0,30,30,30
MONDO_0020754,,,0.0,11,11,11
MONDO_0020756,,,0.0,19,19,19
MONDO_0020757,,,0.0,2,2,2
MONDO_0020760,skin squamous cell carcinoma in situ,True,0.0,1,1,1
MONDO_0020761,Bowen disease of the skin,False,1.0,85,85,85
MONDO_0020768,,,0.0,2,2,2
MONDO_0020771,,,0.0,18,18,18
MONDO_0020774,,,0.0,2,2,2
MONDO_0020782,,,0.0,28,28,28
MONDO_0020783,capillary malformation-arteriovenous malformation 1,True,0.0,8,8,8
MONDO_0020788,,,0.0,16,16,16
MONDO_0020793,oculopharyngodistal myopathy 1,True,0.0,6,6,6
MONDO_0020798,,,0.0,38,38,38
MONDO_0020800,,,0.0,43,43,43
MONDO_0020820,,,0.0,2,2,2
MONDO_0020830,diaphragmitis,True,0.0,1,1,1
MONDO_0020837,,,0.0,29,29,29
MONDO_0020840,,,0.0,106,106,106
MONDO_0020841,,,0.0,3,3,3
MONDO_0020845,,,0.0,1,1,1
MONDO_0020846,,,0.0,8,8,8
MONDO_0020848,,,0.0,16,16,16
MONDO_0020849,,,0.0,148,148,148
MONDO_0020852,,,0.0,49,49,49
MONDO_0020854,,,0.0,18,18,18
MONDO_0020858,,,0.0,4,4,4
MONDO_0020927,,,0.0,1,1,1
MONDO_0020944,fungal infection of eye,True,0.0,1,1,1
MONDO_0020947,parasitic eye infection,True,0.0,5,5,5
MONDO_0020950,,,0.0,12,12,12
MONDO_0020971,gonococcal urethritis,True,0.0,5,5,5
MONDO_0021002,,,0.0,3,3,3
MONDO_0021003,,,0.0,7,7,7
MONDO_0021004,,,0.0,19,19,19
MONDO_0021005,,,0.0,7,7,7
MONDO_0021009,,,0.0,24,24,24
MONDO_0021013,,,0.0,4,4,4
MONDO_0021018,autosomal dominant limb-girdle muscular dystrophy type 1D (DNAJB6),True,0.0,15,15,15
MONDO_0021019,,,0.0,19,19,19
MONDO_0021020,,,0.0,7,7,7
MONDO_0021022,,,0.0,15,15,15
MONDO_0021023,,,0.0,87,87,87
MONDO_0021036,keratosis pilaris,True,0.0,86,86,86
MONDO_0021038,Ewing sarcoma/peripheral primitive neuroectodermal tumor,False,13.0,37,37,37
MONDO_0021041,pleural solitary fibrous tumor,True,0.0,3,3,3
MONDO_0021043,mixed neoplasm,False,9.0,16,16,16
MONDO_0021046,,,0.0,10,10,10
MONDO_0021047,,,0.0,47,47,47
MONDO_0021049,,,0.0,40,40,40
MONDO_0021053,,,0.0,7,7,7
MONDO_0021054,bone sarcoma,False,18.0,135,135,135
MONDO_0021055,classic familial adenomatous polyposis,True,0.0,1,1,1
MONDO_0021056,familial adenomatous polyposis 1,False,1.0,18,18,18
MONDO_0021058,neoplastic syndrome,False,18.0,49,49,49
MONDO_0021063,malignant colon neoplasm,False,167.0,200,200,200
MONDO_0021064,,,0.0,9,9,9
MONDO_0021065,,,0.0,55,55,55
MONDO_0021066,urinary system neoplasm,True,0.0,27,27,27
MONDO_0021067,mediastinal germ cell tumor,True,0.0,3,3,3
MONDO_0021069,malignant endocrine neoplasm,False,7.0,10,10,10
MONDO_0021072,sympathetic paraganglioma,False,3.0,7,7,7
MONDO_0021074,precancerous condition,False,4.0,4,4,4
MONDO_0021075,,,0.0,12,12,12
MONDO_0021076,,,0.0,11,11,11
MONDO_0021077,cystic neoplasm,False,1.0,48,48,48
MONDO_0021078,glandular papilloma,True,0.0,4,4,4
MONDO_0021079,,,0.0,47,47,47
MONDO_0021080,blood vessel neoplasm,True,0.0,3,3,3
MONDO_0021081,,,0.0,2,2,2
MONDO_0021084,,,0.0,28,28,28
MONDO_0021086,,,0.0,7,7,7
MONDO_0021089,peripheral nervous system cancer,True,0.0,5,5,5
MONDO_0021091,papillary cystadenoma,True,0.0,4,4,4
MONDO_0021092,fallopian tube neoplasm,False,16.0,19,19,19
MONDO_0021094,,,0.0,97,97,97
MONDO_0021095,,,0.0,28,28,28
MONDO_0021096,papillary epithelial neoplasm,True,0.0,2,2,2
MONDO_0021097,,,0.0,10,10,10
MONDO_0021102,,,0.0,4,4,4
MONDO_0021104,,,0.0,196,196,196
MONDO_0021106,,,0.0,64,64,64
MONDO_0021107,narcolepsy,False,17.0,133,133,133
MONDO_0021108,meningitis,False,3.0,16,16,16
MONDO_0021109,,,0.0,16,16,16
MONDO_0021110,,,0.0,2,2,2
MONDO_0021115,luminal B breast carcinoma,False,11.0,58,58,58
MONDO_0021116,,,0.0,41,41,41
MONDO_0021117,lung neoplasm,False,93.0,397,397,397
MONDO_0021118,intestinal neoplasm,False,5.0,285,285,285
MONDO_0021121,hemangioendothelioma,False,1.0,40,40,40
MONDO_0021123,,,0.0,86,86,86
MONDO_0021134,,,0.0,30,30,30
MONDO_0021138,bone marrow cancer,True,0.0,12,12,12
MONDO_0021143,,,0.0,48,48,48
MONDO_0021144,ovarian clear cell tumor,False,2.0,12,12,12
MONDO_0021148,female reproductive system neoplasm,False,24.0,169,169,169
MONDO_0021155,,,0.0,1,1,1
MONDO_0021156,,,0.0,83,83,83
MONDO_0021157,gonococcal cervicitis,True,0.0,11,11,11
MONDO_0021159,gonococcal salpingitis,True,0.0,1,1,1
MONDO_0021165,Paget disease,False,1.0,89,89,89
MONDO_0021169,epithelioid hemangioma,True,0.0,11,11,11
MONDO_0021179,,,0.0,134,134,134
MONDO_0021187,hyperlipidemia,False,62.0,144,144,144
MONDO_0021189,,,0.0,32,32,32
MONDO_0021192,,,0.0,82,82,82
MONDO_0021193,neuroepithelial neoplasm,False,8.0,53,53,53
MONDO_0021201,skin infection,False,2.0,172,172,172
MONDO_0021204,chronic otitis media,False,11.0,83,83,83
MONDO_0021205,,,0.0,18,18,18
MONDO_0021218,,,0.0,2,2,2
MONDO_0021222,,,0.0,5,5,5
MONDO_0021225,,,0.0,5,5,5
MONDO_0021229,ciliary body neoplasm,True,0.0,1,1,1
MONDO_0021230,,,0.0,97,97,97
MONDO_0021232,pineal body neoplasm,True,0.0,12,12,12
MONDO_0021233,ear neoplasm,False,1.0,6,6,6
MONDO_0021237,adrenal medulla neoplasm,True,0.0,5,5,5
MONDO_0021238,cornea neoplasm,True,0.0,6,6,6
MONDO_0021246,,,0.0,14,14,14
MONDO_0021248,nervous system neoplasm,True,0.0,11,11,11
MONDO_0021249,lip neoplasm,True,0.0,2,2,2
MONDO_0021251,endometrium neoplasm,False,11.0,224,224,224
MONDO_0021254,corpus uteri neoplasm,True,0.0,3,3,3
MONDO_0021258,choroid neoplasm,True,0.0,10,10,10
MONDO_0021259,prostate neoplasm,False,17.0,643,643,643
MONDO_0021271,,,0.0,21,21,21
MONDO_0021279,,,0.0,1,1,1
MONDO_0021280,,,0.0,19,19,19
MONDO_0021289,carcinoma in situ of cecum,True,0.0,2,2,2
MONDO_0021297,carcinoma in situ of nasopharynx,True,0.0,1,1,1
MONDO_0021300,adenoid cystic carcinoma of oropharynx,True,0.0,1,1,1
MONDO_0021301,,,0.0,10,10,10
MONDO_0021303,,,0.0,14,14,14
MONDO_0021310,malignant tumor of neck,False,39.0,94,94,94
MONDO_0021311,malignant tumor of parathyroid gland,False,1.0,4,4,4
MONDO_0021312,malignant tumor of adrenal cortex,True,0.0,3,3,3
MONDO_0021313,eyelid cancer,True,0.0,3,3,3
MONDO_0021315,malignant tumor of nasopharynx,True,0.0,18,18,18
MONDO_0021317,cancer of cerebellum,True,0.0,1,1,1
MONDO_0021320,malignant tumor of floor of mouth,True,0.0,1,1,1
MONDO_0021321,malignant tumor of extrahepatic bile duct,False,68.0,97,97,97
MONDO_0021322,,,0.0,11,11,11
MONDO_0021327,,,0.0,8,8,8
MONDO_0021333,carcinoma of lip,True,0.0,4,4,4
MONDO_0021334,immunoproliferative disorder,False,1.0,7,7,7
MONDO_0021335,,,0.0,12,12,12
MONDO_0021337,tonsil carcinoma,True,0.0,32,32,32
MONDO_0021343,carcinoma of floor of mouth,True,0.0,3,3,3
MONDO_0021345,,,0.0,54,54,54
MONDO_0021348,,,0.0,164,164,164
MONDO_0021350,neoplasm of thorax,False,51.0,101,101,101
MONDO_0021351,,,0.0,27,27,27
MONDO_0021354,tumor of adipose tissue,True,0.0,4,4,4
MONDO_0021355,neoplasm of esophagus,False,13.0,196,196,196
MONDO_0021358,neoplasm of hypopharynx,False,1.0,24,24,24
MONDO_0021360,,,0.0,62,62,62
MONDO_0021364,neoplasm of oropharynx,False,4.0,50,50,50
MONDO_0021366,neoplasm of middle ear,True,0.0,1,1,1
MONDO_0021368,neoplasm of major salivary gland,True,0.0,1,1,1
MONDO_0021370,,,0.0,12,12,12
MONDO_0021372,neoplasm of temporal lobe,True,0.0,2,2,2
MONDO_0021374,neoplasm of cerebral hemisphere,False,1.0,39,39,39
MONDO_0021375,,,0.0,20,20,20
MONDO_0021383,neoplasm of floor of mouth,True,0.0,2,2,2
MONDO_0021385,extrahepatic bile duct neoplasm,True,0.0,4,4,4
MONDO_0021386,neoplasm of mediastinum,True,0.0,19,19,19
MONDO_0021390,,,0.0,5,5,5
MONDO_0021392,,,0.0,122,122,122
MONDO_0021394,polyp of vagina,True,0.0,1,1,1
MONDO_0021398,,,0.0,17,17,17
MONDO_0021400,,,0.0,175,175,175
MONDO_0021416,,,0.0,14,14,14
MONDO_0021427,squamous cell carcinoma of lip,True,0.0,26,26,26
MONDO_0021439,,,0.0,10,10,10
MONDO_0021440,benign neoplasm of skin,False,3.0,26,26,26
MONDO_0021444,,,0.0,11,11,11
MONDO_0021445,benign neoplasm of oral cavity,True,0.0,2,2,2
MONDO_0021447,benign neoplasm of testis,True,0.0,6,6,6
MONDO_0021449,,,0.0,3,3,3
MONDO_0021454,,,0.0,14,14,14
MONDO_0021455,benign neoplasm of neck,True,0.0,1,1,1
MONDO_0021459,benign neoplasm of esophagus,True,0.0,1,1,1
MONDO_0021460,,,0.0,34,34,34
MONDO_0021462,,,0.0,5,5,5
MONDO_0021463,benign neoplasm of parathyroid gland,True,0.0,5,5,5
MONDO_0021469,benign neoplasm of anus,True,0.0,5,5,5
MONDO_0021470,,,0.0,25,25,25
MONDO_0021471,benign neoplasm of endometrium,True,0.0,1,1,1
MONDO_0021478,benign neoplasm of nasopharynx,True,0.0,1,1,1
MONDO_0021488,benign neoplasm of lacrimal gland,True,0.0,1,1,1
MONDO_0021489,,,0.0,5,5,5
MONDO_0021490,benign neoplasm of sebaceous gland,True,0.0,1,1,1
MONDO_0021494,benign neoplasm of parotid gland,True,0.0,5,5,5
MONDO_0021496,benign neoplasm of lip,True,0.0,1,1,1
MONDO_0021503,,,0.0,1,1,1
MONDO_0021506,benign neoplasm of spinal cord,True,0.0,1,1,1
MONDO_0021507,benign neoplasm of brain stem,True,0.0,1,1,1
MONDO_0021510,benign neoplasm of prostate,True,0.0,14,14,14
MONDO_0021511,,,0.0,22,22,22
MONDO_0021512,,,0.0,6,6,6
MONDO_0021527,benign neoplasm of meninges,True,0.0,2,2,2
MONDO_0021533,intestinal neuroendocrine tumor G1,True,0.0,3,3,3
MONDO_0021534,,,0.0,15,15,15
MONDO_0021535,pancreatic neuroendocrine tumor G1,False,1.0,2,2,2
MONDO_0021537,,,0.0,27,27,27
MONDO_0021538,verrucous carcinoma of oral cavity,False,25.0,25,25,25
MONDO_0021540,hamartoma of lung,True,0.0,14,14,14
MONDO_0021541,hemangioma of retina,True,0.0,7,7,7
MONDO_0021542,hemangioma of choroid,True,0.0,2,2,2
MONDO_0021545,,,0.0,15,15,15
MONDO_0021547,,,0.0,9,9,9
MONDO_0021548,,,0.0,8,8,8
MONDO_0021553,,,0.0,21,21,21
MONDO_0021569,,,0.0,17,17,17
MONDO_0021574,,,0.0,27,27,27
MONDO_0021579,neoplasm of femur,True,0.0,1,1,1
MONDO_0021580,neoplasm of jaw,True,0.0,2,2,2
MONDO_0021581,,,0.0,23,23,23
MONDO_0021583,,,0.0,19,19,19
MONDO_0021631,,,0.0,39,39,39
MONDO_0021632,primary brain neoplasm,False,11.0,47,47,47
MONDO_0021633,cerebral astrocytoma,False,6.0,22,22,22
MONDO_0021634,,,0.0,22,22,22
MONDO_0021636,,,0.0,181,181,181
MONDO_0021637,low grade glioma,False,49.0,176,176,176
MONDO_0021639,grade II glioma,False,7.0,7,7,7
MONDO_0021640,grade III glioma,False,31.0,69,69,69
MONDO_0021651,,,0.0,1,1,1
MONDO_0021652,diffuse type adenocarcinoma,True,0.0,7,7,7
MONDO_0021653,cutaneous focal mucinosis,True,0.0,1,1,1
MONDO_0021656,nongerminomatous germ cell tumor,False,13.0,33,33,33
MONDO_0021657,ovarian sex cord-stromal tumor,False,11.0,17,17,17
MONDO_0021658,vascular ectasia,False,4.0,5,5,5
MONDO_0021659,combined carcinoid and adenocarcinoma,True,0.0,1,1,1
MONDO_0021660,,,0.0,1,1,1
MONDO_0021661,coronary atherosclerosis,False,5.0,357,357,357
MONDO_0021662,,,0.0,18,18,18
MONDO_0021663,,,0.0,24,24,24
MONDO_0021666,ear infection,False,1.0,65,65,65
MONDO_0021669,post-infectious disorder,True,0.0,1,1,1
MONDO_0021678,,,0.0,111,111,111
MONDO_0021679,,,0.0,47,47,47
MONDO_0021681,sexually transmitted disease,False,25.0,318,318,318
MONDO_0021698,alcohol-related disorders,False,32.0,52,52,52
MONDO_0021699,,,0.0,8,8,8
MONDO_0021718,polyneuritis,True,0.0,9,9,9
MONDO_0021726,abdominal cystic lymphangioma,True,0.0,5,5,5
MONDO_0021736,proctosigmoiditis,False,1.0,7,7,7
MONDO_0021739,prurigo,False,3.0,24,24,24
MONDO_0021747,,,0.0,33,33,33
MONDO_0021765,,,0.0,21,21,21
MONDO_0021804,silicotuberculosis,True,0.0,2,2,2
MONDO_0021812,adnexal spiradenoma/cylindroma of a sweat gland,True,0.0,33,33,33
MONDO_0021925,tracheobronchitis,True,0.0,10,10,10
MONDO_0021944,,,0.0,34,34,34
MONDO_0021945,,,0.0,19,19,19
MONDO_0021948,cutaneous tuberculosis,True,0.0,2,2,2
MONDO_0021950,autoimmune oophoritis,True,0.0,6,6,6
MONDO_0021960,ureteritis,True,0.0,4,4,4
MONDO_0022057,,,0.0,6,6,6
MONDO_0022096,pyogenic granuloma,False,1.0,80,80,80
MONDO_0022103,chronic prostatitis,False,2.0,109,109,109
MONDO_0022113,central centrifugal cicatricial alopecia,False,5.0,37,37,37
MONDO_0022180,,,0.0,5,5,5
MONDO_0022208,,,0.0,20,20,20
MONDO_0022236,colpocephaly,True,0.0,1,1,1
MONDO_0022308,corticobasal degeneration disorder,False,3.0,38,38,38
MONDO_0022316,hair defect with photosensitivity and intellectual disability syndrome,True,0.0,8,8,8
MONDO_0022394,cervical intraepithelial neoplasia,False,11.0,231,231,231
MONDO_0022410,retinal ciliopathy,True,0.0,4,4,4
MONDO_0022435,,,0.0,2,2,2
MONDO_0022518,autoimmune inner ear disease,False,3.0,13,13,13
MONDO_0022519,,,0.0,166,166,166
MONDO_0022529,,,0.0,78,78,78
MONDO_0022560,benign metastasizing leiomyoma,True,0.0,1,1,1
MONDO_0022672,,,0.0,4,4,4
MONDO_0022687,,,0.0,50,50,50
MONDO_0022723,,,0.0,44,44,44
MONDO_0022736,occupational lung disease,True,0.0,7,7,7
MONDO_0022742,,,0.0,39,39,39
MONDO_0022749,non-neoplastic nevus,True,0.0,1,1,1
MONDO_0022754,chromosome 17p deletion,True,0.0,1,1,1
MONDO_0022800,,,0.0,1,1,1
MONDO_0022963,desmoplastic infantile astrocytoma,True,0.0,4,4,4
MONDO_0022965,desmoplastic infantile ganglioglioma,True,0.0,4,4,4
MONDO_0023113,,,0.0,22,22,22
MONDO_0023122,familial prostate carcinoma,True,0.0,2,2,2
MONDO_0023149,infection due to clostridium perfringens,True,0.0,51,51,51
MONDO_0023161,,,0.0,248,248,248
MONDO_0023164,viral pericarditis,True,0.0,6,6,6
MONDO_0023206,functional pancreatic neuroendocrine tumor,False,2.0,3,3,3
MONDO_0023283,,,0.0,50,50,50
MONDO_0023297,guttate psoriasis,False,1.0,9,9,9
MONDO_0023370,,,0.0,109,109,109
MONDO_0023419,,,0.0,5,5,5
MONDO_0023557,,,0.0,66,66,66
MONDO_0023599,,,0.0,1,1,1
MONDO_0023603,hereditary disorder of connective tissue,True,0.0,4,4,4
MONDO_0023619,lentigo maligna melanoma,False,20.0,137,137,137
MONDO_0023644,lip and oral cavity carcinoma,False,1.0,240,240,240
MONDO_0023655,,,0.0,140,140,140
MONDO_0023657,,,0.0,1,1,1
MONDO_0023662,,,0.0,16,16,16
MONDO_0023664,,,0.0,71,71,71
MONDO_0023670,,,0.0,1,1,1
MONDO_0023671,oculopharyngodistal myopathy 3,True,0.0,8,8,8
MONDO_0023693,,,0.0,3,3,3
MONDO_0023726,,,0.0,17,17,17
MONDO_0023833,,,0.0,8,8,8
MONDO_0023865,,,0.0,91,91,91
MONDO_0023868,,,0.0,1,1,1
MONDO_0023910,Martsolf syndrome,True,0.0,2,2,2
MONDO_0023961,"visceral neuropathy, familial",True,0.0,1,1,1
MONDO_0024237,inherited neurodegenerative disorder,True,0.0,3,3,3
MONDO_0024239,congenital anomaly of cardiovascular system,True,0.0,9,9,9
MONDO_0024240,,,0.0,21,21,21
MONDO_0024247,,,0.0,3,3,3
MONDO_0024257,,,0.0,3,3,3
MONDO_0024264,,,0.0,3,3,3
MONDO_0024268,superficial mycosis,True,0.0,1,1,1
MONDO_0024271,intestinal helminthiasis,True,0.0,4,4,4
MONDO_0024275,,,0.0,42,42,42
MONDO_0024276,glandular cell neoplasm,True,0.0,1,1,1
MONDO_0024278,proctocolitis,True,0.0,2,2,2
MONDO_0024279,,,0.0,37,37,37
MONDO_0024280,polyarticular arthritis,False,2.0,130,130,130
MONDO_0024282,,,0.0,66,66,66
MONDO_0024286,benign blood vessel neoplasm,True,0.0,1,1,1
MONDO_0024290,enuresis,False,11.0,15,15,15
MONDO_0024292,,,0.0,23,23,23
MONDO_0024294,skin disorder caused by infection,True,0.0,8,8,8
MONDO_0024296,,,0.0,151,151,151
MONDO_0024298,,,0.0,4,4,4
MONDO_0024299,vitamin D-dependent rickets,True,0.0,3,3,3
MONDO_0024300,hypophosphatemic rickets,False,3.0,21,21,21
MONDO_0024304,,,0.0,9,9,9
MONDO_0024307,,,0.0,2,2,2
MONDO_0024308,,,0.0,77,77,77
MONDO_0024318,viral infection of central nervous system,True,0.0,12,12,12
MONDO_0024322,,,0.0,4,4,4
MONDO_0024327,chronic renal failure syndrome,False,58.0,59,59,59
MONDO_0024330,infectious otitis media,False,2.0,29,29,29
MONDO_0024334,,,0.0,49,49,49
MONDO_0024336,vulvar adenocarcinoma,True,0.0,4,4,4
MONDO_0024337,urothelial neoplasm,False,3.0,29,29,29
MONDO_0024338,,,0.0,119,119,119
MONDO_0024339,,,0.0,35,35,35
MONDO_0024352,viral respiratory tract infection,False,2.0,36,36,36
MONDO_0024354,cytomegalovirus pneumonia,True,0.0,15,15,15
MONDO_0024355,respiratory tract infectious disorder,False,10.0,127,127,127
MONDO_0024361,circadian rhythm sleep disorder,False,4.0,23,23,23
MONDO_0024363,rapid eye movement sleep disorder,True,0.0,2,2,2
MONDO_0024389,anaerobic bacteria infectious disease,True,0.0,1,1,1
MONDO_0024415,,,0.0,1,1,1
MONDO_0024417,perceptual disorders,False,8.0,9,9,9
MONDO_0024419,,,0.0,66,66,66
MONDO_0024431,,,0.0,15,15,15
MONDO_0024457,,,0.0,24,24,24
MONDO_0024458,disorder of visual system,True,0.0,1,1,1
MONDO_0024462,,,0.0,106,106,106
MONDO_0024464,,,0.0,5,5,5
MONDO_0024465,,,0.0,18,18,18
MONDO_0024469,,,0.0,57,57,57
MONDO_0024470,,,0.0,30,30,30
MONDO_0024474,intraepithelial neoplasia,False,3.0,191,191,191
MONDO_0024475,squamous cell intraepithelial neoplasia,False,7.0,191,191,191
MONDO_0024477,liver and intrahepatic bile duct neoplasm,False,3.0,552,552,552
MONDO_0024478,mesenchymal hamartoma,True,0.0,1,1,1
MONDO_0024479,,,0.0,9,9,9
MONDO_0024481,,,0.0,4,4,4
MONDO_0024483,,,0.0,6,6,6
MONDO_0024487,nail infection,True,0.0,5,5,5
MONDO_0024498,glioma susceptibility 1,True,0.0,4,4,4
MONDO_0024501,appendix neuroendocrine neoplasm,True,0.0,7,7,7
MONDO_0024502,gallbladder neuroendocrine neoplasm,True,0.0,2,2,2
MONDO_0024503,digestive system neuroendocrine neoplasm,False,25.0,86,86,86
MONDO_0024516,,,0.0,4,4,4
MONDO_0024517,,,0.0,7,7,7
MONDO_0024519,,,0.0,3,3,3
MONDO_0024521,"aortic aneurysm, familial abdominal, 1",True,0.0,9,9,9
MONDO_0024522,"amyloidosis, primary localized cutaneous, 1",True,0.0,4,4,4
MONDO_0024525,,,0.0,37,37,37
MONDO_0024526,Zimmermann-Laband syndrome 1,True,0.0,3,3,3
MONDO_0024528,,,0.0,4,4,4
MONDO_0024530,,,0.0,11,11,11
MONDO_0024531,,,0.0,11,11,11
MONDO_0024532,,,0.0,17,17,17
MONDO_0024533,,,0.0,34,34,34
MONDO_0024534,,,0.0,80,80,80
MONDO_0024535,,,0.0,4,4,4
MONDO_0024537,,,0.0,4,4,4
MONDO_0024539,,,0.0,22,22,22
MONDO_0024540,,,0.0,44,44,44
MONDO_0024545,,,0.0,13,13,13
MONDO_0024546,,,0.0,4,4,4
MONDO_0024547,,,0.0,16,16,16
MONDO_0024548,,,0.0,14,14,14
MONDO_0024550,,,0.0,12,12,12
MONDO_0024556,,,0.0,1,1,1
MONDO_0024560,,,0.0,2,2,2
MONDO_0024561,,,0.0,11,11,11
MONDO_0024562,,,0.0,59,59,59
MONDO_0024568,,,0.0,6,6,6
MONDO_0024570,,,0.0,11,11,11
MONDO_0024572,,,0.0,6,6,6
MONDO_0024573,,,0.0,50,50,50
MONDO_0024574,von Willebrand disease (hereditary or acquired),False,5.0,48,48,48
MONDO_0024582,male reproductive system neoplasm,True,0.0,1,1,1
MONDO_0024611,,,0.0,5,5,5
MONDO_0024615,,,0.0,76,76,76
MONDO_0024616,,,0.0,2,2,2
MONDO_0024618,,,0.0,34,34,34
MONDO_0024621,,,0.0,41,41,41
MONDO_0024622,thyroid gland adenocarcinoma,True,0.0,11,11,11
MONDO_0024625,disorder of lacrimal gland,True,0.0,5,5,5
MONDO_0024633,,,0.0,94,94,94
MONDO_0024635,,,0.0,22,22,22
MONDO_0024636,,,0.0,54,54,54
MONDO_0024637,malignant soft tissue neoplasm,True,0.0,7,7,7
MONDO_0024638,pancreatic gastrinoma,False,2.0,5,5,5
MONDO_0024643,,,0.0,102,102,102
MONDO_0024645,retroperitoneal neoplasm,True,0.0,2,2,2
MONDO_0024647,urolithiasis,False,3.0,130,130,130
MONDO_0024649,optic tract astrocytoma,True,0.0,1,1,1
MONDO_0024653,skull neoplasm,True,0.0,5,5,5
MONDO_0024654,,,0.0,11,11,11
MONDO_0024656,colorectal lymphoma,True,0.0,2,2,2
MONDO_0024660,,,0.0,84,84,84
MONDO_0024661,,,0.0,33,33,33
MONDO_0024662,colorectal tubulovillous adenoma,True,0.0,15,15,15
MONDO_0024664,"hypertension, pregnancy-induced",False,1.0,106,106,106
MONDO_0024673,skin lymphangioma,True,0.0,2,2,2
MONDO_0024677,pancreatic insulinoma,False,4.0,32,32,32
MONDO_0024686,"tenosynovial giant cell tumor, diffuse type",False,9.0,29,29,29
MONDO_0024770,"autoinflammatory syndrome, familial, X-linked, Behcet-like 2",True,0.0,47,47,47
MONDO_0024771,,,0.0,24,24,24
MONDO_0024772,,,0.0,27,27,27
MONDO_0024773,,,0.0,44,44,44
MONDO_0024777,"immunodeficiency 98 with autoinflammation, X-linked",True,0.0,139,139,139
MONDO_0024781,,,0.0,165,165,165
MONDO_0024879,metastatic carcinoma,False,27.0,223,223,223
MONDO_0024880,metastatic malignant neoplasm,False,212.0,602,602,602
MONDO_0024882,secondary neoplasm,True,0.0,20,20,20
MONDO_0024884,metastatic carcinoma in the bone,True,0.0,2,2,2
MONDO_0024885,malignant ovarian serous tumor,False,4.0,12,12,12
MONDO_0024888,,,0.0,4,4,4
MONDO_0024890,pineal parenchymal cell neoplasm,True,0.0,5,5,5
MONDO_0024892,soft tissue amyloid neoplasm,True,0.0,1,1,1
MONDO_0024905,bird disease,True,0.0,4,4,4
MONDO_0024913,cattle disease,True,0.0,10,10,10
MONDO_0024934,,,0.0,7,7,7
MONDO_0024950,horse disease,True,0.0,9,9,9
MONDO_0024990,swine disease,True,0.0,9,9,9
MONDO_0025003,goat disease,True,0.0,2,2,2
MONDO_0025193,oculopharyngodistal myopathy,True,0.0,13,13,13
MONDO_0025294,,,0.0,29,29,29
MONDO_0025351,"multiple congenital anomalies-neurodevelopmental syndrome, X-linked",True,0.0,9,9,9
MONDO_0025353,,,0.0,6,6,6
MONDO_0025354,,,0.0,69,69,69
MONDO_0025356,,,0.0,49,49,49
MONDO_0025371,,,0.0,40,40,40
MONDO_0025513,,,0.0,7,7,7
MONDO_0025598,pneumonia caused by chlamydia,True,0.0,25,25,25
MONDO_0025622,,,0.0,7,7,7
MONDO_0025690,,,0.0,6,6,6
MONDO_0025708,,,0.0,1,1,1
MONDO_0025986,,,0.0,4,4,4
MONDO_0026045,prurigo nodularis,False,14.0,45,45,45
MONDO_0026720,,,0.0,8,8,8
MONDO_0026721,,,0.0,2,2,2
MONDO_0026722,,,0.0,3,3,3
MONDO_0026726,,,0.0,42,42,42
MONDO_0026731,,,0.0,10,10,10
MONDO_0026732,,,0.0,9,9,9
MONDO_0026767,,,0.0,1,1,1
MONDO_0026777,VEXAS syndrome,True,0.0,43,43,43
MONDO_0027026,Buschke Lowenstein tumor,True,0.0,2,2,2
MONDO_0027029,HHV-6 encephalitis,True,0.0,5,5,5
MONDO_0027353,,,0.0,1,1,1
MONDO_0027407,,,0.0,2,2,2
MONDO_0027766,generalized lipodystrophy,False,1.0,22,22,22
MONDO_0027767,partial lipodystrophy,False,1.0,31,31,31
MONDO_0027772,lung colloid adenocarcinoma,True,0.0,16,16,16
MONDO_0029131,"peripheral neuropathy, autosomal recessive, with or without impaired intellectual development",True,0.0,3,3,3
MONDO_0029132,,,0.0,15,15,15
MONDO_0029133,,,0.0,19,19,19
MONDO_0029134,severe combined immunodeficiency due to CARMIL2 deficiency,True,0.0,22,22,22
MONDO_0029135,,,0.0,4,4,4
MONDO_0029136,,,0.0,17,17,17
MONDO_0029137,,,0.0,9,9,9
MONDO_0029141,,,0.0,13,13,13
MONDO_0029143,,,0.0,2,2,2
MONDO_0029465,,,0.0,29,29,29
MONDO_0030006,,,0.0,3,3,3
MONDO_0030007,,,0.0,7,7,7
MONDO_0030008,,,0.0,3,3,3
MONDO_0030010,,,0.0,34,34,34
MONDO_0030013,,,0.0,30,30,30
MONDO_0030014,,,0.0,17,17,17
MONDO_0030015,,,0.0,58,58,58
MONDO_0030019,,,0.0,11,11,11
MONDO_0030020,,,0.0,1,1,1
MONDO_0030029,,,0.0,4,4,4
MONDO_0030030,,,0.0,3,3,3
MONDO_0030031,,,0.0,29,29,29
MONDO_0030034,,,0.0,15,15,15
MONDO_0030035,,,0.0,18,18,18
MONDO_0030036,,,0.0,2,2,2
MONDO_0030037,,,0.0,3,3,3
MONDO_0030038,,,0.0,11,11,11
MONDO_0030042,,,0.0,31,31,31
MONDO_0030044,,,0.0,13,13,13
MONDO_0030045,,,0.0,15,15,15
MONDO_0030048,,,0.0,26,26,26
MONDO_0030049,,,0.0,9,9,9
MONDO_0030051,,,0.0,3,3,3
MONDO_0030055,,,0.0,4,4,4
MONDO_0030058,,,0.0,21,21,21
MONDO_0030059,,,0.0,1,1,1
MONDO_0030060,,,0.0,13,13,13
MONDO_0030062,,,0.0,68,68,68
MONDO_0030064,,,0.0,9,9,9
MONDO_0030066,"granulomatous disease, chronic, autosomal recessive, 5",True,0.0,76,76,76
MONDO_0030069,,,0.0,156,156,156
MONDO_0030070,,,0.0,3,3,3
MONDO_0030071,,,0.0,2,2,2
MONDO_0030072,,,0.0,2,2,2
MONDO_0030073,,,0.0,1,1,1
MONDO_0030074,,,0.0,7,7,7
MONDO_0030077,,,0.0,9,9,9
MONDO_0030087,,,0.0,7,7,7
MONDO_0030088,,,0.0,10,10,10
MONDO_0030089,,,0.0,71,71,71
MONDO_0030105,,,0.0,18,18,18
MONDO_0030134,,,0.0,15,15,15
MONDO_0030258,,,0.0,2,2,2
MONDO_0030259,,,0.0,2,2,2
MONDO_0030260,,,0.0,1,1,1
MONDO_0030263,,,0.0,6,6,6
MONDO_0030266,,,0.0,68,68,68
MONDO_0030270,,,0.0,8,8,8
MONDO_0030294,,,0.0,3,3,3
MONDO_0030296,,,0.0,3,3,3
MONDO_0030302,,,0.0,179,179,179
MONDO_0030307,,,0.0,39,39,39
MONDO_0030308,immunodeficiency 82 with systemic inflammation,True,0.0,47,47,47
MONDO_0030309,,,0.0,5,5,5
MONDO_0030311,,,0.0,3,3,3
MONDO_0030312,,,0.0,6,6,6
MONDO_0030314,,,0.0,63,63,63
MONDO_0030316,,,0.0,15,15,15
MONDO_0030317,,,0.0,23,23,23
MONDO_0030318,,,0.0,19,19,19
MONDO_0030323,,,0.0,1,1,1
MONDO_0030326,,,0.0,4,4,4
MONDO_0030329,,,0.0,2,2,2
MONDO_0030330,,,0.0,17,17,17
MONDO_0030332,,,0.0,4,4,4
MONDO_0030333,immunodeficiency 84,True,0.0,116,116,116
MONDO_0030335,,,0.0,13,13,13
MONDO_0030338,,,0.0,8,8,8
MONDO_0030339,,,0.0,1,1,1
MONDO_0030341,,,0.0,6,6,6
MONDO_0030346,"ciliary dyskinesia, primary, 47, and lissencephaly",True,0.0,11,11,11
MONDO_0030355,,,0.0,11,11,11
MONDO_0030356,,,0.0,1,1,1
MONDO_0030360,,,0.0,8,8,8
MONDO_0030362,,,0.0,4,4,4
MONDO_0030374,,,0.0,32,32,32
MONDO_0030375,"neurologic, endocrine, and pancreatic disease, multisystem, infantile-onset 2",True,0.0,1,1,1
MONDO_0030376,,,0.0,1,1,1
MONDO_0030397,,,0.0,11,11,11
MONDO_0030399,,,0.0,1,1,1
MONDO_0030428,,,0.0,123,123,123
MONDO_0030430,,,0.0,72,72,72
MONDO_0030433,"Charcot-Marie-Tooth disease, axonal, type 2FF",True,0.0,19,19,19
MONDO_0030438,,,0.0,1,1,1
MONDO_0030439,,,0.0,67,67,67
MONDO_0030440,,,0.0,15,15,15
MONDO_0030448,,,0.0,160,160,160
MONDO_0030449,,,0.0,19,19,19
MONDO_0030453,,,0.0,9,9,9
MONDO_0030455,,,0.0,17,17,17
MONDO_0030456,,,0.0,18,18,18
MONDO_0030457,immunodeficiency 87 and autoimmunity,True,0.0,6,6,6
MONDO_0030458,"Charcot-Marie-Tooth disease, axonal, Type 2HH",True,0.0,5,5,5
MONDO_0030462,Joubert syndrome 40,True,0.0,1,1,1
MONDO_0030463,,,0.0,69,69,69
MONDO_0030465,,,0.0,4,4,4
MONDO_0030471,,,0.0,1,1,1
MONDO_0030472,,,0.0,9,9,9
MONDO_0030473,,,0.0,12,12,12
MONDO_0030476,,,0.0,5,5,5
MONDO_0030480,,,0.0,4,4,4
MONDO_0030483,immunodeficiency 88,True,0.0,22,22,22
MONDO_0030484,,,0.0,144,144,144
MONDO_0030486,,,0.0,3,3,3
MONDO_0030487,,,0.0,19,19,19
MONDO_0030490,,,0.0,27,27,27
MONDO_0030491,,,0.0,15,15,15
MONDO_0030492,,,0.0,61,61,61
MONDO_0030493,,,0.0,61,61,61
MONDO_0030498,,,0.0,110,110,110
MONDO_0030500,Loeys-Dietz syndrome 6,True,0.0,2,2,2
MONDO_0030502,tetrasomy,True,0.0,1,1,1
MONDO_0030503,,,0.0,13,13,13
MONDO_0030505,"cholestasis, progressive familial intrahepatic, 8",True,0.0,25,25,25
MONDO_0030506,,,0.0,48,48,48
MONDO_0030507,,,0.0,62,62,62
MONDO_0030508,,,0.0,62,62,62
MONDO_0030512,,,0.0,2,2,2
MONDO_0030513,,,0.0,4,4,4
MONDO_0030514,,,0.0,1,1,1
MONDO_0030515,,,0.0,65,65,65
MONDO_0030519,,,0.0,104,104,104
MONDO_0030522,,,0.0,61,61,61
MONDO_0030523,,,0.0,22,22,22
MONDO_0030524,"mucopolysaccharidosis, type 10",True,0.0,4,4,4
MONDO_0030528,,,0.0,80,80,80
MONDO_0030529,,,0.0,151,151,151
MONDO_0030531,,,0.0,73,73,73
MONDO_0030534,,,0.0,9,9,9
MONDO_0030549,,,0.0,8,8,8
MONDO_0030602,,,0.0,67,67,67
MONDO_0030607,Bryant-Li-Bhoj neurodevelopmental syndrome 2,True,0.0,2,2,2
MONDO_0030608,,,0.0,17,17,17
MONDO_0030619,,,0.0,7,7,7
MONDO_0030625,,,0.0,15,15,15
MONDO_0030634,,,0.0,4,4,4
MONDO_0030673,,,0.0,5,5,5
MONDO_0030674,,,0.0,5,5,5
MONDO_0030676,,,0.0,19,19,19
MONDO_0030677,,,0.0,8,8,8
MONDO_0030680,,,0.0,67,67,67
MONDO_0030681,immunodeficiency 94 with autoinflammation and dysmorphic facies,True,0.0,4,4,4
MONDO_0030684,,,0.0,12,12,12
MONDO_0030689,,,0.0,6,6,6
MONDO_0030690,,,0.0,70,70,70
MONDO_0030692,,,0.0,102,102,102
MONDO_0030693,,,0.0,143,143,143
MONDO_0030696,,,0.0,3,3,3
MONDO_0030697,,,0.0,30,30,30
MONDO_0030700,,,0.0,43,43,43
MONDO_0030701,,,0.0,18,18,18
MONDO_0030702,autoimmune atherosclerosis,True,0.0,2,2,2
MONDO_0030703,,,0.0,36,36,36
MONDO_0030711,,,0.0,28,28,28
MONDO_0030712,oculopharyngodistal myopathy 4,True,0.0,11,11,11
MONDO_0030714,,,0.0,29,29,29
MONDO_0030716,,,0.0,42,42,42
MONDO_0030717,,,0.0,145,145,145
MONDO_0030718,,,0.0,42,42,42
MONDO_0030719,,,0.0,6,6,6
MONDO_0030721,,,0.0,42,42,42
MONDO_0030723,,,0.0,4,4,4
MONDO_0030724,,,0.0,5,5,5
MONDO_0030726,,,0.0,24,24,24
MONDO_0030727,,,0.0,5,5,5
MONDO_0030731,"aortic aneurysm, familial thoracic 12",True,0.0,6,6,6
MONDO_0030732,,,0.0,42,42,42
MONDO_0030733,,,0.0,61,61,61
MONDO_0030736,,,0.0,43,43,43
MONDO_0030746,,,0.0,1,1,1
MONDO_0030747,,,0.0,1,1,1
MONDO_0030748,,,0.0,1,1,1
MONDO_0030749,,,0.0,1,1,1
MONDO_0030750,,,0.0,4,4,4
MONDO_0030756,,,0.0,5,5,5
MONDO_0030768,,,0.0,4,4,4
MONDO_0030785,,,0.0,4,4,4
MONDO_0030787,,,0.0,65,65,65
MONDO_0030796,,,0.0,1,1,1
MONDO_0030797,,,0.0,4,4,4
MONDO_0030798,,,0.0,162,162,162
MONDO_0030800,,,0.0,17,17,17
MONDO_0030801,,,0.0,82,82,82
MONDO_0030805,,,0.0,5,5,5
MONDO_0030809,,,0.0,63,63,63
MONDO_0030815,"cholestasis, progressive familial intrahepatic, 11",True,0.0,13,13,13
MONDO_0030818,,,0.0,61,61,61
MONDO_0030822,,,0.0,8,8,8
MONDO_0030827,,,0.0,32,32,32
MONDO_0030831,gastrointestinal defect and immunodeficiency syndrome,True,0.0,3,3,3
MONDO_0030835,,,0.0,2,2,2
MONDO_0030839,,,0.0,32,32,32
MONDO_0030844,,,0.0,67,67,67
MONDO_0030846,,,0.0,65,65,65
MONDO_0030847,,,0.0,5,5,5
MONDO_0030849,,,0.0,7,7,7
MONDO_0030854,combined osteogenesis imperfecta and Ehlers-Danlos syndrome 1,True,0.0,2,2,2
MONDO_0030855,,,0.0,1,1,1
MONDO_0030858,,,0.0,89,89,89
MONDO_0030860,,,0.0,3,3,3
MONDO_0030861,,,0.0,15,15,15
MONDO_0030867,,,0.0,61,61,61
MONDO_0030868,,,0.0,62,62,62
MONDO_0030869,,,0.0,69,69,69
MONDO_0030870,,,0.0,24,24,24
MONDO_0030871,,,0.0,1,1,1
MONDO_0030876,,,0.0,3,3,3
MONDO_0030877,,,0.0,3,3,3
MONDO_0030878,,,0.0,2,2,2
MONDO_0030880,,,0.0,4,4,4
MONDO_0030881,,,0.0,4,4,4
MONDO_0030885,,,0.0,2,2,2
MONDO_0030886,,,0.0,2,2,2
MONDO_0030887,,,0.0,75,75,75
MONDO_0030891,,,0.0,2,2,2
MONDO_0030893,,,0.0,2,2,2
MONDO_0030894,,,0.0,19,19,19
MONDO_0030895,,,0.0,33,33,33
MONDO_0030896,,,0.0,1,1,1
MONDO_0030898,immunodeficiency 76,True,0.0,109,109,109
MONDO_0030899,,,0.0,12,12,12
MONDO_0030900,,,0.0,15,15,15
MONDO_0030902,,,0.0,2,2,2
MONDO_0030903,,,0.0,3,3,3
MONDO_0030905,,,0.0,8,8,8
MONDO_0030908,,,0.0,2,2,2
MONDO_0030910,,,0.0,7,7,7
MONDO_0030911,,,0.0,5,5,5
MONDO_0030912,,,0.0,1,1,1
MONDO_0030914,Clark-Baraitser syndrome,True,0.0,4,4,4
MONDO_0030916,,,0.0,29,29,29
MONDO_0030921,,,0.0,29,29,29
MONDO_0030922,,,0.0,3,3,3
MONDO_0030923,,,0.0,6,6,6
MONDO_0030924,proteasome-associated autoinflammatory syndrome 5,True,0.0,37,37,37
MONDO_0030925,,,0.0,20,20,20
MONDO_0030926,,,0.0,54,54,54
MONDO_0030927,,,0.0,14,14,14
MONDO_0030929,,,0.0,2,2,2
MONDO_0030930,,,0.0,16,16,16
MONDO_0030931,proteasome-associated autoinflammatory syndrome 4,True,0.0,13,13,13
MONDO_0030935,,,0.0,1,1,1
MONDO_0030936,,,0.0,34,34,34
MONDO_0030937,,,0.0,4,4,4
MONDO_0030938,,,0.0,54,54,54
MONDO_0030939,,,0.0,39,39,39
MONDO_0030941,erythrokeratodermia variabilis et progressiva 7,True,0.0,2,2,2
MONDO_0030953,,,0.0,6,6,6
MONDO_0030957,,,0.0,21,21,21
MONDO_0030961,Olmsted syndrome 2,True,0.0,3,3,3
MONDO_0030962,,,0.0,41,41,41
MONDO_0030963,,,0.0,2,2,2
MONDO_0030964,,,0.0,2,2,2
MONDO_0030967,,,0.0,1,1,1
MONDO_0030968,,,0.0,1,1,1
MONDO_0030970,,,0.0,1,1,1
MONDO_0030971,,,0.0,139,139,139
MONDO_0030972,,,0.0,61,61,61
MONDO_0030973,,,0.0,6,6,6
MONDO_0030974,,,0.0,2,2,2
MONDO_0030975,,,0.0,26,26,26
MONDO_0030977,,,0.0,8,8,8
MONDO_0030978,"ENDOVE syndrome, limb-only type",True,0.0,7,7,7
MONDO_0030981,,,0.0,24,24,24
MONDO_0030982,,,0.0,1,1,1
MONDO_0030983,,,0.0,29,29,29
MONDO_0030984,,,0.0,61,61,61
MONDO_0030985,,,0.0,34,34,34
MONDO_0030988,,,0.0,4,4,4
MONDO_0030989,,,0.0,49,49,49
MONDO_0030991,bile acid conjugation defect 1,True,0.0,14,14,14
MONDO_0030994,,,0.0,2,2,2
MONDO_0030995,,,0.0,1,1,1
MONDO_0030996,,,0.0,70,70,70
MONDO_0030997,,,0.0,2,2,2
MONDO_0030998,,,0.0,21,21,21
MONDO_0031001,,,0.0,17,17,17
MONDO_0031003,"hypercholanemia, familial, 2",True,0.0,8,8,8
MONDO_0031006,,,0.0,4,4,4
MONDO_0031007,,,0.0,3,3,3
MONDO_0031008,,,0.0,41,41,41
MONDO_0031010,odontochondrodysplasia 2 with hearing loss and diabetes,True,0.0,8,8,8
MONDO_0031012,,,0.0,148,148,148
MONDO_0031013,,,0.0,7,7,7
MONDO_0031014,,,0.0,56,56,56
MONDO_0031019,,,0.0,2,2,2
MONDO_0031021,,,0.0,33,33,33
MONDO_0031028,,,0.0,1,1,1
MONDO_0031030,,,0.0,10,10,10
MONDO_0031031,,,0.0,5,5,5
MONDO_0031037,famililal cerebral cavernous malformations,False,2.0,12,12,12
MONDO_0031040,"cholestasis, progressive familial intrahepatic, 12",True,0.0,19,19,19
MONDO_0031043,,,0.0,5,5,5
MONDO_0031045,,,0.0,3,3,3
MONDO_0031052,,,0.0,2,2,2
MONDO_0031054,,,0.0,3,3,3
MONDO_0031057,"dyskeratosis congenita, digenic",True,0.0,4,4,4
MONDO_0031060,,,0.0,1,1,1
MONDO_0031061,,,0.0,31,31,31
MONDO_0031062,,,0.0,37,37,37
MONDO_0031068,,,0.0,12,12,12
MONDO_0031077,,,0.0,69,69,69
MONDO_0031083,,,0.0,67,67,67
MONDO_0031084,,,0.0,9,9,9
MONDO_0031166,,,0.0,4,4,4
MONDO_0031169,,,0.0,12,12,12
MONDO_0031213,,,0.0,6,6,6
MONDO_0031219,,,0.0,3,3,3
MONDO_0031280,,,0.0,12,12,12
MONDO_0031323,,,0.0,1,1,1
MONDO_0031332,,,0.0,64,64,64
MONDO_0031384,"autoinflammatory syndrome, familial, Behcet-like",True,0.0,1,1,1
MONDO_0031386,cardioacrofacial dysplasia,True,0.0,1,1,1
MONDO_0031421,Olmsted syndrome,True,0.0,7,7,7
MONDO_0031446,,,0.0,10,10,10
MONDO_0031481,,,0.0,7,7,7
MONDO_0032565,,,0.0,4,4,4
MONDO_0032567,,,0.0,7,7,7
MONDO_0032569,,,0.0,6,6,6
MONDO_0032570,,,0.0,1,1,1
MONDO_0032572,,,0.0,1,1,1
MONDO_0032574,"osteochondrodysplasia, brachydactyly, and overlapping malformed digits",True,0.0,10,10,10
MONDO_0032577,,,0.0,16,16,16
MONDO_0032583,,,0.0,1,1,1
MONDO_0032588,,,0.0,2,2,2
MONDO_0032590,,,0.0,27,27,27
MONDO_0032591,,,0.0,3,3,3
MONDO_0032594,,,0.0,25,25,25
MONDO_0032599,,,0.0,99,99,99
MONDO_0032604,,,0.0,30,30,30
MONDO_0032606,,,0.0,1,1,1
MONDO_0032608,,,0.0,3,3,3
MONDO_0032609,,,0.0,1,1,1
MONDO_0032610,,,0.0,2,2,2
MONDO_0032611,,,0.0,1,1,1
MONDO_0032612,,,0.0,1,1,1
MONDO_0032613,,,0.0,1,1,1
MONDO_0032615,,,0.0,1,1,1
MONDO_0032616,,,0.0,1,1,1
MONDO_0032617,,,0.0,2,2,2
MONDO_0032618,,,0.0,1,1,1
MONDO_0032619,,,0.0,1,1,1
MONDO_0032620,,,0.0,1,1,1
MONDO_0032622,,,0.0,3,3,3
MONDO_0032623,,,0.0,2,2,2
MONDO_0032624,,,0.0,1,1,1
MONDO_0032625,,,0.0,10,10,10
MONDO_0032626,,,0.0,1,1,1
MONDO_0032627,,,0.0,1,1,1
MONDO_0032629,,,0.0,7,7,7
MONDO_0032630,,,0.0,1,1,1
MONDO_0032631,,,0.0,1,1,1
MONDO_0032632,,,0.0,2,2,2
MONDO_0032633,,,0.0,2,2,2
MONDO_0032635,,,0.0,1,1,1
MONDO_0032636,,,0.0,1,1,1
MONDO_0032637,,,0.0,6,6,6
MONDO_0032642,,,0.0,8,8,8
MONDO_0032649,hypotrichosis 14,True,0.0,10,10,10
MONDO_0032651,,,0.0,14,14,14
MONDO_0032654,,,0.0,39,39,39
MONDO_0032655,,,0.0,2,2,2
MONDO_0032656,,,0.0,4,4,4
MONDO_0032658,,,0.0,3,3,3
MONDO_0032659,,,0.0,13,13,13
MONDO_0032664,,,0.0,10,10,10
MONDO_0032665,,,0.0,1,1,1
MONDO_0032672,intellectual developmental disorder with cardiac defects and dysmorphic facies,True,0.0,1,1,1
MONDO_0032677,,,0.0,1,1,1
MONDO_0032684,,,0.0,3,3,3
MONDO_0032685,,,0.0,1,1,1
MONDO_0032687,,,0.0,1,1,1
MONDO_0032688,,,0.0,1,1,1
MONDO_0032689,,,0.0,5,5,5
MONDO_0032694,,,0.0,1,1,1
MONDO_0032696,,,0.0,27,27,27
MONDO_0032697,,,0.0,2,2,2
MONDO_0032698,,,0.0,1,1,1
MONDO_0032703,,,0.0,19,19,19
MONDO_0032707,,,0.0,5,5,5
MONDO_0032714,,,0.0,1,1,1
MONDO_0032723,,,0.0,105,105,105
MONDO_0032724,"spondyloepimetaphyseal dysplasia with joint laxity, type 3",True,0.0,18,18,18
MONDO_0032728,"Charcot-Marie-Tooth disease, axonal, type 2EE",True,0.0,1,1,1
MONDO_0032729,,,0.0,2,2,2
MONDO_0032730,,,0.0,5,5,5
MONDO_0032737,,,0.0,7,7,7
MONDO_0032738,,,0.0,4,4,4
MONDO_0032741,,,0.0,29,29,29
MONDO_0032753,,,0.0,2,2,2
MONDO_0032756,,,0.0,59,59,59
MONDO_0032758,,,0.0,3,3,3
MONDO_0032759,,,0.0,4,4,4
MONDO_0032763,,,0.0,153,153,153
MONDO_0032764,,,0.0,1,1,1
MONDO_0032766,,,0.0,15,15,15
MONDO_0032767,,,0.0,29,29,29
MONDO_0032771,,,0.0,3,3,3
MONDO_0032773,,,0.0,14,14,14
MONDO_0032774,,,0.0,1,1,1
MONDO_0032778,,,0.0,8,8,8
MONDO_0032779,,,0.0,4,4,4
MONDO_0032780,"hypotonia, hypoventilation, impaired intellectual development, dysautonomia, epilepsy, and eye abnormalities",True,0.0,1,1,1
MONDO_0032781,"congenital hypotonia, epilepsy, developmental delay, and digital anomalies",True,0.0,1,1,1
MONDO_0032786,,,0.0,1,1,1
MONDO_0032792,,,0.0,3,3,3
MONDO_0032794,,,0.0,21,21,21
MONDO_0032797,,,0.0,4,4,4
MONDO_0032799,,,0.0,4,4,4
MONDO_0032800,,,0.0,5,5,5
MONDO_0032803,,,0.0,169,169,169
MONDO_0032805,,,0.0,15,15,15
MONDO_0032806,"trichothiodystrophy 7, nonphotosensitive",True,0.0,4,4,4
MONDO_0032810,,,0.0,27,27,27
MONDO_0032814,,,0.0,11,11,11
MONDO_0032815,,,0.0,1,1,1
MONDO_0032819,,,0.0,11,11,11
MONDO_0032833,,,0.0,3,3,3
MONDO_0032834,,,0.0,31,31,31
MONDO_0032837,,,0.0,19,19,19
MONDO_0032841,,,0.0,5,5,5
MONDO_0032843,,,0.0,1,1,1
MONDO_0032844,infantile liver failure syndrome 3,True,0.0,2,2,2
MONDO_0032845,,,0.0,69,69,69
MONDO_0032846,,,0.0,1,1,1
MONDO_0032848,,,0.0,5,5,5
MONDO_0032852,,,0.0,16,16,16
MONDO_0032853,,,0.0,22,22,22
MONDO_0032859,,,0.0,69,69,69
MONDO_0032862,,,0.0,4,4,4
MONDO_0032863,,,0.0,66,66,66
MONDO_0032869,,,0.0,7,7,7
MONDO_0032871,,,0.0,2,2,2
MONDO_0032873,,,0.0,21,21,21
MONDO_0032874,,,0.0,2,2,2
MONDO_0032882,,,0.0,4,4,4
MONDO_0032884,"ectodermal dysplasia with facial dysmorphism and acral, ocular, and brain anomalies",True,0.0,2,2,2
MONDO_0032885,"spondyloepimetaphyseal dysplasia, Isidor-Toutain type",True,0.0,21,21,21
MONDO_0032887,,,0.0,5,5,5
MONDO_0032889,,,0.0,7,7,7
MONDO_0032891,,,0.0,15,15,15
MONDO_0032892,structural brain anomalies with impaired intellectual development and craniosynostosis,True,0.0,2,2,2
MONDO_0032894,,,0.0,2,2,2
MONDO_0032896,,,0.0,63,63,63
MONDO_0032897,,,0.0,1,1,1
MONDO_0032898,,,0.0,62,62,62
MONDO_0032899,,,0.0,56,56,56
MONDO_0032900,,,0.0,11,11,11
MONDO_0032901,,,0.0,1,1,1
MONDO_0032905,,,0.0,2,2,2
MONDO_0032906,,,0.0,6,6,6
MONDO_0032907,,,0.0,25,25,25
MONDO_0032908,,,0.0,1,1,1
MONDO_0032909,,,0.0,1,1,1
MONDO_0032911,,,0.0,20,20,20
MONDO_0032912,,,0.0,2,2,2
MONDO_0032913,,,0.0,33,33,33
MONDO_0032914,,,0.0,2,2,2
MONDO_0032915,,,0.0,54,54,54
MONDO_0032916,,,0.0,2,2,2
MONDO_0032917,,,0.0,5,5,5
MONDO_0032920,juvenile arthritis due to defect in LACC1,True,0.0,18,18,18
MONDO_0032922,Beck-Fahrner syndrome,True,0.0,1,1,1
MONDO_0032923,,,0.0,1,1,1
MONDO_0032924,,,0.0,4,4,4
MONDO_0032925,"respiratory papillomatosis, juvenile recurrent, congenital",True,0.0,1,1,1
MONDO_0032926,,,0.0,2,2,2
MONDO_0032927,,,0.0,8,8,8
MONDO_0032928,"T-cell lymphopenia, infantile, with or without nail dystrophy, autosomal dominant",True,0.0,74,74,74
MONDO_0032930,,,0.0,3,3,3
MONDO_0032932,,,0.0,2,2,2
MONDO_0032934,,,0.0,11,11,11
MONDO_0032935,,,0.0,2,2,2
MONDO_0032936,,,0.0,3,3,3
MONDO_0032937,,,0.0,13,13,13
MONDO_0032938,,,0.0,6,6,6
MONDO_0032939,,,0.0,1,1,1
MONDO_0032940,,,0.0,18,18,18
MONDO_0032941,,,0.0,1,1,1
MONDO_0033004,,,0.0,19,19,19
MONDO_0033006,,,0.0,3,3,3
MONDO_0033014,,,0.0,5,5,5
MONDO_0033043,,,0.0,4,4,4
MONDO_0033044,,,0.0,1,1,1
MONDO_0033045,,,0.0,1,1,1
MONDO_0033047,,,0.0,32,32,32
MONDO_0033091,,,0.0,6,6,6
MONDO_0033092,,,0.0,4,4,4
MONDO_0033115,,,0.0,10,10,10
MONDO_0033201,,,0.0,6,6,6
MONDO_0033203,,,0.0,23,23,23
MONDO_0033204,"ciliary dyskinesia, primary, 37",True,0.0,3,3,3
MONDO_0033262,,,0.0,38,38,38
MONDO_0033280,,,0.0,42,42,42
MONDO_0033281,,,0.0,51,51,51
MONDO_0033308,,,0.0,1,1,1
MONDO_0033310,,,0.0,1,1,1
MONDO_0033312,,,0.0,23,23,23
MONDO_0033352,,,0.0,24,24,24
MONDO_0033361,,,0.0,23,23,23
MONDO_0033363,,,0.0,27,27,27
MONDO_0033368,,,0.0,12,12,12
MONDO_0033371,,,0.0,1,1,1
MONDO_0033479,,,0.0,12,12,12
MONDO_0033482,,,0.0,1,1,1
MONDO_0033485,short-rib thoracic dysplasia 19 with or without polydactyly,True,0.0,4,4,4
MONDO_0033492,,,0.0,1,1,1
MONDO_0033532,,,0.0,1,1,1
MONDO_0033541,,,0.0,81,81,81
MONDO_0033542,,,0.0,113,113,113
MONDO_0033543,,,0.0,18,18,18
MONDO_0033545,,,0.0,2,2,2
MONDO_0033546,,,0.0,5,5,5
MONDO_0033548,"myopathy, congenital, with diaphragmatic defects, respiratory insufficiency, and dysmorphic facies",True,0.0,1,1,1
MONDO_0033549,,,0.0,6,6,6
MONDO_0033551,,,0.0,185,185,185
MONDO_0033554,,,0.0,169,169,169
MONDO_0033555,,,0.0,151,151,151
MONDO_0033556,,,0.0,13,13,13
MONDO_0033558,,,0.0,23,23,23
MONDO_0033559,,,0.0,13,13,13
MONDO_0033560,,,0.0,3,3,3
MONDO_0033563,,,0.0,14,14,14
MONDO_0033564,,,0.0,33,33,33
MONDO_0033565,,,0.0,32,32,32
MONDO_0033569,,,0.0,6,6,6
MONDO_0033570,,,0.0,1,1,1
MONDO_0033572,,,0.0,23,23,23
MONDO_0033615,,,0.0,16,16,16
MONDO_0033619,"myopathy, epilepsy, and progressive cerebral atrophy",True,0.0,2,2,2
MONDO_0033620,,,0.0,7,7,7
MONDO_0033621,"spinal muscular atrophy, infantile, James type",True,0.0,8,8,8
MONDO_0033622,,,0.0,63,63,63
MONDO_0033631,,,0.0,1,1,1
MONDO_0033635,,,0.0,2,2,2
MONDO_0033636,,,0.0,9,9,9
MONDO_0033638,,,0.0,3,3,3
MONDO_0033639,,,0.0,1,1,1
MONDO_0033642,,,0.0,1,1,1
MONDO_0033643,,,0.0,78,78,78
MONDO_0033645,,,0.0,3,3,3
MONDO_0033649,,,0.0,1,1,1
MONDO_0033652,,,0.0,7,7,7
MONDO_0033656,,,0.0,17,17,17
MONDO_0033662,,,0.0,1,1,1
MONDO_0033664,,,0.0,1,1,1
MONDO_0033665,,,0.0,1,1,1
MONDO_0033668,,,0.0,2,2,2
MONDO_0033669,Noonan syndrome 13,True,0.0,1,1,1
MONDO_0033670,,,0.0,4,4,4
MONDO_0033671,,,0.0,62,62,62
MONDO_0033673,,,0.0,63,63,63
MONDO_0033683,,,0.0,1,1,1
MONDO_0033717,,,0.0,9,9,9
MONDO_0033821,,,0.0,79,79,79
MONDO_0033856,LAMA5-related multisystemic syndrome,True,0.0,1,1,1
MONDO_0033864,,,0.0,2,2,2
MONDO_0033885,,,0.0,12,12,12
MONDO_0033946,hereditary angioedema with C1Inh deficiency,True,0.0,5,5,5
MONDO_0034022,,,0.0,9,9,9
MONDO_0034054,,,0.0,123,123,123
MONDO_0034103,infection-related hemolytic uremic syndrome,True,0.0,1,1,1
MONDO_0034121,,,0.0,1,1,1
MONDO_0034145,,,0.0,5,5,5
MONDO_0034989,,,0.0,3,3,3
MONDO_0035122,,,0.0,1,1,1
MONDO_0035133,PHIP-related behavioral problems-intellectual disability-obesity-dysmorphic features syndrome,True,0.0,3,3,3
MONDO_0035290,,,0.0,2,2,2
MONDO_0035320,,,0.0,14,14,14
MONDO_0035551,cathepsin a-related arteriopathy-strokes-leukoencephalopathy,True,0.0,4,4,4
MONDO_0035642,mixed phenotype acute leukemia with t(v;11q23.3),True,0.0,1,1,1
MONDO_0035678,,,0.0,11,11,11
MONDO_0035838,,,0.0,12,12,12
MONDO_0035941,B-lymphoblastic leukemia/lymphoma with t(v;11q23.3),True,0.0,1,1,1
MONDO_0036189,oculogastrointestinal-neurodevelopmental syndrome,True,0.0,1,1,1
MONDO_0036193,,,0.0,11,11,11
MONDO_0036482,,,0.0,23,23,23
MONDO_0036483,,,0.0,8,8,8
MONDO_0036484,,,0.0,2,2,2
MONDO_0036501,refractory malignant neoplasm,False,75.0,77,77,77
MONDO_0036511,childhood malignant kidney neoplasm,True,0.0,7,7,7
MONDO_0036591,adrenal cortex neoplasm,False,2.0,172,172,172
MONDO_0036688,,,0.0,16,16,16
MONDO_0036696,spleen neoplasm,True,0.0,4,4,4
MONDO_0036870,lymphatic vessel neoplasm,True,0.0,5,5,5
MONDO_0036915,benign ovarian mucinous tumor,True,0.0,5,5,5
MONDO_0036976,benign epithelial neoplasm,True,0.0,25,25,25
MONDO_0036990,,,0.0,3,3,3
MONDO_0037002,,,0.0,15,15,15
MONDO_0037003,,,0.0,20,20,20
MONDO_0037254,transitional cell neoplasm,True,0.0,4,4,4
MONDO_0037255,ovarian serous tumor,False,3.0,107,107,107
MONDO_0037256,serous neoplasm,False,13.0,29,29,29
MONDO_0037745,fibromyxoid tumor,True,0.0,4,4,4
MONDO_0037747,spinal injury,True,0.0,11,11,11
MONDO_0037748,hyperlipoproteinemia,False,3.0,48,48,48
MONDO_0037792,,,0.0,3,3,3
MONDO_0037829,,,0.0,1,1,1
MONDO_0037858,,,0.0,25,25,25
MONDO_0037871,amino acid metabolism disease,True,0.0,4,4,4
MONDO_0037872,bordetellosis,True,0.0,4,4,4
MONDO_0037939,porphyria,False,4.0,29,29,29
MONDO_0040566,inherited glutathione metabolism disease,True,0.0,3,3,3
MONDO_0040653,autosomal recessive ocular albinism,True,0.0,1,1,1
MONDO_0040675,,,0.0,13,13,13
MONDO_0040677,invasive carcinoma,False,2.0,343,343,343
MONDO_0040678,infiltrating urothelial carcinoma,False,13.0,15,15,15
MONDO_0040998,Pasteurella multocida infectious disease,True,0.0,11,11,11
MONDO_0041052,postherpetic neuralgia,False,32.0,70,70,70
MONDO_0041086,,,0.0,8,8,8
MONDO_0041182,polymorphic light eruption,False,2.0,7,7,7
MONDO_0041261,,,0.0,7,7,7
MONDO_0041366,acute epiglottitis,True,0.0,2,2,2
MONDO_0041447,metastatic malignant neoplasm in the colon,True,0.0,10,10,10
MONDO_0041825,bacterial meningitis caused by gram-negative bacteria,True,0.0,2,2,2
MONDO_0041879,staphylococcus aureus pneumonia,True,0.0,22,22,22
MONDO_0041903,,,0.0,1,1,1
MONDO_0042233,disseminated candidiasis,True,0.0,60,60,60
MONDO_0042433,,,0.0,1,1,1
MONDO_0042451,endomyometritis,True,0.0,1,1,1
MONDO_0042485,infective arthritis,True,0.0,5,5,5
MONDO_0042487,uterine cervix carcinoma in situ,False,1.0,93,93,93
MONDO_0042488,Cestode infectious disease,True,0.0,18,18,18
MONDO_0042490,,,0.0,173,173,173
MONDO_0042491,,,0.0,465,465,465
MONDO_0042493,gastric non-hodgkin lymphoma,True,0.0,2,2,2
MONDO_0042495,arteriosclerotic retinopathy,True,0.0,2,2,2
MONDO_0042497,,,0.0,10,10,10
MONDO_0042967,,,0.0,14,14,14
MONDO_0042972,,,0.0,27,27,27
MONDO_0042976,,,0.0,14,14,14
MONDO_0042979,,,0.0,6,6,6
MONDO_0042981,,,0.0,9,9,9
MONDO_0042983,,,0.0,21,21,21
MONDO_0043003,familial acanthosis nigricans,True,0.0,1,1,1
MONDO_0043004,Weil's disease,True,0.0,1,1,1
MONDO_0043106,,,0.0,3,3,3
MONDO_0043195,,,0.0,1,1,1
MONDO_0043209,albinism,False,3.0,46,46,46
MONDO_0043218,,,0.0,16,16,16
MONDO_0043224,,,0.0,36,36,36
MONDO_0043243,,,0.0,167,167,167
MONDO_0043364,,,0.0,20,20,20
MONDO_0043373,sudden sensorineural hearing loss,False,37.0,95,95,95
MONDO_0043424,,,0.0,67,67,67
MONDO_0043452,,,0.0,6,6,6
MONDO_0043458,,,0.0,23,23,23
MONDO_0043479,,,0.0,257,257,257
MONDO_0043510,brain injury,False,88.0,520,520,520
MONDO_0043544,,,0.0,114,114,114
MONDO_0043579,enteritis,False,7.0,245,245,245
MONDO_0043653,herpes labialis,False,3.0,17,17,17
MONDO_0043768,thrombocytopenic purpura,False,1.0,19,19,19
MONDO_0043771,radiodermatitis,False,12.0,66,66,66
MONDO_0043777,rhinophyma,True,0.0,4,4,4
MONDO_0043797,spinal cord injury,False,93.0,400,400,400
MONDO_0043836,"tuberculosis, spinal",True,0.0,43,43,43
MONDO_0043839,ulcer disease,False,38.0,377,377,377
MONDO_0043878,,,0.0,1,1,1
MONDO_0043919,radiation pneumonitis,False,1.0,118,118,118
MONDO_0044200,,,0.0,7,7,7
MONDO_0044201,,,0.0,7,7,7
MONDO_0044202,,,0.0,28,28,28
MONDO_0044203,,,0.0,3,3,3
MONDO_0044204,,,0.0,6,6,6
MONDO_0044206,,,0.0,19,19,19
MONDO_0044211,idiopathic urticaria,True,0.0,7,7,7
MONDO_0044212,chronic idiopathic urticaria,False,14.0,105,105,105
MONDO_0044300,,,0.0,17,17,17
MONDO_0044302,"congenital heart defects, dysmorphic facial features, and intellectual developmental disorder",True,0.0,2,2,2
MONDO_0044303,congenital heart defects and ectodermal dysplasia,True,0.0,3,3,3
MONDO_0044304,,,0.0,6,6,6
MONDO_0044306,"neurodevelopmental disorder with epilepsy, cataracts, feeding difficulties, and delayed brain myelination",True,0.0,1,1,1
MONDO_0044311,,,0.0,1,1,1
MONDO_0044312,,,0.0,4,4,4
MONDO_0044314,,,0.0,5,5,5
MONDO_0044316,,,0.0,58,58,58
MONDO_0044317,,,0.0,41,41,41
MONDO_0044320,,,0.0,12,12,12
MONDO_0044321,structural heart defects and renal anomalies syndrome,True,0.0,15,15,15
MONDO_0044323,,,0.0,1,1,1
MONDO_0044324,,,0.0,1,1,1
MONDO_0044325,,,0.0,1,1,1
MONDO_0044326,,,0.0,20,20,20
MONDO_0044327,,,0.0,7,7,7
MONDO_0044328,short-rib thoracic dysplasia 20 with polydactyly,True,0.0,8,8,8
MONDO_0044329,,,0.0,22,22,22
MONDO_0044334,connective and soft tissue neoplasm,False,1.0,2,2,2
MONDO_0044335,,,0.0,13,13,13
MONDO_0044336,colorectal signet ring cell carcinoma,True,0.0,10,10,10
MONDO_0044339,lumbar disk degenerative disorder,True,0.0,33,33,33
MONDO_0044347,erythrocyte disorder,False,1.0,10,10,10
MONDO_0044348,hemoglobinopathy,False,2.0,69,69,69
MONDO_0044626,,,0.0,33,33,33
MONDO_0044635,,,0.0,60,60,60
MONDO_0044637,,,0.0,27,27,27
MONDO_0044640,,,0.0,1,1,1
MONDO_0044657,,,0.0,1,1,1
MONDO_0044660,,,0.0,14,14,14
MONDO_0044696,,,0.0,1,1,1
MONDO_0044701,,,0.0,16,16,16
MONDO_0044704,oropharynx squamous cell carcinoma,False,72.0,211,211,211
MONDO_0044705,paranasal sinus squamous cell carcinoma,True,0.0,3,3,3
MONDO_0044710,lip and oral cavity squamous cell carcinoma,False,26.0,26,26,26
MONDO_0044714,,,0.0,3,3,3
MONDO_0044719,erythema multiforme major,True,0.0,3,3,3
MONDO_0044720,,,0.0,15,15,15
MONDO_0044721,,,0.0,197,197,197
MONDO_0044725,combined immunodeficiency due to GINS1 deficiency,True,0.0,20,20,20
MONDO_0044726,,,0.0,2,2,2
MONDO_0044738,,,0.0,2,2,2
MONDO_0044743,major salivary gland cancer,False,15.0,28,28,28
MONDO_0044744,,,0.0,5,5,5
MONDO_0044749,,,0.0,1,1,1
MONDO_0044750,lassa virus infectious disease,True,0.0,7,7,7
MONDO_0044751,chronic diarrheal disease,False,1.0,4,4,4
MONDO_0044753,lumbar spinal stenosis,True,0.0,26,26,26
MONDO_0044765,,,0.0,17,17,17
MONDO_0044782,,,0.0,47,47,47
MONDO_0044784,,,0.0,135,135,135
MONDO_0044785,desmoplastic melanoma,False,1.0,138,138,138
MONDO_0044787,nasal cavity and paranasal sinus squamous cell carcinoma,False,46.0,63,63,63
MONDO_0044791,,,0.0,48,48,48
MONDO_0044792,large congenital melanocytic nevus,True,0.0,28,28,28
MONDO_0044793,,,0.0,57,57,57
MONDO_0044794,,,0.0,67,67,67
MONDO_0044807,,,0.0,2,2,2
MONDO_0044872,,,0.0,68,68,68
MONDO_0044877,,,0.0,6,6,6
MONDO_0044878,adult germ cell tumor,True,0.0,1,1,1
MONDO_0044881,hematopoietic and lymphoid cell neoplasm,False,91.0,665,665,665
MONDO_0044887,central nervous system non-hodgkin lymphoma,False,4.0,8,8,8
MONDO_0044889,high grade B-cell lymphoma,False,71.0,104,104,104
MONDO_0044903,myelofibrosis,False,94.0,288,288,288
MONDO_0044906,bladder urothelial papilloma,True,0.0,1,1,1
MONDO_0044907,metastatic squamous cell carcinoma,False,17.0,59,59,59
MONDO_0044912,metastatic malignant neoplasm in the spinal cord,True,0.0,1,1,1
MONDO_0044913,metastatic malignant neoplasm in the eye,True,0.0,1,1,1
MONDO_0044915,salivary duct carcinoma,False,10.0,107,107,107
MONDO_0044916,extrarenal rhabdoid tumor,True,0.0,21,21,21
MONDO_0044917,T-lymphoblastic lymphoma,False,40.0,81,81,81
MONDO_0044919,malignant renal pelvis neoplasm,False,18.0,34,34,34
MONDO_0044923,,,0.0,14,14,14
MONDO_0044925,oral cavity carcinoma,False,19.0,175,175,175
MONDO_0044926,oropharyngeal carcinoma,False,46.0,104,104,104
MONDO_0044937,rectal carcinoma,False,26.0,126,126,126
MONDO_0044964,oral cavity mucoepidermoid carcinoma,False,18.0,18,18,18
MONDO_0044970,mitochondrial disease,False,26.0,189,189,189
MONDO_0044972,,,0.0,58,58,58
MONDO_0044983,benign lipomatous neoplasm,True,0.0,4,4,4
MONDO_0044991,,,0.0,1,1,1
MONDO_0044992,mouth mucosa disorder,True,0.0,1,1,1
MONDO_0045002,,,0.0,13,13,13
MONDO_0045003,,,0.0,1,1,1
MONDO_0045008,,,0.0,18,18,18
MONDO_0045011,,,0.0,14,14,14
MONDO_0045012,,,0.0,2,2,2
MONDO_0045022,disorder of organic acid metabolism,True,0.0,1,1,1
MONDO_0045024,,,0.0,3,3,3
MONDO_0045032,,,0.0,1,1,1
MONDO_0045047,,,0.0,21,21,21
MONDO_0045048,,,0.0,11,11,11
MONDO_0045050,nuclear cataract,True,0.0,25,25,25
MONDO_0045051,cortical cataract,True,0.0,13,13,13
MONDO_0045054,cancer-related condition,False,2.0,2,2,2
MONDO_0045056,grade II meningioma,False,10.0,10,10,10
MONDO_0045058,ACTH-producing pituitary gland neoplasm,False,4.0,4,4,4
MONDO_0045059,cribriform carcinoma of breast,True,0.0,1,1,1
MONDO_0045060,intraductal cribriform breast adenocarcinoma,True,0.0,7,7,7
MONDO_0045063,,,0.0,17,17,17
MONDO_0045068,,,0.0,16,16,16
MONDO_0045069,minor salivary gland carcinoma,False,2.0,7,7,7
MONDO_0045070,,,0.0,80,80,80
MONDO_0049223,"osteogenesis imperfecta, type 19",True,0.0,15,15,15
MONDO_0054559,,,0.0,2,2,2
MONDO_0054565,short-rib thoracic dysplasia 17 with or without polydactyly,True,0.0,9,9,9
MONDO_0054582,,,0.0,1,1,1
MONDO_0054588,Noonan syndrome-like disorder with loose anagen hair 2,True,0.0,1,1,1
MONDO_0054591,,,0.0,7,7,7
MONDO_0054601,,,0.0,4,4,4
MONDO_0054615,,,0.0,64,64,64
MONDO_0054665,,,0.0,16,16,16
MONDO_0054691,,,0.0,147,147,147
MONDO_0054695,,,0.0,16,16,16
MONDO_0054696,immunodeficiency 53,True,0.0,42,42,42
MONDO_0054697,,,0.0,90,90,90
MONDO_0054699,proteasome-associated autoinflammatory syndrome 3,True,0.0,53,53,53
MONDO_0054700,,,0.0,65,65,65
MONDO_0054701,,,0.0,3,3,3
MONDO_0054708,,,0.0,11,11,11
MONDO_0054723,,,0.0,62,62,62
MONDO_0054724,,,0.0,55,55,55
MONDO_0054725,,,0.0,54,54,54
MONDO_0054726,,,0.0,56,56,56
MONDO_0054727,,,0.0,54,54,54
MONDO_0054728,,,0.0,37,37,37
MONDO_0054729,,,0.0,68,68,68
MONDO_0054730,,,0.0,49,49,49
MONDO_0054731,,,0.0,63,63,63
MONDO_0054732,,,0.0,60,60,60
MONDO_0054733,,,0.0,58,58,58
MONDO_0054736,,,0.0,1,1,1
MONDO_0054741,,,0.0,12,12,12
MONDO_0054743,,,0.0,7,7,7
MONDO_0054748,,,0.0,1,1,1
MONDO_0054752,,,0.0,6,6,6
MONDO_0054761,,,0.0,1,1,1
MONDO_0054763,,,0.0,7,7,7
MONDO_0054764,,,0.0,19,19,19
MONDO_0054770,,,0.0,4,4,4
MONDO_0054771,,,0.0,4,4,4
MONDO_0054781,,,0.0,3,3,3
MONDO_0054782,,,0.0,4,4,4
MONDO_0054785,,,0.0,5,5,5
MONDO_0054791,,,0.0,5,5,5
MONDO_0054794,"hydrocephalus, congenital, 3, with brain anomalies",True,0.0,2,2,2
MONDO_0054801,,,0.0,49,49,49
MONDO_0054806,"microcephaly 23, primary, autosomal recessive",True,0.0,1,1,1
MONDO_0054813,"Ehlers-Danlos syndrome, classic-like, 2",True,0.0,2,2,2
MONDO_0054817,,,0.0,1,1,1
MONDO_0054833,,,0.0,3,3,3
MONDO_0054835,,,0.0,15,15,15
MONDO_0054842,,,0.0,12,12,12
MONDO_0054849,,,0.0,31,31,31
MONDO_0054852,,,0.0,5,5,5
MONDO_0054860,,,0.0,8,8,8
MONDO_0056797,neurodevelopmental disorder with midbrain and hindbrain malformations,True,0.0,1,1,1
MONDO_0056799,,,0.0,21,21,21
MONDO_0056802,synovial bursa disorder,True,0.0,2,2,2
MONDO_0056806,non-small cell squamous lung carcinoma,False,18.0,70,70,70
MONDO_0056815,liver adenosquamous carcinoma,True,0.0,1,1,1
MONDO_0056818,,,0.0,3,3,3
MONDO_0056819,nasal cavity and paranasal sinus carcinoma,False,11.0,73,73,73
MONDO_0056820,nasal cavity and paranasal sinus neoplasm,True,0.0,1,1,1
MONDO_0060457,autoinflammation with arthritis and dyskeratosis,True,0.0,23,23,23
MONDO_0060490,,,0.0,1,1,1
MONDO_0060491,,,0.0,10,10,10
MONDO_0060507,,,0.0,7,7,7
MONDO_0060510,Cohen-Gibson syndrome,True,0.0,2,2,2
MONDO_0060527,,,0.0,1,1,1
MONDO_0060532,congenital heart defects and skeletal malformations syndrome,True,0.0,3,3,3
MONDO_0060533,,,0.0,8,8,8
MONDO_0060549,,,0.0,2,2,2
MONDO_0060550,"polydactyly, postaxial, type a7",True,0.0,6,6,6
MONDO_0060551,,,0.0,20,20,20
MONDO_0060555,,,0.0,3,3,3
MONDO_0060556,"joint laxity, short stature, and myopia",True,0.0,4,4,4
MONDO_0060577,,,0.0,11,11,11
MONDO_0060582,,,0.0,4,4,4
MONDO_0060583,,,0.0,30,30,30
MONDO_0060589,,,0.0,3,3,3
MONDO_0060591,,,0.0,7,7,7
MONDO_0060592,,,0.0,4,4,4
MONDO_0060596,,,0.0,1,1,1
MONDO_0060611,,,0.0,61,61,61
MONDO_0060627,,,0.0,15,15,15
MONDO_0060629,,,0.0,6,6,6
MONDO_0060640,,,0.0,4,4,4
MONDO_0060641,,,0.0,2,2,2
MONDO_0060650,,,0.0,18,18,18
MONDO_0060659,,,0.0,1,1,1
MONDO_0060663,,,0.0,39,39,39
MONDO_0060664,,,0.0,6,6,6
MONDO_0060666,,,0.0,3,3,3
MONDO_0060702,,,0.0,22,22,22
MONDO_0060707,Ververi-Brady syndrome,True,0.0,1,1,1
MONDO_0060713,"deafness, congenital heart defects, and posterior embryotoxon",True,0.0,17,17,17
MONDO_0060720,,,0.0,5,5,5
MONDO_0060724,,,0.0,1,1,1
MONDO_0060729,,,0.0,9,9,9
MONDO_0060733,,,0.0,5,5,5
MONDO_0060745,,,0.0,1,1,1
MONDO_0060758,,,0.0,1,1,1
MONDO_0060759,,,0.0,13,13,13
MONDO_0060761,,,0.0,22,22,22
MONDO_0060763,,,0.0,1,1,1
MONDO_0060765,,,0.0,10,10,10
MONDO_0060778,adult Fanconi syndrome,True,0.0,1,1,1
MONDO_0060779,,,0.0,2,2,2
MONDO_0100014,,,0.0,34,34,34
MONDO_0100017,pityriasis rubra pilaris,False,3.0,18,18,18
MONDO_0100022,neonatal/infantile epilepsy syndrome,True,0.0,1,1,1
MONDO_0100024,,,0.0,4,4,4
MONDO_0100025,,,0.0,15,15,15
MONDO_0100033,metabolic epilepsy,True,0.0,1,1,1
MONDO_0100035,,,0.0,11,11,11
MONDO_0100038,,,0.0,30,30,30
MONDO_0100039,CDKL5 disorder,False,16.0,16,16,16
MONDO_0100040,,,0.0,4,4,4
MONDO_0100053,anaphylaxis,False,11.0,254,254,254
MONDO_0100054,idiopathic anaphylaxis,True,0.0,1,1,1
MONDO_0100062,genetic developmental and epileptic encephalopathy,False,7.0,73,73,73
MONDO_0100064,,,0.0,16,16,16
MONDO_0100070,,,0.0,25,25,25
MONDO_0100076,juvenile idiopathic scoliosis,True,0.0,3,3,3
MONDO_0100082,LEOPARD syndrome 1,True,0.0,5,5,5
MONDO_0100083,,,0.0,32,32,32
MONDO_0100084,,,0.0,5,5,5
MONDO_0100087,,,0.0,84,84,84
MONDO_0100095,,,0.0,4,4,4
MONDO_0100096,COVID-19,False,397.0,1204,1204,1204
MONDO_0100100,,,0.0,1,1,1
MONDO_0100101,,,0.0,17,17,17
MONDO_0100111,,,0.0,3,3,3
MONDO_0100114,,,0.0,144,144,144
MONDO_0100116,Middle East respiratory syndrome,False,6.0,63,63,63
MONDO_0100118,hereditary skin disorder,True,0.0,17,17,17
MONDO_0100119,Knobloch syndrome 2,True,0.0,1,1,1
MONDO_0100120,,,0.0,11,11,11
MONDO_0100121,,,0.0,1,1,1
MONDO_0100130,adult acute respiratory distress syndrome,False,21.0,95,95,95
MONDO_0100131,,,0.0,40,40,40
MONDO_0100133,,,0.0,31,31,31
MONDO_0100135,,,0.0,627,627,627
MONDO_0100137,,,0.0,337,337,337
MONDO_0100147,,,0.0,306,306,306
MONDO_0100148,,,0.0,3,3,3
MONDO_0100150,,,0.0,1,1,1
MONDO_0100151,,,0.0,43,43,43
MONDO_0100153,,,0.0,19,19,19
MONDO_0100154,,,0.0,1,1,1
MONDO_0100158,,,0.0,1,1,1
MONDO_0100163,,,0.0,125,125,125
MONDO_0100164,,,0.0,8,8,8
MONDO_0100165,,,0.0,63,63,63
MONDO_0100168,,,0.0,1,1,1
MONDO_0100172,,,0.0,2,2,2
MONDO_0100173,"leukemia, acute myeloid, susceptibility to",True,0.0,1,1,1
MONDO_0100186,,,0.0,3,3,3
MONDO_0100191,inherited kidney disorder,True,0.0,4,4,4
MONDO_0100192,liver failure,False,38.0,344,344,344
MONDO_0100193,chronic liver failure,False,2.0,132,132,132
MONDO_0100207,,,0.0,15,15,15
MONDO_0100211,,,0.0,1,1,1
MONDO_0100212,,,0.0,1,1,1
MONDO_0100216,,,0.0,5,5,5
MONDO_0100217,,,0.0,2,2,2
MONDO_0100218,,,0.0,1,1,1
MONDO_0100219,,,0.0,24,24,24
MONDO_0100220,Rajab interstitial lung disease with brain calcifications 2,True,0.0,2,2,2
MONDO_0100221,,,0.0,2,2,2
MONDO_0100222,,,0.0,14,14,14
MONDO_0100223,,,0.0,1,1,1
MONDO_0100224,,,0.0,15,15,15
MONDO_0100225,collagen 6-related myopathy,True,0.0,3,3,3
MONDO_0100228,,,0.0,2,2,2
MONDO_0100233,long COVID-19,False,90.0,205,205,205
MONDO_0100234,paroxysmal familial ventricular fibrillation,False,44.0,54,54,54
MONDO_0100240,,,0.0,18,18,18
MONDO_0100241,,,0.0,13,13,13
MONDO_0100244,paroxysmal nocturnal hemoglobinuria,False,22.0,168,168,168
MONDO_0100247,multiple congenital anomalies-hypotonia-seizures syndrome,True,0.0,1,1,1
MONDO_0100249,,,0.0,81,81,81
MONDO_0100250,,,0.0,33,33,33
MONDO_0100253,,,0.0,10,10,10
MONDO_0100254,,,0.0,1,1,1
MONDO_0100281,,,0.0,103,103,103
MONDO_0100283,overgrowth syndrome and/or cerebral malformations due to abnormalities in MTOR pathway genes,True,0.0,4,4,4
MONDO_0100284,,,0.0,11,11,11
MONDO_0100286,,,0.0,78,78,78
MONDO_0100287,POLE-related polyposis and colorectal cancer syndrome,True,0.0,1,1,1
MONDO_0100288,,,0.0,41,41,41
MONDO_0100291,early T cell progenitor acute lymphoblastic leukemia,False,15.0,18,18,18
MONDO_0100294,,,0.0,3,3,3
MONDO_0100296,,,0.0,8,8,8
MONDO_0100297,,,0.0,5,5,5
MONDO_0100302,,,0.0,2,2,2
MONDO_0100303,,,0.0,4,4,4
MONDO_0100308,,,0.0,1,1,1
MONDO_0100310,,,0.0,7,7,7
MONDO_0100311,sensory ataxia,True,0.0,3,3,3
MONDO_0100316,,,0.0,69,69,69
MONDO_0100319,,,0.0,651,651,651
MONDO_0100325,odontochondrodysplasia 1,True,0.0,31,31,31
MONDO_0100326,Glanzmann thrombasthenia,False,1.0,60,60,60
MONDO_0100327,"hypercholanemia, familial",True,0.0,1,1,1
MONDO_0100330,,,0.0,280,280,280
MONDO_0100339,Friedreich ataxia,False,10.0,436,436,436
MONDO_0100342,malignant glioma,False,133.0,521,521,521
MONDO_0100344,,,0.0,23,23,23
MONDO_0100350,,,0.0,1,1,1
MONDO_0100352,,,0.0,27,27,27
MONDO_0100353,HHV-7 infectious disease,True,0.0,22,22,22
MONDO_0100354,,,0.0,7,7,7
MONDO_0100368,RPE65-related recessive retinopathy,True,0.0,1,1,1
MONDO_0100370,acute hepatitis B virus infection,True,0.0,53,53,53
MONDO_0100409,,,0.0,22,22,22
MONDO_0100431,migraine without aura,False,29.0,48,48,48
MONDO_0100438,AIPL1-related retinopathy,True,0.0,1,1,1
MONDO_0100444,,,0.0,7,7,7
MONDO_0100451,,,0.0,1,1,1
MONDO_0100452,RPE65-related dominant retinopathy,True,0.0,1,1,1
MONDO_0100453,GUCY2D-related recessive retinopathy,True,0.0,7,7,7
MONDO_0100455,,,0.0,1,1,1
MONDO_0100464,,,0.0,2,2,2
MONDO_0100465,complex neurodevelopmental disorder with or without congenital anomalies,True,0.0,1,1,1
MONDO_0100485,,,0.0,1,1,1
MONDO_0100488,,,0.0,73,73,73
MONDO_0100510,,,0.0,10,10,10
MONDO_0100514,,,0.0,6,6,6
MONDO_0100516,complex neurodevelopmental disorder with motor features,True,0.0,1,1,1
MONDO_0100518,,,0.0,86,86,86
MONDO_0100522,,,0.0,18,18,18
MONDO_0100538,,,0.0,2,2,2
MONDO_0100545,hereditary neurological disease,True,0.0,13,13,13
MONDO_0100547,cardiogenetic disease,True,0.0,2,2,2
MONDO_0100566,,,0.0,28,28,28
MONDO_0100571,,,0.0,1,1,1
MONDO_0100574,,,0.0,91,91,91
MONDO_0100575,,,0.0,19,19,19
MONDO_0100576,,,0.0,1,1,1
MONDO_0100596,,,0.0,1,1,1
MONDO_0100597,,,0.0,8,8,8
MONDO_0100599,,,0.0,1,1,1
MONDO_0100602,,,0.0,1,1,1
MONDO_0100605,POLR-related leukodystrophy,True,0.0,3,3,3
MONDO_0100606,,,0.0,1,1,1
MONDO_0100620,,,0.0,78,78,78
MONDO_0100627,CFTR-related metabolic syndrome,True,0.0,2,2,2
MONDO_0100631,,,0.0,14,14,14
MONDO_0100632,CSF1R-related disorder,True,0.0,1,1,1
MONDO_0600001,glutaminase deficiency,True,0.0,1,1,1
MONDO_0600002,hemorrhagic fever,False,1.0,104,104,104
MONDO_0600011,,,0.0,18,18,18
MONDO_0600023,,,0.0,106,106,106
MONDO_0600024,,,0.0,5,5,5
MONDO_0700002,,,0.0,1,1,1
MONDO_0700003,obstetric disorder,True,0.0,11,11,11
MONDO_0700027,,,0.0,2,2,2
MONDO_0700041,"neuroblastoma, susceptibility to, 2",True,0.0,2,2,2
MONDO_0700044,,,0.0,1,1,1
MONDO_0700051,,,0.0,11,11,11
MONDO_0700060,,,0.0,4,4,4
MONDO_0700064,aneuploidy,True,0.0,25,25,25
MONDO_0700065,trisomy,True,0.0,18,18,18
MONDO_0700087,,,0.0,1,1,1
MONDO_0700088,,,0.0,12,12,12
MONDO_0700089,,,0.0,6,6,6
MONDO_0700112,"heterotaxy, visceral, 5, autosomal",True,0.0,39,39,39
MONDO_0700117,,,0.0,8,8,8
MONDO_0700120,BAFopathy,True,0.0,1,1,1
MONDO_0700126,,,0.0,63,63,63
MONDO_0700223,,,0.0,9,9,9
MONDO_0700224,,,0.0,1,1,1
MONDO_0700243,,,0.0,1,1,1
MONDO_0700244,,,0.0,1,1,1
MONDO_0700245,,,0.0,5,5,5
MONDO_0700248,,,0.0,13,13,13
MONDO_0700253,paraneoplastic hematological syndrome,True,0.0,1,1,1
MONDO_0700255,paraneoplastic renal syndrome,True,0.0,2,2,2
MONDO_0700266,paraneoplastic cutaneous syndrome,True,0.0,1,1,1
MONDO_0700271,CHEK2-related cancer predisposition,True,0.0,1,1,1
MONDO_0700275,"prostate cancer, hereditary",True,0.0,5,5,5
MONDO_0700276,,,0.0,1,1,1
MONDO_0700280,,,0.0,50,50,50
MONDO_0700285,,,0.0,1,1,1
MONDO_0700289,,,0.0,12,12,12
MONDO_0700291,,,0.0,2,2,2
MONDO_0700294,,,0.0,2,2,2
MONDO_0700299,,,0.0,2,2,2
MONDO_0700343,monilethrix-1,True,0.0,12,12,12
MONDO_0800025,,,0.0,3,3,3
MONDO_0800026,"central hypoventilation syndrome, congenital, 1, with or without Hirschsprung disease",False,1.0,3,3,3
MONDO_0800027,,,0.0,7,7,7
MONDO_0800028,,,0.0,16,16,16
MONDO_0800030,,,0.0,46,46,46
MONDO_0800031,"central hypoventilation syndrome, congenital",True,0.0,5,5,5
MONDO_0800042,,,0.0,4,4,4
MONDO_0800043,,,0.0,18,18,18
MONDO_0800045,"autoinflammatory syndrome, familial, Behcet-like 1",True,0.0,16,16,16
MONDO_0800046,,,0.0,26,26,26
MONDO_0800088,,,0.0,2,2,2
MONDO_0800096,,,0.0,21,21,21
MONDO_0800104,,,0.0,173,173,173
MONDO_0800113,,,0.0,104,104,104
MONDO_0800129,,,0.0,104,104,104
MONDO_0800130,,,0.0,82,82,82
MONDO_0800131,,,0.0,61,61,61
MONDO_0800132,autoinflammatory-pancytopenia syndrome due to DNASE2 deficiency,True,0.0,15,15,15
MONDO_0800145,,,0.0,2,2,2
MONDO_0800159,disorder of polyamine metabolism,True,0.0,2,2,2
MONDO_0800166,Knobloch syndrome,True,0.0,8,8,8
MONDO_0800167,Knobloch syndrome 1,True,0.0,6,6,6
MONDO_0800195,,,0.0,584,584,584
MONDO_0800207,"neuropathy, small fiber",False,4.0,56,56,56
MONDO_0800290,Li-fraumeni-like syndrome,True,0.0,6,6,6
MONDO_0800304,,,0.0,1,1,1
MONDO_0800305,,,0.0,51,51,51
MONDO_0800306,,,0.0,27,27,27
MONDO_0800329,,,0.0,1,1,1
MONDO_0800351,,,0.0,1,1,1
MONDO_0800373,,,0.0,33,33,33
MONDO_0800377,,,0.0,1,1,1
MONDO_0800378,,,0.0,1,1,1
MONDO_0800379,,,0.0,1,1,1
MONDO_0800380,,,0.0,1,1,1
MONDO_0800385,,,0.0,149,149,149
MONDO_0800438,,,0.0,1,1,1
MONDO_0800442,MYH-6 related congenital heart defects,True,0.0,1,1,1
MONDO_0800445,Birt-Hogg-Dube syndrome 1,True,0.0,6,6,6
MONDO_0800448,,,0.0,3,3,3
MONDO_0800451,congenital amegakaryocytic thrombocytopenia,False,16.0,47,47,47
MONDO_0800452,,,0.0,46,46,46
MONDO_0800453,juvenile absence epilepsy,False,1.0,41,41,41
MONDO_0800461,,,0.0,2,2,2
MONDO_0800465,CTSC-related disorder,True,0.0,1,1,1
MONDO_0800468,SCN4A-related channelopathy,True,0.0,1,1,1
MONDO_0800470,,,0.0,1,1,1
MONDO_0800484,PRKAG2-related cardiomyopathy,True,0.0,7,7,7
MONDO_0800486,,,0.0,53,53,53
MONDO_0800491,,,0.0,334,334,334
MONDO_0800496,,,0.0,7,7,7
MONDO_0810000,choroidal neovascularization,False,41.0,170,170,170
MONDO_0850098,,,0.0,29,29,29
MONDO_0850302,intracranial meningioma,False,9.0,55,55,55
MONDO_0850415,rhabdomyolysis-myalgia syndrome,True,0.0,2,2,2
MONDO_0850514,,,0.0,18,18,18
MONDO_0858939,"diffuse pediatric-type high-grade glioma, H3-wildtype and IDH-wildtype",True,0.0,6,6,6
MONDO_0858956,diffuse leptomeningeal glioneuronal tumor,True,0.0,4,4,4
MONDO_0859046,,,0.0,8,8,8
MONDO_0859082,,,0.0,4,4,4
MONDO_0859083,,,0.0,10,10,10
MONDO_0859086,,,0.0,9,9,9
MONDO_0859136,Alzahrani-Kuwahara syndrome,True,0.0,1,1,1
MONDO_0859139,,,0.0,1,1,1
MONDO_0859143,Radio-Tartaglia syndrome,True,0.0,1,1,1
MONDO_0859146,,,0.0,4,4,4
MONDO_0859147,,,0.0,4,4,4
MONDO_0859148,,,0.0,1,1,1
MONDO_0859149,,,0.0,51,51,51
MONDO_0859150,,,0.0,47,47,47
MONDO_0859151,"fibromuscular dysplasia, multifocal",True,0.0,1,1,1
MONDO_0859152,,,0.0,7,7,7
MONDO_0859155,,,0.0,6,6,6
MONDO_0859156,"dysostosis multiplex, Ain-Naz type",True,0.0,6,6,6
MONDO_0859157,,,0.0,66,66,66
MONDO_0859158,,,0.0,2,2,2
MONDO_0859159,"deafness, cataract, impaired intellectual development, and polyneuropathy",True,0.0,1,1,1
MONDO_0859160,,,0.0,2,2,2
MONDO_0859164,osteootohepatoenteric syndrome,True,0.0,1,1,1
MONDO_0859165,"neurodevelopmental disorder with hypotonia, facial dysmorphism, and brain abnormalities",True,0.0,1,1,1
MONDO_0859167,,,0.0,9,9,9
MONDO_0859168,,,0.0,21,21,21
MONDO_0859169,White-Kernohan syndrome,True,0.0,1,1,1
MONDO_0859170,,,0.0,4,4,4
MONDO_0859172,,,0.0,12,12,12
MONDO_0859175,,,0.0,21,21,21
MONDO_0859176,,,0.0,6,6,6
MONDO_0859177,VISS syndrome,True,0.0,2,2,2
MONDO_0859180,"bile acid malabsorption, primary, 2",True,0.0,9,9,9
MONDO_0859181,DEGCAGS syndrome,True,0.0,1,1,1
MONDO_0859182,,,0.0,17,17,17
MONDO_0859184,,,0.0,3,3,3
MONDO_0859185,neurodevelopmental disorder with hypotonia and dysmorphic facies,True,0.0,1,1,1
MONDO_0859188,,,0.0,1,1,1
MONDO_0859189,,,0.0,7,7,7
MONDO_0859191,"biliary, renal, neurologic, and skeletal syndrome",True,0.0,1,1,1
MONDO_0859192,cerebral cavernous malformation 4,True,0.0,3,3,3
MONDO_0859194,Boudin-Mortier syndrome,True,0.0,1,1,1
MONDO_0859198,,,0.0,1,1,1
MONDO_0859201,,,0.0,5,5,5
MONDO_0859203,"rhizomelic dysplasia, Ain-Naz type",True,0.0,14,14,14
MONDO_0859204,,,0.0,1,1,1
MONDO_0859205,,,0.0,29,29,29
MONDO_0859206,,,0.0,1,1,1
MONDO_0859207,,,0.0,9,9,9
MONDO_0859208,,,0.0,1,1,1
MONDO_0859210,,,0.0,14,14,14
MONDO_0859211,,,0.0,8,8,8
MONDO_0859212,,,0.0,7,7,7
MONDO_0859213,,,0.0,8,8,8
MONDO_0859215,,,0.0,9,9,9
MONDO_0859218,,,0.0,1,1,1
MONDO_0859222,,,0.0,37,37,37
MONDO_0859223,,,0.0,1,1,1
MONDO_0859224,,,0.0,2,2,2
MONDO_0859225,,,0.0,30,30,30
MONDO_0859228,,,0.0,1,1,1
MONDO_0859229,,,0.0,7,7,7
MONDO_0859230,,,0.0,1,1,1
MONDO_0859231,,,0.0,1,1,1
MONDO_0859232,,,0.0,1,1,1
MONDO_0859233,,,0.0,6,6,6
MONDO_0859234,,,0.0,135,135,135
MONDO_0859235,,,0.0,4,4,4
MONDO_0859237,,,0.0,9,9,9
MONDO_0859238,,,0.0,2,2,2
MONDO_0859242,,,0.0,6,6,6
MONDO_0859243,,,0.0,3,3,3
MONDO_0859245,,,0.0,15,15,15
MONDO_0859247,neurocardiofaciodigital syndrome,True,0.0,4,4,4
MONDO_0859248,,,0.0,9,9,9
MONDO_0859249,,,0.0,2,2,2
MONDO_0859253,,,0.0,2,2,2
MONDO_0859254,,,0.0,31,31,31
MONDO_0859255,,,0.0,18,18,18
MONDO_0859256,,,0.0,1,1,1
MONDO_0859257,,,0.0,17,17,17
MONDO_0859258,,,0.0,1,1,1
MONDO_0859261,,,0.0,44,44,44
MONDO_0859262,,,0.0,2,2,2
MONDO_0859263,,,0.0,22,22,22
MONDO_0859264,,,0.0,1,1,1
MONDO_0859265,,,0.0,5,5,5
MONDO_0859266,"neurodevelopmental disorder with severe motor impairment, absent language, cerebral hypomyelination, and brain atrophy",True,0.0,1,1,1
MONDO_0859267,tumor predisposition syndrome 2,True,0.0,34,34,34
MONDO_0859271,,,0.0,1,1,1
MONDO_0859274,,,0.0,1,1,1
MONDO_0859275,,,0.0,1,1,1
MONDO_0859276,,,0.0,4,4,4
MONDO_0859279,"spinal muscular atrophy, distal, autosomal recessive, 6",True,0.0,8,8,8
MONDO_0859281,intellectual developmental disorder with autism and dysmorphic facies,True,0.0,1,1,1
MONDO_0859282,,,0.0,1,1,1
MONDO_0859286,,,0.0,2,2,2
MONDO_0859287,,,0.0,4,4,4
MONDO_0859288,,,0.0,21,21,21
MONDO_0859289,,,0.0,2,2,2
MONDO_0859292,,,0.0,2,2,2
MONDO_0859293,,,0.0,6,6,6
MONDO_0859296,,,0.0,4,4,4
MONDO_0859297,,,0.0,1,1,1
MONDO_0859300,"neuronopathy, distal hereditary motor, autosomal dominant 10",True,0.0,6,6,6
MONDO_0859301,,,0.0,2,2,2
MONDO_0859302,,,0.0,11,11,11
MONDO_0859303,intellectual developmental disorder with ocular anomalies and distinctive facial features,True,0.0,4,4,4
MONDO_0859306,,,0.0,1,1,1
MONDO_0859308,,,0.0,15,15,15
MONDO_0859309,,,0.0,1,1,1
MONDO_0859310,,,0.0,5,5,5
MONDO_0859311,,,0.0,3,3,3
MONDO_0859313,neurodevelopmental disorder with speech impairment and with or without seizures,True,0.0,1,1,1
MONDO_0859314,,,0.0,28,28,28
MONDO_0859317,,,0.0,14,14,14
MONDO_0859318,,,0.0,8,8,8
MONDO_0859319,,,0.0,3,3,3
MONDO_0859320,,,0.0,11,11,11
MONDO_0859322,,,0.0,15,15,15
MONDO_0859323,,,0.0,4,4,4
MONDO_0859325,,,0.0,12,12,12
MONDO_0859327,,,0.0,1,1,1
MONDO_0859328,,,0.0,18,18,18
MONDO_0859329,,,0.0,11,11,11
MONDO_0859330,,,0.0,22,22,22
MONDO_0859333,"intellectual developmental disorder, autosomal dominant 70",True,0.0,3,3,3
MONDO_0859334,,,0.0,17,17,17
MONDO_0859335,,,0.0,8,8,8
MONDO_0859338,,,0.0,52,52,52
MONDO_0859340,,,0.0,9,9,9
MONDO_0859341,,,0.0,2,2,2
MONDO_0859346,mosaic variegated aneuploidy syndrome 7 with inflammation and tumor predisposition,True,0.0,6,6,6
MONDO_0859350,,,0.0,2,2,2
MONDO_0859351,,,0.0,29,29,29
MONDO_0859352,,,0.0,64,64,64
MONDO_0859353,,,0.0,13,13,13
MONDO_0859354,,,0.0,8,8,8
MONDO_0859355,inflammatory poikiloderma with hair abnormalities and acral keratoses,True,0.0,7,7,7
MONDO_0859356,,,0.0,4,4,4
MONDO_0859357,,,0.0,2,2,2
MONDO_0859358,,,0.0,5,5,5
MONDO_0859360,,,0.0,4,4,4
MONDO_0859361,neurodevelopmental disorder with dysmorphic facies and ischiopubic hypoplasia,True,0.0,48,48,48
MONDO_0859362,,,0.0,43,43,43
MONDO_0859363,,,0.0,8,8,8
MONDO_0859364,,,0.0,69,69,69
MONDO_0859366,,,0.0,19,19,19
MONDO_0859367,,,0.0,10,10,10
MONDO_0859368,,,0.0,53,53,53
MONDO_0859369,"joint contractures, osteochondromas, and B-cell lymphoma",True,0.0,14,14,14
MONDO_0859370,"respiratory infections, recurrent, and failure to thrive with or without diarrhea",True,0.0,2,2,2
MONDO_0859372,,,0.0,36,36,36
MONDO_0859374,,,0.0,5,5,5
MONDO_0859375,,,0.0,1,1,1
MONDO_0859378,,,0.0,3,3,3
MONDO_0859379,lymphatic malformation 13,True,0.0,2,2,2
MONDO_0859380,,,0.0,14,14,14
MONDO_0859381,,,0.0,51,51,51
MONDO_0859382,,,0.0,37,37,37
MONDO_0859393,Atelis syndrome,True,0.0,4,4,4
MONDO_0859477,,,0.0,64,64,64
MONDO_0859478,,,0.0,54,54,54
MONDO_0859514,,,0.0,10,10,10
MONDO_0859515,,,0.0,9,9,9
MONDO_0859517,,,0.0,7,7,7
MONDO_0859518,,,0.0,4,4,4
MONDO_0859519,,,0.0,4,4,4
MONDO_0859521,,,0.0,29,29,29
MONDO_0859522,,,0.0,55,55,55
MONDO_0859523,,,0.0,3,3,3
MONDO_0859524,,,0.0,22,22,22
MONDO_0859525,,,0.0,21,21,21
MONDO_0859526,,,0.0,145,145,145
MONDO_0859527,,,0.0,5,5,5
MONDO_0859528,,,0.0,4,4,4
MONDO_0859529,"amyotrophic lateral sclerosis 27, juvenile",True,0.0,7,7,7
MONDO_0859530,,,0.0,20,20,20
MONDO_0859531,,,0.0,2,2,2
MONDO_0859532,,,0.0,34,34,34
MONDO_0859564,,,0.0,1,1,1
MONDO_0859568,,,0.0,4,4,4
MONDO_0859570,braddock-carey syndrome 2,True,0.0,2,2,2
MONDO_0859571,,,0.0,4,4,4
MONDO_0859572,,,0.0,24,24,24
MONDO_0859573,,,0.0,19,19,19
MONDO_0859574,,,0.0,6,6,6
MONDO_0859575,Atelis syndrome 1,True,0.0,2,2,2
MONDO_0859576,,,0.0,2,2,2
MONDO_0859577,,,0.0,1,1,1
MONDO_0859578,lacrimoauriculodentodigital syndrome 3,True,0.0,1,1,1
MONDO_0956980,,,0.0,9,9,9
MONDO_0957048,,,0.0,3,3,3
MONDO_0957202,,,0.0,59,59,59
MONDO_0957203,,,0.0,9,9,9
MONDO_0957204,,,0.0,22,22,22
MONDO_0957208,,,0.0,13,13,13
MONDO_0957215,,,0.0,8,8,8
MONDO_0957216,,,0.0,34,34,34
MONDO_0957218,,,0.0,1,1,1
MONDO_0957220,,,0.0,34,34,34
MONDO_0957221,,,0.0,1,1,1
MONDO_0957224,congenital myopathy 21 with early respiratory failure,True,0.0,3,3,3
MONDO_0957230,,,0.0,27,27,27
MONDO_0957231,,,0.0,27,27,27
MONDO_0957240,,,0.0,11,11,11
MONDO_0957247,,,0.0,2,2,2
MONDO_0957248,,,0.0,1,1,1
MONDO_0957249,,,0.0,62,62,62
MONDO_0957250,,,0.0,59,59,59
MONDO_0957252,,,0.0,44,44,44
MONDO_0957253,,,0.0,21,21,21
MONDO_0957254,,,0.0,2,2,2
MONDO_0957260,combined low LDL and fibrinogen,True,0.0,3,3,3
MONDO_0957261,"pulmonary fibrosis and/or bone marrow failure syndrome, telomere-related, 7",True,0.0,12,12,12
MONDO_0957262,,,0.0,21,21,21
MONDO_0957263,,,0.0,14,14,14
MONDO_0957265,,,0.0,4,4,4
MONDO_0957268,,,0.0,5,5,5
MONDO_0957270,,,0.0,8,8,8
MONDO_0957271,"autoinflammatory disease, systemic, with vasculitis",True,0.0,32,32,32
MONDO_0957273,,,0.0,9,9,9
MONDO_0957274,,,0.0,2,2,2
MONDO_0957278,,,0.0,34,34,34
MONDO_0957279,,,0.0,7,7,7
MONDO_0957281,,,0.0,11,11,11
MONDO_0957284,"nemaline myopathy 5C, autosomal dominant",True,0.0,5,5,5
MONDO_0957294,"pulmonary fibrosis and/or bone marrow failure syndrome, telomere-related, 9",True,0.0,17,17,17
MONDO_0957301,,,0.0,73,73,73
MONDO_0957303,"palmoplantar keratoderma, epidermolytic, 2",True,0.0,3,3,3
MONDO_0957307,woolly hair-skin fragility syndrome,True,0.0,8,8,8
MONDO_0957308,,,0.0,1,1,1
MONDO_0957314,,,0.0,15,15,15
MONDO_0957317,,,0.0,5,5,5
MONDO_0957318,"nephrolithiasis, calcium oxalate",False,1.0,22,22,22
MONDO_0957385,,,0.0,9,9,9
MONDO_0957396,,,0.0,40,40,40
MONDO_0957494,"autoinflammatory disease, multisystem, with immune dysregulation, X-linked",True,0.0,81,81,81
MONDO_0957495,,,0.0,18,18,18
MONDO_0957496,"intellectual developmental disorder, X-linked 112",True,0.0,1,1,1
MONDO_0957497,,,0.0,25,25,25
MONDO_0957533,,,0.0,5,5,5
MONDO_0957534,,,0.0,16,16,16
MONDO_0957535,,,0.0,185,185,185
MONDO_0957536,,,0.0,1,1,1
MONDO_0957538,amyotrophic lateral sclerosis 28,True,0.0,15,15,15
MONDO_0957539,,,0.0,16,16,16
MONDO_0957542,,,0.0,6,6,6
MONDO_0957543,auriculocondylar syndrome 4,True,0.0,5,5,5
MONDO_0957545,,,0.0,56,56,56
MONDO_0957553,Houge-Janssens syndrome,True,0.0,1,1,1
MONDO_0957563,,,0.0,1,1,1
MONDO_0957564,"congenital smooth muscle hamartoma, with or without hemihypertrophy",True,0.0,3,3,3
MONDO_0957572,,,0.0,54,54,54
MONDO_0957575,,,0.0,76,76,76
MONDO_0957576,,,0.0,22,22,22
MONDO_0957578,,,0.0,11,11,11
MONDO_0957580,,,0.0,34,34,34
MONDO_0957584,,,0.0,56,56,56
MONDO_0957593,,,0.0,56,56,56
MONDO_0957594,,,0.0,49,49,49
MONDO_0957595,,,0.0,28,28,28
MONDO_0957599,,,0.0,11,11,11
MONDO_0957779,,,0.0,1,1,1
MONDO_0957783,,,0.0,5,5,5
MONDO_0957790,"immune dysregulation, autoimmunity, and autoinflammation",True,0.0,41,41,41
MONDO_0957791,,,0.0,3,3,3
MONDO_0957795,,,0.0,3,3,3
MONDO_0957807,"hyper-IgE syndrome 6, autosomal dominant, with recurrent infections",True,0.0,67,67,67
MONDO_0957809,,,0.0,91,91,91
MONDO_0957810,,,0.0,1,1,1
MONDO_0957811,,,0.0,22,22,22
MONDO_0957812,,,0.0,32,32,32
MONDO_0957813,,,0.0,9,9,9
MONDO_0957815,,,0.0,23,23,23
MONDO_0957821,,,0.0,62,62,62
MONDO_0957822,,,0.0,37,37,37
MONDO_0957824,,,0.0,5,5,5
MONDO_0957825,,,0.0,4,4,4
MONDO_0957832,,,0.0,7,7,7
MONDO_0957870,,,0.0,2,2,2
MONDO_0957873,,,0.0,5,5,5
MONDO_0957874,"neuronopathy, distal hereditary motor, autosomal recessive 9",True,0.0,12,12,12
MONDO_0957875,"neuronopathy, distal hereditary motor, autosomal dominant 11",True,0.0,1,1,1
MONDO_0957876,,,0.0,5,5,5
MONDO_0957919,,,0.0,2,2,2
MONDO_0957920,immunodeficiency 113 with autoimmunity and autoinflammation,True,0.0,67,67,67
MONDO_0957921,,,0.0,1,1,1
MONDO_0957922,,,0.0,23,23,23
MONDO_0957928,,,0.0,10,10,10
MONDO_0957935,,,0.0,5,5,5
MONDO_0957953,,,0.0,2,2,2
MONDO_0957954,,,0.0,11,11,11
MONDO_0957955,"immunodeficiency 114, folate-responsive",True,0.0,31,31,31
MONDO_0957958,,,0.0,12,12,12
MONDO_0957960,,,0.0,7,7,7
MONDO_0957961,,,0.0,23,23,23
MONDO_0957978,,,0.0,7,7,7
MONDO_0957981,immunodeficiency 115 with autoinflammation,True,0.0,103,103,103
MONDO_0957984,,,0.0,19,19,19
MONDO_0957985,,,0.0,15,15,15
MONDO_0957988,,,0.0,17,17,17
MONDO_0957991,,,0.0,4,4,4
MONDO_0957993,"progressive external ophthalmoplegia with mitochondrial dna deletions, autosomal recessive 6",True,0.0,7,7,7
MONDO_0957997,,,0.0,13,13,13
MONDO_0957999,,,0.0,1,1,1
MONDO_0958000,,,0.0,3,3,3
MONDO_0958005,,,0.0,6,6,6
MONDO_0958006,,,0.0,7,7,7
MONDO_0958009,,,0.0,25,25,25
MONDO_0958011,immunodeficiency 117,True,0.0,145,145,145
MONDO_0958012,,,0.0,5,5,5
MONDO_0958013,,,0.0,135,135,135
MONDO_0958017,,,0.0,83,83,83
MONDO_0958018,,,0.0,6,6,6
MONDO_0958022,,,0.0,38,38,38
MONDO_0958023,,,0.0,78,78,78
MONDO_0958030,immunodeficiency 118,True,0.0,93,93,93
MONDO_0958034,,,0.0,7,7,7
MONDO_0958035,,,0.0,39,39,39
MONDO_0958071,,,0.0,1,1,1
MONDO_0958176,oculopharyngeal muscular dystrophy 1,True,0.0,7,7,7
MONDO_0958177,,,0.0,5,5,5
MONDO_0958178,"cataracts, hearing impairment, nephrotic syndrome, and enterocolitis 1",True,0.0,7,7,7
MONDO_0958179,,,0.0,18,18,18
MONDO_0958181,,,0.0,1,1,1
MONDO_0958182,,,0.0,48,48,48
MONDO_0958183,,,0.0,5,5,5
MONDO_0958185,,,0.0,3,3,3
MONDO_0958186,"hematuria, benign familial, 2",True,0.0,17,17,17
MONDO_0958187,,,0.0,14,14,14
MONDO_0958188,C1Q deficiency 3,True,0.0,5,5,5
MONDO_0958190,,,0.0,1,1,1
MONDO_0958191,,,0.0,25,25,25
MONDO_0958193,,,0.0,15,15,15
MONDO_0958194,craniofacial microsomia 2,True,0.0,3,3,3
MONDO_0958195,oculopharyngeal muscular dystrophy 2,True,0.0,1,1,1
MONDO_0958196,,,0.0,37,37,37
MONDO_0958197,,,0.0,3,3,3
MONDO_0958199,,,0.0,9,9,9
MONDO_0958202,moyamoya disease 7,True,0.0,7,7,7
MONDO_0958204,,,0.0,1,1,1
MONDO_0958205,Yuksel-Vogel-Bauer syndrome,True,0.0,5,5,5
MONDO_0958224,"encephalopathy, porphyria-related",True,0.0,2,2,2
MONDO_0958226,,,0.0,4,4,4
MONDO_0958227,polydactyly-macrocephaly syndrome,True,0.0,3,3,3
MONDO_0958228,,,0.0,5,5,5
MONDO_0958229,"bleeding disorder, vascular-type",True,0.0,5,5,5
MONDO_0958230,orofaciodigital syndrome 20,True,0.0,5,5,5
MONDO_0958233,,,0.0,17,17,17
MONDO_0958234,,,0.0,7,7,7
MONDO_0958235,,,0.0,10,10,10
MONDO_0958236,,,0.0,6,6,6
MONDO_0958237,,,0.0,65,65,65
MONDO_0958239,,,0.0,13,13,13
MONDO_0958240,,,0.0,1,1,1
MONDO_0958241,,,0.0,20,20,20
MONDO_0958242,,,0.0,55,55,55
MONDO_0958277,,,0.0,5,5,5
MONDO_0958322,"intellectual developmental disorder, X-linked, syndromic 37",True,0.0,1,1,1
MONDO_0958323,,,0.0,20,20,20
MONDO_0958324,,,0.0,25,25,25
MONDO_0958325,,,0.0,6,6,6
MONDO_0958326,,,0.0,20,20,20
MONDO_0958328,,,0.0,1,1,1
MONDO_0958330,,,0.0,2,2,2
MONDO_0958332,,,0.0,1,1,1
MONDO_0958333,,,0.0,34,34,34
MONDO_0958334,,,0.0,21,21,21
MONDO_0958335,"cutis laxa, autosomal recessive, type 1d",True,0.0,2,2,2
MONDO_0968946,,,0.0,4,4,4
MONDO_0968947,,,0.0,7,7,7
MONDO_0968949,,,0.0,1,1,1
MONDO_0968951,,,0.0,4,4,4
MONDO_0968955,,,0.0,2,2,2
MONDO_0968979,,,0.0,8,8,8
MONDO_0968980,,,0.0,7,7,7
MONDO_0968981,,,0.0,8,8,8
MONDO_0968982,autoinflammation with episodic fever and immune dysregulation,True,0.0,82,82,82
MONDO_0968983,proteasome-associated autoinflammatory syndrome 6,True,0.0,82,82,82
MONDO_0970943,,,0.0,66,66,66
MONDO_0970944,,,0.0,8,8,8
MONDO_0970945,,,0.0,22,22,22
MONDO_0970950,,,0.0,3,3,3
MONDO_0970951,El Hayek-Chahrour neurodevelopmental disorder,True,0.0,3,3,3
MONDO_0970952,,,0.0,64,64,64
MONDO_0970993,,,0.0,125,125,125
MONDO_0970994,,,0.0,136,136,136
MONDO_0970995,,,0.0,40,40,40
MONDO_0970999,,,0.0,72,72,72
MONDO_0971000,,,0.0,73,73,73
MONDO_0971001,,,0.0,129,129,129
MONDO_0971002,,,0.0,72,72,72
MONDO_0971004,,,0.0,3,3,3
MONDO_0971007,,,0.0,1,1,1
MONDO_0971009,,,0.0,3,3,3
MONDO_0971011,,,0.0,9,9,9
MONDO_0971012,,,0.0,11,11,11
MONDO_0971013,,,0.0,83,83,83
MONDO_0971014,,,0.0,135,135,135
MONDO_0971015,,,0.0,136,136,136
MONDO_0971016,,,0.0,99,99,99
MONDO_0971043,,,0.0,1,1,1
MONDO_0971044,"Ehlers-Danlos syndrome, classic-like, 3",True,0.0,3,3,3
MONDO_0971063,,,0.0,5,5,5
MONDO_0971115,,,0.0,7,7,7
MONDO_0971150,"neuronopathy, distal hereditary motor, autosomal recessive 11, with spasticity",True,0.0,3,3,3
MONDO_0971151,immunodeficiency 122,True,0.0,126,126,126
MONDO_0971152,,,0.0,5,5,5
MONDO_0971170,,,0.0,1,1,1
MONDO_0971172,,,0.0,1,1,1
MONDO_0971173,autoinflammation with arthritis and vasculitis,True,0.0,3,3,3
MONDO_0971175,,,0.0,72,72,72
MONDO_0971176,,,0.0,46,46,46
MONDO_0971177,,,0.0,1,1,1
MONDO_0971178,,,0.0,38,38,38
MONDO_0975755,eccrine angiomatous hamartoma,True,0.0,1,1,1
MONDO_0975796,,,0.0,2,2,2
MONDO_0975801,,,0.0,1,1,1
MONDO_0975805,,,0.0,1,1,1
MONDO_0975810,,,0.0,1,1,1
MONDO_0975828,,,0.0,6,6,6
MONDO_0975842,,,0.0,72,72,72
MONDO_0975843,,,0.0,34,34,34
MONDO_0975847,autoimmune disease with susceptibility to mycobacterium tuberculosis,True,0.0,75,75,75
MONDO_0975951,,,0.0,2,2,2
MONDO_0976230,"spondyloepimetaphyseal dysplasia, Li-Shao-Li type",True,0.0,1,1,1
MONDO_1010030,pediatric high-grade glioma,True,0.0,13,13,13
MONDO_1010097,DHDDS-related syndrome,True,0.0,1,1,1
MONDO_1010117,,,0.0,3,3,3
MONDO_1010120,,,0.0,4,4,4
MONDO_1010150,,,0.0,5,5,5
MONDO_1010178,,,0.0,2,2,2
MONDO_1030002,dysplasia of the proximal femoral epiphyses,True,0.0,1,1,1
MONDO_1030003,Mycoplasmoides infection,True,0.0,78,78,78
MONDO_1030005,,,0.0,1,1,1
MONDO_1030008,,,0.0,9,9,9
MONDO_1040002,,,0.0,1,1,1
MONDO_1040016,cerebral artery stenosis,True,0.0,8,8,8
MONDO_1040021,,,0.0,1,1,1
MONDO_1040023,,,0.0,1,1,1
MONDO_1040031,,,0.0,1,1,1
MONDO_1040051,,,0.0,1,1,1
MONDO_1060115,,,0.0,1,1,1
MONDO_1060136,,,0.0,1,1,1
MONDO_1060139,,,0.0,1,1,1
MONDO_1060161,,,0.0,1,1,1
MONDO_1060169,HAVCR2-related cancer predisposition,True,0.0,1,1,1
MONDO_8000006,,,0.0,90,90,90
MONDO_8000011,,,0.0,6,6,6
MONDO_8000015,,,0.0,52,52,52
NCIT_C74532,,,0.0,29,29,29
OBA_2045261,quality of life cycle,True,0.0,3,3,3
OTAR_0000003,,,0.0,651,651,651
OTAR_0000019,,,0.0,30,30,30
OTAR_0000020,nutritional or metabolic disease,True,0.0,1,1,1
Orphanet_100,,,0.0,150,150,150
Orphanet_100006,,,0.0,11,11,11
Orphanet_100008,,,0.0,5,5,5
Orphanet_100031,,,0.0,18,18,18
Orphanet_100032,,,0.0,13,13,13
Orphanet_100033,,,0.0,16,16,16
Orphanet_100043,,,0.0,6,6,6
Orphanet_100044,,,0.0,10,10,10
Orphanet_100045,,,0.0,6,6,6
Orphanet_100046,,,0.0,5,5,5
Orphanet_1005,Alopecia-contractures-dwarfism-intellectual disability syndrome,True,0.0,5,5,5
Orphanet_100984,,,0.0,5,5,5
Orphanet_100985,,,0.0,2,2,2
Orphanet_100988,,,0.0,17,17,17
Orphanet_100989,,,0.0,3,3,3
Orphanet_100991,,,0.0,3,3,3
Orphanet_100993,,,0.0,3,3,3
Orphanet_100994,,,0.0,2,2,2
Orphanet_100996,,,0.0,1,1,1
Orphanet_100998,,,0.0,4,4,4
Orphanet_100999,,,0.0,4,4,4
Orphanet_101,,,0.0,47,47,47
Orphanet_101003,Autosomal recessive spastic paraplegia type 23,True,0.0,5,5,5
Orphanet_101004,,,0.0,5,5,5
Orphanet_101005,,,0.0,2,2,2
Orphanet_101006,,,0.0,5,5,5
Orphanet_101007,,,0.0,6,6,6
Orphanet_101008,,,0.0,1,1,1
Orphanet_101009,,,0.0,1,1,1
Orphanet_101010,,,0.0,9,9,9
Orphanet_101016,,,0.0,119,119,119
Orphanet_101049,,,0.0,8,8,8
Orphanet_101050,,,0.0,6,6,6
Orphanet_101063,Situs inversus totalis,True,0.0,2,2,2
Orphanet_101075,,,0.0,26,26,26
Orphanet_101076,,,0.0,7,7,7
Orphanet_101077,X-linked Charcot-Marie-Tooth disease type 3,True,0.0,7,7,7
Orphanet_101078,,,0.0,11,11,11
Orphanet_101088,,,0.0,154,154,154
Orphanet_101097,,,0.0,12,12,12
Orphanet_101102,,,0.0,4,4,4
Orphanet_101150,,,0.0,28,28,28
Orphanet_1014,,,0.0,6,6,6
Orphanet_1018,,,0.0,11,11,11
Orphanet_101953,Rare dyslipidemia,True,0.0,1,1,1
Orphanet_101960,Genetic chronic primary adrenal insufficiency,True,0.0,3,3,3
Orphanet_101972,,,0.0,5,5,5
Orphanet_101992,,,0.0,69,69,69
Orphanet_1021,,,0.0,1,1,1
Orphanet_1023,"Congenital generalized hypertrichosis, Ambras type",True,0.0,4,4,4
Orphanet_1028,,,0.0,10,10,10
Orphanet_1046,,,0.0,4,4,4
Orphanet_1048,,,0.0,18,18,18
Orphanet_1064,,,0.0,2,2,2
Orphanet_1065,,,0.0,12,12,12
Orphanet_1067,,,0.0,13,13,13
Orphanet_1068,,,0.0,31,31,31
Orphanet_1069,,,0.0,18,18,18
Orphanet_107,,,0.0,12,12,12
Orphanet_1071,Ankyloblepharon - ectodermal defects - cleft lip/palate,True,0.0,6,6,6
Orphanet_1072,,,0.0,8,8,8
Orphanet_1074,,,0.0,14,14,14
Orphanet_1077,,,0.0,10,10,10
Orphanet_1078,,,0.0,5,5,5
Orphanet_1094,,,0.0,5,5,5
Orphanet_1101,,,0.0,2,2,2
Orphanet_1110,,,0.0,8,8,8
Orphanet_1112,,,0.0,5,5,5
Orphanet_1113,Aphalangy - syndactyly - microcephaly,True,0.0,7,7,7
Orphanet_1116,Aplasia cutis congenita - intestinal lymphangiectasia,True,0.0,46,46,46
Orphanet_1117,Aplasia cutis - myopia,True,0.0,2,2,2
Orphanet_1118,,,0.0,13,13,13
Orphanet_1120,,,0.0,31,31,31
Orphanet_1122,Ulnar hypoplasia - split foot,True,0.0,3,3,3
Orphanet_1123,,,0.0,3,3,3
Orphanet_1129,,,0.0,1,1,1
Orphanet_113,Bazex-Dupré-Christol syndrome,True,0.0,4,4,4
Orphanet_1135,,,0.0,2,2,2
Orphanet_1136,,,0.0,1,1,1
Orphanet_1143,,,0.0,12,12,12
Orphanet_1144,,,0.0,4,4,4
Orphanet_1145,X-linked distal arthrogryposis multiplex congenita,False,2.0,8,8,8
Orphanet_1150,,,0.0,4,4,4
Orphanet_1168,,,0.0,20,20,20
Orphanet_1170,,,0.0,12,12,12
Orphanet_1171,,,0.0,12,12,12
Orphanet_1173,,,0.0,17,17,17
Orphanet_1174,,,0.0,1,1,1
Orphanet_1178,Ataxia - tapetoretinal degeneration,True,0.0,6,6,6
Orphanet_1180,,,0.0,8,8,8
Orphanet_1182,,,0.0,7,7,7
Orphanet_1185,,,0.0,3,3,3
Orphanet_1187,,,0.0,1,1,1
Orphanet_1188,,,0.0,6,6,6
Orphanet_1192,,,0.0,7,7,7
Orphanet_1194,,,0.0,1,1,1
Orphanet_1195,Congenital atransferrinemia,False,1.0,20,20,20
Orphanet_1200,,,0.0,7,7,7
Orphanet_122,Birt-Hogg-Dubé syndrome,False,1.0,24,24,24
Orphanet_1229,,,0.0,1,1,1
Orphanet_123,Björnstad syndrome,True,0.0,10,10,10
Orphanet_124,,,0.0,223,223,223
Orphanet_1243,,,0.0,15,15,15
Orphanet_1246,,,0.0,2,2,2
Orphanet_1248,,,0.0,8,8,8
Orphanet_1259,Blepharoptosis - myopia - ectopia lentis,True,0.0,10,10,10
Orphanet_1266,,,0.0,8,8,8
Orphanet_1275,Brachydactyly - elbow wrist dysplasia,True,0.0,12,12,12
Orphanet_1276,,,0.0,5,5,5
Orphanet_1277,Brachydactyly - mesomelia - intellectual disability - heart defects,True,0.0,2,2,2
Orphanet_1278,,,0.0,6,6,6
Orphanet_1295,,,0.0,2,2,2
Orphanet_1297,,,0.0,1,1,1
Orphanet_1299,,,0.0,2,2,2
Orphanet_13,,,0.0,22,22,22
Orphanet_1325,,,0.0,1,1,1
Orphanet_1331,,,0.0,69,69,69
Orphanet_1334,,,0.0,244,244,244
Orphanet_1335,,,0.0,6,6,6
Orphanet_1338,,,0.0,7,7,7
Orphanet_1344,,,0.0,94,94,94
Orphanet_1345,,,0.0,22,22,22
Orphanet_135,,,0.0,10,10,10
Orphanet_1354,,,0.0,17,17,17
Orphanet_1355,,,0.0,5,5,5
Orphanet_1358,Carey-Fineman-Ziter  syndrome,True,0.0,2,2,2
Orphanet_136,CADASIL,False,1.0,65,65,65
Orphanet_1368,,,0.0,6,6,6
Orphanet_1369,Congenital cataract - hypertrophic cardiomyopathy - mitochondrial myopathy,True,0.0,7,7,7
Orphanet_1373,,,0.0,1,1,1
Orphanet_1375,,,0.0,11,11,11
Orphanet_1376,,,0.0,20,20,20
Orphanet_137608,Segmental outgrowth - lipomatosis - arteriovenous malformation - epidermal nevus,True,0.0,5,5,5
Orphanet_137631,,,0.0,112,112,112
Orphanet_137639,,,0.0,5,5,5
Orphanet_137658,,,0.0,1,1,1
Orphanet_137667,,,0.0,13,13,13
Orphanet_1377,,,0.0,35,35,35
Orphanet_137754,,,0.0,3,3,3
Orphanet_137776,,,0.0,2,2,2
Orphanet_137783,,,0.0,6,6,6
Orphanet_137831,,,0.0,2,2,2
Orphanet_137893,,,0.0,53,53,53
Orphanet_137898,,,0.0,20,20,20
Orphanet_1380,,,0.0,6,6,6
Orphanet_1381,,,0.0,4,4,4
Orphanet_1383,,,0.0,3,3,3
Orphanet_1387,,,0.0,7,7,7
Orphanet_1390,,,0.0,1,1,1
Orphanet_139027,,,0.0,1,1,1
Orphanet_1393,,,0.0,10,10,10
Orphanet_139373,,,0.0,11,11,11
Orphanet_139380,,,0.0,11,11,11
Orphanet_1394,,,0.0,1,1,1
Orphanet_139441,,,0.0,5,5,5
Orphanet_139450,Microtia - eye coloboma - imperforation of the nasolacrimal duct,True,0.0,2,2,2
Orphanet_139480,,,0.0,7,7,7
Orphanet_139518,Distal hereditary motor neuropathy type 1,False,2.0,3,3,3
Orphanet_139536,,,0.0,7,7,7
Orphanet_139583,,,0.0,20,20,20
Orphanet_1396,Cerebro-reno-digital syndrome,True,0.0,1,1,1
Orphanet_1397,,,0.0,17,17,17
Orphanet_140162,,,0.0,28,28,28
Orphanet_140436,Primary intraosseous vascular malformation,True,0.0,1,1,1
Orphanet_1408,Hair defect - photosensitivity - intellectual disability,True,0.0,8,8,8
Orphanet_1409,,,0.0,5,5,5
Orphanet_140927,,,0.0,23,23,23
Orphanet_140944,CLOVE syndrome,True,0.0,6,6,6
Orphanet_140952,Syndactyly - telecanthus - anogenital and renal malformations,True,0.0,4,4,4
Orphanet_140963,,,0.0,3,3,3
Orphanet_141000,,,0.0,1,1,1
Orphanet_141007,,,0.0,2,2,2
Orphanet_1414,,,0.0,21,21,21
Orphanet_1422,,,0.0,5,5,5
Orphanet_1425,,,0.0,23,23,23
Orphanet_1429,,,0.0,18,18,18
Orphanet_1433,Choroidal atrophy - alopecia,True,0.0,5,5,5
Orphanet_1435,,,0.0,15,15,15
Orphanet_1436,,,0.0,12,12,12
Orphanet_145,Hereditary breast and ovarian cancer syndrome,False,40.0,85,85,85
Orphanet_1454,Joubert syndrome with hepatic defect,True,0.0,15,15,15
Orphanet_1460,,,0.0,32,32,32
Orphanet_1471,Coloboma of macula - brachydactyly type B,True,0.0,2,2,2
Orphanet_1473,,,0.0,16,16,16
Orphanet_1479,,,0.0,70,70,70
Orphanet_1484,,,0.0,1,1,1
Orphanet_1486,,,0.0,20,20,20
Orphanet_1490,,,0.0,6,6,6
Orphanet_1496,,,0.0,4,4,4
Orphanet_1506,,,0.0,1,1,1
Orphanet_1514,Craniodigital syndrome - intellectual disability,True,0.0,2,2,2
Orphanet_1517,"Hypertrichotic osteochondrodysplasia, Cantu type",True,0.0,7,7,7
Orphanet_1519,,,0.0,3,3,3
Orphanet_1520,,,0.0,5,5,5
Orphanet_1532,Gómez-López-Hernández syndrome,True,0.0,2,2,2
Orphanet_1533,,,0.0,9,9,9
Orphanet_1538,Craniosynostosis - Dandy-Walker malformation - hydrocephalus,True,0.0,4,4,4
Orphanet_1541,"Craniosynostosis, Boston type",True,0.0,5,5,5
Orphanet_1547,,,0.0,5,5,5
Orphanet_1548,,,0.0,2,2,2
Orphanet_1555,Cutis gyrata - acanthosis nigricans - craniosynostosis,True,0.0,2,2,2
Orphanet_156005,,,0.0,17,17,17
Orphanet_1562,Dacryocystitis - osteopoikilosis,True,0.0,24,24,24
Orphanet_1566,,,0.0,1,1,1
Orphanet_1568,,,0.0,2,2,2
Orphanet_1573,,,0.0,14,14,14
Orphanet_1574,,,0.0,17,17,17
Orphanet_1578,,,0.0,4,4,4
Orphanet_157962,,,0.0,11,11,11
Orphanet_158,,,0.0,3,3,3
Orphanet_158029,Sea-blue histiocytosis,True,0.0,45,45,45
Orphanet_158038,Primary hemophagocytic lymphohistiocytosis,False,1.0,3,3,3
Orphanet_158665,,,0.0,13,13,13
Orphanet_158681,Epidermolysis bullosa simplex with circinate migratory erythema,True,0.0,7,7,7
Orphanet_158684,,,0.0,3,3,3
Orphanet_1598,,,0.0,1,1,1
Orphanet_16,,,0.0,8,8,8
Orphanet_1606,1p36 deletion syndrome,True,0.0,1,1,1
Orphanet_163209,,,0.0,1,1,1
Orphanet_163649,,,0.0,22,22,22
Orphanet_163681,,,0.0,8,8,8
Orphanet_163684,,,0.0,6,6,6
Orphanet_163690,,,0.0,272,272,272
Orphanet_163696,,,0.0,13,13,13
Orphanet_163721,,,0.0,23,23,23
Orphanet_163727,,,0.0,19,19,19
Orphanet_163746,,,0.0,1,1,1
Orphanet_163937,,,0.0,3,3,3
Orphanet_163956,,,0.0,2,2,2
Orphanet_163979,,,0.0,2,2,2
Orphanet_163985,,,0.0,12,12,12
Orphanet_164736,,,0.0,11,11,11
Orphanet_1654,,,0.0,9,9,9
Orphanet_1655,Müllerian derivatives - lymphangiectasia - polydactyly,True,0.0,2,2,2
Orphanet_165655,,,0.0,3,3,3
Orphanet_1658,,,0.0,1,1,1
Orphanet_166035,,,0.0,2,2,2
Orphanet_166078,,,0.0,26,26,26
Orphanet_166081,,,0.0,9,9,9
Orphanet_166100,,,0.0,8,8,8
Orphanet_166113,,,0.0,5,5,5
Orphanet_1662,,,0.0,4,4,4
Orphanet_166277,,,0.0,28,28,28
Orphanet_167,,,0.0,521,521,521
Orphanet_168558,,,0.0,27,27,27
Orphanet_168563,,,0.0,49,49,49
Orphanet_168572,,,0.0,2,2,2
Orphanet_168588,,,0.0,50,50,50
Orphanet_168593,,,0.0,3,3,3
Orphanet_168598,,,0.0,2,2,2
Orphanet_168609,,,0.0,4,4,4
Orphanet_168612,,,0.0,4,4,4
Orphanet_168615,,,0.0,5,5,5
Orphanet_168778,Rare pervasive developmental disorder,True,0.0,1,1,1
Orphanet_169095,Alymphoid cystic thymic dysgenesis,True,0.0,71,71,71
Orphanet_169142,,,0.0,133,133,133
Orphanet_169150,Immunodeficiency due to a late component of complements deficiency,True,0.0,68,68,68
Orphanet_169355,,,0.0,117,117,117
Orphanet_169446,,,0.0,156,156,156
Orphanet_171445,,,0.0,32,32,32
Orphanet_171607,,,0.0,4,4,4
Orphanet_171612,,,0.0,2,2,2
Orphanet_171617,,,0.0,3,3,3
Orphanet_171622,,,0.0,4,4,4
Orphanet_171629,,,0.0,9,9,9
Orphanet_171703,,,0.0,7,7,7
Orphanet_171719,Cutis laxa-Marfanoid syndrome,True,0.0,9,9,9
Orphanet_171723,,,0.0,10,10,10
Orphanet_171839,,,0.0,1,1,1
Orphanet_171844,,,0.0,14,14,14
Orphanet_171848,,,0.0,6,6,6
Orphanet_171863,,,0.0,6,6,6
Orphanet_171871,,,0.0,11,11,11
Orphanet_171876,,,0.0,15,15,15
Orphanet_1727,,,0.0,5,5,5
Orphanet_174,,,0.0,63,63,63
Orphanet_1757,,,0.0,5,5,5
Orphanet_1764,Familial dysautonomia,False,6.0,22,22,22
Orphanet_1766,,,0.0,31,31,31
Orphanet_1770,,,0.0,2,2,2
Orphanet_1778,,,0.0,2,2,2
Orphanet_178333,,,0.0,420,420,420
Orphanet_178389,,,0.0,20,20,20
Orphanet_1784,,,0.0,2,2,2
Orphanet_178464,,,0.0,25,25,25
Orphanet_1788,,,0.0,11,11,11
Orphanet_1806,Ectodermal dysplasia - blindness,True,0.0,4,4,4
Orphanet_1812,,,0.0,1,1,1
Orphanet_182050,MYH9-related disease,False,1.0,45,45,45
Orphanet_182083,,,0.0,2,2,2
Orphanet_1825,,,0.0,1,1,1
Orphanet_183469,Genetic hypopigmentation of the skin,False,3.0,3,3,3
Orphanet_183497,,,0.0,3,3,3
Orphanet_183500,,,0.0,5,5,5
Orphanet_183506,,,0.0,13,13,13
Orphanet_183518,,,0.0,27,27,27
Orphanet_183539,,,0.0,33,33,33
Orphanet_183548,,,0.0,2,2,2
Orphanet_183570,,,0.0,16,16,16
Orphanet_183654,Rare genetic coagulation disorder,False,1.0,3,3,3
Orphanet_183678,Hermansky-Pudlak syndrome with neutropenia,True,0.0,13,13,13
Orphanet_183757,,,0.0,8,8,8
Orphanet_183763,,,0.0,1,1,1
Orphanet_1849,,,0.0,14,14,14
Orphanet_1856,,,0.0,21,21,21
Orphanet_1858,Skeletal dysplasia - epilepsy - short stature,True,0.0,6,6,6
Orphanet_1865,,,0.0,11,11,11
Orphanet_1871,,,0.0,23,23,23
Orphanet_1872,,,0.0,58,58,58
Orphanet_1875,,,0.0,29,29,29
Orphanet_1882,,,0.0,3,3,3
Orphanet_1883,,,0.0,4,4,4
Orphanet_1891,Intellectual disability - spasticity - ectrodactyly,True,0.0,3,3,3
Orphanet_1892,,,0.0,6,6,6
Orphanet_1899,,,0.0,11,11,11
Orphanet_1900,"Ehlers-Danlos syndrome, kyphoscoliotic type",True,0.0,1,1,1
Orphanet_1930,Herpetic encephalitis,False,1.0,9,9,9
Orphanet_1945,,,0.0,44,44,44
Orphanet_1946,,,0.0,10,10,10
Orphanet_1947,,,0.0,17,17,17
Orphanet_1949,,,0.0,38,38,38
Orphanet_1951,Epilepsy telangiectasia,True,0.0,23,23,23
Orphanet_1962,,,0.0,1,1,1
Orphanet_1974,,,0.0,2,2,2
Orphanet_199241,Pulmonary capillary hemangiomatosis,True,0.0,24,24,24
Orphanet_199318,,,0.0,4,4,4
Orphanet_199337,,,0.0,20,20,20
Orphanet_199348,,,0.0,11,11,11
Orphanet_199351,,,0.0,34,34,34
Orphanet_199354,,,0.0,7,7,7
Orphanet_1995,,,0.0,12,12,12
Orphanet_1997,,,0.0,1,1,1
Orphanet_2001,,,0.0,5,5,5
Orphanet_2003,,,0.0,4,4,4
Orphanet_2008,Acro-cardio-facial syndrome,True,0.0,9,9,9
Orphanet_2010,,,0.0,6,6,6
Orphanet_2013,,,0.0,1,1,1
Orphanet_2015,,,0.0,4,4,4
Orphanet_2025,Gingival fibromatosis - facial dysmorphism,True,0.0,2,2,2
Orphanet_2027,,,0.0,13,13,13
Orphanet_2031,Hepatic fibrosis - renal cysts - intellectual disability,True,0.0,3,3,3
Orphanet_2053,,,0.0,21,21,21
Orphanet_2057,,,0.0,1,1,1
Orphanet_2063,,,0.0,13,13,13
Orphanet_2064,,,0.0,15,15,15
Orphanet_2066,,,0.0,4,4,4
Orphanet_206966,,,0.0,72,72,72
Orphanet_207,,,0.0,5,5,5
Orphanet_207090,,,0.0,1,1,1
Orphanet_2072,,,0.0,6,6,6
Orphanet_2076,,,0.0,43,43,43
Orphanet_2083,,,0.0,1,1,1
Orphanet_2084,Glaucoma - ectopia - microspherophakia - stiff joints - short stature,True,0.0,11,11,11
Orphanet_2089,,,0.0,71,71,71
Orphanet_2091,,,0.0,5,5,5
Orphanet_2098,,,0.0,39,39,39
Orphanet_209951,,,0.0,3,3,3
Orphanet_210110,,,0.0,39,39,39
Orphanet_210122,Congenital alveolar capillary dysplasia,True,0.0,12,12,12
Orphanet_2110,Hallux varus - preaxial polysyndactyly,True,0.0,5,5,5
Orphanet_2124,,,0.0,8,8,8
Orphanet_2128,,,0.0,14,14,14
Orphanet_2141,,,0.0,15,15,15
Orphanet_2150,,,0.0,4,4,4
Orphanet_2151,,,0.0,5,5,5
Orphanet_2153,Hirschsprung disease - nail hypoplasia - dysmorphism,True,0.0,4,4,4
Orphanet_2155,,,0.0,2,2,2
Orphanet_2163,,,0.0,6,6,6
Orphanet_2166,Holoprosencephaly - postaxial polydactyly,True,0.0,3,3,3
Orphanet_217026,,,0.0,1,1,1
Orphanet_217031,Obesity due to MC3R deficiency,True,0.0,1,1,1
Orphanet_217055,Autosomal recessive intermediate Charcot-Marie-Tooth disease type A,True,0.0,14,14,14
Orphanet_2172,,,0.0,1,1,1
Orphanet_217330,,,0.0,52,52,52
Orphanet_217335,MACS syndrome,True,0.0,1,1,1
Orphanet_217340,,,0.0,2,2,2
Orphanet_217346,19q13.11 microdeletion syndrome,True,0.0,2,2,2
Orphanet_217377,,,0.0,6,6,6
Orphanet_217385,,,0.0,3,3,3
Orphanet_217454,,,0.0,3,3,3
Orphanet_217563,,,0.0,30,30,30
Orphanet_217622,,,0.0,24,24,24
Orphanet_2180,,,0.0,6,6,6
Orphanet_2181,,,0.0,1,1,1
Orphanet_2182,,,0.0,64,64,64
Orphanet_2183,,,0.0,9,9,9
Orphanet_2189,,,0.0,20,20,20
Orphanet_2197,,,0.0,27,27,27
Orphanet_220489,,,0.0,12,12,12
Orphanet_2209,,,0.0,3,3,3
Orphanet_2211,,,0.0,1,1,1
Orphanet_221139,,,0.0,4,4,4
Orphanet_2213,,,0.0,3,3,3
Orphanet_2218,,,0.0,5,5,5
Orphanet_2224,Hypertryptophanemia,True,0.0,1,1,1
Orphanet_2228,Hypodontia - dysplasia of nails,True,0.0,8,8,8
Orphanet_2229,,,0.0,21,21,21
Orphanet_2232,,,0.0,37,37,37
Orphanet_2233,,,0.0,7,7,7
Orphanet_2234,,,0.0,47,47,47
Orphanet_2235,,,0.0,26,26,26
Orphanet_2237,,,0.0,19,19,19
Orphanet_2238,,,0.0,29,29,29
Orphanet_2249,,,0.0,10,10,10
Orphanet_2250,,,0.0,2,2,2
Orphanet_2251,Thumb deformity - alopecia - pigmentation anomaly,True,0.0,5,5,5
Orphanet_2252,Radial hypoplasia - triphalangeal thumbs - hypospadias - maxillary diastema,True,0.0,4,4,4
Orphanet_2253,,,0.0,17,17,17
Orphanet_2255,Pancreatic hypoplasia - diabetes - congenital heart disease,True,0.0,5,5,5
Orphanet_2256,Fibulo-ulnar hypoplasia - renal anomalies,True,0.0,2,2,2
Orphanet_2268,,,0.0,125,125,125
Orphanet_2269,,,0.0,1,1,1
Orphanet_2271,,,0.0,1,1,1
Orphanet_2274,,,0.0,26,26,26
Orphanet_227535,,,0.0,43,43,43
Orphanet_2278,,,0.0,20,20,20
Orphanet_228012,,,0.0,7,7,7
Orphanet_228140,,,0.0,49,49,49
Orphanet_228169,,,0.0,33,33,33
Orphanet_228174,,,0.0,4,4,4
Orphanet_228190,,,0.0,12,12,12
Orphanet_228329,,,0.0,1,1,1
Orphanet_228340,,,0.0,14,14,14
Orphanet_228343,,,0.0,18,18,18
Orphanet_228346,,,0.0,5,5,5
Orphanet_228349,,,0.0,16,16,16
Orphanet_228354,,,0.0,16,16,16
Orphanet_228357,,,0.0,1,1,1
Orphanet_228360,,,0.0,21,21,21
Orphanet_228363,,,0.0,17,17,17
Orphanet_228366,,,0.0,12,12,12
Orphanet_228418,,,0.0,4,4,4
Orphanet_228429,,,0.0,54,54,54
Orphanet_2285,,,0.0,7,7,7
Orphanet_2310,,,0.0,9,9,9
Orphanet_231031,Erythema palmaris hereditarium,True,0.0,1,1,1
Orphanet_231154,,,0.0,130,130,130
Orphanet_231160,,,0.0,18,18,18
Orphanet_231242,,,0.0,110,110,110
Orphanet_231249,,,0.0,84,84,84
Orphanet_231393,,,0.0,143,143,143
Orphanet_2314,Autosomal dominant hyper-IgE syndrome,False,2.0,38,38,38
Orphanet_231401,,,0.0,95,95,95
Orphanet_231531,,,0.0,27,27,27
Orphanet_231537,,,0.0,1,1,1
Orphanet_2323,,,0.0,1,1,1
Orphanet_2324,,,0.0,17,17,17
Orphanet_2326,,,0.0,2,2,2
Orphanet_233655,,,0.0,38,38,38
Orphanet_2337,Non-epidermolytic palmoplantar keratoderma,True,0.0,10,10,10
Orphanet_2349,Muscular pseudohypertrophy - hypothyroidism,True,0.0,4,4,4
Orphanet_2363,,,0.0,2,2,2
Orphanet_2370,,,0.0,10,10,10
Orphanet_2379,,,0.0,12,12,12
Orphanet_2380,Legg-Calvé-Perthes disease,True,0.0,29,29,29
Orphanet_238455,,,0.0,168,168,168
Orphanet_238523,,,0.0,1,1,1
Orphanet_238557,Chuvash erythrocytosis,False,4.0,13,13,13
Orphanet_238569,,,0.0,128,128,128
Orphanet_238583,Hyperphenylalaninemia,False,1.0,43,43,43
Orphanet_2388,,,0.0,18,18,18
Orphanet_240,,,0.0,31,31,31
Orphanet_240071,Classical progressive supranuclear palsy,False,2.0,25,25,25
Orphanet_240085,,,0.0,23,23,23
Orphanet_240094,,,0.0,18,18,18
Orphanet_240103,,,0.0,14,14,14
Orphanet_240371,,,0.0,16,16,16
Orphanet_2405,,,0.0,5,5,5
Orphanet_2407,LOC syndrome,True,0.0,2,2,2
Orphanet_241,Dyschromatosis universalis,True,0.0,9,9,9
Orphanet_2410,,,0.0,36,36,36
Orphanet_2412,Dislocation of the hip - dysmorphism,True,0.0,5,5,5
Orphanet_243,,,0.0,69,69,69
Orphanet_2432,Macrosomia - microphthalmia - cleft palate,True,0.0,5,5,5
Orphanet_2435,,,0.0,7,7,7
Orphanet_2437,,,0.0,2,2,2
Orphanet_2440,Split hand-split foot malformation,True,0.0,16,16,16
Orphanet_2442,X-linked lymphoproliferative disease,False,1.0,175,175,175
Orphanet_245,,,0.0,5,5,5
Orphanet_2451,,,0.0,4,4,4
Orphanet_2454,Familial intestinal malrotation - facial anomalies,True,0.0,6,6,6
Orphanet_2463,,,0.0,2,2,2
Orphanet_247,Arrhythmogenic right ventricular dysplasia,False,2.0,110,110,110
Orphanet_247522,Primary ciliary dyskinesia - retinitis pigmentosa,True,0.0,17,17,17
Orphanet_2476,Medeira-Dennis-Donnai syndrome,True,0.0,7,7,7
Orphanet_247691,Retinal vasculopathy and cerebral leukodystrophy,False,1.0,3,3,3
Orphanet_247790,,,0.0,30,30,30
Orphanet_247794,,,0.0,24,24,24
Orphanet_247820,Ectodermal dysplasia - syndactyly syndrome,True,0.0,4,4,4
Orphanet_247827,,,0.0,23,23,23
Orphanet_247868,,,0.0,30,30,30
Orphanet_2484,,,0.0,21,21,21
Orphanet_2487,,,0.0,3,3,3
Orphanet_2489,,,0.0,14,14,14
Orphanet_2491,,,0.0,15,15,15
Orphanet_2502,,,0.0,31,31,31
Orphanet_2504,,,0.0,10,10,10
Orphanet_250989,1q21.1 microdeletion syndrome,True,0.0,1,1,1
Orphanet_250994,,,0.0,1,1,1
Orphanet_2510,,,0.0,3,3,3
Orphanet_251038,3q29 microduplication,True,0.0,4,4,4
Orphanet_251076,,,0.0,5,5,5
Orphanet_2511,,,0.0,6,6,6
Orphanet_251262,,,0.0,13,13,13
Orphanet_251279,,,0.0,19,19,19
Orphanet_2513,,,0.0,17,17,17
Orphanet_251365,,,0.0,1,1,1
Orphanet_251370,,,0.0,1,1,1
Orphanet_251375,,,0.0,1,1,1
Orphanet_2514,,,0.0,9,9,9
Orphanet_2515,,,0.0,9,9,9
Orphanet_2516,Microcephaly - cardiac defect - lung malsegmentation,True,0.0,5,5,5
Orphanet_2521,,,0.0,5,5,5
Orphanet_2522,,,0.0,7,7,7
Orphanet_252202,,,0.0,22,22,22
Orphanet_2523,,,0.0,1,1,1
Orphanet_253,Spondyloepiphyseal dysplasia and spondyloepimetaphyseal dysplasia,True,0.0,1,1,1
Orphanet_2536,Microcornea - glaucoma - absent frontal sinuses,True,0.0,2,2,2
Orphanet_2542,,,0.0,25,25,25
Orphanet_2543,,,0.0,22,22,22
Orphanet_254334,,,0.0,9,9,9
Orphanet_254343,,,0.0,15,15,15
Orphanet_254704,,,0.0,9,9,9
Orphanet_254905,,,0.0,7,7,7
Orphanet_254913,,,0.0,10,10,10
Orphanet_255132,,,0.0,104,104,104
Orphanet_255235,,,0.0,2,2,2
Orphanet_2554,,,0.0,12,12,12
Orphanet_2556,,,0.0,7,7,7
Orphanet_257,Epidermolysis bullosa simplex with muscular dystrophy,True,0.0,2,2,2
Orphanet_2572,,,0.0,19,19,19
Orphanet_2575,,,0.0,2,2,2
Orphanet_2578,,,0.0,18,18,18
Orphanet_2579,,,0.0,14,14,14
Orphanet_258,,,0.0,19,19,19
Orphanet_2585,,,0.0,87,87,87
Orphanet_2589,,,0.0,18,18,18
Orphanet_2590,,,0.0,18,18,18
Orphanet_2597,,,0.0,6,6,6
Orphanet_2598,,,0.0,9,9,9
Orphanet_26,,,0.0,4,4,4
Orphanet_26106,,,0.0,67,67,67
Orphanet_261112,,,0.0,1,1,1
Orphanet_261183,,,0.0,6,6,6
Orphanet_2612,,,0.0,10,10,10
Orphanet_261265,,,0.0,5,5,5
Orphanet_261272,17q12 microduplication syndrome,True,0.0,1,1,1
Orphanet_261330,,,0.0,2,2,2
Orphanet_2616,,,0.0,24,24,24
Orphanet_2631,,,0.0,13,13,13
Orphanet_263297,,,0.0,64,64,64
Orphanet_263410,,,0.0,1,1,1
Orphanet_263463,,,0.0,20,20,20
Orphanet_263482,"Spondyloepiphyseal dysplasia, Maroteaux type",True,0.0,14,14,14
Orphanet_264,,,0.0,13,13,13
Orphanet_264675,Congenital pulmonary alveolar proteinosis,False,2.0,32,32,32
Orphanet_2649,Short stature - intellectual disability - eye anomalies - cleft lip/palate,True,0.0,2,2,2
Orphanet_265,,,0.0,3,3,3
Orphanet_2668,,,0.0,22,22,22
Orphanet_2669,,,0.0,5,5,5
Orphanet_2678,Neurofibromatosis type 6,True,0.0,11,11,11
Orphanet_2680,,,0.0,5,5,5
Orphanet_268114,,,0.0,168,168,168
Orphanet_268261,21q22.13q22.2 microdeletion syndrome,True,0.0,1,1,1
Orphanet_2686,,,0.0,59,59,59
Orphanet_268882,,,0.0,2,2,2
Orphanet_269,Facioscapulohumeral dystrophy,False,5.0,37,37,37
Orphanet_2690,,,0.0,39,39,39
Orphanet_269570,,,0.0,2,2,2
Orphanet_2697,,,0.0,5,5,5
Orphanet_271861,Familial transthyretin-related amyloidosis,False,1.0,19,19,19
Orphanet_272,,,0.0,12,12,12
Orphanet_2722,Odonto-onycho dysplasia - alopecia,True,0.0,5,5,5
Orphanet_2724,Odontomatosis - aortae esophagus stenosis,True,0.0,2,2,2
Orphanet_2728,"Blepharophimosis-intellectual disability syndrome, Ohdo type",True,0.0,2,2,2
Orphanet_273,Steinert myotonic dystrophy,False,12.0,14,14,14
Orphanet_2732,,,0.0,3,3,3
Orphanet_2743,Ophthalmoplegia - intellectual disability - lingua scrotalis,True,0.0,3,3,3
Orphanet_2750,Orofaciodigital syndrome type 1,True,0.0,1,1,1
Orphanet_2751,Orofaciodigital syndrome type 2,True,0.0,14,14,14
Orphanet_2752,Orofaciodigital syndrome type 3,True,0.0,4,4,4
Orphanet_2753,,,0.0,7,7,7
Orphanet_2754,,,0.0,7,7,7
Orphanet_2755,,,0.0,2,2,2
Orphanet_275517,,,0.0,303,303,303
Orphanet_2756,,,0.0,5,5,5
Orphanet_275736,,,0.0,49,49,49
Orphanet_2759,Imperforate oropharynx - costo vetebral anomalies,True,0.0,5,5,5
Orphanet_276249,,,0.0,8,8,8
Orphanet_276252,,,0.0,1,1,1
Orphanet_276255,,,0.0,10,10,10
Orphanet_276258,,,0.0,12,12,12
Orphanet_276261,,,0.0,3,3,3
Orphanet_276264,,,0.0,1,1,1
Orphanet_276267,,,0.0,9,9,9
Orphanet_276399,,,0.0,16,16,16
Orphanet_276432,,,0.0,1,1,1
Orphanet_277,Severe combined immunodeficiency due to adenosine deaminase deficiency,True,0.0,149,149,149
Orphanet_2770,,,0.0,23,23,23
Orphanet_2772,,,0.0,1,1,1
Orphanet_2773,,,0.0,2,2,2
Orphanet_2779,Osteopathia striata - pigmentary dermopathy - white forelock,True,0.0,13,13,13
Orphanet_2780,,,0.0,13,13,13
Orphanet_2783,,,0.0,37,37,37
Orphanet_2785,,,0.0,17,17,17
Orphanet_2786,Osteoporosis - oculocutaneous hypopigmentation syndrome,True,0.0,5,5,5
Orphanet_2788,,,0.0,7,7,7
Orphanet_2796,,,0.0,21,21,21
Orphanet_2798,,,0.0,13,13,13
Orphanet_279934,,,0.0,4,4,4
Orphanet_280282,,,0.0,6,6,6
Orphanet_280365,,,0.0,15,15,15
Orphanet_2804,W syndrome,True,0.0,2,2,2
Orphanet_2805,,,0.0,32,32,32
Orphanet_280633,,,0.0,1,1,1
Orphanet_280663,,,0.0,21,21,21
Orphanet_280671,Congenital muscular dystrophy due to phosphatidylcholine biosynthesis defect,True,0.0,7,7,7
Orphanet_280679,,,0.0,5,5,5
Orphanet_281,Monosomy 5p,True,0.0,6,6,6
Orphanet_2815,,,0.0,9,9,9
Orphanet_2816,,,0.0,4,4,4
Orphanet_2819,,,0.0,5,5,5
Orphanet_2820,,,0.0,23,23,23
Orphanet_2821,,,0.0,6,6,6
Orphanet_2822,,,0.0,4,4,4
Orphanet_2824,,,0.0,9,9,9
Orphanet_2826,,,0.0,11,11,11
Orphanet_2828,,,0.0,53,53,53
Orphanet_2832,,,0.0,3,3,3
Orphanet_28378,,,0.0,3,3,3
Orphanet_2840,Pelvic dysplasia - arthrogryposis of lower limbs,True,0.0,5,5,5
Orphanet_2841,,,0.0,8,8,8
Orphanet_284160,8q21.11 microdeletion syndrome,True,0.0,2,2,2
Orphanet_284169,10p11.21p12.31 microdeletion syndrome,True,0.0,1,1,1
Orphanet_284271,,,0.0,11,11,11
Orphanet_284289,,,0.0,28,28,28
Orphanet_284324,,,0.0,27,27,27
Orphanet_284417,,,0.0,1,1,1
Orphanet_284973,Marfan syndrome type 2,True,0.0,5,5,5
Orphanet_284984,,,0.0,60,60,60
Orphanet_2850,,,0.0,21,21,21
Orphanet_285014,,,0.0,10,10,10
Orphanet_2856,,,0.0,140,140,140
Orphanet_2863,,,0.0,2,2,2
Orphanet_2866,,,0.0,2,2,2
Orphanet_2868,Short stature - valvular heart disease - characteristic facies,True,0.0,4,4,4
Orphanet_2885,,,0.0,15,15,15
Orphanet_2888,,,0.0,9,9,9
Orphanet_289,Ellis Van Creveld syndrome,True,0.0,11,11,11
Orphanet_2890,Pili torti - onychodysplasia,True,0.0,4,4,4
Orphanet_2891,Pili torti - developmental delay - neurological abnormalities,True,0.0,3,3,3
Orphanet_289157,,,0.0,33,33,33
Orphanet_289483,,,0.0,1,1,1
Orphanet_289494,,,0.0,14,14,14
Orphanet_289499,,,0.0,27,27,27
Orphanet_289573,,,0.0,4,4,4
Orphanet_2898,,,0.0,5,5,5
Orphanet_289829,Disorder of tryptophan metabolism,True,0.0,2,2,2
Orphanet_289899,,,0.0,1,1,1
Orphanet_2916,,,0.0,7,7,7
Orphanet_2919,Orofaciodigital syndrome type 5,True,0.0,8,8,8
Orphanet_2921,,,0.0,6,6,6
Orphanet_2924,Isolated polycystic liver disease,True,0.0,6,6,6
Orphanet_2926,Polyneuropathy - hand defect,True,0.0,1,1,1
Orphanet_2928,,,0.0,1,1,1
Orphanet_2934,Polysyndactyly - cardiac malformation,True,0.0,2,2,2
Orphanet_293725,,,0.0,1,1,1
Orphanet_293825,,,0.0,85,85,85
Orphanet_293864,,,0.0,11,11,11
Orphanet_293978,,,0.0,10,10,10
Orphanet_293987,,,0.0,18,18,18
Orphanet_294049,Reunion Island's Larsen syndrome,False,1.0,158,158,158
Orphanet_2947,,,0.0,3,3,3
Orphanet_294953,Limb overgrowth,True,0.0,2,2,2
Orphanet_2950,Triphalangeal thumb - polysyndactyly syndrome,True,0.0,11,11,11
Orphanet_2951,,,0.0,3,3,3
Orphanet_2952,,,0.0,1,1,1
Orphanet_2959,,,0.0,6,6,6
Orphanet_296,,,0.0,28,28,28
Orphanet_2963,,,0.0,3,3,3
Orphanet_2972,,,0.0,15,15,15
Orphanet_2973,,,0.0,8,8,8
Orphanet_2975,,,0.0,14,14,14
Orphanet_2980,Acro-oto-ocular syndrome,True,0.0,4,4,4
Orphanet_2983,,,0.0,2,2,2
Orphanet_2988,,,0.0,1,1,1
Orphanet_2989,,,0.0,4,4,4
Orphanet_2995,,,0.0,2,2,2
Orphanet_2997,Ptosis - vocal cord paralysis,True,0.0,1,1,1
Orphanet_30,,,0.0,30,30,30
Orphanet_300284,,,0.0,2,2,2
Orphanet_300333,,,0.0,3,3,3
Orphanet_300345,,,0.0,61,61,61
Orphanet_300359,,,0.0,85,85,85
Orphanet_3004,,,0.0,4,4,4
Orphanet_300547,,,0.0,25,25,25
Orphanet_300570,,,0.0,7,7,7
Orphanet_300573,,,0.0,11,11,11
Orphanet_300576,Oligodontia - cancer predisposition syndrome,True,0.0,2,2,2
Orphanet_300751,,,0.0,82,82,82
Orphanet_3011,,,0.0,4,4,4
Orphanet_3016,Radius absent - anogenital anomalies,True,0.0,2,2,2
Orphanet_3020,Ramsay-Hunt syndrome,True,0.0,8,8,8
Orphanet_303,Dystrophic epidermolysis bullosa,False,1.0,17,17,17
Orphanet_3035,,,0.0,11,11,11
Orphanet_3041,,,0.0,1,1,1
Orphanet_3042,,,0.0,5,5,5
Orphanet_3044,,,0.0,5,5,5
Orphanet_3047,,,0.0,4,4,4
Orphanet_3052,,,0.0,4,4,4
Orphanet_3057,,,0.0,34,34,34
Orphanet_3063,,,0.0,5,5,5
Orphanet_306504,Congenital nephrotic syndrome-interstitial lung disease-epidermolysis bullosa syndrome,True,0.0,3,3,3
Orphanet_306511,,,0.0,5,5,5
Orphanet_306530,,,0.0,2,2,2
Orphanet_306542,Frontonasal dysplasia-severe microphthalmia-severe facial clefting syndrome,True,0.0,4,4,4
Orphanet_306661,,,0.0,11,11,11
Orphanet_306734,,,0.0,4,4,4
Orphanet_3068,,,0.0,2,2,2
Orphanet_3074,,,0.0,3,3,3
Orphanet_3077,,,0.0,27,27,27
Orphanet_307766,,,0.0,18,18,18
Orphanet_308,Unverricht-Lundborg disease,False,1.0,45,45,45
Orphanet_3082,,,0.0,2,2,2
Orphanet_3085,,,0.0,10,10,10
Orphanet_308993,Glycerol kinase deficiency,True,0.0,1,1,1
Orphanet_309005,Disorder of lipid metabolism,False,73.0,317,317,317
Orphanet_309136,,,0.0,1,1,1
Orphanet_30924,,,0.0,19,19,19
Orphanet_309246,,,0.0,12,12,12
Orphanet_30925,,,0.0,14,14,14
Orphanet_309854,,,0.0,14,14,14
Orphanet_3104,,,0.0,15,15,15
Orphanet_3109,,,0.0,63,63,63
Orphanet_3115,,,0.0,13,13,13
Orphanet_3135,,,0.0,7,7,7
Orphanet_313772,,,0.0,18,18,18
Orphanet_313808,,,0.0,15,15,15
Orphanet_314373,,,0.0,21,21,21
Orphanet_3145,,,0.0,5,5,5
Orphanet_314555,,,0.0,2,2,2
Orphanet_314603,,,0.0,7,7,7
Orphanet_314629,,,0.0,6,6,6
Orphanet_314647,,,0.0,1,1,1
Orphanet_314652,,,0.0,1,1,1
Orphanet_314679,Cerebro-facio-articular syndrome,True,0.0,4,4,4
Orphanet_314993,Cataract-congenital heart disease-neural tube defect syndrome,True,0.0,1,1,1
Orphanet_315,,,0.0,7,7,7
Orphanet_3151,,,0.0,1,1,1
Orphanet_3157,,,0.0,11,11,11
Orphanet_3173,Infantile spasms - broad thumbs,True,0.0,3,3,3
Orphanet_3175,,,0.0,11,11,11
Orphanet_3176,,,0.0,19,19,19
Orphanet_3184,,,0.0,7,7,7
Orphanet_3186,Holoprosencephaly - radial heart renal anomalies,True,0.0,2,2,2
Orphanet_319189,,,0.0,31,31,31
Orphanet_319199,,,0.0,6,6,6
Orphanet_319547,,,0.0,42,42,42
Orphanet_3196,,,0.0,9,9,9
Orphanet_319675,,,0.0,7,7,7
Orphanet_3201,,,0.0,18,18,18
Orphanet_320355,,,0.0,3,3,3
Orphanet_320370,Autosomal recessive spastic paraplegia type 43,True,0.0,4,4,4
Orphanet_320375,,,0.0,7,7,7
Orphanet_320385,,,0.0,2,2,2
Orphanet_320391,,,0.0,12,12,12
Orphanet_320396,,,0.0,2,2,2
Orphanet_3204,,,0.0,11,11,11
Orphanet_320401,,,0.0,14,14,14
Orphanet_320406,,,0.0,7,7,7
Orphanet_320411,,,0.0,4,4,4
Orphanet_321,,,0.0,22,22,22
Orphanet_3217,,,0.0,13,13,13
Orphanet_3218,Deafness - epiphyseal dysplasia - short stature,True,0.0,2,2,2
Orphanet_3225,,,0.0,5,5,5
Orphanet_3226,Deafness - lymphedema - leukemia,True,0.0,10,10,10
Orphanet_3230,,,0.0,7,7,7
Orphanet_3232,,,0.0,4,4,4
Orphanet_3233,,,0.0,41,41,41
Orphanet_3236,,,0.0,2,2,2
Orphanet_3239,,,0.0,5,5,5
Orphanet_3240,,,0.0,2,2,2
Orphanet_324262,,,0.0,10,10,10
Orphanet_324410,,,0.0,4,4,4
Orphanet_324416,Muscular hypertrophy - hepatomegaly - polyhydramnios,True,0.0,5,5,5
Orphanet_324442,,,0.0,2,2,2
Orphanet_324588,,,0.0,25,25,25
Orphanet_324703,,,0.0,11,11,11
Orphanet_324708,,,0.0,11,11,11
Orphanet_324713,,,0.0,11,11,11
Orphanet_324718,,,0.0,11,11,11
Orphanet_324723,,,0.0,11,11,11
Orphanet_324977,Proteasome disability syndrome,True,0.0,8,8,8
Orphanet_325,Congenital factor II deficiency,False,1.0,48,48,48
Orphanet_3253,,,0.0,2,2,2
Orphanet_325448,,,0.0,65,65,65
Orphanet_325690,Genetic disorder of sex development,False,1.0,1,1,1
Orphanet_325706,,,0.0,9,9,9
Orphanet_3258,,,0.0,5,5,5
Orphanet_3265,Humero-radial synostosis,True,0.0,3,3,3
Orphanet_3268,Synostosis - microcephaly - scoliosis,True,0.0,10,10,10
Orphanet_3270,,,0.0,3,3,3
Orphanet_3275,,,0.0,12,12,12
Orphanet_329191,,,0.0,7,7,7
Orphanet_329242,,,0.0,25,25,25
Orphanet_329258,Autosomal dominant Charcot-Marie-Tooth disease type 2Q,True,0.0,4,4,4
Orphanet_329466,,,0.0,4,4,4
Orphanet_329475,Spastic paraplegia - Paget disease of bone,True,0.0,4,4,4
Orphanet_32960,,,0.0,9,9,9
Orphanet_33001,Lymphedema - distichiasis,True,0.0,2,2,2
Orphanet_330041,,,0.0,44,44,44
Orphanet_330050,,,0.0,7,7,7
Orphanet_330054,,,0.0,19,19,19
Orphanet_3301,Tetraamelia - multiple malformations,True,0.0,5,5,5
Orphanet_3304,,,0.0,21,21,21
Orphanet_3305,Tetraploidy,True,0.0,1,1,1
Orphanet_331226,,,0.0,118,118,118
Orphanet_332,,,0.0,69,69,69
Orphanet_3320,,,0.0,24,24,24
Orphanet_3329,,,0.0,31,31,31
Orphanet_3332,,,0.0,14,14,14
Orphanet_3341,,,0.0,19,19,19
Orphanet_3361,,,0.0,17,17,17
Orphanet_3363,,,0.0,8,8,8
Orphanet_3369,,,0.0,6,6,6
Orphanet_3405,,,0.0,12,12,12
Orphanet_3411,,,0.0,21,21,21
Orphanet_3421,,,0.0,12,12,12
Orphanet_3433,,,0.0,2,2,2
Orphanet_34516,,,0.0,21,21,21
Orphanet_34520,Congenital muscular dystrophy with integrin alpha-7 deficiency,True,0.0,9,9,9
Orphanet_34528,,,0.0,32,32,32
Orphanet_3453,Autoimmune polyendocrinopathy type 1,True,0.0,3,3,3
Orphanet_3454,,,0.0,1,1,1
Orphanet_34592,,,0.0,10,10,10
Orphanet_3460,,,0.0,25,25,25
Orphanet_35173,X-linked dominant chondrodysplasia punctata,True,0.0,1,1,1
Orphanet_352328,,,0.0,1,1,1
Orphanet_352403,,,0.0,9,9,9
Orphanet_352447,,,0.0,2,2,2
Orphanet_352479,,,0.0,17,17,17
Orphanet_352654,,,0.0,11,11,11
Orphanet_352662,Corneal intraepithelial dyskeratosis with palmoplantar hyperkeratosis and laryngeal dyskeratosis,True,0.0,1,1,1
Orphanet_352670,,,0.0,4,4,4
Orphanet_352675,,,0.0,7,7,7
Orphanet_352687,Congenital muscular alpha-dystroglycanopathy with brain and eye anomalies,True,0.0,1,1,1
Orphanet_352709,,,0.0,22,22,22
Orphanet_352712,,,0.0,20,20,20
Orphanet_352740,,,0.0,1,1,1
Orphanet_353217,,,0.0,1,1,1
Orphanet_35689,,,0.0,10,10,10
Orphanet_35696,,,0.0,1,1,1
Orphanet_356996,,,0.0,23,23,23
Orphanet_357027,Familial retinoblastoma,True,0.0,3,3,3
Orphanet_35704,,,0.0,7,7,7
Orphanet_357158,,,0.0,3,3,3
Orphanet_357175,,,0.0,3,3,3
Orphanet_357329,Cryptosporidiosis - chronic cholangitis - liver disease,True,0.0,44,44,44
Orphanet_357332,,,0.0,8,8,8
Orphanet_35858,,,0.0,10,10,10
Orphanet_363300,,,0.0,17,17,17
Orphanet_363429,,,0.0,11,11,11
Orphanet_363432,,,0.0,6,6,6
Orphanet_36355,,,0.0,18,18,18
Orphanet_363741,,,0.0,13,13,13
Orphanet_36382,,,0.0,2,2,2
Orphanet_36387,,,0.0,43,43,43
Orphanet_363958,17q21.31 microdeletion syndrome,True,0.0,1,1,1
Orphanet_363972,Noonan syndrome-like disorder with juvenile myelomonocytic leukemia,True,0.0,14,14,14
Orphanet_363992,Ichthyosis-short stature-brachydactyly-microspherophakia syndrome,True,0.0,8,8,8
Orphanet_364,Glycogen storage disease due to glucose-6-phosphatase deficiency,False,1.0,33,33,33
Orphanet_365,Glycogen storage disease due to acid maltase deficiency,False,21.0,106,106,106
Orphanet_369837,,,0.0,1,1,1
Orphanet_369840,Autosomal recessive limb-girdle muscular dystrophy type 2S,True,0.0,4,4,4
Orphanet_369852,,,0.0,158,158,158
Orphanet_369867,,,0.0,3,3,3
Orphanet_369891,Cardiac anomalies-developmental delay-facial dysmorphism syndrome,True,0.0,1,1,1
Orphanet_369894,,,0.0,6,6,6
Orphanet_369970,,,0.0,4,4,4
Orphanet_370,,,0.0,15,15,15
Orphanet_370022,,,0.0,5,5,5
Orphanet_370088,Acute infantile liver failure-multisystemic involvement syndrome,True,0.0,11,11,11
Orphanet_370109,Ataxia-telangiectasia variant,True,0.0,7,7,7
Orphanet_370943,Autism spectrum disorder-epilepsy-arthrogryposis syndrome,True,0.0,3,3,3
Orphanet_37553,Cardiodysrhythmic potassium-sensitive periodic paralysis,False,4.0,19,19,19
Orphanet_381,,,0.0,67,67,67
Orphanet_383,,,0.0,20,20,20
Orphanet_391307,,,0.0,1,1,1
Orphanet_391311,Susceptibility to viral and mycobacterial infections,True,0.0,51,51,51
Orphanet_391351,,,0.0,5,5,5
Orphanet_391376,,,0.0,1,1,1
Orphanet_391417,,,0.0,2,2,2
Orphanet_391487,,,0.0,14,14,14
Orphanet_394,Classical homocystinuria,True,0.0,3,3,3
Orphanet_397590,,,0.0,6,6,6
Orphanet_397618,,,0.0,8,8,8
Orphanet_397685,,,0.0,55,55,55
Orphanet_397709,,,0.0,10,10,10
Orphanet_397725,,,0.0,7,7,7
Orphanet_397735,,,0.0,5,5,5
Orphanet_398069,,,0.0,5,5,5
Orphanet_398079,,,0.0,10,10,10
Orphanet_398088,,,0.0,62,62,62
Orphanet_399058,,,0.0,17,17,17
Orphanet_399081,,,0.0,8,8,8
Orphanet_399096,,,0.0,8,8,8
Orphanet_399764,Male infertility due to gonadal dysgenesis or sperm disorder,True,0.0,1,1,1
Orphanet_399775,,,0.0,1,1,1
Orphanet_399786,,,0.0,41,41,41
Orphanet_40,"Acromesomelic dysplasia, Maroteaux type",True,0.0,23,23,23
Orphanet_400008,,,0.0,29,29,29
Orphanet_401780,,,0.0,2,2,2
Orphanet_401785,,,0.0,7,7,7
Orphanet_401805,,,0.0,2,2,2
Orphanet_401849,,,0.0,13,13,13
Orphanet_401869,,,0.0,2,2,2
Orphanet_401953,,,0.0,20,20,20
Orphanet_401979,,,0.0,11,11,11
Orphanet_402003,,,0.0,1,1,1
Orphanet_404469,,,0.0,30,30,30
Orphanet_404476,Global developmental delay-lung cysts-overgrowth-Wilms tumor syndrome,True,0.0,8,8,8
Orphanet_404493,,,0.0,13,13,13
Orphanet_411,Hyperlipoproteinemia type 1,False,4.0,97,97,97
Orphanet_411602,,,0.0,39,39,39
Orphanet_413,Hyperlipoproteinemia type 4,False,2.0,26,26,26
Orphanet_414,,,0.0,7,7,7
Orphanet_415,,,0.0,1,1,1
Orphanet_41751,,,0.0,20,20,20
Orphanet_43,X-linked adrenoleukodystrophy,False,3.0,53,53,53
Orphanet_457,,,0.0,11,11,11
Orphanet_46532,,,0.0,98,98,98
Orphanet_46724,Cerebral arteriovenous malformation,False,4.0,38,38,38
Orphanet_47,,,0.0,186,186,186
Orphanet_47045,Familial cold urticaria,False,2.0,11,11,11
Orphanet_48431,,,0.0,4,4,4
Orphanet_48652,Monosomy 22q13,False,3.0,4,4,4
Orphanet_502,Langer-Giedion syndrome,True,0.0,9,9,9
Orphanet_503,,,0.0,11,11,11
Orphanet_508,Leprechaunism,True,0.0,21,21,21
Orphanet_50811,,,0.0,10,10,10
Orphanet_50944,,,0.0,40,40,40
Orphanet_50945,,,0.0,62,62,62
Orphanet_51,Aicardi-Goutières syndrome,True,0.0,26,26,26
Orphanet_51083,,,0.0,86,86,86
Orphanet_51608,,,0.0,45,45,45
Orphanet_51636,WHIM syndrome,False,1.0,113,113,113
Orphanet_52055,,,0.0,2,2,2
Orphanet_52056,,,0.0,6,6,6
Orphanet_52368,,,0.0,8,8,8
Orphanet_52429,,,0.0,21,21,21
Orphanet_52503,,,0.0,1,1,1
Orphanet_52901,,,0.0,80,80,80
Orphanet_53,Albers-Schönberg osteopetrosis,False,2.0,32,32,32
Orphanet_531,,,0.0,7,7,7
Orphanet_53583,,,0.0,16,16,16
Orphanet_53689,,,0.0,5,5,5
Orphanet_53696,,,0.0,1,1,1
Orphanet_540,,,0.0,162,162,162
Orphanet_550,,,0.0,57,57,57
Orphanet_551,,,0.0,25,25,25
Orphanet_552,MODY,False,3.0,201,201,201
Orphanet_559,,,0.0,6,6,6
Orphanet_570,,,0.0,6,6,6
Orphanet_572,,,0.0,134,134,134
Orphanet_585,Multiple sulfatase deficiency,True,0.0,15,15,15
Orphanet_590,Congenital myasthenic syndromes,False,1.0,52,52,52
Orphanet_59135,,,0.0,17,17,17
Orphanet_59181,,,0.0,36,36,36
Orphanet_597,,,0.0,20,20,20
Orphanet_6,,,0.0,14,14,14
Orphanet_60,Alpha-1-antitrypsin deficiency,False,1.0,43,43,43
Orphanet_602,,,0.0,36,36,36
Orphanet_606,,,0.0,4,4,4
Orphanet_628,,,0.0,20,20,20
Orphanet_631,,,0.0,108,108,108
Orphanet_63261,HERNS syndrome,True,0.0,2,2,2
Orphanet_64748,,,0.0,8,8,8
Orphanet_64753,,,0.0,16,16,16
Orphanet_65286,,,0.0,1,1,1
Orphanet_65288,,,0.0,16,16,16
Orphanet_654,,,0.0,121,121,121
Orphanet_65720,,,0.0,4,4,4
Orphanet_65743,,,0.0,5,5,5
Orphanet_661,,,0.0,3,3,3
Orphanet_665,Albright hereditary osteodystrophy,False,11.0,35,35,35
Orphanet_66518,,,0.0,30,30,30
Orphanet_66625,,,0.0,2,2,2
Orphanet_66633,,,0.0,9,9,9
Orphanet_66634,,,0.0,3,3,3
Orphanet_667,,,0.0,39,39,39
Orphanet_67036,,,0.0,9,9,9
Orphanet_67041,,,0.0,8,8,8
Orphanet_678,Papillon-Lefèvre syndrome,True,0.0,17,17,17
Orphanet_68335,Chromosomal anomaly,False,2.0,6,6,6
Orphanet_68366,,,0.0,25,25,25
Orphanet_69028,,,0.0,2,2,2
Orphanet_69076,,,0.0,24,24,24
Orphanet_69126,,,0.0,52,52,52
Orphanet_69723,,,0.0,2,2,2
Orphanet_69735,Hypotrichosis - lymphedema - telangiectasia,True,0.0,3,3,3
Orphanet_7,,,0.0,13,13,13
Orphanet_701,Alopecia universalis,True,0.0,38,38,38
Orphanet_70470,,,0.0,11,11,11
Orphanet_70592,,,0.0,183,183,183
Orphanet_70595,,,0.0,4,4,4
Orphanet_71202,,,0.0,70,70,70
Orphanet_71212,,,0.0,33,33,33
Orphanet_71267,,,0.0,12,12,12
Orphanet_71271,,,0.0,1,1,1
Orphanet_71289,,,0.0,28,28,28
Orphanet_71291,,,0.0,2,2,2
Orphanet_71517,,,0.0,31,31,31
Orphanet_726,,,0.0,21,21,21
Orphanet_73220,X-linked intellectual disability - hypotonic face,True,0.0,1,1,1
Orphanet_73223,Global developmental delay - osteopenia - ectodermal defect,True,0.0,1,1,1
Orphanet_73224,,,0.0,8,8,8
Orphanet_73229,,,0.0,30,30,30
Orphanet_73230,,,0.0,12,12,12
Orphanet_73245,,,0.0,8,8,8
Orphanet_733,Familial adenomatous polyposis,False,63.0,228,228,228
Orphanet_748,,,0.0,32,32,32
Orphanet_749,,,0.0,1,1,1
Orphanet_75325,,,0.0,33,33,33
Orphanet_75376,,,0.0,49,49,49
Orphanet_75381,,,0.0,5,5,5
Orphanet_75389,Brain malformation - congenital heart disease - postaxial polydactyly,True,0.0,1,1,1
Orphanet_75391,Immunodeficiency with natural-killer cell deficiency and adrenal insufficiency,True,0.0,13,13,13
Orphanet_75496,,,0.0,13,13,13
Orphanet_758,,,0.0,67,67,67
Orphanet_75840,,,0.0,13,13,13
Orphanet_766,Hemolytic anemia due to red cell pyruvate kinase deficiency,False,1.0,91,91,91
Orphanet_77258,,,0.0,10,10,10
Orphanet_77259,Gaucher disease type 1,False,1.0,45,45,45
Orphanet_77260,Gaucher disease type 2,False,2.0,6,6,6
Orphanet_77261,Gaucher disease type 3,False,1.0,22,22,22
Orphanet_77298,Anophthalmia/microphthalmia - esophageal atresia,True,0.0,2,2,2
Orphanet_77299,,,0.0,2,2,2
Orphanet_773,,,0.0,16,16,16
Orphanet_777,,,0.0,95,95,95
Orphanet_77828,Genetic obesity,False,1.0,46,46,46
Orphanet_79,,,0.0,17,17,17
Orphanet_79062,Disorder of amino acid and other organic acid metabolism,False,78.0,79,79,79
Orphanet_79084,,,0.0,67,67,67
Orphanet_79085,,,0.0,68,68,68
Orphanet_79091,,,0.0,7,7,7
Orphanet_79095,Congenital bile acid synthesis defect type 4,True,0.0,12,12,12
Orphanet_79107,,,0.0,1,1,1
Orphanet_79124,,,0.0,107,107,107
Orphanet_79129,,,0.0,10,10,10
Orphanet_79137,,,0.0,23,23,23
Orphanet_79153,Autosomal dominant nail dysplasia,True,0.0,13,13,13
Orphanet_79156,,,0.0,6,6,6
Orphanet_79161,,,0.0,18,18,18
Orphanet_79168,,,0.0,1,1,1
Orphanet_79175,,,0.0,1,1,1
Orphanet_79189,,,0.0,15,15,15
Orphanet_79191,,,0.0,6,6,6
Orphanet_79193,Disorder of pyrimidine metabolism,True,0.0,1,1,1
Orphanet_79200,,,0.0,63,63,63
Orphanet_79204,,,0.0,10,10,10
Orphanet_79211,Combined hyperlipidemia,False,7.0,70,70,70
Orphanet_79254,,,0.0,2,2,2
Orphanet_79258,,,0.0,41,41,41
Orphanet_79259,,,0.0,29,29,29
Orphanet_79277,,,0.0,6,6,6
Orphanet_79282,,,0.0,1,1,1
Orphanet_79283,,,0.0,5,5,5
Orphanet_79292,Fish-eye disease,False,30.0,74,74,74
Orphanet_79293,,,0.0,24,24,24
Orphanet_79301,,,0.0,55,55,55
Orphanet_79302,Congenital bile acid synthesis defect type 3,True,0.0,38,38,38
Orphanet_79303,,,0.0,21,21,21
Orphanet_79311,,,0.0,3,3,3
Orphanet_79350,,,0.0,2,2,2
Orphanet_79351,,,0.0,3,3,3
Orphanet_79395,,,0.0,8,8,8
Orphanet_79397,Epidermolysis bullosa simplex with mottled pigmentation,True,0.0,8,8,8
Orphanet_79399,"Generalized epidermolysis bullosa simplex, non-Dowling-Meara type",True,0.0,5,5,5
Orphanet_79400,Localized epidermolysis bullosa simplex,True,0.0,4,4,4
Orphanet_79401,"Epidermolysis bullosa simplex, Ogna type",True,0.0,6,6,6
Orphanet_79402,,,0.0,14,14,14
Orphanet_79403,,,0.0,2,2,2
Orphanet_79404,"Junctional epidermolysis bullosa, Herlitz type",True,0.0,6,6,6
Orphanet_79452,Milroy disease,True,0.0,22,22,22
Orphanet_79473,,,0.0,8,8,8
Orphanet_79476,,,0.0,33,33,33
Orphanet_79477,Griscelli disease type 2,True,0.0,35,35,35
Orphanet_79478,,,0.0,30,30,30
Orphanet_812,,,0.0,4,4,4
Orphanet_816,,,0.0,3,3,3
Orphanet_83418,Proximal spinal muscular atrophy type 2,False,2.0,11,11,11
Orphanet_83419,Proximal spinal muscular atrophy type 3,False,3.0,26,26,26
Orphanet_83420,,,0.0,28,28,28
Orphanet_83471,Thymic aplasia,True,0.0,152,152,152
Orphanet_83473,,,0.0,12,12,12
Orphanet_83617,,,0.0,1,1,1
Orphanet_83620,,,0.0,18,18,18
Orphanet_84064,,,0.0,10,10,10
Orphanet_844,,,0.0,42,42,42
Orphanet_846,Alpha-thalassemia,False,1.0,115,115,115
Orphanet_847,,,0.0,11,11,11
Orphanet_848,Beta-thalassemia,False,25.0,181,181,181
Orphanet_85112,Palmoplantar keratoderma - XX sex reversal - predisposition to squamous cell carcinoma,True,0.0,11,11,11
Orphanet_85146,,,0.0,13,13,13
Orphanet_85163,,,0.0,7,7,7
Orphanet_85164,,,0.0,3,3,3
Orphanet_85165,Severe achondroplasia - developmental delay - acanthosis nigricans,True,0.0,8,8,8
Orphanet_85167,Spondylometaphyseal dysplasia - cone-rod dystrophy,True,0.0,14,14,14
Orphanet_85182,Diaphyseal medullary stenosis - bone malignancy,True,0.0,7,7,7
Orphanet_85186,,,0.0,2,2,2
Orphanet_85192,Calvarial doughnut lesions - bone fragility,True,0.0,19,19,19
Orphanet_85196,,,0.0,21,21,21
Orphanet_85199,,,0.0,11,11,11
Orphanet_852,,,0.0,25,25,25
Orphanet_85203,Acro-pectoral syndrome,True,0.0,5,5,5
Orphanet_85273,,,0.0,1,1,1
Orphanet_85275,,,0.0,10,10,10
Orphanet_85279,,,0.0,1,1,1
Orphanet_85280,,,0.0,1,1,1
Orphanet_85286,,,0.0,1,1,1
Orphanet_85287,,,0.0,3,3,3
Orphanet_85289,,,0.0,2,2,2
Orphanet_85294,,,0.0,2,2,2
Orphanet_85295,,,0.0,1,1,1
Orphanet_85320,,,0.0,13,13,13
Orphanet_85321,,,0.0,2,2,2
Orphanet_85327,,,0.0,4,4,4
Orphanet_85328,,,0.0,2,2,2
Orphanet_85338,,,0.0,7,7,7
Orphanet_85442,,,0.0,17,17,17
Orphanet_85448,,,0.0,6,6,6
Orphanet_85450,,,0.0,39,39,39
Orphanet_85453,,,0.0,6,6,6
Orphanet_85458,,,0.0,11,11,11
Orphanet_859,,,0.0,115,115,115
Orphanet_860,,,0.0,54,54,54
Orphanet_868,Triose phosphate-isomerase deficiency,True,0.0,11,11,11
Orphanet_86818,Alport syndrome - intellectual disability - midface hypoplasia - elliptocytosis,True,0.0,3,3,3
Orphanet_86822,,,0.0,4,4,4
Orphanet_869,,,0.0,5,5,5
Orphanet_86914,Lymphedema - cerebral arteriovenous anomaly,True,0.0,8,8,8
Orphanet_86915,,,0.0,7,7,7
Orphanet_871,,,0.0,77,77,77
Orphanet_87876,,,0.0,4,4,4
Orphanet_87884,,,0.0,19,19,19
Orphanet_882,,,0.0,30,30,30
Orphanet_88618,,,0.0,3,3,3
Orphanet_88628,,,0.0,9,9,9
Orphanet_88629,,,0.0,4,4,4
Orphanet_88630,,,0.0,3,3,3
Orphanet_88632,,,0.0,68,68,68
Orphanet_88637,,,0.0,16,16,16
Orphanet_88639,,,0.0,2,2,2
Orphanet_88642,,,0.0,1,1,1
Orphanet_88643,,,0.0,6,6,6
Orphanet_891,,,0.0,94,94,94
Orphanet_89838,KRT14-related epidermolysis bullosa simplex,True,0.0,2,2,2
Orphanet_89844,,,0.0,1,1,1
Orphanet_89936,X-linked hypophosphatemia,False,2.0,43,43,43
Orphanet_90,,,0.0,10,10,10
Orphanet_90103,,,0.0,15,15,15
Orphanet_90186,,,0.0,7,7,7
Orphanet_903,Von Willebrand disease,False,3.0,77,77,77
Orphanet_90301,,,0.0,33,33,33
Orphanet_90308,,,0.0,10,10,10
Orphanet_90309,Ehlers-Danlos syndrome type 1,True,0.0,4,4,4
Orphanet_90318,,,0.0,3,3,3
Orphanet_90342,Xeroderma pigmentosum variant,True,0.0,5,5,5
Orphanet_90641,,,0.0,8,8,8
Orphanet_90646,,,0.0,15,15,15
Orphanet_90796,,,0.0,64,64,64
Orphanet_91088,,,0.0,647,647,647
Orphanet_91130,,,0.0,1,1,1
Orphanet_91132,,,0.0,13,13,13
Orphanet_912,Zellweger syndrome,False,2.0,22,22,22
Orphanet_91411,,,0.0,6,6,6
Orphanet_91412,,,0.0,4,4,4
Orphanet_91494,,,0.0,1,1,1
Orphanet_92050,,,0.0,21,21,21
Orphanet_927,Hyperammonemia due to N-acetylglutamate synthetase deficiency,False,1.0,2,2,2
Orphanet_929,,,0.0,1,1,1
Orphanet_931,,,0.0,24,24,24
Orphanet_93100,,,0.0,2,2,2
Orphanet_93114,Autosomal dominant intermediate Charcot-Marie-Tooth disease type E,True,0.0,12,12,12
Orphanet_93160,,,0.0,56,56,56
Orphanet_93173,,,0.0,1,1,1
Orphanet_93262,Crouzon syndrome - acanthosis nigricans,True,0.0,4,4,4
Orphanet_93267,Cloverleaf skull - multiple congenital anomalies,True,0.0,8,8,8
Orphanet_93268,,,0.0,3,3,3
Orphanet_93271,,,0.0,14,14,14
Orphanet_93282,,,0.0,7,7,7
Orphanet_93293,Okihiro syndrome,True,0.0,2,2,2
Orphanet_93296,,,0.0,20,20,20
Orphanet_93298,,,0.0,8,8,8
Orphanet_93299,,,0.0,16,16,16
Orphanet_93338,Polysyndactyly,True,0.0,7,7,7
Orphanet_93346,"Spondyloepimetaphyseal dysplasia congenita, Strudwick type",True,0.0,21,21,21
Orphanet_93357,,,0.0,24,24,24
Orphanet_93358,,,0.0,24,24,24
Orphanet_93372,,,0.0,12,12,12
Orphanet_93382,,,0.0,27,27,27
Orphanet_93399,juvenile sialidosis type II,True,0.0,1,1,1
Orphanet_93400,congenital sialidosis type II,True,0.0,2,2,2
Orphanet_93403,Syndactyly type 2,True,0.0,11,11,11
Orphanet_93550,,,0.0,9,9,9
Orphanet_93561,,,0.0,1,1,1
Orphanet_93562,,,0.0,1,1,1
Orphanet_93610,,,0.0,13,13,13
Orphanet_93951,,,0.0,55,55,55
Orphanet_93952,,,0.0,22,22,22
Orphanet_93956,Truncal dystonia,True,0.0,2,2,2
Orphanet_93957,,,0.0,7,7,7
Orphanet_93964,,,0.0,10,10,10
Orphanet_94065,15q24 microdeletion syndrome,True,0.0,1,1,1
Orphanet_94066,,,0.0,1,1,1
Orphanet_94095,Spondylocostal dysostosis - anal and genitourinary malformations,True,0.0,4,4,4
Orphanet_94122,,,0.0,13,13,13
Orphanet_94124,,,0.0,9,9,9
Orphanet_94145,,,0.0,9,9,9
Orphanet_95157,Acute hepatic porphyria,False,1.0,11,11,11
Orphanet_95430,Congenital tracheomalacia,True,0.0,2,2,2
Orphanet_95433,,,0.0,21,21,21
Orphanet_95434,,,0.0,22,22,22
Orphanet_95494,,,0.0,67,67,67
Orphanet_95702,,,0.0,45,45,45
Orphanet_95710,,,0.0,19,19,19
Orphanet_96,,,0.0,16,16,16
Orphanet_96078,,,0.0,1,1,1
Orphanet_96210,,,0.0,16,16,16
Orphanet_968,,,0.0,33,33,33
Orphanet_97,Familial paroxysmal ataxia,False,40.0,45,45,45
Orphanet_97362,,,0.0,19,19,19
Orphanet_97548,,,0.0,22,22,22
Orphanet_98,,,0.0,15,15,15
Orphanet_98261,,,0.0,49,49,49
Orphanet_983,,,0.0,104,104,104
Orphanet_98362,,,0.0,37,37,37
Orphanet_98366,,,0.0,1,1,1
Orphanet_98434,,,0.0,5,5,5
Orphanet_98454,,,0.0,172,172,172
Orphanet_98505,,,0.0,3,3,3
Orphanet_98523,Non-syndromic pontocerebellar hypoplasia,True,0.0,50,50,50
Orphanet_98619,,,0.0,31,31,31
Orphanet_98658,,,0.0,1,1,1
Orphanet_98671,,,0.0,117,117,117
Orphanet_98673,,,0.0,7,7,7
Orphanet_98676,,,0.0,5,5,5
Orphanet_98685,Oculomotor palsy,True,0.0,2,2,2
Orphanet_98702,,,0.0,2,2,2
Orphanet_98757,Spinocerebellar ataxia type 3,False,5.0,80,80,80
Orphanet_98791,,,0.0,43,43,43
Orphanet_988,,,0.0,15,15,15
Orphanet_98805,,,0.0,10,10,10
Orphanet_98806,,,0.0,11,11,11
Orphanet_98807,,,0.0,28,28,28
Orphanet_98811,,,0.0,49,49,49
Orphanet_98813,Hypohidrotic ectodermal dysplasia with immunodeficiency,True,0.0,117,117,117
Orphanet_98869,,,0.0,67,67,67
Orphanet_98870,,,0.0,27,27,27
Orphanet_98873,,,0.0,50,50,50
Orphanet_98880,,,0.0,25,25,25
Orphanet_98885,,,0.0,49,49,49
Orphanet_98890,,,0.0,34,34,34
Orphanet_98893,,,0.0,7,7,7
Orphanet_989,,,0.0,3,3,3
Orphanet_98902,,,0.0,12,12,12
Orphanet_98909,,,0.0,34,34,34
Orphanet_98911,,,0.0,26,26,26
Orphanet_98912,,,0.0,26,26,26
Orphanet_98913,Postsynaptic congenital myasthenic syndromes,True,0.0,11,11,11
Orphanet_98914,,,0.0,10,10,10
Orphanet_98915,,,0.0,9,9,9
Orphanet_98920,Spinal muscular atrophy with respiratory distress type 1,False,2.0,7,7,7
Orphanet_98947,,,0.0,1,1,1
Orphanet_98956,,,0.0,7,7,7
Orphanet_98961,,,0.0,5,5,5
Orphanet_98972,Central cloudy dystrophy of Francois,True,0.0,16,16,16
Orphanet_98974,Fuchs endothelial corneal dystrophy,False,2.0,68,68,68
Orphanet_98977,Juvenile glaucoma,True,0.0,15,15,15
Orphanet_98985,,,0.0,22,22,22
Orphanet_98988,,,0.0,31,31,31
Orphanet_98992,,,0.0,24,24,24
Orphanet_98993,,,0.0,39,39,39
Orphanet_98994,,,0.0,23,23,23
Orphanet_990,,,0.0,3,3,3
Orphanet_99001,,,0.0,6,6,6
Orphanet_99013,,,0.0,6,6,6
Orphanet_99014,,,0.0,10,10,10
Orphanet_99015,,,0.0,4,4,4
Orphanet_99027,Adult-onset autosomal dominant leukodystrophy,True,0.0,5,5,5
Orphanet_99095,,,0.0,30,30,30
Orphanet_99723,,,0.0,3,3,3
Orphanet_99739,,,0.0,116,116,116
Orphanet_99750,,,0.0,24,24,24
Orphanet_99792,,,0.0,31,31,31
Orphanet_998,,,0.0,17,17,17
Orphanet_99811,,,0.0,28,28,28
Orphanet_99812,,,0.0,13,13,13
Orphanet_99817,,,0.0,11,11,11
Orphanet_99842,Leukocyte adhesion deficiency type I,False,1.0,17,17,17
Orphanet_99844,,,0.0,50,50,50
Orphanet_99878,Primary parathyroids hyperplasia,True,0.0,4,4,4
Orphanet_99880,,,0.0,10,10,10
Orphanet_99936,Autosomal dominant Charcot-Marie-Tooth disease type 2B,True,0.0,4,4,4
Orphanet_99937,,,0.0,4,4,4
Orphanet_99938,,,0.0,5,5,5
Orphanet_99939,,,0.0,11,11,11
Orphanet_99940,,,0.0,6,6,6
Orphanet_99942,,,0.0,5,5,5
Orphanet_99943,,,0.0,2,2,2
Orphanet_99945,,,0.0,7,7,7
Orphanet_99946,,,0.0,7,7,7
Orphanet_99947,,,0.0,13,13,13
UBERON_0000104,life cycle,True,0.0,3,3,3
