ensembl_gene_id,gene_symbol,druggability_tier,small_mol_druggable,bio_druggable,adme_gene
ENSG00000000938,FGR,Tier 1,Y,N,N
ENSG00000001626,CFTR,Tier 1,Y,N,Y
ENSG00000001630,CYP51A1,Tier 1,Y,N,Y
ENSG00000002549,LAP3,Tier 1,Y,N,N
ENSG00000004468,CD38,Tier 1,N,Y,N
ENSG00000004478,FKBP4,Tier 1,Y,N,N
ENSG00000004660,CAMKK1,Tier 1,Y,N,N
ENSG00000004700,RECQL,Tier 1,Y,N,N
ENSG00000004809,SLC22A16,Tier 1,Y,N,Y
ENSG00000004846,ABCB5,Tier 1,Y,N,Y
ENSG00000004948,CALCR,Tier 1,Y,Y,N
ENSG00000005381,MPO,Tier 1,Y,Y,Y
ENSG00000005421,PON1,Tier 1,N,Y,Y
ENSG00000005471,ABCB4,Tier 1,N,Y,Y
ENSG00000005844,ITGAL,Tier 1,Y,Y,N
ENSG00000005961,ITGA2B,Tier 1,Y,Y,N
ENSG00000006071,ABCC8,Tier 1,Y,Y,Y
ENSG00000006283,CACNA1G,Tier 1,Y,N,N
ENSG00000006327,TNFRSF12A,Tier 1,N,Y,N
ENSG00000006432,MAP3K9,Tier 1,Y,N,N
ENSG00000006638,TBXA2R,Tier 1,Y,N,N
ENSG00000007047,MARK4,Tier 1,Y,N,N
ENSG00000007171,NOS2,Tier 1,Y,N,Y
ENSG00000007216,SLC13A2,Tier 1,N,N,Y
ENSG00000007264,MATK,Tier 1,Y,N,N
ENSG00000007312,CD79B,Tier 1,N,Y,N
ENSG00000007314,SCN4A,Tier 1,Y,N,N
ENSG00000007402,CACNA2D2,Tier 1,Y,N,N
ENSG00000007908,SELE,Tier 1,Y,Y,N
ENSG00000007933,FMO3,Tier 1,N,N,Y
ENSG00000008018,PSMB1,Tier 1,Y,N,N
ENSG00000008086,CDKL5,Tier 1,Y,N,N
ENSG00000008394,MGST1,Tier 1,N,N,Y
ENSG00000010310,GIPR,Tier 1,Y,Y,N
ENSG00000010322,NISCH,Tier 1,Y,N,N
ENSG00000010610,CD4,Tier 1,N,Y,N
ENSG00000010671,BTK,Tier 1,Y,N,N
ENSG00000010810,FYN,Tier 1,Y,N,N
ENSG00000010932,FMO1,Tier 1,N,N,Y
ENSG00000011566,MAP4K3,Tier 1,Y,N,N
ENSG00000011677,GABRA3,Tier 1,Y,Y,N
ENSG00000012124,CD22,Tier 1,N,Y,N
ENSG00000012504,NR1H4,Tier 1,Y,N,N
ENSG00000012779,ALOX5,Tier 1,Y,N,N
ENSG00000012983,MAP4K5,Tier 1,Y,N,N
ENSG00000013441,CLK1,Tier 1,Y,N,N
ENSG00000013725,CD6,Tier 1,N,Y,N
ENSG00000015413,DPEP1,Tier 1,Y,Y,Y
ENSG00000015520,NPC1L1,Tier 1,Y,N,N
ENSG00000016490,CLCA1,Tier 1,Y,Y,N
ENSG00000016602,CLCA4,Tier 1,Y,Y,N
ENSG00000017427,IGF1,Tier 1,N,Y,N
ENSG00000018625,ATP1A2,Tier 1,Y,N,N
ENSG00000019186,CYP24A1,Tier 1,Y,N,Y
ENSG00000019582,CD74,Tier 1,N,Y,N
ENSG00000019991,HGF,Tier 1,Y,Y,N
ENSG00000021461,CYP3A43,Tier 1,Y,N,Y
ENSG00000021826,CPS1,Tier 1,Y,N,N
ENSG00000022355,GABRA1,Tier 1,Y,Y,N
ENSG00000023445,BIRC3,Tier 1,Y,N,N
ENSG00000023839,ABCC2,Tier 1,Y,Y,Y
ENSG00000026025,VIM,Tier 1,N,Y,N
ENSG00000026508,CD44,Tier 1,N,Y,N
ENSG00000026751,SLAMF7,Tier 1,N,Y,N
ENSG00000027075,PRKCH,Tier 1,Y,N,N
ENSG00000027697,IFNGR1,Tier 1,N,Y,N
ENSG00000028116,VRK2,Tier 1,Y,N,N
ENSG00000030304,MUSK,Tier 1,Y,Y,N
ENSG00000034152,MAP2K3,Tier 1,Y,N,N
ENSG00000035664,DAPK2,Tier 1,Y,N,N
ENSG00000036530,CYP46A1,Tier 1,Y,N,Y
ENSG00000036828,CASR,Tier 1,Y,Y,N
ENSG00000037280,FLT4,Tier 1,Y,Y,N
ENSG00000041982,TNC,Tier 1,N,Y,N
ENSG00000042088,TDP1,Tier 1,Y,N,N
ENSG00000043591,ADRB1,Tier 1,Y,Y,N
ENSG00000044524,EPHA3,Tier 1,Y,Y,N
ENSG00000047936,ROS1,Tier 1,Y,N,N
ENSG00000048052,HDAC9,Tier 1,Y,N,N
ENSG00000049249,TNFRSF9,Tier 1,N,Y,N
ENSG00000049319,SRD5A2,Tier 1,Y,N,N
ENSG00000050555,LAMC3,Tier 1,N,Y,N
ENSG00000050628,PTGER3,Tier 1,Y,N,N
ENSG00000050748,MAPK9,Tier 1,Y,N,N
ENSG00000051382,PIK3CB,Tier 1,Y,N,N
ENSG00000053747,LAMA3,Tier 1,N,Y,N
ENSG00000053918,KCNQ1,Tier 1,Y,N,N
ENSG00000055118,KCNH2,Tier 1,Y,N,N
ENSG00000057593,F7,Tier 1,Y,Y,N
ENSG00000058085,LAMC2,Tier 1,N,Y,N
ENSG00000058404,CAMK2B,Tier 1,Y,N,N
ENSG00000058729,RIOK2,Tier 1,Y,N,N
ENSG00000059377,TBXAS1,Tier 1,Y,N,N
ENSG00000061273,HDAC7,Tier 1,Y,N,N
ENSG00000061918,GUCY1B3,Tier 1,Y,N,N
ENSG00000061938,TNK2,Tier 1,Y,N,N
ENSG00000062038,CDH3,Tier 1,N,Y,N
ENSG00000062524,LTK,Tier 1,Y,N,N
ENSG00000062822,POLD1,Tier 1,Y,N,N
ENSG00000063854,HAGH,Tier 1,N,N,Y
ENSG00000064012,CASP8,Tier 1,Y,N,N
ENSG00000064300,NGFR,Tier 1,Y,Y,N
ENSG00000064393,HIPK2,Tier 1,Y,N,N
ENSG00000064547,LPAR2,Tier 1,Y,N,N
ENSG00000064989,CALCRL,Tier 1,Y,Y,N
ENSG00000065243,PKN2,Tier 1,Y,N,N
ENSG00000065325,GLP2R,Tier 1,N,Y,N
ENSG00000065361,ERBB3,Tier 1,Y,Y,N
ENSG00000065534,MYLK,Tier 1,Y,N,N
ENSG00000065559,MAP2K4,Tier 1,Y,N,N
ENSG00000065613,SLK,Tier 1,Y,N,N
ENSG00000065621,GSTO2,Tier 1,N,N,Y
ENSG00000065675,PRKCQ,Tier 1,Y,N,N
ENSG00000065883,CDK13,Tier 1,Y,N,N
ENSG00000065989,PDE4A,Tier 1,Y,N,N
ENSG00000066056,TIE1,Tier 1,Y,Y,N
ENSG00000066230,SLC9A3,Tier 1,Y,N,N
ENSG00000066405,CLDN18,Tier 1,N,Y,N
ENSG00000066468,FGFR2,Tier 1,Y,Y,N
ENSG00000067182,TNFRSF1A,Tier 1,Y,Y,N
ENSG00000067225,PKM,Tier 1,Y,N,N
ENSG00000067606,PRKCZ,Tier 1,Y,N,N
ENSG00000067900,ROCK1,Tier 1,Y,N,N
ENSG00000068024,HDAC4,Tier 1,Y,N,N
ENSG00000068078,FGFR3,Tier 1,Y,Y,N
ENSG00000069431,ABCC9,Tier 1,Y,N,Y
ENSG00000069535,MAOB,Tier 1,Y,N,Y
ENSG00000069696,DRD4,Tier 1,Y,N,N
ENSG00000069764,PLA2G10,Tier 1,Y,Y,N
ENSG00000070019,GUCY2C,Tier 1,Y,Y,N
ENSG00000070748,CHAT,Tier 1,Y,N,N
ENSG00000070808,CAMK2A,Tier 1,Y,N,N
ENSG00000070886,EPHA8,Tier 1,Y,N,N
ENSG00000070915,SLC12A3,Tier 1,Y,N,N
ENSG00000071054,MAP4K4,Tier 1,Y,N,N
ENSG00000071242,RPS6KA2,Tier 1,Y,N,N
ENSG00000072062,PRKACA,Tier 1,Y,N,N
ENSG00000072133,RPS6KA6,Tier 1,Y,N,N
ENSG00000072210,ALDH3A2,Tier 1,N,N,Y
ENSG00000072274,TFRC,Tier 1,N,Y,N
ENSG00000072506,HSD17B10,Tier 1,Y,N,N
ENSG00000072518,MARK2,Tier 1,Y,N,N
ENSG00000072694,FCGR2B,Tier 1,N,Y,N
ENSG00000072786,STK10,Tier 1,Y,N,N
ENSG00000073417,PDE8A,Tier 1,Y,N,N
ENSG00000073734,ABCB11,Tier 1,N,N,Y
ENSG00000073737,DHRS9,Tier 1,N,N,Y
ENSG00000073756,PTGS2,Tier 1,Y,N,N
ENSG00000073803,MAP3K13,Tier 1,Y,N,N
ENSG00000074319,TSG101,Tier 1,N,Y,N
ENSG00000074410,CA12,Tier 1,Y,N,N
ENSG00000074590,NUAK1,Tier 1,Y,N,N
ENSG00000074803,SLC12A1,Tier 1,Y,N,N
ENSG00000074966,TXK,Tier 1,Y,N,N
ENSG00000075043,KCNQ2,Tier 1,Y,N,N
ENSG00000075073,TACR2,Tier 1,Y,Y,N
ENSG00000075388,FGF4,Tier 1,Y,Y,N
ENSG00000075413,MARK3,Tier 1,Y,N,N
ENSG00000075651,PLD1,Tier 1,Y,N,N
ENSG00000076258,FMO4,Tier 1,N,N,Y
ENSG00000076662,ICAM3,Tier 1,N,Y,N
ENSG00000076706,MCAM,Tier 1,N,Y,N
ENSG00000076984,MAP2K7,Tier 1,Y,N,N
ENSG00000077092,RARB,Tier 1,Y,N,N
ENSG00000077097,TOP2B,Tier 1,Y,N,N
ENSG00000077238,IL4R,Tier 1,N,Y,N
ENSG00000077264,PAK3,Tier 1,Y,N,N
ENSG00000077498,TYR,Tier 1,Y,N,N
ENSG00000077782,FGFR1,Tier 1,Y,Y,N
ENSG00000078098,FAP,Tier 1,Y,Y,N
ENSG00000079277,MKNK1,Tier 1,Y,N,N
ENSG00000079459,FDFT1,Tier 1,Y,N,N
ENSG00000079999,KEAP1,Tier 1,Y,N,N
ENSG00000080224,EPHA6,Tier 1,Y,N,N
ENSG00000080293,SCTR,Tier 1,N,Y,N
ENSG00000080644,CHRNA3,Tier 1,Y,N,N
ENSG00000080815,PSEN1,Tier 1,Y,N,N
ENSG00000080824,HSP90AA1,Tier 1,Y,N,N
ENSG00000081051,AFP,Tier 1,N,Y,N
ENSG00000081237,PTPRC,Tier 1,Y,Y,N
ENSG00000081248,CACNA1S,Tier 1,Y,N,N
ENSG00000081320,STK17B,Tier 1,Y,N,N
ENSG00000081800,SLC13A1,Tier 1,N,N,Y
ENSG00000082175,PGR,Tier 1,Y,N,N
ENSG00000082482,KCNK2,Tier 1,Y,N,N
ENSG00000082556,OPRK1,Tier 1,Y,N,N
ENSG00000082701,GSK3B,Tier 1,Y,N,N
ENSG00000082781,ITGB5,Tier 1,Y,Y,N
ENSG00000083290,ULK2,Tier 1,Y,N,N
ENSG00000083457,ITGAE,Tier 1,N,Y,N
ENSG00000084207,GSTP1,Tier 1,Y,N,Y
ENSG00000084453,SLCO1A2,Tier 1,N,N,Y
ENSG00000084674,APOB,Tier 1,Y,Y,N
ENSG00000085511,MAP3K4,Tier 1,Y,N,N
ENSG00000085563,ABCB1,Tier 1,Y,Y,Y
ENSG00000085662,AKR1B1,Tier 1,Y,Y,N
ENSG00000085871,MGST2,Tier 1,N,N,Y
ENSG00000086205,FOLH1,Tier 1,Y,Y,N
ENSG00000086548,CEACAM6,Tier 1,N,Y,N
ENSG00000087076,HSD17B14,Tier 1,N,N,Y
ENSG00000087085,ACHE,Tier 1,Y,Y,N
ENSG00000087237,CETP,Tier 1,Y,Y,N
ENSG00000087245,MMP2,Tier 1,Y,Y,N
ENSG00000087494,PTHLH,Tier 1,N,Y,N
ENSG00000087586,AURKA,Tier 1,Y,N,N
ENSG00000088002,SULT2B1,Tier 1,N,N,Y
ENSG00000088386,SLC15A1,Tier 1,Y,N,Y
ENSG00000088832,FKBP1A,Tier 1,Y,N,N
ENSG00000089250,NOS1,Tier 1,Y,N,Y
ENSG00000089597,GANAB,Tier 1,Y,N,N
ENSG00000090020,SLC9A1,Tier 1,Y,N,N
ENSG00000090339,ICAM1,Tier 1,Y,Y,N
ENSG00000090376,IRAK3,Tier 1,Y,N,N
ENSG00000090402,SI,Tier 1,Y,N,N
ENSG00000090534,THPO,Tier 1,Y,Y,N
ENSG00000091128,LAMB4,Tier 1,N,Y,N
ENSG00000091136,LAMB1,Tier 1,N,Y,N
ENSG00000091181,IL5RA,Tier 1,N,Y,N
ENSG00000091262,ABCC6,Tier 1,Y,Y,Y
ENSG00000091436,,Tier 1,Y,N,N
ENSG00000091831,ESR1,Tier 1,Y,N,N
ENSG00000091879,ANGPT2,Tier 1,N,Y,N
ENSG00000091972,CD200,Tier 1,N,Y,N
ENSG00000092009,CMA1,Tier 1,Y,Y,N
ENSG00000092054,MYH7,Tier 1,N,Y,N
ENSG00000092068,SLC7A8,Tier 1,N,N,Y
ENSG00000092096,SLC22A17,Tier 1,Y,N,Y
ENSG00000092445,TYRO3,Tier 1,Y,N,N
ENSG00000092969,TGFB2,Tier 1,N,Y,N
ENSG00000093010,COMT,Tier 1,Y,N,N
ENSG00000094631,HDAC6,Tier 1,Y,N,N
ENSG00000094963,FMO2,Tier 1,N,N,Y
ENSG00000095303,PTGS1,Tier 1,Y,Y,N
ENSG00000095464,PDE6C,Tier 1,Y,N,N
ENSG00000095596,CYP26A1,Tier 1,Y,N,Y
ENSG00000096060,FKBP5,Tier 1,Y,N,N
ENSG00000096063,SRPK1,Tier 1,Y,N,N
ENSG00000096384,HSP90AB1,Tier 1,Y,N,N
ENSG00000096717,SIRT1,Tier 1,Y,N,N
ENSG00000096968,JAK2,Tier 1,Y,N,N
ENSG00000096996,IL12RB1,Tier 1,N,Y,N
ENSG00000097007,ABL1,Tier 1,Y,N,N
ENSG00000099250,NRP1,Tier 1,N,Y,N
ENSG00000099866,MADCAM1,Tier 1,N,Y,N
ENSG00000099875,MKNK2,Tier 1,Y,N,N
ENSG00000100030,MAPK1,Tier 1,Y,N,N
ENSG00000100170,SLC5A1,Tier 1,Y,N,N
ENSG00000100191,SLC5A4,Tier 1,Y,N,N
ENSG00000100197,CYP2D6,Tier 1,Y,N,Y
ENSG00000100243,CYB5R3,Tier 1,N,N,Y
ENSG00000100299,ARSA,Tier 1,N,Y,Y
ENSG00000100346,CACNA1I,Tier 1,Y,N,N
ENSG00000100385,IL2RB,Tier 1,N,Y,N
ENSG00000100429,HDAC10,Tier 1,Y,N,N
ENSG00000100433,KCNK10,Tier 1,Y,N,N
ENSG00000100577,GSTZ1,Tier 1,N,N,Y
ENSG00000100612,DHRS7,Tier 1,N,N,Y
ENSG00000100644,HIF1A,Tier 1,Y,N,N
ENSG00000100652,SLC10A1,Tier 1,Y,N,Y
ENSG00000100739,BDKRB1,Tier 1,Y,Y,N
ENSG00000100784,RPS6KA5,Tier 1,Y,N,N
ENSG00000100804,PSMB5,Tier 1,Y,Y,N
ENSG00000100823,APEX1,Tier 1,Y,N,N
ENSG00000100867,DHRS2,Tier 1,N,N,Y
ENSG00000100983,GSS,Tier 1,N,N,Y
ENSG00000100985,MMP9,Tier 1,Y,Y,N
ENSG00000100997,ABHD12,Tier 1,Y,N,N
ENSG00000101017,CD40,Tier 1,N,Y,N
ENSG00000101076,HNF4A,Tier 1,Y,N,Y
ENSG00000101109,STK4,Tier 1,Y,N,N
ENSG00000101162,TUBB1,Tier 1,Y,Y,N
ENSG00000101180,HRH3,Tier 1,Y,Y,N
ENSG00000101187,SLCO4A1,Tier 1,N,N,Y
ENSG00000101188,NTSR1,Tier 1,Y,Y,N
ENSG00000101204,CHRNA4,Tier 1,Y,N,N
ENSG00000101213,PTK6,Tier 1,Y,N,N
ENSG00000101266,CSNK2A1,Tier 1,Y,N,N
ENSG00000101306,MYLK2,Tier 1,Y,N,N
ENSG00000101336,HCK,Tier 1,Y,N,N
ENSG00000101349,PAK7,Tier 1,Y,N,N
ENSG00000101680,LAMA1,Tier 1,N,Y,N
ENSG00000101782,RIOK3,Tier 1,Y,N,N
ENSG00000101846,STS,Tier 1,Y,Y,N
ENSG00000101868,POLA1,Tier 1,Y,N,N
ENSG00000101966,XIAP,Tier 1,Y,N,N
ENSG00000102001,CACNA1F,Tier 1,Y,N,N
ENSG00000102010,BMX,Tier 1,Y,N,N
ENSG00000102096,PIM2,Tier 1,Y,N,N
ENSG00000102225,CDK16,Tier 1,Y,N,N
ENSG00000102245,CD40LG,Tier 1,N,Y,N
ENSG00000102312,PORCN,Tier 1,Y,N,N
ENSG00000102393,GLA,Tier 1,Y,Y,N
ENSG00000102468,HTR2A,Tier 1,Y,Y,N
ENSG00000102524,TNFSF13B,Tier 1,N,Y,N
ENSG00000102539,MLNR,Tier 1,Y,Y,N
ENSG00000102572,STK24,Tier 1,Y,N,N
ENSG00000102755,FLT1,Tier 1,Y,Y,N
ENSG00000102796,DHRS12,Tier 1,N,N,Y
ENSG00000102854,MSLN,Tier 1,N,Y,N
ENSG00000102882,MAPK3,Tier 1,Y,N,N
ENSG00000102967,DHODH,Tier 1,Y,N,N
ENSG00000102996,MMP15,Tier 1,Y,N,N
ENSG00000103222,ABCC1,Tier 1,Y,Y,Y
ENSG00000103257,SLC7A5,Tier 1,N,N,Y
ENSG00000103546,SLC6A2,Tier 1,Y,N,N
ENSG00000103642,LACTB,Tier 1,Y,N,N
ENSG00000103653,CSK,Tier 1,Y,N,N
ENSG00000103855,CD276,Tier 1,N,Y,N
ENSG00000104205,SGK3,Tier 1,Y,N,N
ENSG00000104267,CA2,Tier 1,Y,N,N
ENSG00000104312,RIPK2,Tier 1,Y,N,N
ENSG00000104321,TRPA1,Tier 1,Y,N,N
ENSG00000104365,IKBKB,Tier 1,Y,N,N
ENSG00000104368,PLAT,Tier 1,Y,Y,N
ENSG00000104375,STK3,Tier 1,Y,N,N
ENSG00000104549,SQLE,Tier 1,Y,N,N
ENSG00000104687,GSR,Tier 1,Y,N,Y
ENSG00000104689,TNFRSF10A,Tier 1,N,Y,N
ENSG00000104774,MAN2B1,Tier 1,Y,Y,N
ENSG00000104783,KCNN4,Tier 1,Y,N,N
ENSG00000104814,MAP4K1,Tier 1,Y,N,N
ENSG00000104833,TUBB4A,Tier 1,Y,Y,N
ENSG00000104894,CD37,Tier 1,N,Y,N
ENSG00000104921,FCER2,Tier 1,Y,Y,N
ENSG00000104936,DMPK,Tier 1,Y,N,N
ENSG00000105146,AURKC,Tier 1,Y,N,N
ENSG00000105173,CCNE1,Tier 1,Y,N,N
ENSG00000105204,DYRK1B,Tier 1,Y,N,N
ENSG00000105221,AKT2,Tier 1,Y,N,N
ENSG00000105287,PRKD2,Tier 1,Y,N,N
ENSG00000105329,TGFB1,Tier 1,Y,Y,N
ENSG00000105383,CD33,Tier 1,N,Y,N
ENSG00000105388,CEACAM5,Tier 1,N,Y,N
ENSG00000105397,TYK2,Tier 1,Y,N,N
ENSG00000105398,SULT2A1,Tier 1,N,N,Y
ENSG00000105409,ATP1A3,Tier 1,Y,N,N
ENSG00000105464,GRIN2D,Tier 1,Y,N,N
ENSG00000105613,MAST1,Tier 1,Y,N,N
ENSG00000105639,JAK3,Tier 1,Y,N,N
ENSG00000105650,PDE4C,Tier 1,Y,N,N
ENSG00000105675,ATP4A,Tier 1,Y,N,N
ENSG00000105695,MAG,Tier 1,N,Y,N
ENSG00000105697,HAMP,Tier 1,N,Y,N
ENSG00000105723,GSK3A,Tier 1,Y,N,N
ENSG00000105737,GRIK5,Tier 1,Y,N,N
ENSG00000105810,CDK6,Tier 1,Y,N,N
ENSG00000105851,PIK3CG,Tier 1,Y,N,N
ENSG00000105852,PON3,Tier 1,N,Y,Y
ENSG00000105854,PON2,Tier 1,N,Y,Y
ENSG00000105976,MET,Tier 1,Y,Y,N
ENSG00000106123,EPHB6,Tier 1,Y,Y,N
ENSG00000106128,GHRHR,Tier 1,Y,Y,N
ENSG00000106211,HSPB1,Tier 1,Y,N,N
ENSG00000106258,CYP3A5,Tier 1,Y,N,Y
ENSG00000106348,IMPDH1,Tier 1,Y,N,N
ENSG00000106546,AHR,Tier 1,Y,N,Y
ENSG00000106688,SLC1A1,Tier 1,Y,N,N
ENSG00000106799,TGFBR1,Tier 1,Y,Y,N
ENSG00000106804,C5,Tier 1,N,Y,N
ENSG00000106991,ENG,Tier 1,N,Y,N
ENSG00000107140,TESK1,Tier 1,Y,N,N
ENSG00000107159,CA9,Tier 1,Y,Y,N
ENSG00000107165,TYRP1,Tier 1,Y,Y,N
ENSG00000107643,MAPK8,Tier 1,Y,N,N
ENSG00000107854,TNKS2,Tier 1,Y,N,N
ENSG00000107984,DKK1,Tier 1,Y,Y,N
ENSG00000108242,CYP2C18,Tier 1,Y,N,Y
ENSG00000108405,P2RX1,Tier 1,Y,N,N
ENSG00000108443,RPS6KB1,Tier 1,Y,N,N
ENSG00000108556,CHRNE,Tier 1,Y,Y,N
ENSG00000108576,SLC6A4,Tier 1,Y,N,N
ENSG00000108602,ALDH3A1,Tier 1,Y,N,Y
ENSG00000108691,CCL2,Tier 1,N,Y,N
ENSG00000108786,HSD17B1,Tier 1,Y,N,N
ENSG00000108840,HDAC5,Tier 1,Y,N,N
ENSG00000108846,ABCC3,Tier 1,Y,Y,Y
ENSG00000108984,MAP2K6,Tier 1,Y,N,N
ENSG00000109016,DHRS7B,Tier 1,N,N,Y
ENSG00000109099,PMP22,Tier 1,Y,N,N
ENSG00000109158,GABRA4,Tier 1,Y,Y,N
ENSG00000109163,GNRHR,Tier 1,Y,Y,N
ENSG00000109181,UGT2B10,Tier 1,N,Y,Y
ENSG00000109193,SULT1E1,Tier 1,N,N,Y
ENSG00000109320,NFKB1,Tier 1,Y,N,N
ENSG00000109339,MAPK10,Tier 1,Y,N,N
ENSG00000109471,IL2,Tier 1,N,Y,N
ENSG00000109610,SOD3,Tier 1,N,Y,Y
ENSG00000110063,DCPS,Tier 1,Y,N,N
ENSG00000110092,CCND1,Tier 1,Y,N,N
ENSG00000110148,CCKBR,Tier 1,Y,Y,N
ENSG00000110195,FOLR1,Tier 1,N,Y,N
ENSG00000110330,BIRC2,Tier 1,Y,N,N
ENSG00000110422,HIPK3,Tier 1,Y,N,N
ENSG00000110448,CD5,Tier 1,N,Y,N
ENSG00000110628,SLC22A18,Tier 1,N,N,Y
ENSG00000110680,CALCA,Tier 1,Y,Y,N
ENSG00000110799,VWF,Tier 1,N,Y,N
ENSG00000110931,CAMKK2,Tier 1,Y,N,N
ENSG00000110944,IL23A,Tier 1,N,Y,N
ENSG00000111012,CYP27B1,Tier 1,Y,N,Y
ENSG00000111057,KRT18,Tier 1,N,Y,N
ENSG00000111142,METAP2,Tier 1,Y,N,N
ENSG00000111144,LTA4H,Tier 1,Y,N,N
ENSG00000111275,ALDH2,Tier 1,Y,N,Y
ENSG00000111319,SCNN1A,Tier 1,Y,Y,N
ENSG00000111321,LTBR,Tier 1,N,Y,N
ENSG00000111424,VDR,Tier 1,Y,N,N
ENSG00000111537,IFNG,Tier 1,N,Y,N
ENSG00000111700,SLCO1B3,Tier 1,N,N,Y
ENSG00000111816,FRK,Tier 1,Y,N,N
ENSG00000111837,MAK,Tier 1,Y,N,N
ENSG00000112033,PPARD,Tier 1,Y,N,Y
ENSG00000112038,OPRM1,Tier 1,Y,N,N
ENSG00000112062,MAPK14,Tier 1,Y,N,N
ENSG00000112096,SOD2,Tier 1,N,N,Y
ENSG00000112115,IL17A,Tier 1,N,Y,N
ENSG00000112116,IL17F,Tier 1,N,Y,N
ENSG00000112144,ICK,Tier 1,Y,N,N
ENSG00000112164,GLP1R,Tier 1,Y,Y,N
ENSG00000112294,ALDH5A1,Tier 1,Y,N,Y
ENSG00000112312,GMNN,Tier 1,Y,N,N
ENSG00000112499,SLC22A2,Tier 1,Y,N,Y
ENSG00000112541,PDE10A,Tier 1,Y,N,N
ENSG00000112576,CCND3,Tier 1,Y,N,N
ENSG00000112715,VEGFA,Tier 1,N,Y,N
ENSG00000112739,PRPF4B,Tier 1,Y,N,N
ENSG00000112742,TTK,Tier 1,Y,N,N
ENSG00000112759,SLC29A1,Tier 1,Y,N,Y
ENSG00000112769,LAMA4,Tier 1,N,Y,N
ENSG00000112964,GHR,Tier 1,N,Y,N
ENSG00000113070,HBEGF,Tier 1,N,Y,N
ENSG00000113161,HMGCR,Tier 1,Y,N,N
ENSG00000113231,PDE8B,Tier 1,Y,N,N
ENSG00000113240,CLK4,Tier 1,Y,N,N
ENSG00000113263,ITK,Tier 1,Y,N,N
ENSG00000113302,IL12B,Tier 1,N,Y,N
ENSG00000113327,GABRG2,Tier 1,Y,Y,N
ENSG00000113448,PDE4D,Tier 1,Y,N,N
ENSG00000113494,PRLR,Tier 1,N,Y,N
ENSG00000113520,IL4,Tier 1,N,Y,N
ENSG00000113525,IL5,Tier 1,N,Y,N
ENSG00000113578,FGF1,Tier 1,Y,Y,N
ENSG00000113580,NR3C1,Tier 1,Y,N,N
ENSG00000113712,CSNK1A1,Tier 1,Y,N,N
ENSG00000113721,PDGFRB,Tier 1,Y,Y,N
ENSG00000113749,HRH2,Tier 1,Y,N,N
ENSG00000114013,CD86,Tier 1,N,Y,N
ENSG00000114124,GRK7,Tier 1,Y,N,N
ENSG00000114200,BCHE,Tier 1,Y,Y,N
ENSG00000114770,ABCC5,Tier 1,Y,N,Y
ENSG00000114859,CLCN2,Tier 1,Y,N,N
ENSG00000115008,IL1A,Tier 1,N,Y,N
ENSG00000115085,ZAP70,Tier 1,Y,N,N
ENSG00000115159,GPD2,Tier 1,Y,N,N
ENSG00000115170,ACVR1,Tier 1,Y,Y,N
ENSG00000115221,ITGB6,Tier 1,Y,Y,N
ENSG00000115232,ITGA4,Tier 1,Y,Y,N
ENSG00000115310,RTN4,Tier 1,N,Y,N
ENSG00000115353,TACR1,Tier 1,Y,Y,N
ENSG00000115414,FN1,Tier 1,N,Y,N
ENSG00000115486,GGCX,Tier 1,Y,N,N
ENSG00000115526,CHST10,Tier 1,N,N,Y
ENSG00000115590,IL1R2,Tier 1,N,Y,N
ENSG00000115594,IL1R1,Tier 1,N,Y,N
ENSG00000115657,ABCB6,Tier 1,N,N,Y
ENSG00000115661,STK16,Tier 1,Y,N,N
ENSG00000115694,STK25,Tier 1,Y,N,N
ENSG00000115705,TPO,Tier 1,Y,N,N
ENSG00000115758,ODC1,Tier 1,Y,N,N
ENSG00000115825,PRKD3,Tier 1,Y,N,N
ENSG00000115884,SDC1,Tier 1,N,Y,N
ENSG00000115977,AAK1,Tier 1,Y,N,N
ENSG00000116032,GRIN3B,Tier 1,Y,N,N
ENSG00000116106,EPHA4,Tier 1,Y,N,N
ENSG00000116141,MARK1,Tier 1,Y,N,N
ENSG00000116157,GPX7,Tier 1,N,N,Y
ENSG00000116329,OPRD1,Tier 1,Y,N,N
ENSG00000116478,HDAC1,Tier 1,Y,N,N
ENSG00000116711,PLA2G4A,Tier 1,Y,N,N
ENSG00000116783,TNNI3K,Tier 1,Y,N,N
ENSG00000116824,CD2,Tier 1,N,Y,N
ENSG00000117013,KCNQ4,Tier 1,Y,Y,N
ENSG00000117020,AKT3,Tier 1,Y,N,N
ENSG00000117215,PLA2G2D,Tier 1,Y,Y,N
ENSG00000117362,APH1A,Tier 1,Y,N,N
ENSG00000117400,MPL,Tier 1,Y,Y,N
ENSG00000117448,AKR1A1,Tier 1,Y,N,N
ENSG00000117480,FAAH,Tier 1,Y,N,N
ENSG00000117507,FMO6P,Tier 1,N,N,Y
ENSG00000117525,F3,Tier 1,Y,Y,N
ENSG00000117586,TNFSF4,Tier 1,N,Y,N
ENSG00000117594,HSD11B1,Tier 1,Y,N,Y
ENSG00000117601,SERPINC1,Tier 1,Y,Y,N
ENSG00000117650,NEK2,Tier 1,Y,N,N
ENSG00000117676,RPS6KA1,Tier 1,Y,N,N
ENSG00000117971,CHRNB4,Tier 1,Y,N,N
ENSG00000117984,CTSD,Tier 1,Y,Y,N
ENSG00000118046,STK11,Tier 1,Y,N,N
ENSG00000118058,KMT2A,Tier 1,Y,N,N
ENSG00000118113,MMP8,Tier 1,Y,Y,N
ENSG00000118271,TTR,Tier 1,Y,Y,N
ENSG00000118298,CA14,Tier 1,Y,N,N
ENSG00000118432,CNR1,Tier 1,Y,N,N
ENSG00000118514,ALDH8A1,Tier 1,Y,N,Y
ENSG00000118523,CTGF,Tier 1,N,Y,N
ENSG00000118777,ABCG2,Tier 1,Y,Y,Y
ENSG00000118785,SPP1,Tier 1,N,Y,N
ENSG00000118971,CCND2,Tier 1,Y,N,N
ENSG00000119004,CYP20A1,Tier 1,Y,N,Y
ENSG00000119535,CSF3R,Tier 1,N,Y,N
ENSG00000119630,PGF,Tier 1,N,Y,N
ENSG00000119699,TGFB3,Tier 1,N,Y,N
ENSG00000119711,ALDH6A1,Tier 1,Y,N,Y
ENSG00000119715,ESRRB,Tier 1,Y,N,N
ENSG00000119772,DNMT3A,Tier 1,Y,N,N
ENSG00000119782,FKBP1B,Tier 1,Y,N,N
ENSG00000119888,EPCAM,Tier 1,N,Y,N
ENSG00000120088,CRHR1,Tier 1,Y,Y,N
ENSG00000120156,TEK,Tier 1,Y,Y,N
ENSG00000120217,CD274,Tier 1,N,Y,N
ENSG00000120235,IFNA6,Tier 1,N,Y,N
ENSG00000120242,IFNA8,Tier 1,N,Y,N
ENSG00000120251,GRIA2,Tier 1,Y,Y,N
ENSG00000120659,TNFSF11,Tier 1,N,Y,N
ENSG00000120889,TNFRSF10B,Tier 1,N,Y,N
ENSG00000120899,PTK2B,Tier 1,Y,N,N
ENSG00000120903,CHRNA2,Tier 1,Y,Y,N
ENSG00000120907,ADRA1A,Tier 1,Y,Y,N
ENSG00000120915,EPHX2,Tier 1,Y,N,Y
ENSG00000120949,TNFRSF8,Tier 1,N,Y,N
ENSG00000121270,ABCC11,Tier 1,Y,N,Y
ENSG00000121351,IAPP,Tier 1,N,Y,Y
ENSG00000121361,KCNJ8,Tier 1,Y,Y,N
ENSG00000121594,CD80,Tier 1,N,Y,N
ENSG00000121691,CAT,Tier 1,N,N,Y
ENSG00000121764,HCRTR1,Tier 1,Y,Y,N
ENSG00000121807,CCR2,Tier 1,Y,Y,N
ENSG00000121853,GHSR,Tier 1,Y,Y,N
ENSG00000121879,PIK3CA,Tier 1,Y,N,N
ENSG00000121933,ADORA3,Tier 1,Y,Y,N
ENSG00000121966,CXCR4,Tier 1,Y,Y,N
ENSG00000122025,FLT3,Tier 1,Y,Y,N
ENSG00000122194,PLG,Tier 1,Y,Y,N
ENSG00000122420,PTGFR,Tier 1,Y,Y,N
ENSG00000122641,INHBA,Tier 1,N,Y,N
ENSG00000122863,CHST3,Tier 1,N,N,Y
ENSG00000122966,CIT,Tier 1,Y,N,N
ENSG00000123143,PKN1,Tier 1,Y,N,N
ENSG00000123179,EBPL,Tier 1,Y,N,N
ENSG00000123191,ATP7B,Tier 1,N,N,Y
ENSG00000123201,GUCY1B2,Tier 1,Y,N,N
ENSG00000123374,CDK2,Tier 1,Y,N,N
ENSG00000123505,AMD1,Tier 1,Y,N,N
ENSG00000123561,SERPINA7,Tier 1,N,Y,Y
ENSG00000123595,RAB9A,Tier 1,Y,N,N
ENSG00000124089,MC3R,Tier 1,Y,Y,N
ENSG00000124302,CHST8,Tier 1,N,N,Y
ENSG00000124574,ABCC10,Tier 1,Y,N,Y
ENSG00000124588,NQO2,Tier 1,Y,N,N
ENSG00000124610,HIST1H1A,Tier 1,N,Y,N
ENSG00000124784,RIOK1,Tier 1,Y,N,N
ENSG00000124882,EREG,Tier 1,N,Y,N
ENSG00000125255,SLC10A2,Tier 1,Y,N,Y
ENSG00000125257,ABCC4,Tier 1,Y,N,Y
ENSG00000125384,PTGER2,Tier 1,Y,N,N
ENSG00000125388,GRK4,Tier 1,Y,N,N
ENSG00000125498,KIR2DL1,Tier 1,N,Y,N
ENSG00000125508,SRMS,Tier 1,Y,N,N
ENSG00000125510,OPRL1,Tier 1,Y,Y,N
ENSG00000125538,IL1B,Tier 1,N,Y,N
ENSG00000125551,PLGLB2,Tier 1,N,Y,Y
ENSG00000125675,GRIA3,Tier 1,Y,Y,N
ENSG00000125726,CD70,Tier 1,N,Y,N
ENSG00000125735,TNFSF14,Tier 1,N,Y,N
ENSG00000125834,STK35,Tier 1,Y,N,N
ENSG00000125910,S1PR4,Tier 1,Y,Y,N
ENSG00000126067,PSMB2,Tier 1,Y,N,N
ENSG00000126218,F10,Tier 1,Y,Y,N
ENSG00000126266,FFAR1,Tier 1,Y,N,N
ENSG00000126351,THRA,Tier 1,Y,N,N
ENSG00000126583,PRKCG,Tier 1,Y,N,N
ENSG00000126895,AVPR2,Tier 1,Y,Y,N
ENSG00000126934,MAP2K2,Tier 1,Y,N,N
ENSG00000127318,IL22,Tier 1,N,Y,N
ENSG00000127334,DYRK2,Tier 1,Y,N,N
ENSG00000127554,GFER,Tier 1,Y,Y,N
ENSG00000127948,POR,Tier 1,N,N,Y
ENSG00000128039,SRD5A3,Tier 1,Y,N,N
ENSG00000128052,KDR,Tier 1,Y,Y,N
ENSG00000128059,PPAT,Tier 1,Y,N,N
ENSG00000128271,ADORA2A,Tier 1,Y,Y,N
ENSG00000128602,SMO,Tier 1,Y,N,N
ENSG00000128655,PDE11A,Tier 1,Y,N,N
ENSG00000128829,EIF2AK4,Tier 1,Y,N,N
ENSG00000128917,DLL4,Tier 1,N,Y,N
ENSG00000128918,ALDH1A2,Tier 1,Y,N,Y
ENSG00000129214,SHBG,Tier 1,Y,Y,N
ENSG00000129315,CCNT1,Tier 1,Y,N,N
ENSG00000129484,PARP2,Tier 1,Y,N,N
ENSG00000129521,EGLN3,Tier 1,Y,N,N
ENSG00000130304,SLC27A1,Tier 1,Y,N,Y
ENSG00000130413,STK33,Tier 1,Y,N,N
ENSG00000130540,SULT4A1,Tier 1,N,N,Y
ENSG00000130649,CYP2E1,Tier 1,Y,N,Y
ENSG00000130669,PAK4,Tier 1,Y,N,N
ENSG00000130702,LAMA5,Tier 1,N,Y,N
ENSG00000130758,MAP3K10,Tier 1,Y,N,N
ENSG00000130816,DNMT1,Tier 1,Y,N,N
ENSG00000131023,LATS1,Tier 1,Y,N,N
ENSG00000131269,ABCB7,Tier 1,N,N,Y
ENSG00000131389,SLC6A6,Tier 1,Y,N,Y
ENSG00000131471,AOC3,Tier 1,Y,Y,N
ENSG00000131686,CA6,Tier 1,Y,Y,N
ENSG00000131747,TOP2A,Tier 1,Y,N,N
ENSG00000131759,RARA,Tier 1,Y,N,N
ENSG00000131781,FMO5,Tier 1,N,N,Y
ENSG00000132155,RAF1,Tier 1,Y,N,N
ENSG00000132170,PPARG,Tier 1,Y,N,Y
ENSG00000132329,RAMP1,Tier 1,Y,Y,N
ENSG00000132356,PRKAA1,Tier 1,Y,N,N
ENSG00000132437,DDC,Tier 1,Y,N,N
ENSG00000132639,SNAP25,Tier 1,N,Y,N
ENSG00000132671,SSTR4,Tier 1,Y,Y,N
ENSG00000132681,ATP1A4,Tier 1,Y,N,N
ENSG00000132746,ALDH3B2,Tier 1,N,N,Y
ENSG00000132964,CDK8,Tier 1,Y,N,N
ENSG00000132965,ALOX5AP,Tier 1,Y,N,N
ENSG00000133019,CHRM3,Tier 1,Y,Y,N
ENSG00000133059,DSTYK,Tier 1,Y,N,N
ENSG00000133083,DCLK1,Tier 1,Y,N,N
ENSG00000133101,CCNA1,Tier 1,Y,N,N
ENSG00000133216,EPHB2,Tier 1,Y,N,N
ENSG00000133433,GSTT2B,Tier 1,N,N,Y
ENSG00000133731,IMPA1,Tier 1,Y,N,N
ENSG00000133742,CA1,Tier 1,Y,N,N
ENSG00000134057,CCNB1,Tier 1,Y,N,N
ENSG00000134058,CDK7,Tier 1,Y,N,N
ENSG00000134184,GSTM1,Tier 1,N,N,Y
ENSG00000134201,GSTM5,Tier 1,N,N,Y
ENSG00000134202,GSTM3,Tier 1,N,N,Y
ENSG00000134259,NGF,Tier 1,Y,Y,N
ENSG00000134318,ROCK2,Tier 1,Y,N,N
ENSG00000134352,IL6ST,Tier 1,N,Y,N
ENSG00000134460,IL2RA,Tier 1,N,Y,N
ENSG00000134489,HRH4,Tier 1,Y,Y,N
ENSG00000134538,SLCO1B1,Tier 1,Y,N,Y
ENSG00000134602,,Tier 1,Y,N,N
ENSG00000134640,MTNR1B,Tier 1,Y,N,N
ENSG00000134716,CYP2J2,Tier 1,Y,N,Y
ENSG00000134780,DAGLA,Tier 1,Y,N,N
ENSG00000134853,PDGFRA,Tier 1,Y,Y,N
ENSG00000135047,CTSL,Tier 1,Y,N,N
ENSG00000135090,TAOK3,Tier 1,Y,N,N
ENSG00000135226,UGT2B28,Tier 1,N,N,Y
ENSG00000135250,SRPK2,Tier 1,Y,N,N
ENSG00000135312,HTR1B,Tier 1,Y,Y,N
ENSG00000135318,NT5E,Tier 1,Y,Y,N
ENSG00000135333,EPHA7,Tier 1,Y,N,N
ENSG00000135341,MAP3K7,Tier 1,Y,N,N
ENSG00000135446,CDK4,Tier 1,Y,N,N
ENSG00000135503,ACVR1B,Tier 1,Y,N,N
ENSG00000135605,TEC,Tier 1,Y,N,N
ENSG00000135679,MDM2,Tier 1,Y,N,N
ENSG00000135702,CHST5,Tier 1,N,N,Y
ENSG00000135766,EGLN1,Tier 1,Y,N,N
ENSG00000135821,GLUL,Tier 1,Y,N,N
ENSG00000135862,LAMC1,Tier 1,N,Y,N
ENSG00000135902,CHRND,Tier 1,Y,Y,N
ENSG00000135914,HTR2B,Tier 1,Y,Y,N
ENSG00000135929,CYP27A1,Tier 1,Y,N,Y
ENSG00000136160,EDNRB,Tier 1,Y,Y,N
ENSG00000136213,CHST12,Tier 1,N,N,Y
ENSG00000136235,GPNMB,Tier 1,N,Y,N
ENSG00000136244,IL6,Tier 1,N,Y,N
ENSG00000136531,SCN2A,Tier 1,Y,N,N
ENSG00000136546,SCN7A,Tier 1,Y,N,N
ENSG00000136573,BLK,Tier 1,Y,N,N
ENSG00000136634,IL10,Tier 1,N,Y,N
ENSG00000136807,CDK9,Tier 1,Y,N,N
ENSG00000136875,PRPF4,Tier 1,Y,N,N
ENSG00000136928,GABBR2,Tier 1,Y,N,N
ENSG00000136943,CTSV,Tier 1,Y,N,N
ENSG00000137070,IL11RA,Tier 1,N,Y,N
ENSG00000137124,ALDH1B1,Tier 1,Y,N,Y
ENSG00000137193,PIM1,Tier 1,Y,N,N
ENSG00000137204,SLC22A7,Tier 1,Y,N,Y
ENSG00000137252,HCRTR2,Tier 1,Y,Y,N
ENSG00000137267,TUBB2A,Tier 1,Y,Y,N
ENSG00000137275,RIPK1,Tier 1,Y,N,N
ENSG00000137285,TUBB2B,Tier 1,Y,Y,N
ENSG00000137364,TPMT,Tier 1,Y,N,Y
ENSG00000137491,SLCO2B1,Tier 1,Y,N,Y
ENSG00000137509,PRCP,Tier 1,Y,N,N
ENSG00000137571,SLCO5A1,Tier 1,N,N,Y
ENSG00000137573,SULF1,Tier 1,N,Y,Y
ENSG00000137673,MMP7,Tier 1,Y,Y,N
ENSG00000137745,MMP13,Tier 1,Y,Y,N
ENSG00000137752,CASP1,Tier 1,Y,N,N
ENSG00000137764,MAP2K5,Tier 1,Y,N,N
ENSG00000137843,PAK6,Tier 1,Y,N,N
ENSG00000137845,ADAM10,Tier 1,Y,Y,N
ENSG00000137860,SLC28A2,Tier 1,N,N,Y
ENSG00000137869,CYP19A1,Tier 1,Y,N,Y
ENSG00000137975,CLCA2,Tier 1,Y,Y,N
ENSG00000138039,LHCGR,Tier 1,Y,Y,N
ENSG00000138061,CYP1B1,Tier 1,Y,N,Y
ENSG00000138074,SLC5A6,Tier 1,N,N,Y
ENSG00000138109,CYP2C9,Tier 1,Y,N,Y
ENSG00000138115,CYP2C8,Tier 1,Y,N,Y
ENSG00000138160,KIF11,Tier 1,Y,N,N
ENSG00000138356,AOX1,Tier 1,Y,N,Y
ENSG00000138379,MSTN,Tier 1,N,Y,N
ENSG00000138435,CHRNA1,Tier 1,Y,Y,N
ENSG00000138448,ITGAV,Tier 1,Y,Y,N
ENSG00000138449,SLC40A1,Tier 1,N,Y,N
ENSG00000138613,APH1B,Tier 1,Y,N,N
ENSG00000138669,PRKG2,Tier 1,Y,N,N
ENSG00000138685,FGF2,Tier 1,Y,Y,N
ENSG00000138696,BMPR1B,Tier 1,Y,Y,N
ENSG00000138735,PDE5A,Tier 1,Y,N,N
ENSG00000138756,BMP2K,Tier 1,Y,N,N
ENSG00000138769,CDKL2,Tier 1,Y,N,N
ENSG00000138780,GSTCD,Tier 1,N,N,Y
ENSG00000138814,PPP3CA,Tier 1,Y,N,N
ENSG00000138823,MTTP,Tier 1,Y,N,N
ENSG00000139155,SLCO1C1,Tier 1,N,N,Y
ENSG00000139567,ACVRL1,Tier 1,Y,Y,N
ENSG00000139610,CELA1,Tier 1,Y,Y,N
ENSG00000139625,MAP3K12,Tier 1,Y,N,N
ENSG00000139626,ITGB7,Tier 1,Y,Y,N
ENSG00000139874,SSTR1,Tier 1,Y,Y,N
ENSG00000140009,ESR2,Tier 1,Y,N,N
ENSG00000140443,IGF1R,Tier 1,Y,Y,N
ENSG00000140459,CYP11A1,Tier 1,Y,N,Y
ENSG00000140465,CYP1A1,Tier 1,Y,N,Y
ENSG00000140474,ULK3,Tier 1,Y,N,N
ENSG00000140505,CYP1A2,Tier 1,Y,N,Y
ENSG00000140538,NTRK3,Tier 1,Y,Y,N
ENSG00000140675,SLC5A2,Tier 1,Y,N,N
ENSG00000140795,MYLK3,Tier 1,Y,N,N
ENSG00000140798,ABCC12,Tier 1,Y,N,Y
ENSG00000140835,CHST4,Tier 1,N,N,Y
ENSG00000140992,PDPK1,Tier 1,Y,N,N
ENSG00000141458,NPC1,Tier 1,Y,N,N
ENSG00000141503,MINK1,Tier 1,Y,N,N
ENSG00000141510,TP53,Tier 1,Y,N,N
ENSG00000141551,CSNK1D,Tier 1,Y,N,N
ENSG00000141720,PIP4K2B,Tier 1,Y,N,N
ENSG00000141736,ERBB2,Tier 1,Y,Y,N
ENSG00000141744,PNMT,Tier 1,Y,N,Y
ENSG00000142002,DPP9,Tier 1,Y,N,N
ENSG00000142166,IFNAR1,Tier 1,N,Y,N
ENSG00000142168,SOD1,Tier 1,N,Y,Y
ENSG00000142178,SIK1,Tier 1,Y,N,N
ENSG00000142192,APP,Tier 1,Y,Y,N
ENSG00000142208,AKT1,Tier 1,Y,N,N
ENSG00000142319,SLC6A3,Tier 1,Y,N,N
ENSG00000142494,SLC47A1,Tier 1,Y,N,Y
ENSG00000142583,SLC2A5,Tier 1,N,N,Y
ENSG00000142627,EPHA2,Tier 1,Y,N,N
ENSG00000142731,PLK4,Tier 1,Y,N,N
ENSG00000142973,CYP4B1,Tier 1,Y,N,Y
ENSG00000143149,ALDH9A1,Tier 1,Y,N,Y
ENSG00000143167,GPA33,Tier 1,N,Y,N
ENSG00000143171,RXRG,Tier 1,Y,N,N
ENSG00000143198,MGST3,Tier 1,N,N,Y
ENSG00000143217,PVRL4,Tier 1,N,Y,N
ENSG00000143257,NR1I3,Tier 1,Y,N,Y
ENSG00000143322,ABL2,Tier 1,Y,N,N
ENSG00000143365,RORC,Tier 1,Y,N,N
ENSG00000143387,CTSK,Tier 1,Y,N,N
ENSG00000143398,PIP5K1A,Tier 1,Y,N,N
ENSG00000143437,ARNT,Tier 1,N,N,Y
ENSG00000143466,IKBKE,Tier 1,Y,N,N
ENSG00000143498,TAF1A,Tier 1,Y,N,N
ENSG00000143799,PARP1,Tier 1,Y,N,N
ENSG00000143801,PSEN2,Tier 1,Y,N,N
ENSG00000143819,EPHX1,Tier 1,N,N,Y
ENSG00000143839,REN,Tier 1,Y,Y,N
ENSG00000143851,PTPN7,Tier 1,Y,N,N
ENSG00000144230,GPR17,Tier 1,Y,Y,N
ENSG00000144285,SCN1A,Tier 1,Y,N,N
ENSG00000144481,TRPM8,Tier 1,Y,N,N
ENSG00000144671,SLC22A14,Tier 1,Y,N,Y
ENSG00000144852,NR1I2,Tier 1,Y,N,Y
ENSG00000144891,AGTR1,Tier 1,Y,Y,N
ENSG00000145242,EPHA5,Tier 1,Y,Y,N
ENSG00000145321,GC,Tier 1,Y,Y,N
ENSG00000145349,CAMK2D,Tier 1,Y,N,N
ENSG00000145386,CCNA2,Tier 1,Y,N,N
ENSG00000145545,SRD5A1,Tier 1,Y,N,N
ENSG00000145777,TSLP,Tier 1,N,Y,N
ENSG00000145839,IL9,Tier 1,N,Y,N
ENSG00000145863,GABRA6,Tier 1,Y,Y,N
ENSG00000145864,GABRB2,Tier 1,Y,Y,N
ENSG00000145888,GLRA1,Tier 1,Y,Y,N
ENSG00000145949,MYLK4,Tier 1,Y,N,N
ENSG00000146070,PLA2G7,Tier 1,Y,Y,N
ENSG00000146233,CYP39A1,Tier 1,N,N,Y
ENSG00000146242,TPBG,Tier 1,Y,Y,N
ENSG00000146399,TAAR1,Tier 1,Y,Y,N
ENSG00000146477,SLC22A3,Tier 1,Y,N,Y
ENSG00000146648,EGFR,Tier 1,Y,Y,N
ENSG00000146872,TLK2,Tier 1,Y,N,N
ENSG00000146904,EPHA1,Tier 1,Y,N,N
ENSG00000147082,CCNB3,Tier 1,Y,N,N
ENSG00000147099,HDAC8,Tier 1,Y,N,N
ENSG00000147119,CHST7,Tier 1,N,N,Y
ENSG00000147155,EBP,Tier 1,Y,N,N
ENSG00000147246,HTR2C,Tier 1,Y,Y,N
ENSG00000147257,GPC3,Tier 1,N,Y,N
ENSG00000147576,ADHFE1,Tier 1,N,N,Y
ENSG00000147873,IFNA5,Tier 1,N,Y,N
ENSG00000147955,SIGMAR1,Tier 1,Y,N,N
ENSG00000148053,NTRK2,Tier 1,Y,Y,N
ENSG00000148154,UGCG,Tier 1,Y,N,N
ENSG00000148344,PTGES,Tier 1,Y,N,N
ENSG00000148400,NOTCH1,Tier 1,Y,Y,N
ENSG00000148408,CACNA1B,Tier 1,Y,Y,N
ENSG00000148660,CAMK2G,Tier 1,Y,N,N
ENSG00000148680,HTR7,Tier 1,Y,Y,N
ENSG00000148795,CYP17A1,Tier 1,Y,N,Y
ENSG00000148834,GSTO1,Tier 1,N,N,Y
ENSG00000148848,ADAM12,Tier 1,Y,Y,N
ENSG00000149269,PAK1,Tier 1,Y,N,N
ENSG00000149294,NCAM1,Tier 1,N,Y,N
ENSG00000149295,DRD2,Tier 1,Y,Y,N
ENSG00000149305,HTR3B,Tier 1,Y,N,N
ENSG00000149403,GRIK4,Tier 1,Y,N,N
ENSG00000149452,SLC22A8,Tier 1,Y,N,Y
ENSG00000149554,CHEK1,Tier 1,Y,N,N
ENSG00000149742,SLC22A9,Tier 1,Y,N,Y
ENSG00000149968,MMP3,Tier 1,Y,Y,N
ENSG00000150093,ITGB1,Tier 1,Y,Y,N
ENSG00000150337,FCGR1A,Tier 1,N,Y,N
ENSG00000150457,LATS2,Tier 1,Y,N,N
ENSG00000150540,HNMT,Tier 1,Y,N,Y
ENSG00000150593,PDCD4,Tier 1,Y,N,N
ENSG00000150594,ADRA2A,Tier 1,Y,Y,N
ENSG00000150782,IL18,Tier 1,N,Y,N
ENSG00000151067,CACNA1C,Tier 1,Y,N,N
ENSG00000151090,THRB,Tier 1,Y,N,N
ENSG00000151224,MAT1A,Tier 1,N,N,Y
ENSG00000151247,EIF4E,Tier 1,Y,N,N
ENSG00000151422,FER,Tier 1,Y,N,N
ENSG00000151577,DRD3,Tier 1,Y,Y,N
ENSG00000151617,EDNRA,Tier 1,Y,Y,N
ENSG00000151623,NR3C2,Tier 1,Y,N,N
ENSG00000151665,PIGF,Tier 1,N,Y,N
ENSG00000151694,ADAM17,Tier 1,Y,Y,N
ENSG00000151834,GABRA2,Tier 1,Y,Y,N
ENSG00000152270,PDE3B,Tier 1,Y,N,Y
ENSG00000152578,GRIA4,Tier 1,Y,Y,N
ENSG00000152601,MBNL1,Tier 1,Y,N,N
ENSG00000152822,GRM1,Tier 1,Y,N,N
ENSG00000153208,MERTK,Tier 1,Y,Y,N
ENSG00000153253,SCN3A,Tier 1,Y,N,N
ENSG00000153923,CLCA3P,Tier 1,Y,N,N
ENSG00000153956,CACNA2D1,Tier 1,Y,N,N
ENSG00000154080,CHST9,Tier 1,N,Y,Y
ENSG00000154188,ANGPT1,Tier 1,N,Y,N
ENSG00000154229,PRKCA,Tier 1,Y,N,N
ENSG00000154310,TNIK,Tier 1,Y,N,N
ENSG00000154928,EPHB1,Tier 1,Y,Y,N
ENSG00000155111,CDK19,Tier 1,Y,N,N
ENSG00000155380,SLC16A1,Tier 1,Y,N,Y
ENSG00000155465,SLC7A7,Tier 1,N,N,Y
ENSG00000155511,GRIA1,Tier 1,Y,Y,N
ENSG00000156006,NAT2,Tier 1,N,N,Y
ENSG00000156096,UGT2B4,Tier 1,N,Y,Y
ENSG00000156103,MMP16,Tier 1,Y,Y,N
ENSG00000156222,SLC28A1,Tier 1,N,N,Y
ENSG00000156427,FGF18,Tier 1,Y,Y,N
ENSG00000156711,MAPK13,Tier 1,Y,N,N
ENSG00000156738,MS4A1,Tier 1,N,Y,N
ENSG00000156873,PHKG2,Tier 1,Y,N,N
ENSG00000157005,SST,Tier 1,N,Y,N
ENSG00000157017,GHRL,Tier 1,Y,Y,N
ENSG00000157103,SLC6A1,Tier 1,Y,N,N
ENSG00000157219,HTR5A,Tier 1,Y,Y,N
ENSG00000157227,MMP14,Tier 1,Y,N,N
ENSG00000157326,DHRS4,Tier 1,N,N,Y
ENSG00000157379,DHRS1,Tier 1,N,N,Y
ENSG00000157388,CACNA1D,Tier 1,Y,N,N
ENSG00000157404,KIT,Tier 1,Y,Y,N
ENSG00000157456,CCNB2,Tier 1,Y,N,N
ENSG00000157540,DYRK1A,Tier 1,Y,N,N
ENSG00000157764,BRAF,Tier 1,Y,N,N
ENSG00000157765,SLC34A2,Tier 1,N,Y,N
ENSG00000158104,HPD,Tier 1,Y,N,N
ENSG00000158125,XDH,Tier 1,Y,Y,Y
ENSG00000158296,SLC13A3,Tier 1,N,N,Y
ENSG00000158748,HTR6,Tier 1,Y,Y,N
ENSG00000158825,CDA,Tier 1,Y,Y,Y
ENSG00000159110,IFNAR2,Tier 1,N,Y,N
ENSG00000159128,IFNGR2,Tier 1,N,Y,N
ENSG00000159131,GART,Tier 1,Y,N,N
ENSG00000159164,SV2A,Tier 1,Y,N,N
ENSG00000159228,CBR1,Tier 1,Y,N,Y
ENSG00000159231,CBR3,Tier 1,N,N,Y
ENSG00000159423,ALDH4A1,Tier 1,Y,N,Y
ENSG00000159640,ACE,Tier 1,Y,Y,N
ENSG00000159958,TNFRSF13C,Tier 1,N,Y,N
ENSG00000160013,PTGIR,Tier 1,Y,N,N
ENSG00000160179,ABCG1,Tier 1,N,Y,Y
ENSG00000160223,ICOSLG,Tier 1,N,Y,N
ENSG00000160255,ITGB2,Tier 1,Y,Y,N
ENSG00000160396,HIPK4,Tier 1,Y,N,N
ENSG00000160469,BRSK1,Tier 1,Y,N,N
ENSG00000160551,TAOK1,Tier 1,Y,N,N
ENSG00000160584,SIK3,Tier 1,Y,N,N
ENSG00000160683,CXCR5,Tier 1,Y,Y,N
ENSG00000160712,IL6R,Tier 1,N,Y,N
ENSG00000160716,CHRNB2,Tier 1,Y,Y,N
ENSG00000160752,FDPS,Tier 1,Y,N,N
ENSG00000160789,LMNA,Tier 1,Y,N,N
ENSG00000160791,CCR5,Tier 1,Y,Y,N
ENSG00000160801,PTH1R,Tier 1,Y,Y,N
ENSG00000160867,FGFR4,Tier 1,Y,Y,N
ENSG00000160868,CYP3A4,Tier 1,Y,N,Y
ENSG00000160870,CYP3A7,Tier 1,Y,N,Y
ENSG00000160882,CYP11B1,Tier 1,Y,N,Y
ENSG00000160951,PTGER1,Tier 1,Y,N,N
ENSG00000161509,GRIN2C,Tier 1,Y,N,N
ENSG00000161638,ITGA5,Tier 1,Y,Y,N
ENSG00000161905,ALOX15,Tier 1,Y,N,N
ENSG00000162009,SSTR5,Tier 1,Y,Y,N
ENSG00000162302,RPS6KA4,Tier 1,Y,N,N
ENSG00000162409,PRKAA2,Tier 1,Y,N,N
ENSG00000162434,JAK1,Tier 1,Y,N,N
ENSG00000162496,DHRS3,Tier 1,N,N,Y
ENSG00000162733,DDR2,Tier 1,Y,Y,N
ENSG00000162736,NCSTN,Tier 1,Y,N,N
ENSG00000163131,CTSS,Tier 1,Y,N,N
ENSG00000163235,TGFA,Tier 1,N,Y,N
ENSG00000163285,GABRG1,Tier 1,Y,Y,N
ENSG00000163288,GABRB1,Tier 1,Y,Y,N
ENSG00000163349,HIPK1,Tier 1,Y,N,N
ENSG00000163393,SLC22A15,Tier 1,Y,N,Y
ENSG00000163394,CCKAR,Tier 1,Y,Y,N
ENSG00000163399,ATP1A1,Tier 1,Y,N,N
ENSG00000163406,SLC15A2,Tier 1,Y,N,Y
ENSG00000163464,CXCR1,Tier 1,Y,Y,N
ENSG00000163485,ADORA1,Tier 1,Y,N,N
ENSG00000163513,TGFBR2,Tier 1,Y,Y,N
ENSG00000163517,HDAC11,Tier 1,Y,N,N
ENSG00000163545,NUAK2,Tier 1,Y,N,N
ENSG00000163558,PRKCI,Tier 1,Y,N,N
ENSG00000163586,FABP1,Tier 1,Y,N,N
ENSG00000163599,CTLA4,Tier 1,N,Y,N
ENSG00000163600,ICOS,Tier 1,N,Y,N
ENSG00000163673,DCLK3,Tier 1,Y,N,N
ENSG00000163823,CCR1,Tier 1,Y,Y,N
ENSG00000163873,GRIK3,Tier 1,Y,N,N
ENSG00000163932,PRKCD,Tier 1,Y,N,N
ENSG00000164024,METAP1,Tier 1,Y,N,Y
ENSG00000164078,MST1R,Tier 1,Y,Y,N
ENSG00000164082,GRM2,Tier 1,Y,N,N
ENSG00000164129,NPY5R,Tier 1,Y,Y,N
ENSG00000164136,IL15,Tier 1,N,Y,N
ENSG00000164171,ITGA2,Tier 1,Y,Y,N
ENSG00000164270,HTR4,Tier 1,Y,Y,N
ENSG00000164344,KLKB1,Tier 1,Y,Y,N
ENSG00000164400,CSF2,Tier 1,N,Y,N
ENSG00000164418,GRIK2,Tier 1,Y,N,N
ENSG00000164535,DAGLB,Tier 1,Y,N,N
ENSG00000164543,STK17A,Tier 1,Y,N,N
ENSG00000164647,STEAP1,Tier 1,N,Y,N
ENSG00000164690,SHH,Tier 1,Y,Y,N
ENSG00000164733,CTSB,Tier 1,Y,N,N
ENSG00000164742,ADCY1,Tier 1,Y,N,N
ENSG00000164776,PHKG1,Tier 1,Y,N,N
ENSG00000164850,GPER1,Tier 1,Y,Y,N
ENSG00000164867,NOS3,Tier 1,Y,N,Y
ENSG00000164879,CA3,Tier 1,Y,N,N
ENSG00000164885,CDK5,Tier 1,Y,N,N
ENSG00000164904,ALDH7A1,Tier 1,Y,N,Y
ENSG00000165025,SYK,Tier 1,Y,N,N
ENSG00000165029,ABCA1,Tier 1,Y,Y,Y
ENSG00000165092,ALDH1A1,Tier 1,Y,N,Y
ENSG00000165240,ATP7A,Tier 1,N,N,Y
ENSG00000165304,MELK,Tier 1,Y,N,N
ENSG00000165409,TSHR,Tier 1,Y,Y,N
ENSG00000165646,SLC18A2,Tier 1,Y,N,N
ENSG00000165731,RET,Tier 1,Y,N,N
ENSG00000165841,CYP2C19,Tier 1,Y,N,Y
ENSG00000166148,AVPR1A,Tier 1,Y,Y,N
ENSG00000166206,GABRB3,Tier 1,Y,Y,N
ENSG00000166501,PRKCB,Tier 1,Y,N,N
ENSG00000166603,MC4R,Tier 1,Y,Y,N
ENSG00000166736,HTR3A,Tier 1,Y,N,N
ENSG00000166741,NNMT,Tier 1,Y,N,Y
ENSG00000166794,PPIB,Tier 1,Y,Y,N
ENSG00000166851,PLK1,Tier 1,Y,N,N
ENSG00000167165,UGT1A6,Tier 1,N,N,Y
ENSG00000167244,IGF2,Tier 1,N,Y,N
ENSG00000167325,RRM1,Tier 1,Y,N,N
ENSG00000167346,MMP26,Tier 1,Y,Y,N
ENSG00000167397,VKORC1,Tier 1,Y,N,N
ENSG00000167434,CA4,Tier 1,Y,Y,N
ENSG00000167468,GPX4,Tier 1,N,N,Y
ENSG00000167536,DHRS13,Tier 1,N,N,Y
ENSG00000167600,CYP2S1,Tier 1,Y,N,Y
ENSG00000167601,AXL,Tier 1,Y,Y,N
ENSG00000167653,PSCA,Tier 1,N,Y,N
ENSG00000167657,DAPK3,Tier 1,Y,N,N
ENSG00000167658,EEF2,Tier 1,N,Y,N
ENSG00000167723,TRPV3,Tier 1,Y,N,N
ENSG00000167900,TK1,Tier 1,Y,N,N
ENSG00000167910,CYP7A1,Tier 1,N,N,Y
ENSG00000167941,SOST,Tier 1,N,Y,N
ENSG00000168065,SLC22A11,Tier 1,Y,Y,Y
ENSG00000168067,MAP4K2,Tier 1,Y,N,N
ENSG00000168229,PTGDR,Tier 1,Y,N,N
ENSG00000168298,HIST1H1E,Tier 1,N,Y,N
ENSG00000168356,SCN11A,Tier 1,Y,N,N
ENSG00000168398,BDKRB2,Tier 1,Y,Y,N
ENSG00000168412,MTNR1A,Tier 1,Y,N,N
ENSG00000168522,FNTA,Tier 1,Y,N,N
ENSG00000168539,CHRM1,Tier 1,Y,N,N
ENSG00000168610,STAT3,Tier 1,Y,Y,N
ENSG00000168615,ADAM9,Tier 1,Y,Y,N
ENSG00000168748,CA7,Tier 1,Y,N,N
ENSG00000168765,GSTM4,Tier 1,N,N,Y
ENSG00000168830,HTR1E,Tier 1,Y,Y,N
ENSG00000168959,GRM5,Tier 1,Y,N,N
ENSG00000169032,MAP2K1,Tier 1,Y,N,N
ENSG00000169083,AR,Tier 1,Y,Y,N
ENSG00000169084,DHRSX,Tier 1,N,N,Y
ENSG00000169174,PCSK9,Tier 1,N,Y,N
ENSG00000169194,IL13,Tier 1,N,Y,N
ENSG00000169239,CA5B,Tier 1,Y,N,N
ENSG00000169245,CXCL10,Tier 1,N,Y,N
ENSG00000169252,ADRB2,Tier 1,Y,Y,N
ENSG00000169313,P2RY12,Tier 1,Y,N,N
ENSG00000169398,PTK2,Tier 1,Y,N,N
ENSG00000169403,PTAFR,Tier 1,Y,Y,N
ENSG00000169418,NPR1,Tier 1,Y,Y,N
ENSG00000169427,KCNK9,Tier 1,Y,N,N
ENSG00000169429,IL8,Tier 1,Y,Y,N
ENSG00000169432,SCN9A,Tier 1,Y,N,N
ENSG00000169442,CD52,Tier 1,N,Y,N
ENSG00000169676,DRD5,Tier 1,Y,N,N
ENSG00000169710,FASN,Tier 1,Y,N,N
ENSG00000169783,LINGO1,Tier 1,N,Y,N
ENSG00000169836,TACR3,Tier 1,Y,Y,N
ENSG00000169967,MAP3K2,Tier 1,Y,N,N
ENSG00000170145,SIK2,Tier 1,Y,N,N
ENSG00000170175,CHRNB1,Tier 1,Y,Y,N
ENSG00000170209,ANKK1,Tier 1,Y,N,N
ENSG00000170214,ADRA1B,Tier 1,Y,Y,N
ENSG00000170312,CDK1,Tier 1,Y,N,N
ENSG00000170421,KRT8,Tier 1,N,Y,N
ENSG00000170425,ADORA2B,Tier 1,Y,Y,N
ENSG00000170430,MGMT,Tier 1,Y,N,N
ENSG00000170458,CD14,Tier 1,N,Y,N
ENSG00000170558,CDH2,Tier 1,N,Y,N
ENSG00000170820,FSHR,Tier 1,Y,Y,N
ENSG00000170899,GSTA4,Tier 1,N,N,Y
ENSG00000170956,CEACAM3,Tier 1,N,Y,N
ENSG00000170989,S1PR1,Tier 1,Y,Y,N
ENSG00000171094,ALK,Tier 1,Y,Y,N
ENSG00000171105,INSR,Tier 1,Y,Y,N
ENSG00000171132,PRKCE,Tier 1,Y,N,N
ENSG00000171189,GRIK1,Tier 1,Y,N,N
ENSG00000171234,UGT2B7,Tier 1,Y,Y,Y
ENSG00000171298,GAA,Tier 1,Y,N,N
ENSG00000171303,KCNK3,Tier 1,Y,N,N
ENSG00000171310,CHST11,Tier 1,N,N,Y
ENSG00000171345,KRT19,Tier 1,N,Y,N
ENSG00000171408,PDE7B,Tier 1,Y,N,N
ENSG00000171428,NAT1,Tier 1,Y,N,Y
ENSG00000171497,PPID,Tier 1,Y,Y,N
ENSG00000171522,PTGER4,Tier 1,Y,N,N
ENSG00000171552,BCL2L1,Tier 1,Y,N,N
ENSG00000171557,FGG,Tier 1,N,Y,N
ENSG00000171560,FGA,Tier 1,N,Y,N
ENSG00000171564,FGB,Tier 1,N,Y,N
ENSG00000171608,PIK3CD,Tier 1,Y,N,N
ENSG00000171720,HDAC3,Tier 1,Y,N,N
ENSG00000171759,PAH,Tier 1,Y,N,N
ENSG00000171791,BCL2,Tier 1,Y,N,N
ENSG00000171848,RRM2,Tier 1,Y,N,N
ENSG00000171873,ADRA1D,Tier 1,Y,Y,N
ENSG00000171903,CYP4F11,Tier 1,Y,N,Y
ENSG00000172037,LAMB2,Tier 1,N,Y,N
ENSG00000172062,SMN1,Tier 1,Y,N,N
ENSG00000172156,CCL11,Tier 1,N,Y,N
ENSG00000172270,BSG,Tier 1,N,Y,N
ENSG00000172572,PDE3A,Tier 1,Y,N,Y
ENSG00000172817,CYP7B1,Tier 1,N,N,Y
ENSG00000172819,RARG,Tier 1,Y,N,N
ENSG00000172831,CES2,Tier 1,Y,Y,Y
ENSG00000172889,EGFL7,Tier 1,N,Y,N
ENSG00000172893,DHCR7,Tier 1,Y,N,N
ENSG00000172940,SLC22A13,Tier 1,Y,N,Y
ENSG00000172955,ADH6,Tier 1,Y,N,Y
ENSG00000173020,ADRBK1,Tier 1,Y,N,N
ENSG00000173153,ESRRA,Tier 1,Y,N,N
ENSG00000173175,ADCY5,Tier 1,Y,N,N
ENSG00000173198,CYSLTR1,Tier 1,Y,N,N
ENSG00000173327,MAP3K11,Tier 1,Y,N,N
ENSG00000173511,VEGFB,Tier 1,N,Y,N
ENSG00000173585,CCR9,Tier 1,Y,Y,N
ENSG00000173597,SULT1B1,Tier 1,N,N,Y
ENSG00000173610,UGT2A1,Tier 1,N,N,Y
ENSG00000173638,SLC19A1,Tier 1,N,Y,Y
ENSG00000173930,SLCO4C1,Tier 1,Y,N,Y
ENSG00000174156,GSTA3,Tier 1,N,N,Y
ENSG00000174175,SELP,Tier 1,Y,Y,N
ENSG00000174292,TNK1,Tier 1,Y,N,N
ENSG00000174417,TRHR,Tier 1,Y,Y,N
ENSG00000174607,UGT8,Tier 1,N,N,Y
ENSG00000174640,SLCO2A1,Tier 1,Y,N,Y
ENSG00000174669,SLC29A2,Tier 1,Y,N,Y
ENSG00000174672,BRSK2,Tier 1,Y,N,N
ENSG00000174775,HRAS,Tier 1,Y,N,N
ENSG00000174807,CD248,Tier 1,N,Y,N
ENSG00000174990,CA5A,Tier 1,Y,N,N
ENSG00000175003,SLC22A1,Tier 1,Y,N,Y
ENSG00000175040,CHST2,Tier 1,N,N,Y
ENSG00000175206,NPPA,Tier 1,Y,Y,N
ENSG00000175264,CHST1,Tier 1,N,N,Y
ENSG00000175305,CCNE2,Tier 1,Y,N,N
ENSG00000175344,CHRNA7,Tier 1,Y,Y,N
ENSG00000175535,PNLIP,Tier 1,Y,Y,N
ENSG00000175591,P2RY2,Tier 1,Y,Y,N
ENSG00000175756,AURKAIP1,Tier 1,Y,N,N
ENSG00000176014,TUBB6,Tier 1,Y,Y,N
ENSG00000176105,YES1,Tier 1,Y,N,N
ENSG00000176136,MC5R,Tier 1,Y,Y,N
ENSG00000176153,GPX2,Tier 1,N,N,Y
ENSG00000176387,HSD11B2,Tier 1,Y,N,N
ENSG00000176444,CLK2,Tier 1,Y,N,N
ENSG00000176463,SLCO3A1,Tier 1,N,N,Y
ENSG00000176601,MAP3K19,Tier 1,Y,N,N
ENSG00000176749,CDK5R1,Tier 1,Y,N,N
ENSG00000176884,GRIN1,Tier 1,Y,N,N
ENSG00000176890,TYMS,Tier 1,Y,N,N
ENSG00000177084,POLE,Tier 1,Y,N,N
ENSG00000177169,ULK1,Tier 1,Y,N,N
ENSG00000177189,RPS6KA3,Tier 1,Y,N,N
ENSG00000177455,CD19,Tier 1,N,Y,N
ENSG00000177628,GBA,Tier 1,Y,Y,N
ENSG00000177663,IL17RA,Tier 1,N,Y,N
ENSG00000178035,IMPDH2,Tier 1,Y,N,N
ENSG00000178084,HTR3C,Tier 1,Y,N,N
ENSG00000178394,HTR1A,Tier 1,Y,Y,N
ENSG00000178467,P4HTM,Tier 1,Y,N,N
ENSG00000178562,CD28,Tier 1,N,Y,N
ENSG00000178568,ERBB4,Tier 1,Y,Y,N
ENSG00000178607,ERN1,Tier 1,Y,N,N
ENSG00000178623,GPR35,Tier 1,Y,Y,N
ENSG00000178950,GAK,Tier 1,Y,N,N
ENSG00000178999,AURKB,Tier 1,Y,N,N
ENSG00000179097,HTR1F,Tier 1,Y,Y,N
ENSG00000179142,CYP11B2,Tier 1,Y,N,Y
ENSG00000179546,HTR1D,Tier 1,Y,Y,N
ENSG00000179603,GRM8,Tier 1,Y,N,N
ENSG00000179921,GPBAR1,Tier 1,Y,N,N
ENSG00000180176,TH,Tier 1,Y,N,N
ENSG00000180210,F2,Tier 1,Y,Y,N
ENSG00000180370,PAK2,Tier 1,Y,N,N
ENSG00000180432,CYP8B1,Tier 1,N,N,Y
ENSG00000180616,SSTR2,Tier 1,Y,Y,N
ENSG00000180638,SLC47A2,Tier 1,Y,N,Y
ENSG00000180720,CHRM4,Tier 1,Y,Y,N
ENSG00000180739,S1PR5,Tier 1,Y,Y,N
ENSG00000180767,CHST13,Tier 1,N,N,Y
ENSG00000180772,AGTR2,Tier 1,Y,Y,N
ENSG00000180815,MAP3K15,Tier 1,Y,N,N
ENSG00000180871,CXCR2,Tier 1,Y,Y,N
ENSG00000180914,OXTR,Tier 1,Y,Y,N
ENSG00000181019,NQO1,Tier 1,Y,N,N
ENSG00000181072,CHRM2,Tier 1,Y,Y,N
ENSG00000181085,MAPK15,Tier 1,Y,N,N
ENSG00000181104,F2R,Tier 1,Y,Y,N
ENSG00000181143,MUC16,Tier 1,N,Y,N
ENSG00000181408,UTS2R,Tier 1,Y,Y,N
ENSG00000181856,SLC2A4,Tier 1,N,Y,Y
ENSG00000182256,GABRG3,Tier 1,Y,Y,N
ENSG00000182333,LIPF,Tier 1,Y,Y,N
ENSG00000182541,LIMK2,Tier 1,Y,N,N
ENSG00000182578,CSF1R,Tier 1,Y,Y,N
ENSG00000182580,EPHB3,Tier 1,Y,N,N
ENSG00000182782,HCAR2,Tier 1,Y,Y,N
ENSG00000182793,GSTA5,Tier 1,N,N,Y
ENSG00000182866,LCK,Tier 1,Y,N,N
ENSG00000183044,ABAT,Tier 1,Y,N,N
ENSG00000183049,CAMK1D,Tier 1,Y,N,N
ENSG00000183134,PTGDR2,Tier 1,Y,Y,N
ENSG00000183196,CHST6,Tier 1,N,N,Y
ENSG00000183317,EPHA10,Tier 1,Y,Y,N
ENSG00000183421,RIPK4,Tier 1,Y,N,N
ENSG00000183454,GRIN2A,Tier 1,Y,N,N
ENSG00000183473,SSTR3,Tier 1,Y,Y,N
ENSG00000183735,TBK1,Tier 1,Y,N,N
ENSG00000183765,CHEK2,Tier 1,Y,N,N
ENSG00000183813,CCR4,Tier 1,Y,Y,N
ENSG00000183873,SCN5A,Tier 1,Y,N,N
ENSG00000183943,PRKX,Tier 1,Y,N,N
ENSG00000184156,KCNQ3,Tier 1,Y,N,N
ENSG00000184160,ADRA2C,Tier 1,Y,Y,N
ENSG00000184216,IRAK1,Tier 1,Y,N,N
ENSG00000184254,ALDH1A3,Tier 1,Y,N,Y
ENSG00000184304,PRKD1,Tier 1,Y,N,N
ENSG00000184343,SRPK3,Tier 1,Y,N,N
ENSG00000184357,HIST1H1B,Tier 1,N,Y,N
ENSG00000184371,CSF1,Tier 1,N,Y,N
ENSG00000184428,TOP1MT,Tier 1,Y,N,N
ENSG00000184544,DHRS7C,Tier 1,N,N,Y
ENSG00000184588,PDE4B,Tier 1,Y,N,N
ENSG00000184674,GSTT1,Tier 1,N,N,Y
ENSG00000184845,DRD1,Tier 1,Y,N,N
ENSG00000184937,WT1,Tier 1,N,Y,N
ENSG00000184984,CHRM5,Tier 1,Y,Y,N
ENSG00000184999,SLC22A10,Tier 1,Y,N,Y
ENSG00000185010,F8,Tier 1,N,Y,N
ENSG00000185015,CA13,Tier 1,Y,N,N
ENSG00000185231,MC2R,Tier 1,Y,Y,N
ENSG00000185291,IL3RA,Tier 1,N,Y,N
ENSG00000185313,SCN10A,Tier 1,Y,N,N
ENSG00000185386,MAPK11,Tier 1,Y,N,N
ENSG00000185499,MUC1,Tier 1,N,Y,N
ENSG00000185513,L3MBTL1,Tier 1,Y,N,N
ENSG00000185559,DLK1,Tier 1,Y,Y,N
ENSG00000185664,PMEL,Tier 1,N,Y,N
ENSG00000185686,PRAME,Tier 1,N,Y,N
ENSG00000185760,KCNQ5,Tier 1,Y,N,N
ENSG00000185974,GRK1,Tier 1,Y,N,N
ENSG00000186009,ATP4B,Tier 1,Y,N,N
ENSG00000186038,HTR3E,Tier 1,Y,N,N
ENSG00000186090,HTR3D,Tier 1,Y,N,N
ENSG00000186104,CYP2R1,Tier 1,Y,N,Y
ENSG00000186115,CYP4F2,Tier 1,Y,N,Y
ENSG00000186160,CYP4Z1,Tier 1,Y,N,Y
ENSG00000186204,CYP4F12,Tier 1,Y,N,Y
ENSG00000186297,GABRA5,Tier 1,Y,N,N
ENSG00000186318,BACE1,Tier 1,Y,Y,N
ENSG00000186350,RXRA,Tier 1,Y,N,Y
ENSG00000186526,CYP4F8,Tier 1,N,N,Y
ENSG00000186529,CYP4F3,Tier 1,Y,N,Y
ENSG00000186716,BCR,Tier 1,Y,N,N
ENSG00000186795,KCNK18,Tier 1,Y,N,N
ENSG00000186803,IFNA10,Tier 1,N,Y,N
ENSG00000186827,TNFRSF4,Tier 1,N,Y,N
ENSG00000186868,MAPT,Tier 1,Y,N,N
ENSG00000186891,TNFRSF18,Tier 1,N,Y,N
ENSG00000186951,PPARA,Tier 1,Y,N,Y
ENSG00000187010,RHD,Tier 1,N,Y,N
ENSG00000187048,CYP4A11,Tier 1,Y,N,Y
ENSG00000187134,AKR1C1,Tier 1,Y,N,N
ENSG00000187258,NPSR1,Tier 1,Y,Y,N
ENSG00000187266,EPOR,Tier 1,N,Y,N
ENSG00000187486,KCNJ11,Tier 1,Y,Y,Y
ENSG00000187553,CYP26C1,Tier 1,Y,N,Y
ENSG00000187630,DHRS4L2,Tier 1,N,N,Y
ENSG00000187758,ADH1A,Tier 1,Y,N,Y
ENSG00000187837,HIST1H1C,Tier 1,N,Y,N
ENSG00000188130,MAPK12,Tier 1,Y,N,N
ENSG00000188229,TUBB4B,Tier 1,Y,Y,N
ENSG00000188257,PLA2G2A,Tier 1,Y,Y,N
ENSG00000188379,IFNA2,Tier 1,N,Y,N
ENSG00000188389,PDCD1,Tier 1,N,Y,N
ENSG00000188404,SELL,Tier 1,Y,Y,N
ENSG00000188641,DPYD,Tier 1,Y,N,Y
ENSG00000188778,ADRB3,Tier 1,Y,Y,N
ENSG00000188784,PLA2G2E,Tier 1,Y,Y,N
ENSG00000188822,CNR2,Tier 1,Y,Y,N
ENSG00000188906,LRRK2,Tier 1,Y,N,N
ENSG00000189013,KIR2DL4,Tier 1,N,Y,N
ENSG00000189060,H1F0,Tier 1,N,Y,N
ENSG00000189091,SF3B3,Tier 1,Y,N,N
ENSG00000189221,MAOA,Tier 1,Y,N,Y
ENSG00000196126,HLA-DRB1,Tier 1,N,Y,N
ENSG00000196132,MYT1,Tier 1,Y,N,N
ENSG00000196139,AKR1C3,Tier 1,Y,N,N
ENSG00000196188,CTSE,Tier 1,Y,Y,N
ENSG00000196218,RYR1,Tier 1,Y,N,N
ENSG00000196230,TUBB,Tier 1,Y,Y,N
ENSG00000196262,PPIA,Tier 1,Y,Y,N
ENSG00000196305,IARS,Tier 1,Y,N,N
ENSG00000196344,ADH7,Tier 1,Y,Y,Y
ENSG00000196352,CD55,Tier 1,N,Y,N
ENSG00000196411,EPHB4,Tier 1,Y,N,N
ENSG00000196468,FGF16,Tier 1,Y,Y,N
ENSG00000196498,NCOR2,Tier 1,Y,N,N
ENSG00000196502,SULT1A1,Tier 1,N,N,Y
ENSG00000196517,SLC6A9,Tier 1,Y,N,N
ENSG00000196549,MME,Tier 1,Y,Y,N
ENSG00000196557,CACNA1H,Tier 1,Y,N,N
ENSG00000196569,LAMA2,Tier 1,N,Y,N
ENSG00000196591,HDAC2,Tier 1,Y,N,N
ENSG00000196611,MMP1,Tier 1,Y,Y,N
ENSG00000196616,ADH1B,Tier 1,Y,N,Y
ENSG00000196620,UGT2B15,Tier 1,N,N,Y
ENSG00000196639,HRH1,Tier 1,Y,N,N
ENSG00000196664,TLR7,Tier 1,Y,N,N
ENSG00000196689,TRPV1,Tier 1,Y,N,N
ENSG00000196730,DAPK1,Tier 1,Y,N,N
ENSG00000196811,CHRNG,Tier 1,Y,N,N
ENSG00000196839,ADA,Tier 1,Y,Y,N
ENSG00000196876,SCN8A,Tier 1,Y,N,N
ENSG00000196878,LAMB3,Tier 1,N,Y,N
ENSG00000197122,SRC,Tier 1,Y,N,N
ENSG00000197150,ABCB8,Tier 1,Y,N,Y
ENSG00000197165,SULT1A2,Tier 1,N,N,Y
ENSG00000197208,SLC22A4,Tier 1,Y,N,Y
ENSG00000197299,BLM,Tier 1,Y,N,N
ENSG00000197375,SLC22A5,Tier 1,Y,N,Y
ENSG00000197386,HTT,Tier 1,Y,N,N
ENSG00000197408,CYP2B6,Tier 1,Y,N,Y
ENSG00000197442,MAP3K5,Tier 1,Y,N,N
ENSG00000197446,CYP2F1,Tier 1,Y,N,Y
ENSG00000197448,GSTK1,Tier 1,Y,Y,Y
ENSG00000197506,SLC28A3,Tier 1,N,N,Y
ENSG00000197561,ELANE,Tier 1,Y,Y,N
ENSG00000197616,MYH6,Tier 1,N,Y,N
ENSG00000197635,DPP4,Tier 1,Y,Y,N
ENSG00000197646,PDCD1LG2,Tier 1,N,Y,N
ENSG00000197766,CFD,Tier 1,N,Y,N
ENSG00000197838,CYP2A13,Tier 1,Y,N,Y
ENSG00000197888,UGT2B17,Tier 1,N,N,Y
ENSG00000197891,SLC22A12,Tier 1,Y,N,Y
ENSG00000197894,ADH5,Tier 1,Y,N,Y
ENSG00000197901,SLC22A6,Tier 1,Y,N,Y
ENSG00000197919,IFNA1,Tier 1,N,Y,N
ENSG00000198001,IRAK4,Tier 1,Y,N,N
ENSG00000198049,AVPR1B,Tier 1,Y,Y,N
ENSG00000198074,AKR1B10,Tier 1,Y,Y,N
ENSG00000198077,CYP2A7,Tier 1,Y,N,Y
ENSG00000198099,ADH4,Tier 1,Y,N,Y
ENSG00000198121,LPAR1,Tier 1,Y,Y,N
ENSG00000198189,HSD17B11,Tier 1,N,N,Y
ENSG00000198203,SULT1C2,Tier 1,N,N,Y
ENSG00000198223,CSF2RA,Tier 1,N,Y,N
ENSG00000198355,PIM3,Tier 1,Y,N,N
ENSG00000198400,NTRK1,Tier 1,Y,N,N
ENSG00000198431,TXNRD1,Tier 1,Y,N,N
ENSG00000198502,HLA-DRB5,Tier 1,N,Y,N
ENSG00000198598,MMP17,Tier 1,Y,Y,N
ENSG00000198691,ABCA4,Tier 1,Y,Y,Y
ENSG00000198704,GPX6,Tier 1,N,Y,Y
ENSG00000198734,F5,Tier 1,N,Y,N
ENSG00000198785,GRIN3A,Tier 1,Y,N,N
ENSG00000198793,MTOR,Tier 1,Y,N,N
ENSG00000198805,PNP,Tier 1,Y,N,N
ENSG00000198822,GRM3,Tier 1,Y,N,N
ENSG00000198838,RYR3,Tier 1,Y,N,N
ENSG00000198848,CES1,Tier 1,Y,Y,Y
ENSG00000198851,CD3E,Tier 1,N,Y,N
ENSG00000198900,TOP1,Tier 1,Y,N,N
ENSG00000198909,MAP3K3,Tier 1,Y,N,N
ENSG00000198947,DMD,Tier 1,N,Y,N
ENSG00000203797,DDO,Tier 1,Y,N,Y
ENSG00000203859,HSD3B2,Tier 1,Y,N,N
ENSG00000204231,RXRB,Tier 1,Y,N,N
ENSG00000204264,PSMB8,Tier 1,Y,N,N
ENSG00000204287,HLA-DRA,Tier 1,N,Y,N
ENSG00000204385,SLC44A4,Tier 1,N,Y,N
ENSG00000204427,ABHD16A,Tier 1,Y,N,N
ENSG00000204580,DDR1,Tier 1,Y,Y,N
ENSG00000204681,GABBR1,Tier 1,Y,Y,N
ENSG00000204983,PRSS1,Tier 1,Y,Y,N
ENSG00000205155,PSENEN,Tier 1,Y,N,N
ENSG00000205268,PDE7A,Tier 1,Y,N,N
ENSG00000205359,SLCO6A1,Tier 1,N,N,Y
ENSG00000205571,SMN2,Tier 1,Y,N,N
ENSG00000205755,CRLF2,Tier 1,N,Y,N
ENSG00000206503,HLA-A,Tier 1,Y,Y,N
ENSG00000211445,GPX3,Tier 1,N,Y,Y
ENSG00000211452,DIO1,Tier 1,Y,N,N
ENSG00000211699,TRGV3,Tier 1,N,Y,N
ENSG00000211707,TRBV7-1,Tier 1,N,Y,N
ENSG00000211810,TRAV29DV5,Tier 1,N,Y,N
ENSG00000211891,IGHE,Tier 1,N,Y,N
ENSG00000212122,TSSK1B,Tier 1,Y,N,N
ENSG00000213341,CHUK,Tier 1,Y,N,N
ENSG00000213366,GSTM2,Tier 1,N,N,Y
ENSG00000213694,S1PR3,Tier 1,Y,Y,N
ENSG00000213759,UGT2B11,Tier 1,N,N,Y
ENSG00000213903,LTB4R,Tier 1,Y,Y,N
ENSG00000213923,CSNK1E,Tier 1,Y,N,N
ENSG00000214042,IFNA7,Tier 1,N,Y,N
ENSG00000214102,WEE2,Tier 1,Y,N,N
ENSG00000215182,MUC5AC,Tier 1,N,Y,N
ENSG00000215644,GCGR,Tier 1,Y,Y,N
ENSG00000220205,VAMP2,Tier 1,N,Y,N
ENSG00000221867,MAGEA3,Tier 1,N,Y,N
ENSG00000222040,ADRA2B,Tier 1,Y,Y,N
ENSG00000226979,LTA,Tier 1,N,Y,N
ENSG00000227507,LTB,Tier 1,N,Y,N
ENSG00000228716,DHFR,Tier 1,Y,N,N
ENSG00000229164,TRAC,Tier 1,N,Y,N
ENSG00000232810,TNF,Tier 1,Y,Y,N
ENSG00000233276,GPX1,Tier 1,N,N,Y
ENSG00000236637,IFNA4,Tier 1,N,Y,N
ENSG00000239697,TNFSF12,Tier 1,N,Y,N
ENSG00000239732,TLR9,Tier 1,Y,Y,N
ENSG00000240224,UGT1A5,Tier 1,N,N,Y
ENSG00000241119,UGT1A9,Tier 1,N,N,Y
ENSG00000241186,TDGF1,Tier 1,N,Y,N
ENSG00000241635,UGT1A8,Tier 1,N,N,Y
ENSG00000242366,UGT1A1,Tier 1,N,N,Y
ENSG00000242515,UGT1A10,Tier 1,N,N,Y
ENSG00000243135,UGT1A3,Tier 1,N,N,Y
ENSG00000243480,AMY2A,Tier 1,Y,Y,N
ENSG00000243772,KIR2DL3,Tier 1,N,Y,N
ENSG00000243955,GSTA1,Tier 1,Y,N,Y
ENSG00000244067,GSTA2,Tier 1,N,N,Y
ENSG00000244122,UGT1A7,Tier 1,N,N,Y
ENSG00000244474,UGT1A4,Tier 1,N,N,Y
ENSG00000248144,ADH1C,Tier 1,Y,N,Y
ENSG00000254087,LYN,Tier 1,Y,N,N
ENSG00000255974,CYP2A6,Tier 1,Y,N,Y
ENSG00000256713,PGA5,Tier 1,Y,Y,N
ENSG00000257335,MGAM,Tier 1,Y,N,N
ENSG00000257365,FNTB,Tier 1,Y,N,N
ENSG00000258429,PDF,Tier 1,Y,N,N
ENSG00000258839,MC1R,Tier 1,Y,Y,N
ENSG00000258947,,Tier 1,Y,Y,N
ENSG00000259207,ITGB3,Tier 1,Y,Y,N
ENSG00000261052,SULT1A3,Tier 1,N,N,Y
ENSG00000267534,S1PR2,Tier 1,Y,N,N
ENSG00000269858,EGLN2,Tier 1,Y,N,N
ENSG00000270024,C8orf44-SGK3,Tier 1,Y,N,N
ENSG00000273079,GRIN2B,Tier 1,Y,N,N
ENSG00000001036,FUCA2,Tier 2,Y,Y,N
ENSG00000001084,GCLC,Tier 2,Y,N,N
ENSG00000002330,BAD,Tier 2,Y,N,N
ENSG00000002726,AOC1,Tier 2,Y,Y,N
ENSG00000004487,KDM1A,Tier 2,Y,N,N
ENSG00000005339,CREBBP,Tier 2,Y,N,N
ENSG00000006062,MAP3K14,Tier 2,Y,N,N
ENSG00000006634,DBF4,Tier 2,Y,N,N
ENSG00000006837,CDKL3,Tier 2,Y,N,N
ENSG00000007952,NOX1,Tier 2,Y,N,N
ENSG00000008118,CAMK1G,Tier 2,Y,N,N
ENSG00000008128,CDK11A,Tier 2,Y,N,N
ENSG00000008516,MMP25,Tier 2,Y,Y,N
ENSG00000010219,DYRK4,Tier 2,Y,N,N
ENSG00000010379,SLC6A13,Tier 2,Y,N,N
ENSG00000010438,PRSS3,Tier 2,Y,Y,N
ENSG00000011304,PTBP1,Tier 2,Y,N,N
ENSG00000011405,PIK3C2A,Tier 2,Y,N,N
ENSG00000011422,PLAUR,Tier 2,Y,Y,N
ENSG00000011485,PPP5C,Tier 2,Y,N,N
ENSG00000012048,BRCA1,Tier 2,Y,N,N
ENSG00000014216,CAPN1,Tier 2,Y,N,N
ENSG00000014257,ACPP,Tier 2,Y,Y,N
ENSG00000025434,NR1H3,Tier 2,Y,N,N
ENSG00000025708,TYMP,Tier 2,Y,N,N
ENSG00000027644,INSRR,Tier 2,Y,Y,N
ENSG00000031544,NR2E3,Tier 2,Y,N,N
ENSG00000033178,UBA6,Tier 2,Y,N,N
ENSG00000036473,OTC,Tier 2,Y,N,N
ENSG00000036565,SLC18A1,Tier 2,Y,N,N
ENSG00000036672,USP2,Tier 2,Y,N,N
ENSG00000041880,PARP3,Tier 2,Y,N,N
ENSG00000044574,HSPA5,Tier 2,Y,Y,N
ENSG00000049247,UTS2,Tier 2,Y,Y,N
ENSG00000051180,RAD51,Tier 2,Y,N,N
ENSG00000055332,EIF2AK2,Tier 2,Y,N,N
ENSG00000055732,MCOLN3,Tier 2,Y,N,N
ENSG00000056291,NPFFR2,Tier 2,Y,Y,N
ENSG00000057252,SOAT1,Tier 2,Y,N,N
ENSG00000058091,CDK14,Tier 2,Y,N,N
ENSG00000059758,CDK17,Tier 2,Y,N,N
ENSG00000060982,BCAT1,Tier 2,Y,N,N
ENSG00000064601,CTSA,Tier 2,Y,Y,N
ENSG00000064651,SLC12A2,Tier 2,Y,N,N
ENSG00000064687,ABCA7,Tier 2,Y,Y,N
ENSG00000065427,KARS,Tier 2,Y,Y,N
ENSG00000065833,ME1,Tier 2,Y,N,N
ENSG00000066044,ELAVL1,Tier 2,Y,N,N
ENSG00000066135,KDM4A,Tier 2,Y,N,N
ENSG00000068903,SIRT2,Tier 2,Y,N,N
ENSG00000068976,PYGM,Tier 2,Y,N,N
ENSG00000069956,MAPK6,Tier 2,Y,N,N
ENSG00000070501,POLB,Tier 2,Y,N,N
ENSG00000070610,GBA2,Tier 2,Y,N,N
ENSG00000070759,TESK2,Tier 2,Y,N,N
ENSG00000070770,CSNK2A2,Tier 2,Y,N,N
ENSG00000070831,CDC42,Tier 2,Y,N,N
ENSG00000071909,MYO3B,Tier 2,Y,N,N
ENSG00000073009,IKBKG,Tier 2,Y,N,N
ENSG00000073060,SCARB1,Tier 2,Y,N,N
ENSG00000074047,GLI2,Tier 2,Y,N,N
ENSG00000074416,MGLL,Tier 2,Y,N,N
ENSG00000074603,DPP8,Tier 2,Y,N,N
ENSG00000075673,ATP12A,Tier 2,Y,N,N
ENSG00000076555,ACACB,Tier 2,Y,N,N
ENSG00000077616,NAALAD2,Tier 2,Y,N,N
ENSG00000078061,ARAF,Tier 2,Y,N,N
ENSG00000078142,PIK3C3,Tier 2,Y,N,N
ENSG00000078549,ADCYAP1R1,Tier 2,Y,Y,N
ENSG00000079215,SLC1A3,Tier 2,Y,N,N
ENSG00000079435,LIPE,Tier 2,Y,N,N
ENSG00000080618,CPB2,Tier 2,Y,Y,N
ENSG00000080709,KCNN2,Tier 2,Y,N,N
ENSG00000084072,PPIE,Tier 2,N,Y,N
ENSG00000084774,CAD,Tier 2,Y,N,N
ENSG00000085377,PREP,Tier 2,Y,N,N
ENSG00000086061,DNAJA1,Tier 2,Y,N,N
ENSG00000086232,EIF2AK1,Tier 2,Y,N,N
ENSG00000086696,HSD17B2,Tier 2,Y,N,N
ENSG00000086991,NOX4,Tier 2,Y,N,N
ENSG00000087095,NLK,Tier 2,Y,N,N
ENSG00000088305,DNMT3B,Tier 2,Y,N,N
ENSG00000088926,F11,Tier 2,Y,Y,N
ENSG00000089022,MAPKAPK5,Tier 2,Y,N,N
ENSG00000089041,P2RX7,Tier 2,Y,N,N
ENSG00000089050,RBBP9,Tier 2,Y,N,N
ENSG00000089685,BIRC5,Tier 2,Y,N,N
ENSG00000091428,RAPGEF4,Tier 2,Y,N,N
ENSG00000091704,CPA1,Tier 2,Y,Y,N
ENSG00000092295,TGM1,Tier 2,Y,N,N
ENSG00000092531,SNAP23,Tier 2,N,Y,N
ENSG00000095015,MAP3K1,Tier 2,Y,N,N
ENSG00000095777,MYO3A,Tier 2,Y,N,N
ENSG00000097046,CDC7,Tier 2,Y,N,N
ENSG00000099194,SCD,Tier 2,Y,N,N
ENSG00000099810,MTAP,Tier 2,Y,N,N
ENSG00000100219,XBP1,Tier 2,Y,N,N
ENSG00000100300,TSPO,Tier 2,Y,N,N
ENSG00000100312,ACR,Tier 2,Y,Y,N
ENSG00000100324,TAB1,Tier 2,Y,N,N
ENSG00000100393,EP300,Tier 2,Y,N,N
ENSG00000100448,CTSG,Tier 2,Y,Y,N
ENSG00000100453,GZMB,Tier 2,Y,Y,N
ENSG00000100490,CDKL1,Tier 2,Y,N,N
ENSG00000100504,PYGL,Tier 2,Y,N,N
ENSG00000100906,NFKBIA,Tier 2,Y,N,N
ENSG00000101049,SGK2,Tier 2,Y,N,N
ENSG00000101160,CTSZ,Tier 2,Y,Y,N
ENSG00000101224,CDC25B,Tier 2,Y,N,N
ENSG00000101323,HAO1,Tier 2,Y,N,N
ENSG00000101444,AHCY,Tier 2,Y,N,N
ENSG00000101670,LIPG,Tier 2,Y,Y,N
ENSG00000101916,TLR8,Tier 2,Y,Y,N
ENSG00000101945,SUV39H1,Tier 2,Y,N,N
ENSG00000101958,GLRA2,Tier 2,Y,Y,N
ENSG00000101981,F9,Tier 2,Y,Y,N
ENSG00000102172,SMS,Tier 2,Y,N,N
ENSG00000102195,GPR50,Tier 2,Y,Y,N
ENSG00000102239,BRS3,Tier 2,Y,Y,N
ENSG00000102554,KLF5,Tier 2,Y,N,N
ENSG00000102699,PARP4,Tier 2,Y,N,N
ENSG00000103150,MLYCD,Tier 2,Y,N,N
ENSG00000103319,EEF2K,Tier 2,Y,N,N
ENSG00000103811,CTSH,Tier 2,Y,Y,N
ENSG00000104332,SFRP1,Tier 2,Y,Y,N
ENSG00000104885,DOT1L,Tier 2,Y,N,N
ENSG00000105143,SLC1A6,Tier 2,Y,N,N
ENSG00000105426,PTPRS,Tier 2,Y,N,N
ENSG00000105486,LIG1,Tier 2,Y,N,N
ENSG00000105492,SIGLEC6,Tier 2,N,Y,N
ENSG00000105501,SIGLEC5,Tier 2,N,Y,N
ENSG00000105642,KCNN1,Tier 2,Y,N,N
ENSG00000105835,NAMPT,Tier 2,Y,N,N
ENSG00000106018,VIPR2,Tier 2,N,Y,N
ENSG00000106100,NOD1,Tier 2,Y,N,N
ENSG00000106144,CASP2,Tier 2,Y,N,N
ENSG00000106366,SERPINE1,Tier 2,Y,Y,N
ENSG00000106633,GCK,Tier 2,Y,N,N
ENSG00000106682,EIF4H,Tier 2,Y,N,N
ENSG00000106683,LIMK1,Tier 2,Y,N,N
ENSG00000107077,KDM4C,Tier 2,Y,N,N
ENSG00000107593,PKD2L1,Tier 2,Y,N,N
ENSG00000107779,BMPR1A,Tier 2,Y,Y,N
ENSG00000107798,LIPA,Tier 2,Y,N,N
ENSG00000107968,MAP3K8,Tier 2,Y,N,N
ENSG00000108179,PPIF,Tier 2,N,Y,N
ENSG00000108379,WNT3,Tier 2,Y,Y,N
ENSG00000108479,GALK1,Tier 2,Y,N,N
ENSG00000108788,MLX,Tier 2,Y,N,N
ENSG00000108839,ALOX12,Tier 2,Y,N,N
ENSG00000108861,DUSP3,Tier 2,Y,N,N
ENSG00000109321,AREG,Tier 2,Y,Y,N
ENSG00000109323,MANBA,Tier 2,Y,N,N
ENSG00000109576,AADAT,Tier 2,Y,N,N
ENSG00000109861,CTSC,Tier 2,Y,Y,N
ENSG00000109991,P2RX3,Tier 2,Y,N,N
ENSG00000110090,CPT1A,Tier 2,Y,N,N
ENSG00000110436,SLC1A2,Tier 2,Y,N,N
ENSG00000110881,ASIC1,Tier 2,Y,Y,N
ENSG00000110887,DAO,Tier 2,Y,N,N
ENSG00000110911,SLC11A2,Tier 2,Y,N,N
ENSG00000111199,TRPV4,Tier 2,Y,N,N
ENSG00000111640,GAPDH,Tier 2,Y,N,N
ENSG00000111716,LDHB,Tier 2,Y,N,N
ENSG00000111725,PRKAB1,Tier 2,Y,N,N
ENSG00000111886,GABRR2,Tier 2,Y,Y,N
ENSG00000112079,STK38,Tier 2,Y,N,N
ENSG00000112245,PTP4A1,Tier 2,Y,N,N
ENSG00000112486,CCR6,Tier 2,Y,Y,N
ENSG00000112701,SENP6,Tier 2,Y,N,N
ENSG00000113262,GRM6,Tier 2,Y,N,N
ENSG00000113407,TARS,Tier 2,Y,N,N
ENSG00000113441,LNPEP,Tier 2,Y,Y,N
ENSG00000114166,KAT2B,Tier 2,Y,N,N
ENSG00000114491,UMPS,Tier 2,Y,N,N
ENSG00000114670,NEK11,Tier 2,Y,N,N
ENSG00000114738,MAPKAPK3,Tier 2,Y,N,N
ENSG00000114739,ACVR2B,Tier 2,Y,N,N
ENSG00000114812,VIPR1,Tier 2,N,Y,N
ENSG00000114854,TNNC1,Tier 2,Y,N,N
ENSG00000114857,NKTR,Tier 2,N,Y,N
ENSG00000114904,NEK4,Tier 2,Y,N,N
ENSG00000114999,TTL,Tier 2,Y,N,N
ENSG00000115233,PSMD14,Tier 2,Y,N,N
ENSG00000115252,PDE1A,Tier 2,Y,N,N
ENSG00000115415,STAT1,Tier 2,Y,N,N
ENSG00000115457,IGFBP2,Tier 2,Y,Y,N
ENSG00000115461,IGFBP5,Tier 2,Y,Y,N
ENSG00000115665,SLC5A7,Tier 2,Y,N,N
ENSG00000115687,PASK,Tier 2,Y,N,N
ENSG00000115828,QPCT,Tier 2,Y,Y,N
ENSG00000115919,KYNU,Tier 2,Y,N,N
ENSG00000116014,KISS1R,Tier 2,Y,Y,N
ENSG00000116016,EPAS1,Tier 2,Y,N,N
ENSG00000116039,ATP6V1B1,Tier 2,Y,N,N
ENSG00000116171,SCP2,Tier 2,Y,N,N
ENSG00000116237,ICMT,Tier 2,Y,N,N
ENSG00000116337,AMPD2,Tier 2,Y,N,N
ENSG00000116649,SRM,Tier 2,Y,N,N
ENSG00000116748,AMPD1,Tier 2,Y,N,N
ENSG00000116882,HAO2,Tier 2,Y,N,N
ENSG00000117009,KMO,Tier 2,Y,N,N
ENSG00000117152,RGS4,Tier 2,Y,N,N
ENSG00000117266,CDK18,Tier 2,Y,N,N
ENSG00000117298,ECE1,Tier 2,Y,Y,N
ENSG00000117308,GALE,Tier 2,Y,N,N
ENSG00000117394,SLC2A1,Tier 2,Y,N,N
ENSG00000117834,SLC5A9,Tier 2,Y,N,N
ENSG00000118194,TNNT2,Tier 2,Y,N,N
ENSG00000118515,SGK1,Tier 2,Y,N,N
ENSG00000118762,PKD2,Tier 2,Y,N,N
ENSG00000118939,UCHL3,Tier 2,Y,N,N
ENSG00000119121,TRPM6,Tier 2,Y,N,N
ENSG00000119408,NEK6,Tier 2,Y,N,N
ENSG00000119638,NEK9,Tier 2,Y,N,N
ENSG00000119912,IDE,Tier 2,Y,Y,N
ENSG00000119915,ELOVL3,Tier 2,Y,N,N
ENSG00000120054,CPN1,Tier 2,Y,Y,N
ENSG00000120868,APAF1,Tier 2,Y,N,N
ENSG00000121774,KHDRBS1,Tier 2,Y,N,N
ENSG00000121858,TNFSF10,Tier 2,Y,Y,N
ENSG00000121989,ACVR2A,Tier 2,Y,N,N
ENSG00000122012,SV2C,Tier 2,Y,N,N
ENSG00000122121,XPNPEP2,Tier 2,Y,N,N
ENSG00000122861,PLAU,Tier 2,Y,Y,N
ENSG00000122873,CISD1,Tier 2,Y,N,N
ENSG00000123268,ATF1,Tier 2,Y,N,N
ENSG00000123358,NR4A1,Tier 2,Y,N,N
ENSG00000123360,PDE1B,Tier 2,Y,N,N
ENSG00000123454,DBH,Tier 2,Y,N,N
ENSG00000123700,KCNJ2,Tier 2,Y,Y,N
ENSG00000123815,ADCK4,Tier 2,Y,N,N
ENSG00000123992,DNPEP,Tier 2,Y,N,N
ENSG00000124140,SLC12A5,Tier 2,Y,N,N
ENSG00000124151,NCOA3,Tier 2,Y,N,N
ENSG00000124253,PCK1,Tier 2,Y,N,N
ENSG00000124299,PEPD,Tier 2,Y,N,N
ENSG00000124491,F13A1,Tier 2,Y,Y,N
ENSG00000124493,GRM4,Tier 2,Y,N,N
ENSG00000124762,CDKN1A,Tier 2,Y,N,N
ENSG00000124767,GLO1,Tier 2,Y,N,N
ENSG00000125378,BMP4,Tier 2,Y,Y,N
ENSG00000125780,TGM3,Tier 2,Y,N,N
ENSG00000126012,KDM5C,Tier 2,Y,N,N
ENSG00000126247,CAPNS1,Tier 2,Y,N,N
ENSG00000126261,UBA2,Tier 2,Y,N,N
ENSG00000126262,FFAR2,Tier 2,Y,N,N
ENSG00000126368,NR1D1,Tier 2,Y,N,N
ENSG00000126561,STAT5A,Tier 2,Y,N,N
ENSG00000126602,TRAP1,Tier 2,Y,N,N
ENSG00000127329,PTPRB,Tier 2,Y,N,N
ENSG00000127445,PIN1,Tier 2,Y,N,N
ENSG00000127472,PLA2G5,Tier 2,Y,Y,N
ENSG00000127564,PKMYT1,Tier 2,Y,N,N
ENSG00000127947,PTPN12,Tier 2,Y,N,N
ENSG00000128285,MCHR1,Tier 2,Y,Y,N
ENSG00000128310,GALR3,Tier 2,Y,Y,N
ENSG00000128383,APOBEC3A,Tier 2,Y,N,N
ENSG00000128951,DUT,Tier 2,Y,N,N
ENSG00000129167,TPH1,Tier 2,Y,N,N
ENSG00000129219,PLD2,Tier 2,Y,N,N
ENSG00000129450,SIGLEC9,Tier 2,N,Y,N
ENSG00000129473,BCL2L2,Tier 2,Y,N,N
ENSG00000129991,TNNI3,Tier 2,Y,N,N
ENSG00000130037,KCNA5,Tier 2,Y,N,N
ENSG00000130164,LDLR,Tier 2,Y,Y,N
ENSG00000130234,ACE2,Tier 2,Y,Y,N
ENSG00000130821,SLC6A8,Tier 2,Y,N,N
ENSG00000130948,HSD17B3,Tier 2,Y,N,N
ENSG00000131203,IDO1,Tier 2,Y,N,N
ENSG00000131408,NR1H2,Tier 2,Y,N,N
ENSG00000131473,ACLY,Tier 2,Y,N,N
ENSG00000131480,AOC2,Tier 2,Y,N,N
ENSG00000131482,G6PC,Tier 2,Y,N,N
ENSG00000132142,ACACA,Tier 2,Y,N,N
ENSG00000132164,SLC6A11,Tier 2,Y,N,N
ENSG00000132196,HSD17B7,Tier 2,Y,N,N
ENSG00000132670,PTPRA,Tier 2,Y,N,N
ENSG00000132840,BHMT2,Tier 2,Y,N,N
ENSG00000132906,CASP9,Tier 2,Y,N,N
ENSG00000132915,PDE6A,Tier 2,Y,N,N
ENSG00000133056,PIK3C2B,Tier 2,Y,N,N
ENSG00000133275,CSNK1G2,Tier 2,Y,N,N
ENSG00000133706,LARS,Tier 2,Y,N,N
ENSG00000133805,AMPD3,Tier 2,Y,N,N
ENSG00000134072,CAMK1,Tier 2,Y,N,N
ENSG00000134216,CHIA,Tier 2,Y,Y,N
ENSG00000134242,PTPN22,Tier 2,Y,N,N
ENSG00000134333,LDHA,Tier 2,Y,N,N
ENSG00000134480,CCNH,Tier 2,Y,N,N
ENSG00000134684,YARS,Tier 2,Y,Y,N
ENSG00000134817,APLNR,Tier 2,Y,Y,N
ENSG00000134899,ERCC5,Tier 2,Y,N,N
ENSG00000135124,P2RX4,Tier 2,Y,N,N
ENSG00000135486,HNRNPA1,Tier 2,Y,N,N
ENSG00000135577,NMBR,Tier 2,Y,Y,N
ENSG00000135587,SMPD2,Tier 2,Y,N,N
ENSG00000135678,CPM,Tier 2,Y,Y,N
ENSG00000135898,GPR55,Tier 2,Y,N,N
ENSG00000136098,NEK3,Tier 2,Y,N,N
ENSG00000136448,NMT1,Tier 2,Y,N,N
ENSG00000136810,TXN,Tier 2,Y,Y,N
ENSG00000136869,TLR4,Tier 2,Y,Y,N
ENSG00000136877,FPGS,Tier 2,Y,N,N
ENSG00000136931,NR5A1,Tier 2,Y,N,N
ENSG00000136960,ENPP2,Tier 2,Y,Y,N
ENSG00000137055,PLAA,Tier 2,Y,N,N
ENSG00000137168,PPIL1,Tier 2,N,Y,N
ENSG00000137563,GGH,Tier 2,Y,Y,N
ENSG00000137601,NEK1,Tier 2,Y,N,N
ENSG00000137674,MMP20,Tier 2,Y,Y,N
ENSG00000137675,MMP27,Tier 2,Y,Y,N
ENSG00000137875,BCL2L10,Tier 2,Y,N,N
ENSG00000137948,BRDT,Tier 2,Y,N,N
ENSG00000138030,KHK,Tier 2,Y,N,N
ENSG00000138032,PPM1B,Tier 2,Y,N,N
ENSG00000138207,RBP4,Tier 2,Y,Y,N
ENSG00000138363,ATIC,Tier 2,Y,N,N
ENSG00000138395,CDK15,Tier 2,Y,N,N
ENSG00000138398,PPIG,Tier 2,N,Y,N
ENSG00000138468,SENP7,Tier 2,Y,N,N
ENSG00000138622,HCN4,Tier 2,Y,N,N
ENSG00000138744,NAAA,Tier 2,Y,N,N
ENSG00000138792,ENPEP,Tier 2,Y,Y,N
ENSG00000138794,CASP6,Tier 2,Y,N,N
ENSG00000139144,PIK3C2G,Tier 2,Y,N,N
ENSG00000139190,VAMP1,Tier 2,N,Y,N
ENSG00000139287,TPH2,Tier 2,Y,N,N
ENSG00000139687,RB1,Tier 2,Y,N,N
ENSG00000140263,SORD,Tier 2,Y,Y,N
ENSG00000140287,HDC,Tier 2,Y,N,N
ENSG00000140379,BCL2A1,Tier 2,Y,N,N
ENSG00000140943,MBTPS1,Tier 2,Y,Y,N
ENSG00000141401,IMPA2,Tier 2,Y,N,N
ENSG00000141753,IGFBP4,Tier 2,Y,Y,N
ENSG00000141837,CACNA1A,Tier 2,Y,N,N
ENSG00000141867,BRD4,Tier 2,Y,N,N
ENSG00000142082,SIRT3,Tier 2,Y,N,N
ENSG00000142149,HUNK,Tier 2,Y,N,N
ENSG00000142230,SAE1,Tier 2,Y,N,N
ENSG00000142453,CARM1,Tier 2,Y,N,N
ENSG00000142515,KLK3,Tier 2,Y,Y,N
ENSG00000142619,PADI3,Tier 2,Y,N,N
ENSG00000142623,PADI1,Tier 2,Y,N,N
ENSG00000142657,PGD,Tier 2,Y,N,N
ENSG00000142733,MAP3K6,Tier 2,Y,N,N
ENSG00000142875,PRKACB,Tier 2,Y,N,N
ENSG00000142920,ADC,Tier 2,Y,N,N
ENSG00000142949,PTPRF,Tier 2,Y,N,N
ENSG00000143224,PPOX,Tier 2,Y,N,N
ENSG00000143384,MCL1,Tier 2,Y,N,N
ENSG00000143393,PI4KB,Tier 2,Y,N,N
ENSG00000143479,DYRK3,Tier 2,Y,N,N
ENSG00000143603,KCNN3,Tier 2,Y,N,N
ENSG00000143627,PKLR,Tier 2,Y,N,N
ENSG00000143727,ACP1,Tier 2,Y,N,N
ENSG00000143776,CDC42BPA,Tier 2,Y,N,N
ENSG00000143933,CALM2,Tier 2,Y,Y,N
ENSG00000144407,PTH2R,Tier 2,N,Y,N
ENSG00000144476,ACKR3,Tier 2,Y,Y,N
ENSG00000144579,CTDSP1,Tier 2,Y,N,N
ENSG00000144959,NCEH1,Tier 2,Y,N,N
ENSG00000145284,SCD5,Tier 2,Y,N,N
ENSG00000145335,SNCA,Tier 2,Y,Y,N
ENSG00000145384,FABP2,Tier 2,Y,N,N
ENSG00000145451,GLRA3,Tier 2,Y,Y,N
ENSG00000145632,PLK2,Tier 2,Y,N,N
ENSG00000145675,PIK3R1,Tier 2,Y,N,N
ENSG00000145692,BHMT,Tier 2,Y,N,N
ENSG00000145730,PAM,Tier 2,Y,Y,N
ENSG00000145982,FARS2,Tier 2,Y,N,N
ENSG00000146276,GABRR1,Tier 2,Y,Y,N
ENSG00000146674,IGFBP3,Tier 2,Y,Y,N
ENSG00000146678,IGFBP1,Tier 2,Y,Y,N
ENSG00000147044,CASK,Tier 2,Y,Y,N
ENSG00000147262,GPR119,Tier 2,Y,Y,N
ENSG00000147432,CHRNB3,Tier 2,Y,N,N
ENSG00000147434,CHRNA6,Tier 2,Y,Y,N
ENSG00000148734,NPFFR1,Tier 2,Y,Y,N
ENSG00000148832,PAOX,Tier 2,Y,N,N
ENSG00000149311,ATM,Tier 2,Y,N,N
ENSG00000149418,ST14,Tier 2,Y,N,N
ENSG00000149451,ADAM33,Tier 2,Y,N,N
ENSG00000149930,TAOK2,Tier 2,Y,N,N
ENSG00000151292,CSNK1G3,Tier 2,Y,N,N
ENSG00000151414,NEK7,Tier 2,Y,N,N
ENSG00000151552,QDPR,Tier 2,Y,N,N
ENSG00000151632,AKR1C2,Tier 2,Y,N,N
ENSG00000151651,ADAM8,Tier 2,Y,Y,N
ENSG00000151704,KCNJ1,Tier 2,Y,Y,N
ENSG00000151790,TDO2,Tier 2,Y,N,N
ENSG00000152034,MCHR2,Tier 2,Y,Y,N
ENSG00000152256,PDK1,Tier 2,Y,N,N
ENSG00000152495,CAMK4,Tier 2,Y,N,N
ENSG00000152689,RASGRP3,Tier 2,Y,N,N
ENSG00000152904,GGPS1,Tier 2,Y,N,N
ENSG00000152953,STK32B,Tier 2,Y,N,N
ENSG00000153002,CPB1,Tier 2,Y,Y,N
ENSG00000153201,RANBP2,Tier 2,N,Y,N
ENSG00000153234,NR4A2,Tier 2,Y,N,N
ENSG00000153802,TMPRSS11D,Tier 2,Y,Y,N
ENSG00000154025,SLC5A10,Tier 2,Y,N,N
ENSG00000154277,UCHL1,Tier 2,Y,N,N
ENSG00000154678,PDE1C,Tier 2,Y,N,N
ENSG00000154734,ADAMTS1,Tier 2,Y,Y,N
ENSG00000154736,ADAMTS5,Tier 2,Y,Y,N
ENSG00000155096,AZIN1,Tier 2,Y,N,N
ENSG00000156110,ADK,Tier 2,Y,N,N
ENSG00000156113,KCNMA1,Tier 2,Y,N,N
ENSG00000156136,DCK,Tier 2,Y,N,N
ENSG00000156510,HKDC1,Tier 2,Y,N,N
ENSG00000157106,SMG1,Tier 2,Y,N,N
ENSG00000157184,CPT2,Tier 2,Y,N,N
ENSG00000157554,ERG,Tier 2,Y,N,N
ENSG00000157778,PSMG3,Tier 2,Y,N,N
ENSG00000158402,CDC25C,Tier 2,Y,N,N
ENSG00000158786,PLA2G2F,Tier 2,Y,Y,N
ENSG00000158859,ADAMTS4,Tier 2,Y,Y,N
ENSG00000158865,SLC5A11,Tier 2,Y,N,N
ENSG00000159267,HLCS,Tier 2,Y,N,N
ENSG00000159403,C1R,Tier 2,Y,Y,N
ENSG00000159593,NAE1,Tier 2,Y,N,N
ENSG00000159788,RGS12,Tier 2,Y,N,N
ENSG00000160014,CALM3,Tier 2,Y,Y,N
ENSG00000160191,PDE9A,Tier 2,Y,N,N
ENSG00000160211,G6PD,Tier 2,Y,N,N
ENSG00000160285,LSS,Tier 2,Y,N,N
ENSG00000160307,S100B,Tier 2,Y,Y,N
ENSG00000161570,CCL5,Tier 2,Y,Y,N
ENSG00000161960,EIF4A1,Tier 2,Y,N,N
ENSG00000162383,SLC1A7,Tier 2,Y,N,N
ENSG00000162438,CTRC,Tier 2,Y,N,N
ENSG00000162551,ALPL,Tier 2,Y,Y,N
ENSG00000162692,VCAM1,Tier 2,Y,Y,N
ENSG00000162711,NLRP3,Tier 2,Y,N,N
ENSG00000162728,KCNJ9,Tier 2,Y,Y,N
ENSG00000162881,OXER1,Tier 2,Y,Y,N
ENSG00000162889,MAPKAPK2,Tier 2,Y,N,N
ENSG00000162909,CAPN2,Tier 2,Y,N,N
ENSG00000163050,ADCK3,Tier 2,Y,N,N
ENSG00000163098,BIRC8,Tier 2,Y,N,N
ENSG00000163106,HPGDS,Tier 2,Y,N,N
ENSG00000163286,ALPPL2,Tier 2,Y,N,N
ENSG00000163295,ALPI,Tier 2,Y,Y,N
ENSG00000163482,STK36,Tier 2,Y,N,N
ENSG00000163629,PTPN13,Tier 2,Y,N,N
ENSG00000163631,ALB,Tier 2,Y,Y,N
ENSG00000163751,CPA3,Tier 2,Y,Y,N
ENSG00000163788,SNRK,Tier 2,Y,N,N
ENSG00000163931,TKT,Tier 2,Y,N,N
ENSG00000164045,CDC25A,Tier 2,Y,N,N
ENSG00000164116,GUCY1A3,Tier 2,Y,N,N
ENSG00000164120,HPGD,Tier 2,Y,N,N
ENSG00000164128,NPY1R,Tier 2,Y,Y,N
ENSG00000164219,PGGT1B,Tier 2,Y,N,N
ENSG00000164251,F2RL1,Tier 2,Y,Y,N
ENSG00000164305,CASP3,Tier 2,Y,N,N
ENSG00000164362,TERT,Tier 2,Y,N,N
ENSG00000164588,HCN1,Tier 2,Y,N,N
ENSG00000165140,FBP1,Tier 2,Y,N,N
ENSG00000165168,CYBB,Tier 2,Y,N,N
ENSG00000165280,VCP,Tier 2,Y,N,N
ENSG00000165591,FAAH2,Tier 2,Y,N,N
ENSG00000165704,HPRT1,Tier 2,Y,N,N
ENSG00000165752,STK32C,Tier 2,Y,N,N
ENSG00000165806,CASP7,Tier 2,Y,N,N
ENSG00000165862,PNLIPRP2,Tier 2,Y,Y,N
ENSG00000165970,SLC6A5,Tier 2,Y,N,N
ENSG00000166192,SENP8,Tier 2,Y,N,N
ENSG00000166483,WEE1,Tier 2,Y,N,N
ENSG00000166484,MAPK7,Tier 2,Y,N,N
ENSG00000166548,TK2,Tier 2,Y,N,N
ENSG00000166598,HSP90B1,Tier 2,Y,Y,N
ENSG00000166670,MMP10,Tier 2,Y,Y,N
ENSG00000166825,ANPEP,Tier 2,Y,Y,N
ENSG00000166828,SCNN1G,Tier 2,Y,Y,N
ENSG00000166888,STAT6,Tier 2,Y,N,N
ENSG00000166908,PIP4K2C,Tier 2,Y,N,N
ENSG00000166948,TGM6,Tier 2,Y,N,N
ENSG00000166949,SMAD3,Tier 2,Y,N,N
ENSG00000166986,MARS,Tier 2,Y,N,N
ENSG00000167114,SLC27A4,Tier 2,Y,N,N
ENSG00000167207,NOD2,Tier 2,Y,N,N
ENSG00000167261,DPEP2,Tier 2,Y,N,N
ENSG00000167280,ENGASE,Tier 2,Y,N,N
ENSG00000167508,MVD,Tier 2,Y,N,N
ENSG00000167748,KLK1,Tier 2,Y,Y,N
ENSG00000167779,IGFBP6,Tier 2,Y,Y,N
ENSG00000167780,SOAT2,Tier 2,Y,N,N
ENSG00000168036,CTNNB1,Tier 2,Y,N,N
ENSG00000168078,PBK,Tier 2,Y,N,N
ENSG00000168329,CX3CR1,Tier 2,Y,Y,N
ENSG00000168397,ATG4B,Tier 2,Y,N,N
ENSG00000168447,SCNN1B,Tier 2,Y,Y,N
ENSG00000168487,BMP1,Tier 2,Y,Y,N
ENSG00000168496,FEN1,Tier 2,Y,N,N
ENSG00000168646,AXIN2,Tier 2,Y,N,N
ENSG00000168925,CTRB1,Tier 2,Y,Y,N
ENSG00000168938,PPIC,Tier 2,N,Y,N
ENSG00000169118,CSNK1G1,Tier 2,Y,N,N
ENSG00000169302,STK32A,Tier 2,Y,N,N
ENSG00000169618,PROKR1,Tier 2,Y,Y,N
ENSG00000169684,CHRNA5,Tier 2,Y,N,N
ENSG00000169692,AGPAT2,Tier 2,Y,N,N
ENSG00000169860,P2RY1,Tier 2,Y,Y,N
ENSG00000169925,BRD3,Tier 2,Y,N,N
ENSG00000170027,YWHAG,Tier 2,Y,N,N
ENSG00000170242,USP47,Tier 2,Y,N,N
ENSG00000170255,MRGPRX1,Tier 2,Y,Y,N
ENSG00000170266,GLB1,Tier 2,Y,Y,N
ENSG00000170323,FABP4,Tier 2,Y,N,N
ENSG00000170345,FOS,Tier 2,Y,N,N
ENSG00000170390,DCLK2,Tier 2,Y,N,N
ENSG00000170522,ELOVL6,Tier 2,Y,N,N
ENSG00000170835,CEL,Tier 2,Y,Y,N
ENSG00000170890,PLA2G1B,Tier 2,Y,Y,N
ENSG00000171049,FPR2,Tier 2,Y,Y,N
ENSG00000171051,FPR1,Tier 2,Y,Y,N
ENSG00000171219,CDC42BPG,Tier 2,Y,N,N
ENSG00000171509,RXFP1,Tier 2,Y,Y,N
ENSG00000171517,LPAR3,Tier 2,Y,N,N
ENSG00000171631,P2RY6,Tier 2,Y,Y,N
ENSG00000171860,C3AR1,Tier 2,Y,Y,N
ENSG00000171865,RNASEH1,Tier 2,Y,N,N
ENSG00000171960,PPIH,Tier 2,N,Y,N
ENSG00000172071,EIF2AK3,Tier 2,Y,N,N
ENSG00000172236,TPSAB1,Tier 2,Y,Y,N
ENSG00000172531,PPP1CA,Tier 2,Y,N,N
ENSG00000172939,OXSR1,Tier 2,Y,N,N
ENSG00000172943,PHF8,Tier 2,Y,N,N
ENSG00000173039,RELA,Tier 2,Y,N,N
ENSG00000173083,HPSE,Tier 2,Y,Y,N
ENSG00000173120,KDM2A,Tier 2,Y,N,N
ENSG00000173213,,Tier 2,Y,Y,N
ENSG00000173239,LIPM,Tier 2,Y,N,N
ENSG00000173273,TNKS,Tier 2,Y,N,N
ENSG00000173366,,Tier 2,Y,N,N
ENSG00000173486,FKBP2,Tier 2,Y,Y,N
ENSG00000173653,RCE1,Tier 2,Y,N,N
ENSG00000173757,STAT5B,Tier 2,Y,N,N
ENSG00000173826,KCNH6,Tier 2,Y,N,N
ENSG00000173846,PLK3,Tier 2,Y,N,N
ENSG00000173868,PHOSPHO1,Tier 2,Y,N,N
ENSG00000173876,TUBB8,Tier 2,Y,Y,N
ENSG00000174080,CTSF,Tier 2,Y,N,N
ENSG00000174600,CMKLR1,Tier 2,Y,Y,N
ENSG00000174738,NR1D2,Tier 2,Y,N,N
ENSG00000174876,AMY1B,Tier 2,Y,Y,N
ENSG00000175054,ATR,Tier 2,Y,N,N
ENSG00000175354,PTPN2,Tier 2,Y,N,N
ENSG00000175445,LPL,Tier 2,Y,Y,N
ENSG00000175634,RPS6KB2,Tier 2,Y,N,N
ENSG00000176170,SPHK1,Tier 2,Y,N,N
ENSG00000176393,RNPEP,Tier 2,Y,Y,N
ENSG00000176978,DPP7,Tier 2,Y,Y,N
ENSG00000177239,MAN1B1,Tier 2,Y,N,N
ENSG00000177272,KCNA3,Tier 2,Y,N,N
ENSG00000177453,NIM1K,Tier 2,Y,N,N
ENSG00000177463,NR2C2,Tier 2,Y,N,N
ENSG00000177602,GSG2,Tier 2,Y,N,N
ENSG00000177606,JUN,Tier 2,Y,N,N
ENSG00000177889,UBE2N,Tier 2,Y,N,N
ENSG00000177954,RPS27,Tier 2,Y,N,N
ENSG00000178700,DHFRL1,Tier 2,Y,N,N
ENSG00000178802,MPI,Tier 2,Y,N,N
ENSG00000179163,FUCA1,Tier 2,Y,N,N
ENSG00000179295,PTPN11,Tier 2,Y,N,N
ENSG00000179335,CLK3,Tier 2,Y,N,N
ENSG00000179934,CCR8,Tier 2,Y,Y,N
ENSG00000180138,CSNK1A1L,Tier 2,Y,N,N
ENSG00000180509,KCNE1,Tier 2,Y,N,N
ENSG00000180644,PRF1,Tier 2,Y,Y,N
ENSG00000181090,EHMT1,Tier 2,Y,N,N
ENSG00000181163,NPM1,Tier 2,Y,N,N
ENSG00000182240,BACE2,Tier 2,Y,Y,N
ENSG00000182326,C1S,Tier 2,Y,Y,N
ENSG00000182511,FES,Tier 2,Y,N,N
ENSG00000182674,KCNB2,Tier 2,Y,N,N
ENSG00000183625,CCR3,Tier 2,Y,Y,N
ENSG00000183696,UPP1,Tier 2,Y,N,N
ENSG00000183729,NPBWR1,Tier 2,Y,Y,N
ENSG00000184007,PTP4A2,Tier 2,Y,N,N
ENSG00000184185,KCNJ12,Tier 2,Y,Y,N
ENSG00000184381,PLA2G6,Tier 2,Y,N,N
ENSG00000184470,TXNRD2,Tier 2,Y,N,N
ENSG00000184574,LPAR5,Tier 2,Y,Y,N
ENSG00000184611,KCNH7,Tier 2,Y,N,N
ENSG00000185000,DGAT1,Tier 2,Y,N,N
ENSG00000185149,NPY2R,Tier 2,Y,Y,N
ENSG00000185238,PRMT3,Tier 2,Y,N,N
ENSG00000185518,SV2B,Tier 2,Y,N,N
ENSG00000185532,PRKG1,Tier 2,Y,N,N
ENSG00000185624,P4HB,Tier 2,Y,Y,N
ENSG00000186111,PIP5K1C,Tier 2,Y,N,N
ENSG00000186188,FFAR4,Tier 2,Y,Y,N
ENSG00000186642,PDE2A,Tier 2,Y,N,N
ENSG00000186810,CXCR3,Tier 2,Y,Y,N
ENSG00000187021,PNLIPRP1,Tier 2,Y,Y,N
ENSG00000187098,MITF,Tier 2,Y,N,N
ENSG00000187555,USP7,Tier 2,Y,N,N
ENSG00000187688,TRPV2,Tier 2,Y,N,N
ENSG00000187714,SLC18A3,Tier 2,Y,N,N
ENSG00000187733,AMY1C,Tier 2,Y,Y,N
ENSG00000187848,P2RX2,Tier 2,Y,N,N
ENSG00000187980,PLA2G2C,Tier 2,Y,N,N
ENSG00000188037,CLCN1,Tier 2,Y,N,N
ENSG00000188322,SBK1,Tier 2,Y,N,N
ENSG00000188828,GLRA4,Tier 2,Y,N,N
ENSG00000189043,NDUFA4,Tier 2,Y,N,N
ENSG00000196277,GRM7,Tier 2,Y,N,N
ENSG00000196363,WDR5,Tier 2,Y,N,N
ENSG00000196396,PTPN1,Tier 2,Y,N,N
ENSG00000196482,ESRRG,Tier 2,Y,N,N
ENSG00000196632,WNK3,Tier 2,Y,N,N
ENSG00000197168,NEK5,Tier 2,Y,N,N
ENSG00000197405,C5AR1,Tier 2,Y,Y,N
ENSG00000197763,TXNRD3,Tier 2,Y,N,N
ENSG00000197943,PLCG2,Tier 2,Y,N,N
ENSG00000198161,PPIAL4C,Tier 2,N,Y,N
ENSG00000198211,TUBB3,Tier 2,Y,Y,N
ENSG00000198225,FKBP1C,Tier 2,Y,N,N
ENSG00000198380,GFPT1,Tier 2,Y,N,N
ENSG00000198408,MGEA5,Tier 2,Y,N,N
ENSG00000198586,TLK1,Tier 2,Y,N,N
ENSG00000198626,RYR2,Tier 2,Y,N,N
ENSG00000198648,STK39,Tier 2,Y,N,N
ENSG00000198668,CALM1,Tier 2,Y,Y,N
ENSG00000198712,MT-CO2,Tier 2,Y,N,N
ENSG00000198743,SLC5A3,Tier 2,Y,N,N
ENSG00000198752,CDC42BPB,Tier 2,Y,N,N
ENSG00000198829,SUCNR1,Tier 2,Y,Y,N
ENSG00000198873,GRK5,Tier 2,Y,N,N
ENSG00000198886,MT-ND4,Tier 2,Y,N,N
ENSG00000198911,SREBF2,Tier 2,Y,N,N
ENSG00000198959,TGM2,Tier 2,Y,N,N
ENSG00000203857,HSD3B1,Tier 2,Y,N,N
ENSG00000204020,LIPN,Tier 2,Y,N,N
ENSG00000204021,LIPK,Tier 2,Y,N,N
ENSG00000204022,LIPJ,Tier 2,Y,N,N
ENSG00000204217,BMPR2,Tier 2,Y,N,N
ENSG00000204256,BRD2,Tier 2,Y,N,N
ENSG00000204371,EHMT2,Tier 2,Y,N,N
ENSG00000204388,HSPA1B,Tier 2,Y,N,N
ENSG00000204389,HSPA1A,Tier 2,Y,N,N
ENSG00000204673,AKT1S1,Tier 2,Y,N,N
ENSG00000205560,CPT1B,Tier 2,Y,N,N
ENSG00000205595,AREGB,Tier 2,Y,Y,N
ENSG00000206203,TSSK2,Tier 2,Y,N,N
ENSG00000211455,STK38L,Tier 2,Y,N,N
ENSG00000213199,ASIC3,Tier 2,Y,N,N
ENSG00000213906,LTB4R2,Tier 2,Y,Y,N
ENSG00000214517,PPME1,Tier 2,Y,N,N
ENSG00000215301,DDX3X,Tier 2,Y,N,N
ENSG00000222028,PSMB11,Tier 2,Y,N,N
ENSG00000229183,PGA4,Tier 2,Y,Y,N
ENSG00000229859,PGA3,Tier 2,Y,Y,N
ENSG00000231274,SBK3,Tier 2,Y,N,N
ENSG00000235268,KDM4E,Tier 2,Y,N,N
ENSG00000236334,PPIAL4G,Tier 2,N,Y,N
ENSG00000237763,AMY1A,Tier 2,Y,Y,N
ENSG00000239713,APOBEC3G,Tier 2,Y,N,N
ENSG00000240038,AMY2B,Tier 2,Y,Y,N
ENSG00000240344,PPIL3,Tier 2,N,Y,N
ENSG00000240972,MIF,Tier 2,Y,Y,N
ENSG00000243708,PLA2G4B,Tier 2,Y,Y,N
ENSG00000244734,HBB,Tier 2,Y,N,N
ENSG00000248333,CDK11B,Tier 2,Y,N,N
ENSG00000250506,CDK3,Tier 2,Y,N,N
ENSG00000253729,PRKDC,Tier 2,Y,N,N
ENSG00000255346,NOX5,Tier 2,Y,N,N
ENSG00000255398,HCAR3,Tier 2,Y,Y,N
ENSG00000255854,PPIAL4B,Tier 2,N,Y,N
ENSG00000255963,PPIAL4A,Tier 2,N,Y,N
ENSG00000256374,PPIAL4D,Tier 2,N,Y,N
ENSG00000257008,GPR142,Tier 2,Y,N,N
ENSG00000257743,,Tier 2,Y,N,N
ENSG00000258643,BCL2L2-PABPN1,Tier 2,Y,N,N
ENSG00000259753,,Tier 2,Y,Y,N
ENSG00000262304,,Tier 2,Y,N,N
ENSG00000263620,,Tier 2,N,Y,N
ENSG00000264813,,Tier 2,Y,N,N
ENSG00000268500,,Tier 2,N,Y,N
ENSG00000000971,CFH,Tier 3A,N,Y,N
ENSG00000002745,WNT16,Tier 3A,N,Y,N
ENSG00000003056,M6PR,Tier 3A,N,Y,N
ENSG00000003436,TFPI,Tier 3A,N,Y,N
ENSG00000004939,SLC4A1,Tier 3A,N,Y,N
ENSG00000006016,CRLF1,Tier 3A,N,Y,N
ENSG00000007062,PROM1,Tier 3A,N,Y,N
ENSG00000008517,IL32,Tier 3A,N,Y,N
ENSG00000009694,TENM1,Tier 3A,N,Y,N
ENSG00000009724,MASP2,Tier 3A,N,Y,N
ENSG00000010278,CD9,Tier 3A,N,Y,N
ENSG00000010319,SEMA3G,Tier 3A,N,Y,N
ENSG00000010704,HFE,Tier 3A,N,Y,N
ENSG00000011028,MRC2,Tier 3A,N,Y,N
ENSG00000011083,SLC6A7,Tier 3A,Y,N,N
ENSG00000012223,LTF,Tier 3A,N,Y,N
ENSG00000018236,CNTN1,Tier 3A,N,Y,N
ENSG00000019102,VSIG2,Tier 3A,N,Y,N
ENSG00000021645,NRXN3,Tier 3A,N,Y,N
ENSG00000023318,ERP44,Tier 3A,N,Y,N
ENSG00000026103,FAS,Tier 3A,N,Y,N
ENSG00000026297,RNASET2,Tier 3A,N,Y,N
ENSG00000029559,IBSP,Tier 3A,N,Y,N
ENSG00000030582,GRN,Tier 3A,N,Y,N
ENSG00000035862,TIMP2,Tier 3A,N,Y,N
ENSG00000038002,AGA,Tier 3A,N,Y,N
ENSG00000038427,VCAN,Tier 3A,N,Y,N
ENSG00000039068,CDH1,Tier 3A,N,Y,N
ENSG00000039537,C6,Tier 3A,N,Y,N
ENSG00000040608,RTN4R,Tier 3A,Y,Y,N
ENSG00000042781,USH2A,Tier 3A,N,Y,N
ENSG00000042832,TG,Tier 3A,Y,Y,N
ENSG00000042980,ADAM28,Tier 3A,N,Y,N
ENSG00000047457,CP,Tier 3A,N,Y,N
ENSG00000048462,TNFRSF17,Tier 3A,N,Y,N
ENSG00000049130,KITLG,Tier 3A,N,Y,N
ENSG00000049192,ADAMTS6,Tier 3A,N,Y,N
ENSG00000049323,LTBP1,Tier 3A,N,Y,N
ENSG00000050165,DKK3,Tier 3A,N,Y,N
ENSG00000050767,COL23A1,Tier 3A,N,Y,N
ENSG00000052344,PRSS8,Tier 3A,N,Y,N
ENSG00000053108,FSTL4,Tier 3A,N,Y,N
ENSG00000054983,GALC,Tier 3A,N,Y,N
ENSG00000055955,ITIH4,Tier 3A,N,Y,N
ENSG00000055957,ITIH1,Tier 3A,N,Y,N
ENSG00000058668,ATP2B4,Tier 3A,Y,N,N
ENSG00000060237,WNK1,Tier 3A,Y,N,N
ENSG00000060718,COL11A1,Tier 3A,N,Y,N
ENSG00000061492,WNT8A,Tier 3A,N,Y,N
ENSG00000064205,WISP2,Tier 3A,N,Y,N
ENSG00000065320,NTN1,Tier 3A,N,Y,N
ENSG00000065618,COL17A1,Tier 3A,N,Y,N
ENSG00000067842,ATP2B3,Tier 3A,Y,N,N
ENSG00000068001,HYAL2,Tier 3A,N,Y,N
ENSG00000069667,RORA,Tier 3A,Y,N,N
ENSG00000069702,TGFBR3,Tier 3A,N,Y,N
ENSG00000070031,SCT,Tier 3A,N,Y,N
ENSG00000070081,NUCB2,Tier 3A,N,Y,N
ENSG00000070193,FGF10,Tier 3A,N,Y,N
ENSG00000071073,MGAT4A,Tier 3A,N,Y,N
ENSG00000071127,WDR1,Tier 3A,N,Y,N
ENSG00000071677,PRLH,Tier 3A,N,Y,N
ENSG00000072071,LPHN1,Tier 3A,N,Y,N
ENSG00000072110,ACTN1,Tier 3A,N,Y,N
ENSG00000072315,TRPC5,Tier 3A,Y,N,N
ENSG00000073008,PVR,Tier 3A,N,Y,N
ENSG00000073754,CD5L,Tier 3A,N,Y,N
ENSG00000073849,ST6GAL1,Tier 3A,N,Y,N
ENSG00000074370,ATP2A3,Tier 3A,Y,N,N
ENSG00000074527,NTN4,Tier 3A,N,Y,N
ENSG00000075213,SEMA3A,Tier 3A,N,Y,N
ENSG00000075223,SEMA3C,Tier 3A,N,Y,N
ENSG00000077942,FBLN1,Tier 3A,N,Y,N
ENSG00000077943,ITGA8,Tier 3A,N,Y,N
ENSG00000078081,LAMP3,Tier 3A,N,Y,N
ENSG00000079557,AFM,Tier 3A,N,Y,N
ENSG00000079689,SCGN,Tier 3A,N,Y,N
ENSG00000080910,CFHR2,Tier 3A,N,Y,N
ENSG00000081041,CXCL2,Tier 3A,N,Y,N
ENSG00000081052,COL4A4,Tier 3A,N,Y,N
ENSG00000083444,PLOD1,Tier 3A,N,Y,N
ENSG00000085117,CD82,Tier 3A,N,Y,N
ENSG00000085741,WNT11,Tier 3A,N,Y,N
ENSG00000086062,B4GALT1,Tier 3A,N,Y,N
ENSG00000086289,EPDR1,Tier 3A,N,Y,N
ENSG00000087116,ADAMTS2,Tier 3A,N,Y,N
ENSG00000087303,NID2,Tier 3A,N,Y,N
ENSG00000087460,GNAS,Tier 3A,N,Y,N
ENSG00000088298,EDEM2,Tier 3A,N,Y,N
ENSG00000088782,DEFB127,Tier 3A,N,Y,N
ENSG00000088882,CPXM1,Tier 3A,N,Y,N
ENSG00000089012,SIRPG,Tier 3A,N,Y,N
ENSG00000089127,OAS1,Tier 3A,N,Y,N
ENSG00000089199,CHGB,Tier 3A,N,Y,N
ENSG00000089248,ERP29,Tier 3A,N,Y,N
ENSG00000090539,CHRD,Tier 3A,N,Y,N
ENSG00000090554,FLT3LG,Tier 3A,N,Y,N
ENSG00000091140,DLD,Tier 3A,Y,N,N
ENSG00000091409,ITGA6,Tier 3A,N,Y,N
ENSG00000091513,TF,Tier 3A,N,Y,N
ENSG00000091583,APOH,Tier 3A,N,Y,N
ENSG00000091986,CCDC80,Tier 3A,N,Y,N
ENSG00000092439,TRPM7,Tier 3A,Y,N,N
ENSG00000092758,COL9A3,Tier 3A,N,Y,N
ENSG00000095110,NXPE1,Tier 3A,N,Y,N
ENSG00000095587,TLL2,Tier 3A,N,Y,N
ENSG00000095713,CRTAC1,Tier 3A,N,Y,N
ENSG00000095752,IL11,Tier 3A,N,Y,N
ENSG00000096264,NCR2,Tier 3A,N,Y,N
ENSG00000096395,MLN,Tier 3A,N,Y,N
ENSG00000099139,PCSK5,Tier 3A,N,Y,N
ENSG00000099308,MAST3,Tier 3A,Y,N,N
ENSG00000099769,IGFALS,Tier 3A,N,Y,N
ENSG00000100031,GGT1,Tier 3A,N,Y,N
ENSG00000100060,MFNG,Tier 3A,N,Y,N
ENSG00000100100,PIK3IP1,Tier 3A,N,Y,N
ENSG00000100292,HMOX1,Tier 3A,N,Y,N
ENSG00000100311,PDGFB,Tier 3A,N,Y,N
ENSG00000100342,APOL1,Tier 3A,N,Y,N
ENSG00000100368,CSF2RB,Tier 3A,N,Y,N
ENSG00000100450,GZMH,Tier 3A,N,Y,N
ENSG00000100665,SERPINA4,Tier 3A,N,Y,N
ENSG00000100749,VRK1,Tier 3A,Y,N,N
ENSG00000100979,PLTP,Tier 3A,N,Y,N
ENSG00000101000,PROCR,Tier 3A,N,Y,N
ENSG00000101203,COL20A1,Tier 3A,N,Y,N
ENSG00000101280,ANGPT4,Tier 3A,N,Y,N
ENSG00000101307,SIRPB1,Tier 3A,N,Y,N
ENSG00000101327,PDYN,Tier 3A,N,Y,N
ENSG00000101384,JAG1,Tier 3A,N,Y,N
ENSG00000101425,BPI,Tier 3A,N,Y,N
ENSG00000101435,CST9L,Tier 3A,N,Y,N
ENSG00000101439,CST3,Tier 3A,N,Y,N
ENSG00000101443,WFDC2,Tier 3A,N,Y,N
ENSG00000101446,SPINT3,Tier 3A,N,Y,N
ENSG00000101938,CHRDL1,Tier 3A,N,Y,N
ENSG00000102575,ACP5,Tier 3A,N,Y,N
ENSG00000102678,FGF9,Tier 3A,N,Y,N
ENSG00000103044,HAS3,Tier 3A,N,Y,N
ENSG00000103066,PLA2G15,Tier 3A,N,Y,N
ENSG00000103196,CRISPLD2,Tier 3A,N,Y,N
ENSG00000103260,METRN,Tier 3A,N,Y,N
ENSG00000103522,IL21R,Tier 3A,N,Y,N
ENSG00000104112,SCG3,Tier 3A,N,Y,N
ENSG00000104324,CPQ,Tier 3A,N,Y,N
ENSG00000104415,WISP1,Tier 3A,N,Y,N
ENSG00000104432,IL7,Tier 3A,N,Y,N
ENSG00000104760,FGL1,Tier 3A,N,Y,N
ENSG00000104870,FCGRT,Tier 3A,N,Y,N
ENSG00000104899,AMH,Tier 3A,N,Y,N
ENSG00000104901,DKKL1,Tier 3A,N,Y,N
ENSG00000104918,RETN,Tier 3A,N,Y,N
ENSG00000105088,OLFM2,Tier 3A,N,Y,N
ENSG00000105371,ICAM4,Tier 3A,N,Y,N
ENSG00000105550,FGF21,Tier 3A,N,Y,N
ENSG00000105609,LILRB5,Tier 3A,N,Y,N
ENSG00000105711,SCN1B,Tier 3A,N,Y,N
ENSG00000105825,TFPI2,Tier 3A,N,Y,N
ENSG00000105989,WNT2,Tier 3A,N,Y,N
ENSG00000106080,FKBP14,Tier 3A,Y,Y,N
ENSG00000106333,PCOLCE,Tier 3A,N,Y,N
ENSG00000106483,SFRP4,Tier 3A,N,Y,N
ENSG00000106624,AEBP1,Tier 3A,N,Y,N
ENSG00000106692,FKTN,Tier 3A,N,Y,N
ENSG00000107317,PTGDS,Tier 3A,N,Y,N
ENSG00000107331,ABCA2,Tier 3A,Y,N,N
ENSG00000107562,CXCL12,Tier 3A,N,Y,N
ENSG00000107738,C10orf54,Tier 3A,N,Y,N
ENSG00000107742,SPOCK2,Tier 3A,N,Y,N
ENSG00000107789,MINPP1,Tier 3A,N,Y,N
ENSG00000108342,CSF3,Tier 3A,N,Y,N
ENSG00000108684,ASIC2,Tier 3A,N,Y,N
ENSG00000108688,CCL7,Tier 3A,N,Y,N
ENSG00000108821,COL1A1,Tier 3A,N,Y,N
ENSG00000108849,PPY,Tier 3A,N,Y,N
ENSG00000108883,EFTUD2,Tier 3A,N,Y,N
ENSG00000108947,EFNB3,Tier 3A,N,Y,N
ENSG00000109255,NMU,Tier 3A,N,Y,N
ENSG00000109472,CPE,Tier 3A,N,Y,N
ENSG00000109689,STIM2,Tier 3A,N,Y,N
ENSG00000109743,BST1,Tier 3A,N,Y,N
ENSG00000109758,HGFAC,Tier 3A,Y,Y,N
ENSG00000110013,SIAE,Tier 3A,N,Y,N
ENSG00000110076,NRXN2,Tier 3A,N,Y,N
ENSG00000110080,ST3GAL4,Tier 3A,N,Y,N
ENSG00000110243,APOA5,Tier 3A,N,Y,N
ENSG00000110244,APOA4,Tier 3A,N,Y,N
ENSG00000110245,APOC3,Tier 3A,N,Y,N
ENSG00000110324,IL10RA,Tier 3A,N,Y,N
ENSG00000110492,MDK,Tier 3A,N,Y,N
ENSG00000110848,CD69,Tier 3A,N,Y,N
ENSG00000110876,SELPLG,Tier 3A,N,Y,N
ENSG00000111186,WNT5B,Tier 3A,N,Y,N
ENSG00000111432,FZD10,Tier 3A,N,Y,N
ENSG00000111536,IL26,Tier 3A,N,Y,N
ENSG00000111737,RAB35,Tier 3A,N,Y,N
ENSG00000111801,BTN3A3,Tier 3A,N,Y,N
ENSG00000111981,ULBP1,Tier 3A,N,Y,N
ENSG00000112041,TULP1,Tier 3A,N,Y,N
ENSG00000112149,CD83,Tier 3A,N,Y,N
ENSG00000112293,GPLD1,Tier 3A,N,Y,N
ENSG00000112562,SMOC2,Tier 3A,N,Y,N
ENSG00000112799,LY86,Tier 3A,N,Y,N
ENSG00000113594,LIFR,Tier 3A,N,Y,N
ENSG00000113600,C9,Tier 3A,N,Y,N
ENSG00000113889,KNG1,Tier 3A,N,Y,N
ENSG00000113905,HRG,Tier 3A,N,Y,N
ENSG00000114251,WNT5A,Tier 3A,N,Y,N
ENSG00000114279,FGF12,Tier 3A,N,Y,N
ENSG00000114378,HYAL1,Tier 3A,N,Y,N
ENSG00000114698,PLSCR4,Tier 3A,N,Y,N
ENSG00000115009,CCL20,Tier 3A,N,Y,N
ENSG00000115138,POMC,Tier 3A,N,Y,N
ENSG00000115263,GCG,Tier 3A,N,Y,N
ENSG00000115380,EFEMP1,Tier 3A,N,Y,N
ENSG00000115596,WNT6,Tier 3A,N,Y,N
ENSG00000115602,IL1RL1,Tier 3A,N,Y,N
ENSG00000115604,IL18R1,Tier 3A,N,Y,N
ENSG00000115607,IL18RAP,Tier 3A,N,Y,N
ENSG00000115718,PROC,Tier 3A,Y,Y,N
ENSG00000115850,LCT,Tier 3A,N,Y,N
ENSG00000115956,PLEK,Tier 3A,N,Y,N
ENSG00000116147,TNR,Tier 3A,N,Y,N
ENSG00000116183,PAPPA2,Tier 3A,N,Y,N
ENSG00000116489,CAPZA1,Tier 3A,N,Y,N
ENSG00000116678,LEPR,Tier 3A,N,Y,N
ENSG00000116785,CFHR3,Tier 3A,N,Y,N
ENSG00000116815,CD58,Tier 3A,N,Y,N
ENSG00000116833,NR5A2,Tier 3A,Y,N,N
ENSG00000116962,NID1,Tier 3A,N,Y,N
ENSG00000116996,ZP4,Tier 3A,N,Y,N
ENSG00000117090,SLAMF1,Tier 3A,N,Y,N
ENSG00000117091,CD48,Tier 3A,N,Y,N
ENSG00000117122,MFAP2,Tier 3A,N,Y,N
ENSG00000117281,CD160,Tier 3A,N,Y,N
ENSG00000117322,CR2,Tier 3A,N,Y,N
ENSG00000117335,CD46,Tier 3A,N,Y,N
ENSG00000118137,APOA1,Tier 3A,N,Y,N
ENSG00000118705,RPN2,Tier 3A,N,Y,N
ENSG00000118729,CASQ2,Tier 3A,N,Y,N
ENSG00000119681,LTBP2,Tier 3A,N,Y,N
ENSG00000120210,INSL6,Tier 3A,N,Y,N
ENSG00000120211,INSL4,Tier 3A,N,Y,N
ENSG00000120332,TNN,Tier 3A,N,Y,N
ENSG00000120457,KCNJ5,Tier 3A,Y,Y,N
ENSG00000120658,ENOX1,Tier 3A,N,Y,N
ENSG00000120885,CLU,Tier 3A,N,Y,N
ENSG00000120937,NPPB,Tier 3A,N,Y,N
ENSG00000121064,SCPEP1,Tier 3A,N,Y,N
ENSG00000121316,PLBD1,Tier 3A,N,Y,N
ENSG00000121335,PRB2,Tier 3A,N,Y,N
ENSG00000121671,CRY2,Tier 3A,N,Y,N
ENSG00000122223,CD244,Tier 3A,N,Y,N
ENSG00000122224,LY9,Tier 3A,N,Y,N
ENSG00000122711,SPINK4,Tier 3A,N,Y,N
ENSG00000123243,ITIH5,Tier 3A,N,Y,N
ENSG00000123384,LRP1,Tier 3A,N,Y,N
ENSG00000123416,TUBA1B,Tier 3A,Y,N,N
ENSG00000123610,TNFAIP6,Tier 3A,N,Y,N
ENSG00000123739,PLA2G12A,Tier 3A,N,Y,N
ENSG00000123838,C4BPA,Tier 3A,N,Y,N
ENSG00000123843,C4BPB,Tier 3A,N,Y,N
ENSG00000124067,SLC12A4,Tier 3A,Y,N,N
ENSG00000124145,SDC4,Tier 3A,N,Y,N
ENSG00000124155,PIGT,Tier 3A,N,Y,N
ENSG00000124159,MATN4,Tier 3A,N,Y,N
ENSG00000124529,HIST1H4B,Tier 3A,N,Y,N
ENSG00000124557,BTN1A1,Tier 3A,N,Y,N
ENSG00000124693,HIST1H3B,Tier 3A,N,Y,N
ENSG00000124731,TREM1,Tier 3A,N,Y,N
ENSG00000124783,SSR1,Tier 3A,N,Y,N
ENSG00000125571,IL37,Tier 3A,N,Y,N
ENSG00000125730,C3,Tier 3A,N,Y,N
ENSG00000125788,DEFB126,Tier 3A,N,Y,N
ENSG00000125810,CD93,Tier 3A,N,Y,N
ENSG00000125845,BMP2,Tier 3A,N,Y,N
ENSG00000125851,PCSK2,Tier 3A,N,Y,N
ENSG00000125965,GDF5,Tier 3A,N,Y,N
ENSG00000125966,MMP24,Tier 3A,Y,Y,N
ENSG00000126091,ST3GAL3,Tier 3A,N,Y,N
ENSG00000126231,PROZ,Tier 3A,Y,Y,N
ENSG00000126353,CCR7,Tier 3A,Y,Y,N
ENSG00000126838,PZP,Tier 3A,N,Y,N
ENSG00000127418,FGFRL1,Tier 3A,N,Y,N
ENSG00000127578,WFIKKN1,Tier 3A,N,Y,N
ENSG00000127743,IL17B,Tier 3A,N,Y,N
ENSG00000127863,TNFRSF19,Tier 3A,N,Y,N
ENSG00000128165,ADM2,Tier 3A,N,Y,N
ENSG00000128322,IGLL1,Tier 3A,N,Y,N
ENSG00000128342,LIF,Tier 3A,N,Y,N
ENSG00000128564,VGF,Tier 3A,N,Y,N
ENSG00000128791,TWSG1,Tier 3A,N,Y,N
ENSG00000129038,LOXL1,Tier 3A,N,Y,N
ENSG00000129226,CD68,Tier 3A,N,Y,N
ENSG00000129538,RNASE1,Tier 3A,N,Y,N
ENSG00000129965,INS-IGF2,Tier 3A,N,Y,N
ENSG00000129988,LBP,Tier 3A,N,Y,N
ENSG00000130202,PVRL2,Tier 3A,N,Y,N
ENSG00000130203,APOE,Tier 3A,N,Y,N
ENSG00000130208,APOC1,Tier 3A,N,Y,N
ENSG00000130287,NCAN,Tier 3A,N,Y,N
ENSG00000130427,EPO,Tier 3A,N,Y,N
ENSG00000130508,PXDN,Tier 3A,Y,Y,N
ENSG00000130513,GDF15,Tier 3A,N,Y,N
ENSG00000130635,COL5A1,Tier 3A,N,Y,N
ENSG00000130812,ANGPTL6,Tier 3A,N,Y,N
ENSG00000131015,ULBP2,Tier 3A,N,Y,N
ENSG00000131042,LILRB2,Tier 3A,N,Y,N
ENSG00000131096,PYY,Tier 3A,N,Y,N
ENSG00000131187,F12,Tier 3A,Y,Y,N
ENSG00000131400,NAPSA,Tier 3A,Y,Y,N
ENSG00000131507,NDFIP1,Tier 3A,N,Y,N
ENSG00000131871,VIMP,Tier 3A,N,Y,N
ENSG00000131873,CHSY1,Tier 3A,N,Y,N
ENSG00000131981,LGALS3,Tier 3A,N,Y,N
ENSG00000132031,MATN3,Tier 3A,N,Y,N
ENSG00000132205,EMILIN2,Tier 3A,N,Y,N
ENSG00000132386,SERPINF1,Tier 3A,N,Y,N
ENSG00000132561,MATN2,Tier 3A,N,Y,N
ENSG00000132693,CRP,Tier 3A,N,Y,N
ENSG00000132704,FCRL2,Tier 3A,N,Y,N
ENSG00000132855,ANGPTL3,Tier 3A,N,Y,N
ENSG00000133048,CHI3L1,Tier 3A,N,Y,N
ENSG00000133063,CHIT1,Tier 3A,N,Y,N
ENSG00000133107,TRPC4,Tier 3A,Y,N,N
ENSG00000133112,TPT1,Tier 3A,N,Y,N
ENSG00000133401,PDZD2,Tier 3A,N,Y,N
ENSG00000133466,C1QTNF6,Tier 3A,N,Y,N
ENSG00000133661,SFTPD,Tier 3A,N,Y,N
ENSG00000134020,PEBP4,Tier 3A,N,Y,N
ENSG00000134061,CD180,Tier 3A,N,Y,N
ENSG00000134121,CHL1,Tier 3A,N,Y,N
ENSG00000134160,TRPM1,Tier 3A,Y,N,N
ENSG00000134247,PTGFRN,Tier 3A,N,Y,N
ENSG00000134250,NOTCH2,Tier 3A,N,Y,N
ENSG00000134339,SAA2,Tier 3A,N,Y,N
ENSG00000134365,CFHR4,Tier 3A,N,Y,N
ENSG00000134376,CRB1,Tier 3A,N,Y,N
ENSG00000134389,CFHR5,Tier 3A,N,Y,N
ENSG00000134470,IL15RA,Tier 3A,N,Y,N
ENSG00000134545,KLRC1,Tier 3A,N,Y,N
ENSG00000134575,ACP2,Tier 3A,N,Y,N
ENSG00000134812,GIF,Tier 3A,N,Y,N
ENSG00000134827,TCN1,Tier 3A,N,Y,N
ENSG00000134871,COL4A2,Tier 3A,N,Y,N
ENSG00000134917,ADAMTS8,Tier 3A,N,Y,N
ENSG00000135046,ANXA1,Tier 3A,N,Y,N
ENSG00000135218,CD36,Tier 3A,N,Y,N
ENSG00000135404,CD63,Tier 3A,N,Y,N
ENSG00000135413,LACRT,Tier 3A,N,Y,N
ENSG00000135424,ITGA7,Tier 3A,N,Y,N
ENSG00000135517,MIP,Tier 3A,N,Y,N
ENSG00000135535,CD164,Tier 3A,N,Y,N
ENSG00000135750,KCNK1,Tier 3A,Y,N,N
ENSG00000135925,WNT10A,Tier 3A,N,Y,N
ENSG00000135960,EDAR,Tier 3A,N,Y,N
ENSG00000136250,AOAH,Tier 3A,N,Y,N
ENSG00000136378,ADAMTS7,Tier 3A,N,Y,N
ENSG00000136457,CHAD,Tier 3A,N,Y,N
ENSG00000136487,GH2,Tier 3A,N,Y,N
ENSG00000136488,CSH1,Tier 3A,N,Y,N
ENSG00000136688,IL36G,Tier 3A,N,Y,N
ENSG00000136689,IL1RN,Tier 3A,N,Y,N
ENSG00000136695,IL36RN,Tier 3A,N,Y,N
ENSG00000136696,IL36B,Tier 3A,N,Y,N
ENSG00000136697,IL1F10,Tier 3A,N,Y,N
ENSG00000136999,NOV,Tier 3A,N,Y,N
ENSG00000137033,IL33,Tier 3A,N,Y,N
ENSG00000137077,CCL21,Tier 3A,N,Y,N
ENSG00000137142,IGFBPL1,Tier 3A,N,Y,N
ENSG00000137251,TINAG,Tier 3A,N,Y,N
ENSG00000137441,FGFBP2,Tier 3A,N,Y,N
ENSG00000137801,THBS1,Tier 3A,N,Y,N
ENSG00000137809,ITGA11,Tier 3A,N,Y,N
ENSG00000138294,MSMB,Tier 3A,N,Y,N
ENSG00000138316,ADAMTS14,Tier 3A,N,Y,N
ENSG00000138623,SEMA7A,Tier 3A,N,Y,N
ENSG00000138675,FGF5,Tier 3A,N,Y,N
ENSG00000138684,IL21,Tier 3A,N,Y,N
ENSG00000138722,MMRN1,Tier 3A,N,Y,N
ENSG00000138755,CXCL9,Tier 3A,N,Y,N
ENSG00000138798,EGF,Tier 3A,N,Y,N
ENSG00000138829,FBN2,Tier 3A,N,Y,N
ENSG00000139192,TAPBPL,Tier 3A,N,Y,N
ENSG00000139193,CD27,Tier 3A,N,Y,N
ENSG00000139219,COL2A1,Tier 3A,N,Y,N
ENSG00000139269,INHBE,Tier 3A,N,Y,N
ENSG00000139329,LUM,Tier 3A,N,Y,N
ENSG00000139330,KERA,Tier 3A,N,Y,N
ENSG00000139549,DHH,Tier 3A,N,Y,N
ENSG00000139574,NPFF,Tier 3A,N,Y,N
ENSG00000139899,CBLN3,Tier 3A,N,Y,N
ENSG00000140092,FBLN5,Tier 3A,N,Y,N
ENSG00000140093,SERPINA10,Tier 3A,N,Y,N
ENSG00000140285,FGF7,Tier 3A,N,Y,N
ENSG00000140470,ADAMTS17,Tier 3A,N,Y,N
ENSG00000140479,PCSK6,Tier 3A,N,Y,N
ENSG00000140511,HAPLN3,Tier 3A,N,Y,N
ENSG00000140545,MFGE8,Tier 3A,N,Y,N
ENSG00000140564,FURIN,Tier 3A,N,Y,N
ENSG00000140678,ITGAX,Tier 3A,N,Y,N
ENSG00000140873,ADAMTS18,Tier 3A,N,Y,N
ENSG00000140945,CDH13,Tier 3A,N,Y,N
ENSG00000141012,GALNS,Tier 3A,N,Y,N
ENSG00000141068,KSR1,Tier 3A,Y,N,N
ENSG00000141086,CTRL,Tier 3A,N,Y,N
ENSG00000141098,GFOD2,Tier 3A,N,Y,N
ENSG00000141433,ADCYAP1,Tier 3A,N,Y,N
ENSG00000141505,ASGR1,Tier 3A,N,Y,N
ENSG00000141655,TNFRSF11A,Tier 3A,N,Y,N
ENSG00000142156,COL6A1,Tier 3A,N,Y,N
ENSG00000142224,IL19,Tier 3A,N,Y,N
ENSG00000142303,ADAMTS10,Tier 3A,N,Y,N
ENSG00000142606,MMEL1,Tier 3A,N,Y,N
ENSG00000142615,CELA2A,Tier 3A,N,Y,N
ENSG00000143119,CD53,Tier 3A,N,Y,N
ENSG00000143125,PROK1,Tier 3A,N,Y,N
ENSG00000143196,DPT,Tier 3A,N,Y,N
ENSG00000143226,FCGR2A,Tier 3A,N,Y,N
ENSG00000143278,F13B,Tier 3A,N,Y,N
ENSG00000143297,FCRL5,Tier 3A,N,Y,N
ENSG00000143321,HDGF,Tier 3A,N,Y,N
ENSG00000143556,S100A7,Tier 3A,N,Y,N
ENSG00000143641,GALNT2,Tier 3A,N,Y,N
ENSG00000143869,GDF7,Tier 3A,N,Y,N
ENSG00000143870,PDIA6,Tier 3A,N,Y,N
ENSG00000144339,TMEFF2,Tier 3A,N,Y,N
ENSG00000144455,SUMF1,Tier 3A,N,Y,N
ENSG00000144619,CNTN4,Tier 3A,N,Y,N
ENSG00000144668,ITGA9,Tier 3A,N,Y,N
ENSG00000144724,PTPRG,Tier 3A,Y,Y,N
ENSG00000144810,COL8A1,Tier 3A,N,Y,N
ENSG00000144857,BOC,Tier 3A,N,Y,N
ENSG00000144935,TRPC1,Tier 3A,Y,N,N
ENSG00000145147,SLIT2,Tier 3A,N,Y,N
ENSG00000145244,CORIN,Tier 3A,N,Y,N
ENSG00000145423,SFRP2,Tier 3A,N,Y,N
ENSG00000145431,PDGFC,Tier 3A,N,Y,N
ENSG00000145681,HAPLN1,Tier 3A,N,Y,N
ENSG00000145808,ADAMTS19,Tier 3A,N,Y,N
ENSG00000145826,LECT2,Tier 3A,N,Y,N
ENSG00000145882,PCYOX1L,Tier 3A,N,Y,N
ENSG00000146013,GFRA3,Tier 3A,N,Y,N
ENSG00000146072,TNFRSF21,Tier 3A,N,Y,N
ENSG00000146374,RSPO3,Tier 3A,N,Y,N
ENSG00000147896,IFNK,Tier 3A,N,Y,N
ENSG00000148180,GSN,Tier 3A,N,Y,N
ENSG00000148204,CRB2,Tier 3A,N,Y,N
ENSG00000148386,LCN9,Tier 3A,N,Y,N
ENSG00000148926,ADM,Tier 3A,N,Y,N
ENSG00000148965,SAA4,Tier 3A,N,Y,N
ENSG00000149021,SCGB1A1,Tier 3A,N,Y,N
ENSG00000149131,SERPING1,Tier 3A,N,Y,N
ENSG00000149177,PTPRJ,Tier 3A,N,Y,N
ENSG00000149564,ESAM,Tier 3A,N,Y,N
ENSG00000149577,SIDT2,Tier 3A,N,Y,N
ENSG00000150275,PCDH15,Tier 3A,N,Y,N
ENSG00000150281,CTF1,Tier 3A,N,Y,N
ENSG00000150625,GPM6A,Tier 3A,N,Y,N
ENSG00000150637,CD226,Tier 3A,N,Y,N
ENSG00000150938,CRIM1,Tier 3A,N,Y,N
ENSG00000150995,ITPR1,Tier 3A,Y,N,N
ENSG00000151006,PRSS53,Tier 3A,N,Y,N
ENSG00000151033,LYZL2,Tier 3A,N,Y,N
ENSG00000151388,ADAMTS12,Tier 3A,N,Y,N
ENSG00000151468,CCDC3,Tier 3A,N,Y,N
ENSG00000151655,ITIH2,Tier 3A,N,Y,N
ENSG00000151746,BICD1,Tier 3A,N,Y,N
ENSG00000152402,GUCY1A2,Tier 3A,Y,N,N
ENSG00000152595,MEPE,Tier 3A,N,Y,N
ENSG00000152785,BMP3,Tier 3A,N,Y,N
ENSG00000153029,MR1,Tier 3A,N,Y,N
ENSG00000153162,BMP6,Tier 3A,N,Y,N
ENSG00000153246,PLA2R1,Tier 3A,N,Y,N
ENSG00000153283,CD96,Tier 3A,N,Y,N
ENSG00000153563,CD8A,Tier 3A,N,Y,N
ENSG00000153822,KCNJ16,Tier 3A,Y,Y,N
ENSG00000154269,ENPP3,Tier 3A,N,Y,N
ENSG00000154721,JAM2,Tier 3A,N,Y,N
ENSG00000154764,WNT7A,Tier 3A,N,Y,N
ENSG00000155011,DKK2,Tier 3A,N,Y,N
ENSG00000155657,TTN,Tier 3A,Y,Y,N
ENSG00000156076,WIF1,Tier 3A,N,Y,N
ENSG00000156140,ADAMTS3,Tier 3A,N,Y,N
ENSG00000156218,ADAMTSL3,Tier 3A,N,Y,N
ENSG00000156886,ITGAD,Tier 3A,N,Y,N
ENSG00000157087,ATP2B2,Tier 3A,Y,N,N
ENSG00000157093,LYZL4,Tier 3A,N,Y,N
ENSG00000157168,NRG1,Tier 3A,N,Y,N
ENSG00000157193,LRP8,Tier 3A,N,Y,N
ENSG00000157350,ST3GAL2,Tier 3A,N,Y,N
ENSG00000157542,KCNJ6,Tier 3A,Y,Y,N
ENSG00000157551,KCNJ15,Tier 3A,Y,Y,N
ENSG00000157766,ACAN,Tier 3A,N,Y,N
ENSG00000157873,TNFRSF14,Tier 3A,N,Y,N
ENSG00000158406,HIST1H4H,Tier 3A,N,Y,N
ENSG00000158714,SLAMF8,Tier 3A,N,Y,N
ENSG00000158813,EDA,Tier 3A,N,Y,N
ENSG00000158815,FGF17,Tier 3A,N,Y,N
ENSG00000158887,MPZ,Tier 3A,N,Y,N
ENSG00000158955,WNT9B,Tier 3A,N,Y,N
ENSG00000159166,LAD1,Tier 3A,N,Y,N
ENSG00000159167,STC1,Tier 3A,N,Y,N
ENSG00000159224,GIP,Tier 3A,N,Y,N
ENSG00000159307,SCUBE1,Tier 3A,N,Y,N
ENSG00000159792,PSKH1,Tier 3A,Y,N,N
ENSG00000160111,CPAMD8,Tier 3A,N,Y,N
ENSG00000160113,NR2F6,Tier 3A,Y,N,N
ENSG00000160145,KALRN,Tier 3A,Y,N,N
ENSG00000160161,CILP2,Tier 3A,N,Y,N
ENSG00000160180,TFF3,Tier 3A,N,Y,N
ENSG00000160181,TFF2,Tier 3A,N,Y,N
ENSG00000160182,TFF1,Tier 3A,N,Y,N
ENSG00000160323,ADAMTS13,Tier 3A,N,Y,N
ENSG00000160349,LCN1,Tier 3A,N,Y,N
ENSG00000160588,MPZL3,Tier 3A,N,Y,N
ENSG00000160593,AMICA1,Tier 3A,N,Y,N
ENSG00000160613,PCSK7,Tier 3A,N,Y,N
ENSG00000160856,FCRL3,Tier 3A,N,Y,N
ENSG00000160886,LY6K,Tier 3A,N,Y,N
ENSG00000160963,COL26A1,Tier 3A,N,Y,N
ENSG00000161249,DMKN,Tier 3A,N,Y,N
ENSG00000161634,DCD,Tier 3A,N,Y,N
ENSG00000161649,CD300LG,Tier 3A,N,Y,N
ENSG00000161921,CXCL16,Tier 3A,N,Y,N
ENSG00000161955,TNFSF13,Tier 3A,N,Y,N
ENSG00000162267,ITIH3,Tier 3A,N,Y,N
ENSG00000162490,DRAXIN,Tier 3A,N,Y,N
ENSG00000162552,WNT4,Tier 3A,N,Y,N
ENSG00000162572,SCNN1D,Tier 3A,Y,Y,N
ENSG00000162631,NTNG1,Tier 3A,N,Y,N
ENSG00000162687,KCNT2,Tier 3A,Y,N,N
ENSG00000162694,EXTL2,Tier 3A,N,Y,N
ENSG00000162706,CADM3,Tier 3A,N,Y,N
ENSG00000162729,IGSF8,Tier 3A,N,Y,N
ENSG00000162739,SLAMF6,Tier 3A,N,Y,N
ENSG00000162745,OLFML2B,Tier 3A,N,Y,N
ENSG00000162836,ACP6,Tier 3A,N,Y,N
ENSG00000162891,IL20,Tier 3A,N,Y,N
ENSG00000162892,IL24,Tier 3A,N,Y,N
ENSG00000162998,FRZB,Tier 3A,N,Y,N
ENSG00000163083,INHBB,Tier 3A,N,Y,N
ENSG00000163217,BMP10,Tier 3A,N,Y,N
ENSG00000163273,NPPC,Tier 3A,N,Y,N
ENSG00000163297,ANTXR2,Tier 3A,N,Y,N
ENSG00000163359,COL6A3,Tier 3A,N,Y,N
ENSG00000163389,POGLUT1,Tier 3A,N,Y,N
ENSG00000163479,SSR2,Tier 3A,N,Y,N
ENSG00000163501,IHH,Tier 3A,N,Y,N
ENSG00000163520,FBLN2,Tier 3A,N,Y,N
ENSG00000163534,FCRL1,Tier 3A,N,Y,N
ENSG00000163606,CD200R1,Tier 3A,N,Y,N
ENSG00000163638,ADAMTS9,Tier 3A,N,Y,N
ENSG00000163687,DNASE1L3,Tier 3A,N,Y,N
ENSG00000163710,PCOLCE2,Tier 3A,N,Y,N
ENSG00000163734,CXCL3,Tier 3A,N,Y,N
ENSG00000163735,CXCL5,Tier 3A,N,Y,N
ENSG00000163736,PPBP,Tier 3A,N,Y,N
ENSG00000163737,PF4,Tier 3A,N,Y,N
ENSG00000163902,RPN1,Tier 3A,N,Y,N
ENSG00000163956,LRPAP1,Tier 3A,N,Y,N
ENSG00000164050,PLXNB1,Tier 3A,N,Y,N
ENSG00000164161,HHIP,Tier 3A,N,Y,N
ENSG00000164176,EDIL3,Tier 3A,N,Y,N
ENSG00000164220,F2RL2,Tier 3A,Y,Y,N
ENSG00000164265,SCGB3A2,Tier 3A,N,Y,N
ENSG00000164266,SPINK1,Tier 3A,N,Y,N
ENSG00000164307,ERAP1,Tier 3A,N,Y,N
ENSG00000164318,EGFLAM,Tier 3A,N,Y,N
ENSG00000164399,IL3,Tier 3A,N,Y,N
ENSG00000164485,IL22RA2,Tier 3A,N,Y,N
ENSG00000164530,PI16,Tier 3A,N,Y,N
ENSG00000164692,COL1A2,Tier 3A,N,Y,N
ENSG00000164761,TNFRSF11B,Tier 3A,N,Y,N
ENSG00000164821,DEFA4,Tier 3A,N,Y,N
ENSG00000164822,DEFA6,Tier 3A,N,Y,N
ENSG00000164946,FREM1,Tier 3A,N,Y,N
ENSG00000165471,MBL2,Tier 3A,N,Y,N
ENSG00000165661,QSOX2,Tier 3A,N,Y,N
ENSG00000165953,SERPINA12,Tier 3A,N,Y,N
ENSG00000165973,NELL1,Tier 3A,N,Y,N
ENSG00000165995,CACNB2,Tier 3A,Y,N,N
ENSG00000166033,HTRA1,Tier 3A,N,Y,N
ENSG00000166035,LIPC,Tier 3A,Y,Y,N
ENSG00000166090,IL25,Tier 3A,N,Y,N
ENSG00000166106,ADAMTS15,Tier 3A,N,Y,N
ENSG00000166145,SPINT1,Tier 3A,N,Y,N
ENSG00000166147,FBN1,Tier 3A,N,Y,N
ENSG00000166278,C2,Tier 3A,N,Y,N
ENSG00000166402,TUB,Tier 3A,N,Y,N
ENSG00000166535,A2ML1,Tier 3A,N,Y,N
ENSG00000166573,GALR1,Tier 3A,Y,Y,N
ENSG00000166922,SCG5,Tier 3A,N,Y,N
ENSG00000166923,GREM1,Tier 3A,N,Y,N
ENSG00000167535,CACNB3,Tier 3A,Y,N,N
ENSG00000167633,KIR3DL1,Tier 3A,N,Y,N
ENSG00000167642,SPINT2,Tier 3A,N,Y,N
ENSG00000167711,SERPINF2,Tier 3A,N,Y,N
ENSG00000167749,KLK4,Tier 3A,N,Y,N
ENSG00000167751,KLK2,Tier 3A,N,Y,N
ENSG00000167754,KLK5,Tier 3A,N,Y,N
ENSG00000167755,KLK6,Tier 3A,N,Y,N
ENSG00000167772,ANGPTL4,Tier 3A,N,Y,N
ENSG00000168056,LTBP3,Tier 3A,N,Y,N
ENSG00000168477,TNXB,Tier 3A,N,Y,N
ENSG00000168484,SFTPC,Tier 3A,N,Y,N
ENSG00000168685,IL7R,Tier 3A,N,Y,N
ENSG00000168743,NPNT,Tier 3A,N,Y,N
ENSG00000168811,IL12A,Tier 3A,N,Y,N
ENSG00000168843,FSTL5,Tier 3A,N,Y,N
ENSG00000168928,CTRB2,Tier 3A,N,Y,N
ENSG00000169006,NTSR2,Tier 3A,Y,N,N
ENSG00000169031,COL4A3,Tier 3A,N,Y,N
ENSG00000169231,THBS3,Tier 3A,N,Y,N
ENSG00000169242,EFNA1,Tier 3A,N,Y,N
ENSG00000169344,UMOD,Tier 3A,N,Y,N
ENSG00000169347,GP2,Tier 3A,N,Y,N
ENSG00000169393,ELSPBP1,Tier 3A,N,Y,N
ENSG00000169413,RNASE6,Tier 3A,N,Y,N
ENSG00000169550,MUC15,Tier 3A,N,Y,N
ENSG00000169605,GKN1,Tier 3A,N,Y,N
ENSG00000169752,NRG4,Tier 3A,N,Y,N
ENSG00000169814,BTD,Tier 3A,N,Y,N
ENSG00000169894,MUC3A,Tier 3A,N,Y,N
ENSG00000169896,ITGAM,Tier 3A,N,Y,N
ENSG00000170054,SERPINA9,Tier 3A,N,Y,N
ENSG00000170099,SERPINA6,Tier 3A,N,Y,N
ENSG00000170348,TMED10,Tier 3A,N,Y,N
ENSG00000170367,CST5,Tier 3A,N,Y,N
ENSG00000170369,CST2,Tier 3A,N,Y,N
ENSG00000170498,KISS1,Tier 3A,N,Y,N
ENSG00000170866,LILRA3,Tier 3A,N,Y,N
ENSG00000170927,PKHD1,Tier 3A,N,Y,N
ENSG00000170962,PDGFD,Tier 3A,N,Y,N
ENSG00000171102,OBP2B,Tier 3A,N,Y,N
ENSG00000171119,NRTN,Tier 3A,N,Y,N
ENSG00000171136,RLN3,Tier 3A,N,Y,N
ENSG00000171195,MUC7,Tier 3A,N,Y,N
ENSG00000171243,SOSTDC1,Tier 3A,N,Y,N
ENSG00000171435,KSR2,Tier 3A,Y,N,N
ENSG00000171502,COL24A1,Tier 3A,N,Y,N
ENSG00000171587,DSCAM,Tier 3A,N,Y,N
ENSG00000171812,COL8A2,Tier 3A,N,Y,N
ENSG00000171867,PRNP,Tier 3A,N,Y,N
ENSG00000171951,SCG2,Tier 3A,N,Y,N
ENSG00000172116,CD8B,Tier 3A,N,Y,N
ENSG00000172179,PRL,Tier 3A,N,Y,N
ENSG00000172260,NEGR1,Tier 3A,N,Y,N
ENSG00000172349,IL16,Tier 3A,N,Y,N
ENSG00000172458,IL17D,Tier 3A,N,Y,N
ENSG00000172543,CTSW,Tier 3A,N,Y,N
ENSG00000172638,EFEMP2,Tier 3A,N,Y,N
ENSG00000172724,CCL19,Tier 3A,N,Y,N
ENSG00000172987,HPSE2,Tier 3A,N,Y,N
ENSG00000173157,ADAMTS20,Tier 3A,N,Y,N
ENSG00000173335,CST9,Tier 3A,N,Y,N
ENSG00000173432,SAA1,Tier 3A,N,Y,N
ENSG00000173531,MST1,Tier 3A,Y,Y,N
ENSG00000174059,CD34,Tier 3A,N,Y,N
ENSG00000174343,CHRNA9,Tier 3A,Y,N,N
ENSG00000174348,PODN,Tier 3A,N,Y,N
ENSG00000174562,KLK15,Tier 3A,N,Y,N
ENSG00000174938,SEZ6L2,Tier 3A,N,Y,N
ENSG00000175189,INHBC,Tier 3A,N,Y,N
ENSG00000175336,APOF,Tier 3A,N,Y,N
ENSG00000175356,SCUBE2,Tier 3A,N,Y,N
ENSG00000175426,PCSK1,Tier 3A,N,Y,N
ENSG00000175785,PRIMA1,Tier 3A,N,Y,N
ENSG00000175868,CALCB,Tier 3A,N,Y,N
ENSG00000175874,CREG2,Tier 3A,N,Y,N
ENSG00000176435,CLEC14A,Tier 3A,N,Y,N
ENSG00000176697,BDNF,Tier 3A,N,Y,N
ENSG00000176919,C8G,Tier 3A,N,Y,N
ENSG00000177697,CD151,Tier 3A,N,Y,N
ENSG00000177807,KCNJ10,Tier 3A,Y,Y,N
ENSG00000177830,CHID1,Tier 3A,N,Y,N
ENSG00000178031,ADAMTSL1,Tier 3A,N,Y,N
ENSG00000178096,BOLA1,Tier 3A,N,Y,N
ENSG00000178226,PRSS36,Tier 3A,N,Y,N
ENSG00000178538,CA8,Tier 3A,Y,N,N
ENSG00000179002,TAS1R2,Tier 3A,Y,N,N
ENSG00000179218,CALR,Tier 3A,N,Y,N
ENSG00000179399,GPC5,Tier 3A,N,Y,N
ENSG00000179639,FCER1A,Tier 3A,N,Y,N
ENSG00000179751,SYCN,Tier 3A,N,Y,N
ENSG00000179914,ITLN1,Tier 3A,N,Y,N
ENSG00000179915,NRXN1,Tier 3A,N,Y,N
ENSG00000180245,RRH,Tier 3A,Y,Y,N
ENSG00000180875,GREM2,Tier 3A,N,Y,N
ENSG00000181027,FKRP,Tier 3A,N,Y,N
ENSG00000181036,FCRL6,Tier 3A,N,Y,N
ENSG00000181092,ADIPOQ,Tier 3A,N,Y,N
ENSG00000181195,PENK,Tier 3A,N,Y,N
ENSG00000181409,AATK,Tier 3A,Y,N,N
ENSG00000181523,SGSH,Tier 3A,N,Y,N
ENSG00000181562,EDDM3A,Tier 3A,N,Y,N
ENSG00000181634,TNFSF15,Tier 3A,N,Y,N
ENSG00000182393,IFNL1,Tier 3A,N,Y,N
ENSG00000182545,RNASE10,Tier 3A,N,Y,N
ENSG00000182585,EPGN,Tier 3A,N,Y,N
ENSG00000182667,NTM,Tier 3A,N,Y,N
ENSG00000182752,PAPPA,Tier 3A,N,Y,N
ENSG00000182853,VMO1,Tier 3A,N,Y,N
ENSG00000182871,COL18A1,Tier 3A,N,Y,N
ENSG00000183098,GPC6,Tier 3A,N,Y,N
ENSG00000183378,OVCH2,Tier 3A,N,Y,N
ENSG00000183607,GKN2,Tier 3A,N,Y,N
ENSG00000183682,BMP8A,Tier 3A,N,Y,N
ENSG00000183691,NOG,Tier 3A,N,Y,N
ENSG00000183709,IFNL2,Tier 3A,N,Y,N
ENSG00000183715,OPCML,Tier 3A,N,Y,N
ENSG00000183844,FAM3B,Tier 3A,N,Y,N
ENSG00000183971,NPW,Tier 3A,N,Y,N
ENSG00000184164,CRELD2,Tier 3A,N,Y,N
ENSG00000184347,SLIT3,Tier 3A,N,Y,N
ENSG00000184349,EFNA5,Tier 3A,N,Y,N
ENSG00000184374,COLEC10,Tier 3A,N,Y,N
ENSG00000184408,KCND2,Tier 3A,Y,N,N
ENSG00000184459,BPIFC,Tier 3A,N,Y,N
ENSG00000184502,GAST,Tier 3A,N,Y,N
ENSG00000184599,FAM19A3,Tier 3A,N,Y,N
ENSG00000184709,LRRC26,Tier 3A,Y,Y,N
ENSG00000184719,RNLS,Tier 3A,N,Y,N
ENSG00000184840,TMED9,Tier 3A,N,Y,N
ENSG00000185215,TNFAIP2,Tier 3A,N,Y,N
ENSG00000185245,GP1BA,Tier 3A,N,Y,N
ENSG00000185339,TCN2,Tier 3A,N,Y,N
ENSG00000185737,NRG3,Tier 3A,N,Y,N
ENSG00000185885,IFITM1,Tier 3A,N,Y,N
ENSG00000185896,LAMP1,Tier 3A,N,Y,N
ENSG00000186074,CD300LF,Tier 3A,N,Y,N
ENSG00000186431,FCAR,Tier 3A,N,Y,N
ENSG00000186510,CLCNKA,Tier 3A,Y,N,N
ENSG00000186652,PRG2,Tier 3A,N,Y,N
ENSG00000186792,HYAL3,Tier 3A,N,Y,N
ENSG00000186895,FGF3,Tier 3A,N,Y,N
ENSG00000187094,CCK,Tier 3A,N,Y,N
ENSG00000187116,LILRA5,Tier 3A,N,Y,N
ENSG00000187122,SLIT1,Tier 3A,Y,Y,N
ENSG00000187123,LYPD6,Tier 3A,N,Y,N
ENSG00000187244,BCAM,Tier 3A,N,Y,N
ENSG00000187498,COL4A1,Tier 3A,N,Y,N
ENSG00000187664,HAPLN4,Tier 3A,N,Y,N
ENSG00000187720,THSD4,Tier 3A,N,Y,N
ENSG00000187764,SEMA4D,Tier 3A,N,Y,N
ENSG00000188064,WNT7B,Tier 3A,N,Y,N
ENSG00000188076,SCGB1C1,Tier 3A,N,Y,N
ENSG00000188107,EYS,Tier 3A,N,Y,N
ENSG00000188157,AGRN,Tier 3A,N,Y,N
ENSG00000188334,BSPH1,Tier 3A,N,Y,N
ENSG00000188372,ZP3,Tier 3A,N,Y,N
ENSG00000188488,SERPINA5,Tier 3A,N,Y,N
ENSG00000188508,KRTDAP,Tier 3A,N,Y,N
ENSG00000188517,COL25A1,Tier 3A,N,Y,N
ENSG00000188655,RNASE9,Tier 3A,N,Y,N
ENSG00000188672,RHCE,Tier 3A,N,Y,N
ENSG00000188710,QRFP,Tier 3A,N,Y,N
ENSG00000188729,OSTN,Tier 3A,N,Y,N
ENSG00000188763,FZD9,Tier 3A,N,Y,N
ENSG00000188770,OPTC,Tier 3A,N,Y,N
ENSG00000188783,PRELP,Tier 3A,N,Y,N
ENSG00000188958,UTS2B,Tier 3A,N,Y,N
ENSG00000188987,HIST1H4D,Tier 3A,N,Y,N
ENSG00000189001,SBSN,Tier 3A,N,Y,N
ENSG00000189056,RELN,Tier 3A,N,Y,N
ENSG00000189068,VSTM1,Tier 3A,N,Y,N
ENSG00000189403,HMGB1,Tier 3A,N,Y,N
ENSG00000189430,NCR1,Tier 3A,N,Y,N
ENSG00000196083,IL1RAP,Tier 3A,N,Y,N
ENSG00000196104,SPOCK3,Tier 3A,N,Y,N
ENSG00000196136,SERPINA3,Tier 3A,N,Y,N
ENSG00000196176,HIST1H4A,Tier 3A,N,Y,N
ENSG00000196260,SFTA2,Tier 3A,N,Y,N
ENSG00000196296,ATP2A1,Tier 3A,Y,N,N
ENSG00000196739,COL27A1,Tier 3A,N,Y,N
ENSG00000196924,FLNA,Tier 3A,N,Y,N
ENSG00000196937,FAM3C,Tier 3A,N,Y,N
ENSG00000196966,HIST1H3E,Tier 3A,N,Y,N
ENSG00000197061,HIST1H4C,Tier 3A,N,Y,N
ENSG00000197081,IGF2R,Tier 3A,N,Y,N
ENSG00000197110,IFNL3,Tier 3A,N,Y,N
ENSG00000197249,SERPINA1,Tier 3A,N,Y,N
ENSG00000197272,IL27,Tier 3A,N,Y,N
ENSG00000197409,HIST1H3D,Tier 3A,N,Y,N
ENSG00000197467,COL13A1,Tier 3A,N,Y,N
ENSG00000197586,ENTPD6,Tier 3A,N,Y,N
ENSG00000197594,ENPP1,Tier 3A,N,Y,N
ENSG00000197721,CR1L,Tier 3A,N,Y,N
ENSG00000197745,SCGB1D4,Tier 3A,N,Y,N
ENSG00000197746,PSAP,Tier 3A,N,Y,N
ENSG00000198053,SIRPA,Tier 3A,N,Y,N
ENSG00000198055,GRK6,Tier 3A,Y,N,N
ENSG00000198327,HIST1H4F,Tier 3A,N,Y,N
ENSG00000198339,HIST1H4I,Tier 3A,N,Y,N
ENSG00000198366,HIST1H3A,Tier 3A,N,Y,N
ENSG00000198518,HIST1H4E,Tier 3A,N,Y,N
ENSG00000198670,LPA,Tier 3A,Y,Y,N
ENSG00000198732,SMOC1,Tier 3A,N,Y,N
ENSG00000198821,CD247,Tier 3A,N,Y,N
ENSG00000198898,CAPZA2,Tier 3A,N,Y,N
ENSG00000203710,CR1,Tier 3A,N,Y,N
ENSG00000203747,FCGR3A,Tier 3A,N,Y,N
ENSG00000204248,COL11A2,Tier 3A,N,Y,N
ENSG00000204301,NOTCH4,Tier 3A,N,Y,N
ENSG00000204305,AGER,Tier 3A,N,Y,N
ENSG00000204386,NEU1,Tier 3A,N,Y,N
ENSG00000204414,CSHL1,Tier 3A,N,Y,N
ENSG00000204420,C6orf25,Tier 3A,N,Y,N
ENSG00000204444,APOM,Tier 3A,N,Y,N
ENSG00000204475,NCR3,Tier 3A,N,Y,N
ENSG00000204525,HLA-C,Tier 3A,N,Y,N
ENSG00000204542,C6orf15,Tier 3A,N,Y,N
ENSG00000204632,HLA-G,Tier 3A,N,Y,N
ENSG00000204671,IL31,Tier 3A,N,Y,N
ENSG00000204969,PCDHA2,Tier 3A,N,Y,N
ENSG00000205403,CFI,Tier 3A,N,Y,N
ENSG00000205542,TMSB4X,Tier 3A,N,Y,N
ENSG00000205809,KLRC2,Tier 3A,N,Y,N
ENSG00000205863,C1QTNF9B,Tier 3A,N,Y,N
ENSG00000206047,DEFA1,Tier 3A,N,Y,N
ENSG00000211639,IGLV4-60,Tier 3A,N,Y,N
ENSG00000211641,IGLV11-55,Tier 3A,N,Y,N
ENSG00000211896,IGHG1,Tier 3A,N,Y,N
ENSG00000211897,IGHG3,Tier 3A,N,Y,N
ENSG00000213088,DARC,Tier 3A,Y,Y,N
ENSG00000213218,CSH2,Tier 3A,N,Y,N
ENSG00000213398,LCAT,Tier 3A,N,Y,N
ENSG00000213809,KLRK1,Tier 3A,N,Y,N
ENSG00000213892,CEACAM16,Tier 3A,N,Y,N
ENSG00000213918,DNASE1,Tier 3A,N,Y,N
ENSG00000213927,CCL27,Tier 3A,N,Y,N
ENSG00000213949,ITGA1,Tier 3A,N,Y,N
ENSG00000215018,COL28A1,Tier 3A,N,Y,N
ENSG00000215704,CELA2B,Tier 3A,N,Y,N
ENSG00000215788,TNFRSF25,Tier 3A,N,Y,N
ENSG00000215853,RPTN,Tier 3A,N,Y,N
ENSG00000216490,IFI30,Tier 3A,N,Y,N
ENSG00000219438,FAM19A5,Tier 3A,N,Y,N
ENSG00000221957,KIR2DS4,Tier 3A,N,Y,N
ENSG00000223865,HLA-DPB1,Tier 3A,N,Y,N
ENSG00000223953,C1QTNF5,Tier 3A,N,Y,N
ENSG00000224916,APOC4-APOC2,Tier 3A,N,Y,N
ENSG00000228278,ORM2,Tier 3A,N,Y,N
ENSG00000229314,ORM1,Tier 3A,N,Y,N
ENSG00000231389,HLA-DPA1,Tier 3A,N,Y,N
ENSG00000234745,HLA-B,Tier 3A,N,Y,N
ENSG00000234906,APOC2,Tier 3A,N,Y,N
ENSG00000237541,HLA-DQA2,Tier 3A,N,Y,N
ENSG00000239839,DEFA3,Tier 3A,N,Y,N
ENSG00000239961,LILRA4,Tier 3A,N,Y,N
ENSG00000240247,DEFA1B,Tier 3A,N,Y,N
ENSG00000240403,KIR3DL2,Tier 3A,N,Y,N
ENSG00000240505,TNFRSF13B,Tier 3A,N,Y,N
ENSG00000240583,AQP1,Tier 3A,N,Y,N
ENSG00000241106,HLA-DOB,Tier 3A,N,Y,N
ENSG00000241404,EGFL8,Tier 3A,N,Y,N
ENSG00000242689,CNTF,Tier 3A,N,Y,N
ENSG00000243509,TNFRSF6B,Tier 3A,N,Y,N
ENSG00000243649,CFB,Tier 3A,N,Y,N
ENSG00000244414,CFHR1,Tier 3A,N,Y,N
ENSG00000244482,LILRA6,Tier 3A,N,Y,N
ENSG00000244682,FCGR2C,Tier 3A,N,Y,N
ENSG00000244731,C4A,Tier 3A,N,Y,N
ENSG00000248099,INSL3,Tier 3A,N,Y,N
ENSG00000253117,OC90,Tier 3A,N,Y,N
ENSG00000254647,INS,Tier 3A,N,Y,N
ENSG00000257017,HP,Tier 3A,N,Y,N
ENSG00000258417,,Tier 3A,N,Y,N
ENSG00000259384,GH1,Tier 3A,N,Y,N
ENSG00000261857,MIA,Tier 3A,N,Y,N
ENSG00000001617,SEMA3F,Tier 3B,N,Y,N
ENSG00000002586,CD99,Tier 3B,N,Y,N
ENSG00000002587,HS3ST1,Tier 3B,N,Y,N
ENSG00000003096,KLHL13,Tier 3B,Y,N,N
ENSG00000003137,CYP26B1,Tier 3B,Y,N,N
ENSG00000005001,PRSS22,Tier 3B,N,Y,N
ENSG00000005884,ITGA3,Tier 3B,N,Y,N
ENSG00000005893,LAMP2,Tier 3B,N,Y,N
ENSG00000006074,CCL18,Tier 3B,N,Y,N
ENSG00000006075,CCL3,Tier 3B,N,Y,N
ENSG00000006116,CACNG3,Tier 3B,Y,N,N
ENSG00000006128,TAC1,Tier 3B,N,Y,N
ENSG00000006210,CX3CL1,Tier 3B,N,Y,N
ENSG00000006534,ALDH3B1,Tier 3B,Y,N,N
ENSG00000006606,CCL26,Tier 3B,N,Y,N
ENSG00000007306,CEACAM7,Tier 3B,N,Y,N
ENSG00000008300,CELSR3,Tier 3B,N,Y,N
ENSG00000008438,PGLYRP1,Tier 3B,N,Y,N
ENSG00000008513,ST3GAL1,Tier 3B,N,Y,N
ENSG00000009413,REV3L,Tier 3B,Y,N,N
ENSG00000011201,KAL1,Tier 3B,N,Y,N
ENSG00000011465,DCN,Tier 3B,N,Y,N
ENSG00000013583,HEBP1,Tier 3B,N,Y,N
ENSG00000016402,IL20RA,Tier 3B,N,Y,N
ENSG00000017260,ATP2C1,Tier 3B,Y,N,N
ENSG00000021355,SERPINB1,Tier 3B,N,Y,N
ENSG00000021852,C8B,Tier 3B,N,Y,N
ENSG00000026559,KCNG1,Tier 3B,Y,N,N
ENSG00000026950,BTN3A1,Tier 3B,N,Y,N
ENSG00000028137,TNFRSF1B,Tier 3B,N,Y,N
ENSG00000034971,MYOC,Tier 3B,N,Y,N
ENSG00000035403,VCL,Tier 3B,N,Y,N
ENSG00000037042,TUBG2,Tier 3B,Y,Y,N
ENSG00000038295,TLL1,Tier 3B,N,Y,N
ENSG00000038382,TRIO,Tier 3B,Y,N,N
ENSG00000038945,MSR1,Tier 3B,N,Y,N
ENSG00000041357,PSMA4,Tier 3B,Y,N,N
ENSG00000044012,GUCA2B,Tier 3B,N,Y,N
ENSG00000048392,RRM2B,Tier 3B,Y,N,N
ENSG00000049089,COL9A2,Tier 3B,N,Y,N
ENSG00000049239,H6PD,Tier 3B,N,Y,N
ENSG00000049540,ELN,Tier 3B,N,Y,N
ENSG00000054219,LY75,Tier 3B,N,Y,N
ENSG00000054277,OPN3,Tier 3B,Y,N,N
ENSG00000054356,PTPRN,Tier 3B,N,Y,N
ENSG00000054803,CBLN4,Tier 3B,N,Y,N
ENSG00000054938,CHRDL2,Tier 3B,N,Y,N
ENSG00000054967,RELT,Tier 3B,N,Y,N
ENSG00000056736,IL17RB,Tier 3B,N,Y,N
ENSG00000057149,SERPINB3,Tier 3B,N,Y,N
ENSG00000060140,STYK1,Tier 3B,Y,N,N
ENSG00000063127,SLC6A16,Tier 3B,Y,N,N
ENSG00000063180,CA11,Tier 3B,Y,N,N
ENSG00000063660,GPC1,Tier 3B,N,Y,N
ENSG00000064270,ATP2C2,Tier 3B,Y,N,N
ENSG00000064886,CHI3L2,Tier 3B,N,Y,N
ENSG00000065978,YBX1,Tier 3B,N,Y,N
ENSG00000066294,CD84,Tier 3B,N,Y,N
ENSG00000067191,CACNB1,Tier 3B,Y,N,N
ENSG00000069018,TRPC7,Tier 3B,Y,N,N
ENSG00000069020,MAST4,Tier 3B,Y,N,N
ENSG00000069482,GAL,Tier 3B,N,Y,N
ENSG00000069849,ATP1B3,Tier 3B,Y,Y,N
ENSG00000070214,SLC44A1,Tier 3B,N,Y,N
ENSG00000070388,FGF22,Tier 3B,N,Y,N
ENSG00000070404,FSTL3,Tier 3B,N,Y,N
ENSG00000070729,CNGB1,Tier 3B,Y,N,N
ENSG00000070985,TRPM5,Tier 3B,Y,N,N
ENSG00000071246,VASH1,Tier 3B,N,Y,N
ENSG00000071282,LMCD1,Tier 3B,N,Y,N
ENSG00000072041,SLC6A15,Tier 3B,Y,N,N
ENSG00000072080,SPP2,Tier 3B,N,Y,N
ENSG00000072195,SPEG,Tier 3B,Y,N,N
ENSG00000072571,HMMR,Tier 3B,N,Y,N
ENSG00000073067,CYP2W1,Tier 3B,Y,N,N
ENSG00000073464,CLCN4,Tier 3B,Y,N,N
ENSG00000074181,NOTCH3,Tier 3B,N,Y,N
ENSG00000074621,SLC24A1,Tier 3B,N,Y,N
ENSG00000074695,LMAN1,Tier 3B,N,Y,N
ENSG00000074842,C19orf10,Tier 3B,N,Y,N
ENSG00000074935,TUBE1,Tier 3B,Y,Y,N
ENSG00000075275,CELSR1,Tier 3B,N,Y,N
ENSG00000075290,WNT8B,Tier 3B,N,Y,N
ENSG00000075429,CACNG5,Tier 3B,Y,N,N
ENSG00000075461,CACNG4,Tier 3B,Y,N,N
ENSG00000075886,TUBA3D,Tier 3B,Y,N,N
ENSG00000076321,KLHL20,Tier 3B,Y,N,N
ENSG00000076716,GPC4,Tier 3B,N,Y,N
ENSG00000077522,ACTN2,Tier 3B,N,Y,N
ENSG00000077800,FKBP6,Tier 3B,Y,N,N
ENSG00000077984,CST7,Tier 3B,N,Y,N
ENSG00000078246,TULP3,Tier 3B,N,Y,N
ENSG00000078401,EDN1,Tier 3B,N,Y,N
ENSG00000078579,FGF20,Tier 3B,N,Y,N
ENSG00000078589,P2RY10,Tier 3B,Y,Y,N
ENSG00000078795,PKD2L2,Tier 3B,Y,N,N
ENSG00000078898,BPIFB2,Tier 3B,N,Y,N
ENSG00000079101,CLUL1,Tier 3B,N,Y,N
ENSG00000079150,FKBP7,Tier 3B,Y,N,N
ENSG00000079385,CEACAM1,Tier 3B,N,Y,N
ENSG00000080166,DCT,Tier 3B,Y,N,N
ENSG00000080573,COL5A3,Tier 3B,N,Y,N
ENSG00000080823,MOK,Tier 3B,Y,N,N
ENSG00000081148,IMPG2,Tier 3B,N,Y,N
ENSG00000081985,IL12RB2,Tier 3B,N,Y,N
ENSG00000082293,COL19A1,Tier 3B,N,Y,N
ENSG00000083067,TRPM3,Tier 3B,Y,N,N
ENSG00000083454,P2RX5,Tier 3B,Y,N,N
ENSG00000083782,EPYC,Tier 3B,N,Y,N
ENSG00000083857,FAT1,Tier 3B,N,Y,N
ENSG00000084636,COL16A1,Tier 3B,N,Y,N
ENSG00000085063,CD59,Tier 3B,N,Y,N
ENSG00000085265,FCN1,Tier 3B,N,Y,N
ENSG00000085465,OVGP1,Tier 3B,N,Y,N
ENSG00000086015,MAST2,Tier 3B,Y,N,N
ENSG00000087128,TMPRSS11E,Tier 3B,N,Y,N
ENSG00000087916,SLC6A14,Tier 3B,Y,N,N
ENSG00000088812,ATRN,Tier 3B,N,Y,N
ENSG00000088827,SIGLEC1,Tier 3B,N,Y,N
ENSG00000089472,HEPH,Tier 3B,N,Y,N
ENSG00000089558,KCNH4,Tier 3B,Y,N,N
ENSG00000089692,LAG3,Tier 3B,N,Y,N
ENSG00000090006,LTBP4,Tier 3B,N,Y,N
ENSG00000090382,LYZ,Tier 3B,N,Y,N
ENSG00000090520,DNAJB11,Tier 3B,N,Y,N
ENSG00000090581,GNPTG,Tier 3B,N,Y,N
ENSG00000090659,CD209,Tier 3B,N,Y,N
ENSG00000090674,MCOLN1,Tier 3B,Y,N,N
ENSG00000090776,EFNB1,Tier 3B,N,Y,N
ENSG00000090920,FCGBP,Tier 3B,N,Y,N
ENSG00000093072,CECR1,Tier 3B,N,Y,N
ENSG00000094755,GABRP,Tier 3B,Y,N,N
ENSG00000095739,BAMBI,Tier 3B,N,Y,N
ENSG00000095917,TPSD1,Tier 3B,N,Y,N
ENSG00000095981,KCNK16,Tier 3B,Y,N,N
ENSG00000096006,CRISP3,Tier 3B,N,Y,N
ENSG00000096070,BRPF3,Tier 3B,N,Y,N
ENSG00000096088,PGC,Tier 3B,Y,Y,N
ENSG00000096433,ITPR3,Tier 3B,Y,N,N
ENSG00000099203,TMED1,Tier 3B,N,Y,N
ENSG00000099337,KCNK6,Tier 3B,Y,N,N
ENSG00000099377,HSD3B7,Tier 3B,Y,N,N
ENSG00000099721,AMELY,Tier 3B,N,Y,N
ENSG00000099822,HCN2,Tier 3B,Y,N,N
ENSG00000099910,KLHL22,Tier 3B,Y,N,N
ENSG00000099937,SERPIND1,Tier 3B,N,Y,N
ENSG00000099940,SNAP29,Tier 3B,N,Y,N
ENSG00000099953,MMP11,Tier 3B,Y,Y,N
ENSG00000099957,P2RX6,Tier 3B,Y,N,N
ENSG00000099985,OSM,Tier 3B,N,Y,N
ENSG00000099998,GGT5,Tier 3B,N,Y,N
ENSG00000100023,PPIL2,Tier 3B,N,Y,N
ENSG00000100077,ADRBK2,Tier 3B,Y,N,N
ENSG00000100078,PLA2G3,Tier 3B,N,Y,N
ENSG00000100097,LGALS1,Tier 3B,N,Y,N
ENSG00000100121,GGTLC2,Tier 3B,N,Y,N
ENSG00000100234,TIMP3,Tier 3B,N,Y,N
ENSG00000100373,UPK3A,Tier 3B,N,Y,N
ENSG00000100399,CHADL,Tier 3B,Y,Y,N
ENSG00000100442,FKBP3,Tier 3B,Y,N,N
ENSG00000100473,COCH,Tier 3B,N,Y,N
ENSG00000100567,PSMA3,Tier 3B,Y,N,N
ENSG00000100600,LGMN,Tier 3B,N,Y,N
ENSG00000100604,CHGA,Tier 3B,N,Y,N
ENSG00000100902,PSMA6,Tier 3B,Y,N,N
ENSG00000101144,BMP7,Tier 3B,N,Y,N
ENSG00000101182,PSMA7,Tier 3B,Y,N,N
ENSG00000101200,AVP,Tier 3B,N,Y,N
ENSG00000101255,TRIB3,Tier 3B,Y,N,N
ENSG00000101282,RSPO4,Tier 3B,N,Y,N
ENSG00000101292,PROKR2,Tier 3B,Y,Y,N
ENSG00000101405,OXT,Tier 3B,N,Y,N
ENSG00000101440,ASIP,Tier 3B,N,Y,N
ENSG00000101441,CST4,Tier 3B,N,Y,N
ENSG00000101890,GUCY2F,Tier 3B,Y,N,N
ENSG00000102057,KCND1,Tier 3B,Y,N,N
ENSG00000102076,OPN1LW,Tier 3B,Y,Y,N
ENSG00000102104,RS1,Tier 3B,N,Y,N
ENSG00000102109,PCSK1N,Tier 3B,N,Y,N
ENSG00000102265,TIMP1,Tier 3B,N,Y,N
ENSG00000102271,KLHL4,Tier 3B,Y,N,N
ENSG00000102287,GABRE,Tier 3B,Y,Y,N
ENSG00000102313,ITIH6,Tier 3B,N,Y,N
ENSG00000102359,SRPX2,Tier 3B,N,Y,N
ENSG00000102837,OLFM4,Tier 3B,N,Y,N
ENSG00000102924,CBLN1,Tier 3B,N,Y,N
ENSG00000102962,CCL22,Tier 3B,N,Y,N
ENSG00000102970,CCL17,Tier 3B,N,Y,N
ENSG00000103023,PRSS54,Tier 3B,N,Y,N
ENSG00000103310,ZP2,Tier 3B,N,Y,N
ENSG00000103355,PRSS33,Tier 3B,N,Y,N
ENSG00000103489,XYLT1,Tier 3B,N,Y,N
ENSG00000104213,PDGFRL,Tier 3B,N,Y,N
ENSG00000104290,FZD3,Tier 3B,N,Y,N
ENSG00000104371,DKK4,Tier 3B,N,Y,N
ENSG00000104804,TULP2,Tier 3B,N,Y,N
ENSG00000104805,NUCB1,Tier 3B,N,Y,N
ENSG00000104818,CGB2,Tier 3B,N,Y,N
ENSG00000104826,LHB,Tier 3B,N,Y,N
ENSG00000104827,CGB,Tier 3B,N,Y,N
ENSG00000104848,KCNA7,Tier 3B,Y,N,N
ENSG00000104938,CLEC4M,Tier 3B,N,Y,N
ENSG00000104951,IL4I1,Tier 3B,Y,Y,N
ENSG00000104972,LILRB1,Tier 3B,N,Y,N
ENSG00000104974,LILRA1,Tier 3B,N,Y,N
ENSG00000105220,GPI,Tier 3B,N,Y,N
ENSG00000105246,EBI3,Tier 3B,N,Y,N
ENSG00000105290,APLP1,Tier 3B,N,Y,N
ENSG00000105366,SIGLEC8,Tier 3B,N,Y,N
ENSG00000105369,CD79A,Tier 3B,N,Y,N
ENSG00000105472,CLEC11A,Tier 3B,N,Y,N
ENSG00000105605,CACNG7,Tier 3B,Y,N,N
ENSG00000105664,COMP,Tier 3B,N,Y,N
ENSG00000105701,FKBP8,Tier 3B,Y,N,N
ENSG00000105855,ITGB8,Tier 3B,Y,Y,N
ENSG00000105894,PTN,Tier 3B,N,Y,N
ENSG00000105954,NPVF,Tier 3B,N,Y,N
ENSG00000106089,STX1A,Tier 3B,N,Y,N
ENSG00000106113,CRHR2,Tier 3B,N,Y,N
ENSG00000106178,CCL24,Tier 3B,N,Y,N
ENSG00000106236,NPTX2,Tier 3B,N,Y,N
ENSG00000106278,PTPRZ1,Tier 3B,Y,Y,N
ENSG00000106304,SPAM1,Tier 3B,N,Y,N
ENSG00000106541,AGR2,Tier 3B,N,Y,N
ENSG00000106588,PSMA2,Tier 3B,Y,N,N
ENSG00000106714,CNTNAP3,Tier 3B,N,Y,N
ENSG00000106809,OGN,Tier 3B,N,Y,N
ENSG00000106819,ASPN,Tier 3B,N,Y,N
ENSG00000106823,ECM2,Tier 3B,N,Y,N
ENSG00000106927,AMBP,Tier 3B,N,Y,N
ENSG00000106952,TNFSF8,Tier 3B,N,Y,N
ENSG00000107014,RLN2,Tier 3B,N,Y,N
ENSG00000107018,RLN1,Tier 3B,N,Y,N
ENSG00000107147,KCNT1,Tier 3B,Y,N,N
ENSG00000107618,RBP3,Tier 3B,N,Y,N
ENSG00000107623,GDF10,Tier 3B,N,Y,N
ENSG00000107821,KAZALD1,Tier 3B,N,Y,N
ENSG00000107831,FGF8,Tier 3B,N,Y,N
ENSG00000108055,SMC3,Tier 3B,N,Y,N
ENSG00000108231,LGI1,Tier 3B,N,Y,N
ENSG00000108294,PSMB3,Tier 3B,Y,N,N
ENSG00000108423,TUBD1,Tier 3B,Y,Y,N
ENSG00000108622,ICAM2,Tier 3B,N,Y,N
ENSG00000108679,LGALS3BP,Tier 3B,N,Y,N
ENSG00000108700,CCL8,Tier 3B,N,Y,N
ENSG00000108702,CCL1,Tier 3B,N,Y,N
ENSG00000108784,NAGLU,Tier 3B,N,Y,N
ENSG00000108878,CACNG1,Tier 3B,Y,N,N
ENSG00000108950,FAM20A,Tier 3B,N,Y,N
ENSG00000109205,ODAM,Tier 3B,N,Y,N
ENSG00000109208,SMR3A,Tier 3B,N,Y,N
ENSG00000109272,PF4V1,Tier 3B,N,Y,N
ENSG00000109466,KLHL2,Tier 3B,Y,N,N
ENSG00000109572,CLCN3,Tier 3B,Y,N,N
ENSG00000109625,CPZ,Tier 3B,N,Y,N
ENSG00000109738,GLRB,Tier 3B,Y,Y,N
ENSG00000109790,KLHL5,Tier 3B,Y,N,N
ENSG00000109927,TECTA,Tier 3B,N,Y,N
ENSG00000109943,CRTAM,Tier 3B,N,Y,N
ENSG00000110169,HPX,Tier 3B,N,Y,N
ENSG00000110203,FOLR3,Tier 3B,N,Y,N
ENSG00000110400,PVRL1,Tier 3B,N,Y,N
ENSG00000110651,CD81,Tier 3B,N,Y,N
ENSG00000111181,SLC6A12,Tier 3B,Y,N,N
ENSG00000111215,PRR4,Tier 3B,N,Y,N
ENSG00000111241,FGF6,Tier 3B,N,Y,N
ENSG00000111262,KCNA1,Tier 3B,Y,N,N
ENSG00000111339,ART4,Tier 3B,N,Y,N
ENSG00000111341,MGP,Tier 3B,N,Y,N
ENSG00000111405,ENDOU,Tier 3B,N,Y,N
ENSG00000111644,ACRBP,Tier 3B,N,Y,N
ENSG00000111796,KLRB1,Tier 3B,N,Y,N
ENSG00000111799,COL12A1,Tier 3B,N,Y,N
ENSG00000112077,RHAG,Tier 3B,N,Y,N
ENSG00000112175,BMP5,Tier 3B,N,Y,N
ENSG00000112218,GPR63,Tier 3B,Y,N,N
ENSG00000112280,COL9A1,Tier 3B,N,Y,N
ENSG00000112333,NR2E1,Tier 3B,Y,N,N
ENSG00000112655,PTK7,Tier 3B,Y,Y,N
ENSG00000112706,IMPG1,Tier 3B,N,Y,N
ENSG00000112761,WISP3,Tier 3B,N,Y,N
ENSG00000112796,ENPP5,Tier 3B,N,Y,N
ENSG00000112818,MEP1A,Tier 3B,N,Y,N
ENSG00000112851,ERBB2IP,Tier 3B,N,Y,N
ENSG00000112936,C7,Tier 3B,N,Y,N
ENSG00000113083,LOX,Tier 3B,N,Y,N
ENSG00000113088,GZMK,Tier 3B,N,Y,N
ENSG00000113140,SPARC,Tier 3B,N,Y,N
ENSG00000113141,IK,Tier 3B,N,Y,N
ENSG00000113296,THBS4,Tier 3B,N,Y,N
ENSG00000113303,BTNL8,Tier 3B,N,Y,N
ENSG00000113504,SLC12A7,Tier 3B,Y,N,N
ENSG00000113593,PPWD1,Tier 3B,N,Y,N
ENSG00000114204,SERPINI2,Tier 3B,N,Y,N
ENSG00000114270,COL7A1,Tier 3B,N,Y,N
ENSG00000114646,CSPG5,Tier 3B,N,Y,N
ENSG00000114648,KLHL18,Tier 3B,Y,N,N
ENSG00000114796,KLHL24,Tier 3B,Y,N,N
ENSG00000114923,SLC4A3,Tier 3B,N,Y,N
ENSG00000114948,ADAM23,Tier 3B,N,Y,N
ENSG00000115216,NRBP1,Tier 3B,Y,N,N
ENSG00000115318,LOXL3,Tier 3B,N,Y,N
ENSG00000115386,REG1A,Tier 3B,N,Y,N
ENSG00000115474,KCNJ13,Tier 3B,Y,Y,N
ENSG00000115523,GNLY,Tier 3B,N,Y,N
ENSG00000115598,IL1RL2,Tier 3B,N,Y,N
ENSG00000116005,PCYOX1,Tier 3B,N,Y,N
ENSG00000116031,CD207,Tier 3B,N,Y,N
ENSG00000116194,ANGPTL1,Tier 3B,N,Y,N
ENSG00000116260,QSOX1,Tier 3B,N,Y,N
ENSG00000116396,KCNC4,Tier 3B,Y,N,N
ENSG00000116679,IVNS1ABP,Tier 3B,Y,N,N
ENSG00000116690,PRG4,Tier 3B,N,Y,N
ENSG00000116774,OLFML3,Tier 3B,N,Y,N
ENSG00000116977,LGALS8,Tier 3B,N,Y,N
ENSG00000116985,BMP8B,Tier 3B,N,Y,N
ENSG00000117151,CTBS,Tier 3B,N,Y,N
ENSG00000117153,KLHL12,Tier 3B,Y,N,N
ENSG00000117385,LEPRE1,Tier 3B,N,Y,N
ENSG00000117407,ARTN,Tier 3B,N,Y,N
ENSG00000117560,FASLG,Tier 3B,N,Y,N
ENSG00000117691,NENF,Tier 3B,N,Y,N
ENSG00000117862,TXNDC12,Tier 3B,N,Y,N
ENSG00000117983,MUC5B,Tier 3B,N,Y,N
ENSG00000118640,VAMP8,Tier 3B,N,Y,N
ENSG00000118702,GHRH,Tier 3B,N,Y,N
ENSG00000118733,OLFM3,Tier 3B,N,Y,N
ENSG00000118972,FGF23,Tier 3B,N,Y,N
ENSG00000119147,C2orf40,Tier 3B,N,Y,N
ENSG00000119321,FKBP15,Tier 3B,Y,N,N
ENSG00000119508,NR4A3,Tier 3B,Y,N,N
ENSG00000119537,KDSR,Tier 3B,N,Y,N
ENSG00000119714,GPR68,Tier 3B,Y,Y,N
ENSG00000119737,GPR75,Tier 3B,Y,N,N
ENSG00000119771,KLHL29,Tier 3B,Y,N,N
ENSG00000119913,TECTB,Tier 3B,N,Y,N
ENSG00000119973,PRLHR,Tier 3B,Y,Y,N
ENSG00000120057,SFRP5,Tier 3B,N,Y,N
ENSG00000120324,PCDHB10,Tier 3B,N,Y,N
ENSG00000120436,GPR31,Tier 3B,Y,N,N
ENSG00000120539,MASTL,Tier 3B,Y,N,N
ENSG00000120563,LYZL1,Tier 3B,N,Y,N
ENSG00000120586,MRC1,Tier 3B,N,Y,N
ENSG00000120694,HSPH1,Tier 3B,N,Y,N
ENSG00000120696,KBTBD7,Tier 3B,Y,N,N
ENSG00000120708,TGFBI,Tier 3B,N,Y,N
ENSG00000120798,NR2C1,Tier 3B,Y,N,N
ENSG00000121053,EPX,Tier 3B,Y,N,N
ENSG00000121101,TEX14,Tier 3B,Y,N,N
ENSG00000121410,A1BG,Tier 3B,N,Y,N
ENSG00000121797,CCRL2,Tier 3B,Y,Y,N
ENSG00000121898,CPXM2,Tier 3B,N,Y,N
ENSG00000122133,PAEP,Tier 3B,N,Y,N
ENSG00000122136,OBP2A,Tier 3B,N,Y,N
ENSG00000122176,FMOD,Tier 3B,N,Y,N
ENSG00000122218,COPA,Tier 3B,N,Y,N
ENSG00000122375,OPN4,Tier 3B,Y,Y,N
ENSG00000122550,KLHL7,Tier 3B,Y,N,N
ENSG00000122585,NPY,Tier 3B,N,Y,N
ENSG00000122642,FKBP9,Tier 3B,Y,N,N
ENSG00000122679,RAMP3,Tier 3B,N,Y,N
ENSG00000122756,CNTFR,Tier 3B,N,Y,N
ENSG00000122852,SFTPA1,Tier 3B,N,Y,N
ENSG00000122862,SRGN,Tier 3B,N,Y,N
ENSG00000122884,P4HA1,Tier 3B,N,Y,N
ENSG00000123104,ITPR2,Tier 3B,Y,N,N
ENSG00000123131,PRDX4,Tier 3B,N,Y,N
ENSG00000123146,CD97,Tier 3B,N,Y,N
ENSG00000123342,MMP19,Tier 3B,Y,Y,N
ENSG00000123496,IL13RA2,Tier 3B,N,Y,N
ENSG00000123500,COL10A1,Tier 3B,N,Y,N
ENSG00000123560,PLP1,Tier 3B,N,Y,N
ENSG00000123572,NRK,Tier 3B,Y,N,N
ENSG00000123612,ACVR1C,Tier 3B,Y,N,N
ENSG00000123901,GPR83,Tier 3B,Y,Y,N
ENSG00000123999,INHA,Tier 3B,N,Y,N
ENSG00000124102,PI3,Tier 3B,N,Y,N
ENSG00000124107,SLPI,Tier 3B,N,Y,N
ENSG00000124134,KCNS1,Tier 3B,Y,N,N
ENSG00000124157,SEMG2,Tier 3B,N,Y,N
ENSG00000124205,EDN3,Tier 3B,N,Y,N
ENSG00000124233,SEMG1,Tier 3B,N,Y,N
ENSG00000124249,KCNK15,Tier 3B,Y,N,N
ENSG00000124333,VAMP7,Tier 3B,N,Y,N
ENSG00000124334,IL9R,Tier 3B,N,Y,N
ENSG00000124391,IL17C,Tier 3B,N,Y,N
ENSG00000124469,CEACAM8,Tier 3B,N,Y,N
ENSG00000124479,NDP,Tier 3B,N,Y,N
ENSG00000124490,CRISP2,Tier 3B,N,Y,N
ENSG00000124570,SERPINB6,Tier 3B,N,Y,N
ENSG00000124749,COL21A1,Tier 3B,N,Y,N
ENSG00000124780,KCNK17,Tier 3B,Y,N,N
ENSG00000124812,CRISP1,Tier 3B,N,Y,N
ENSG00000124818,OPN5,Tier 3B,Y,Y,N
ENSG00000124875,CXCL6,Tier 3B,N,Y,N
ENSG00000124935,SCGB1D2,Tier 3B,N,Y,N
ENSG00000124939,SCGB2A1,Tier 3B,N,Y,N
ENSG00000125084,WNT1,Tier 3B,N,Y,N
ENSG00000125245,GPR18,Tier 3B,Y,Y,N
ENSG00000125363,AMELX,Tier 3B,N,Y,N
ENSG00000125522,NPBWR2,Tier 3B,Y,Y,N
ENSG00000125650,PSPN,Tier 3B,N,Y,N
ENSG00000125703,ATG4C,Tier 3B,N,Y,N
ENSG00000125787,GNRH2,Tier 3B,N,Y,N
ENSG00000125815,CST8,Tier 3B,N,Y,N
ENSG00000125861,GFRA4,Tier 3B,N,Y,N
ENSG00000125879,OTOR,Tier 3B,N,Y,N
ENSG00000125999,BPIFB1,Tier 3B,N,Y,N
ENSG00000126010,GRPR,Tier 3B,Y,Y,N
ENSG00000126016,AMOT,Tier 3B,N,Y,N
ENSG00000126233,SLURP1,Tier 3B,N,Y,N
ENSG00000126251,GPR42,Tier 3B,Y,Y,N
ENSG00000126259,KIRREL2,Tier 3B,N,Y,N
ENSG00000126500,FLRT1,Tier 3B,Y,N,N
ENSG00000126545,CSN1S1,Tier 3B,N,Y,N
ENSG00000126549,STATH,Tier 3B,N,Y,N
ENSG00000126550,HTN1,Tier 3B,N,Y,N
ENSG00000126562,WNK4,Tier 3B,Y,N,N
ENSG00000126759,CFP,Tier 3B,N,Y,N
ENSG00000126861,OMG,Tier 3B,N,Y,N
ENSG00000127083,OMD,Tier 3B,N,Y,N
ENSG00000127129,EDN2,Tier 3B,N,Y,N
ENSG00000127241,MASP1,Tier 3B,N,Y,N
ENSG00000127412,TRPV5,Tier 3B,Y,N,N
ENSG00000127507,EMR2,Tier 3B,N,Y,N
ENSG00000127533,F2RL3,Tier 3B,Y,Y,N
ENSG00000127824,TUBA4A,Tier 3B,Y,Y,N
ENSG00000127951,FGL2,Tier 3B,N,Y,N
ENSG00000128040,SPINK2,Tier 3B,N,Y,N
ENSG00000128510,CPA4,Tier 3B,N,Y,N
ENSG00000128519,TAS2R16,Tier 3B,N,Y,N
ENSG00000128594,LRRC4,Tier 3B,Y,N,N
ENSG00000128595,CALU,Tier 3B,N,Y,N
ENSG00000128606,LRRC17,Tier 3B,Y,Y,N
ENSG00000128617,OPN1SW,Tier 3B,Y,N,N
ENSG00000128802,GDF2,Tier 3B,N,Y,N
ENSG00000128881,TTBK2,Tier 3B,Y,N,N
ENSG00000129048,ACKR4,Tier 3B,Y,Y,N
ENSG00000129084,PSMA1,Tier 3B,Y,N,N
ENSG00000129159,KCNC1,Tier 3B,Y,N,N
ENSG00000129244,ATP1B2,Tier 3B,Y,N,N
ENSG00000129270,MMP28,Tier 3B,N,Y,N
ENSG00000129277,CCL4,Tier 3B,N,Y,N
ENSG00000129437,KLK14,Tier 3B,N,Y,N
ENSG00000129451,KLK10,Tier 3B,N,Y,N
ENSG00000129455,KLK8,Tier 3B,N,Y,N
ENSG00000129465,RIPK3,Tier 3B,Y,N,N
ENSG00000129744,ART1,Tier 3B,N,Y,N
ENSG00000129749,CHRNA10,Tier 3B,Y,N,N
ENSG00000130175,PRKCSH,Tier 3B,N,Y,N
ENSG00000130226,DPP6,Tier 3B,Y,N,N
ENSG00000130283,GDF1,Tier 3B,N,Y,N
ENSG00000130303,BST2,Tier 3B,N,Y,N
ENSG00000130368,MAS1,Tier 3B,Y,N,N
ENSG00000130385,BMP15,Tier 3B,N,Y,N
ENSG00000130402,ACTN4,Tier 3B,N,Y,N
ENSG00000130433,CACNG6,Tier 3B,Y,N,N
ENSG00000130528,HRC,Tier 3B,N,Y,N
ENSG00000130529,TRPM4,Tier 3B,Y,N,N
ENSG00000130768,SMPDL3B,Tier 3B,N,Y,N
ENSG00000130822,PNCK,Tier 3B,Y,N,N
ENSG00000130956,HABP4,Tier 3B,N,Y,N
ENSG00000131013,PPIL4,Tier 3B,N,Y,N
ENSG00000131050,BPIFA2,Tier 3B,N,Y,N
ENSG00000131067,GGT7,Tier 3B,N,Y,N
ENSG00000131068,DEFB118,Tier 3B,N,Y,N
ENSG00000131094,C1QL1,Tier 3B,N,Y,N
ENSG00000131126,TEX101,Tier 3B,N,Y,N
ENSG00000131142,CCL25,Tier 3B,N,Y,N
ENSG00000131238,PPT1,Tier 3B,N,Y,N
ENSG00000131355,EMR3,Tier 3B,N,Y,N
ENSG00000131398,KCNC3,Tier 3B,Y,N,N
ENSG00000131409,LRRC4B,Tier 3B,Y,N,N
ENSG00000131462,TUBG1,Tier 3B,Y,Y,N
ENSG00000131477,RAMP2,Tier 3B,N,Y,N
ENSG00000131724,IL13RA1,Tier 3B,N,Y,N
ENSG00000131808,FSHB,Tier 3B,N,Y,N
ENSG00000131910,NR0B2,Tier 3B,Y,N,N
ENSG00000132000,PODNL1,Tier 3B,N,Y,N
ENSG00000132182,NUP210,Tier 3B,N,Y,N
ENSG00000132185,FCRLA,Tier 3B,N,Y,N
ENSG00000132259,CNGA4,Tier 3B,Y,N,N
ENSG00000132464,ENAM,Tier 3B,N,Y,N
ENSG00000132465,IGJ,Tier 3B,N,Y,N
ENSG00000132470,ITGB4,Tier 3B,Y,Y,N
ENSG00000132475,H3F3B,Tier 3B,N,Y,N
ENSG00000132514,CLEC10A,Tier 3B,N,Y,N
ENSG00000132518,GUCY2D,Tier 3B,Y,Y,N
ENSG00000132581,SDF2,Tier 3B,N,Y,N
ENSG00000132692,BCAN,Tier 3B,N,Y,N
ENSG00000132702,HAPLN2,Tier 3B,N,Y,N
ENSG00000132703,APCS,Tier 3B,N,Y,N
ENSG00000132911,NMUR2,Tier 3B,Y,Y,N
ENSG00000132975,GPR12,Tier 3B,Y,Y,N
ENSG00000133067,LGR6,Tier 3B,Y,Y,N
ENSG00000133105,RXFP2,Tier 3B,Y,Y,N
ENSG00000133110,POSTN,Tier 3B,N,Y,N
ENSG00000133116,KL,Tier 3B,N,Y,N
ENSG00000133256,PDE6B,Tier 3B,Y,N,N
ENSG00000133318,RTN3,Tier 3B,N,Y,N
ENSG00000133475,GGT2,Tier 3B,N,Y,N
ENSG00000133636,NTS,Tier 3B,N,Y,N
ENSG00000133710,SPINK5,Tier 3B,N,Y,N
ENSG00000133872,TMEM66,Tier 3B,N,Y,N
ENSG00000134013,LOXL2,Tier 3B,N,Y,N
ENSG00000134028,ADAMDEC1,Tier 3B,N,Y,N
ENSG00000134070,IRAK2,Tier 3B,Y,N,N
ENSG00000134193,REG4,Tier 3B,N,Y,N
ENSG00000134200,TSHB,Tier 3B,N,Y,N
ENSG00000134245,WNT2B,Tier 3B,N,Y,N
ENSG00000134256,CD101,Tier 3B,N,Y,N
ENSG00000134285,FKBP11,Tier 3B,Y,N,N
ENSG00000134363,FST,Tier 3B,N,Y,N
ENSG00000134398,ERN2,Tier 3B,Y,N,N
ENSG00000134443,GRP,Tier 3B,N,Y,N
ENSG00000134539,KLRD1,Tier 3B,N,Y,N
ENSG00000134548,C12orf39,Tier 3B,N,Y,N
ENSG00000134551,PRH2,Tier 3B,N,Y,N
ENSG00000134830,C5AR2,Tier 3B,Y,Y,N
ENSG00000135222,CSN2,Tier 3B,N,Y,N
ENSG00000135245,HILPDA,Tier 3B,N,Y,N
ENSG00000135346,CGA,Tier 3B,N,Y,N
ENSG00000135409,AMHR2,Tier 3B,Y,N,N
ENSG00000135414,GDF11,Tier 3B,N,Y,N
ENSG00000135519,KCNH3,Tier 3B,Y,N,N
ENSG00000135569,TAAR5,Tier 3B,Y,Y,N
ENSG00000135617,PRADC1,Tier 3B,N,Y,N
ENSG00000135677,GNS,Tier 3B,N,Y,N
ENSG00000135686,KLHL36,Tier 3B,Y,N,N
ENSG00000135744,AGT,Tier 3B,N,Y,N
ENSG00000135919,SERPINE2,Tier 3B,N,Y,N
ENSG00000135973,GPR45,Tier 3B,Y,Y,N
ENSG00000136010,ALDH1L2,Tier 3B,Y,N,N
ENSG00000136021,SCYL2,Tier 3B,Y,N,N
ENSG00000136040,PLXNC1,Tier 3B,N,Y,N
ENSG00000136052,SLC41A2,Tier 3B,N,Y,N
ENSG00000136110,LECT1,Tier 3B,N,Y,N
ENSG00000136114,THSD1,Tier 3B,N,Y,N
ENSG00000136156,ITM2B,Tier 3B,N,Y,N
ENSG00000136698,CFC1,Tier 3B,N,Y,N
ENSG00000136731,UGGT1,Tier 3B,N,Y,N
ENSG00000136732,GYPC,Tier 3B,N,Y,N
ENSG00000136834,OR1J1,Tier 3B,Y,N,N
ENSG00000136859,ANGPTL2,Tier 3B,N,Y,N
ENSG00000136930,PSMB7,Tier 3B,Y,N,N
ENSG00000136986,DERL1,Tier 3B,N,Y,N
ENSG00000137076,TLN1,Tier 3B,N,Y,N
ENSG00000137080,IFNA21,Tier 3B,N,Y,N
ENSG00000137101,CD72,Tier 3B,N,Y,N
ENSG00000137274,BPHL,Tier 3B,N,Y,N
ENSG00000137392,CLPS,Tier 3B,N,Y,N
ENSG00000137440,FGFBP1,Tier 3B,N,Y,N
ENSG00000137462,TLR2,Tier 3B,Y,Y,N
ENSG00000137496,IL18BP,Tier 3B,N,Y,N
ENSG00000137558,PI15,Tier 3B,N,Y,N
ENSG00000137672,TRPC6,Tier 3B,Y,N,N
ENSG00000137731,FXYD2,Tier 3B,Y,N,N
ENSG00000138028,CGREF1,Tier 3B,N,Y,N
ENSG00000138080,EMILIN1,Tier 3B,N,Y,N
ENSG00000138085,ATRAID,Tier 3B,N,Y,N
ENSG00000138185,ENTPD1,Tier 3B,N,Y,N
ENSG00000138271,GPR87,Tier 3B,Y,Y,N
ENSG00000138308,PLA2G12B,Tier 3B,N,Y,N
ENSG00000138615,CILP,Tier 3B,N,Y,N
ENSG00000138741,TRPC3,Tier 3B,Y,N,N
ENSG00000139053,PDE6H,Tier 3B,Y,N,N
ENSG00000139178,C1RL,Tier 3B,N,Y,N
ENSG00000139263,LRIG3,Tier 3B,Y,N,N
ENSG00000139292,LGR5,Tier 3B,Y,Y,N
ENSG00000139540,SLC39A5,Tier 3B,N,Y,N
ENSG00000139572,GPR84,Tier 3B,Y,N,N
ENSG00000139679,LPAR6,Tier 3B,Y,Y,N
ENSG00000139908,TSSK4,Tier 3B,Y,N,N
ENSG00000140015,KCNH5,Tier 3B,Y,N,N
ENSG00000140030,GPR65,Tier 3B,Y,N,N
ENSG00000140199,SLC12A6,Tier 3B,Y,N,N
ENSG00000140259,MFAP1,Tier 3B,N,Y,N
ENSG00000140598,EFTUD1,Tier 3B,N,Y,N
ENSG00000141096,DPEP3,Tier 3B,Y,N,N
ENSG00000141194,OR4D1,Tier 3B,N,Y,N
ENSG00000141316,SPACA3,Tier 3B,N,Y,N
ENSG00000141337,ARSG,Tier 3B,N,Y,N
ENSG00000141424,SLC39A6,Tier 3B,N,Y,N
ENSG00000141429,GALNT1,Tier 3B,N,Y,N
ENSG00000141434,MEP1B,Tier 3B,N,Y,N
ENSG00000141574,SECTM1,Tier 3B,N,Y,N
ENSG00000141639,MAPK4,Tier 3B,Y,N,N
ENSG00000141756,FKBP10,Tier 3B,Y,N,N
ENSG00000141858,SAMD1,Tier 3B,N,Y,N
ENSG00000142173,COL6A2,Tier 3B,N,Y,N
ENSG00000142185,TRPM2,Tier 3B,Y,N,N
ENSG00000142235,LMTK3,Tier 3B,Y,N,N
ENSG00000142408,CACNG8,Tier 3B,Y,N,N
ENSG00000142449,FBN3,Tier 3B,N,Y,N
ENSG00000142507,PSMB6,Tier 3B,Y,N,N
ENSG00000142511,GPR32,Tier 3B,Y,Y,N
ENSG00000142512,SIGLEC10,Tier 3B,N,Y,N
ENSG00000142538,PTH2,Tier 3B,N,Y,N
ENSG00000142748,FCN3,Tier 3B,N,Y,N
ENSG00000142798,HSPG2,Tier 3B,N,Y,N
ENSG00000142871,CYR61,Tier 3B,N,Y,N
ENSG00000142892,PIGK,Tier 3B,N,Y,N
ENSG00000142910,TINAGL1,Tier 3B,N,Y,N
ENSG00000143105,KCNA10,Tier 3B,Y,N,N
ENSG00000143106,PSMA5,Tier 3B,Y,N,N
ENSG00000143126,CELSR2,Tier 3B,N,Y,N
ENSG00000143127,ITGA10,Tier 3B,N,Y,N
ENSG00000143147,GPR161,Tier 3B,Y,N,N
ENSG00000143153,ATP1B1,Tier 3B,Y,N,N
ENSG00000143162,CREG1,Tier 3B,N,Y,N
ENSG00000143184,XCL1,Tier 3B,N,Y,N
ENSG00000143185,XCL2,Tier 3B,N,Y,N
ENSG00000143341,HMCN1,Tier 3B,N,Y,N
ENSG00000143367,TUFT1,Tier 3B,N,Y,N
ENSG00000143369,ECM1,Tier 3B,N,Y,N
ENSG00000143382,ADAMTSL4,Tier 3B,N,Y,N
ENSG00000143473,KCNH1,Tier 3B,Y,N,N
ENSG00000143546,S100A8,Tier 3B,N,Y,N
ENSG00000143630,HCN3,Tier 3B,Y,N,N
ENSG00000143674,,Tier 3B,Y,N,N
ENSG00000143768,LEFTY2,Tier 3B,N,Y,N
ENSG00000143816,WNT9A,Tier 3B,N,Y,N
ENSG00000143954,REG3G,Tier 3B,N,Y,N
ENSG00000144115,THNSL2,Tier 3B,N,Y,N
ENSG00000144119,C1QL2,Tier 3B,N,Y,N
ENSG00000144152,FBLN7,Tier 3B,N,Y,N
ENSG00000144191,CNGA3,Tier 3B,Y,N,N
ENSG00000144214,LYG1,Tier 3B,N,Y,N
ENSG00000144381,HSPD1,Tier 3B,N,Y,N
ENSG00000144452,ABCA12,Tier 3B,Y,N,N
ENSG00000144648,ACKR2,Tier 3B,Y,Y,N
ENSG00000144847,IGSF11,Tier 3B,N,Y,N
ENSG00000144908,ALDH1L1,Tier 3B,Y,N,N
ENSG00000145040,UCN2,Tier 3B,N,Y,N
ENSG00000145050,MANF,Tier 3B,N,Y,N
ENSG00000145113,MUC4,Tier 3B,N,Y,N
ENSG00000145192,AHSG,Tier 3B,N,Y,N
ENSG00000145332,KLHL8,Tier 3B,Y,N,N
ENSG00000145476,CYP4V2,Tier 3B,Y,N,N
ENSG00000145536,ADAMTS16,Tier 3B,N,Y,N
ENSG00000145649,GZMA,Tier 3B,N,Y,N
ENSG00000145708,CRHBP,Tier 3B,N,Y,N
ENSG00000145824,CXCL14,Tier 3B,N,Y,N
ENSG00000146021,KLHL3,Tier 3B,Y,N,N
ENSG00000146197,SCUBE3,Tier 3B,N,Y,N
ENSG00000146216,TTBK1,Tier 3B,Y,N,N
ENSG00000146360,GPR6,Tier 3B,Y,N,N
ENSG00000146378,TAAR2,Tier 3B,Y,Y,N
ENSG00000146383,TAAR6,Tier 3B,Y,Y,N
ENSG00000146385,TAAR8,Tier 3B,Y,Y,N
ENSG00000146469,VIP,Tier 3B,N,Y,N
ENSG00000146828,SLC12A9,Tier 3B,Y,N,N
ENSG00000146938,NLGN4X,Tier 3B,Y,Y,N
ENSG00000147138,GPR174,Tier 3B,Y,Y,N
ENSG00000147145,LPAR4,Tier 3B,Y,Y,N
ENSG00000147168,IL2RG,Tier 3B,N,Y,N
ENSG00000147274,RBMX,Tier 3B,N,Y,N
ENSG00000147380,OPN1MW,Tier 3B,Y,Y,N
ENSG00000147383,NSDHL,Tier 3B,Y,N,N
ENSG00000147402,GABRQ,Tier 3B,Y,N,N
ENSG00000147437,GNRH1,Tier 3B,N,Y,N
ENSG00000147485,PXDNL,Tier 3B,Y,N,N
ENSG00000147571,CRH,Tier 3B,N,Y,N
ENSG00000147613,PSKH2,Tier 3B,Y,N,N
ENSG00000147655,RSPO2,Tier 3B,N,Y,N
ENSG00000147869,CER1,Tier 3B,N,Y,N
ENSG00000147872,PLIN2,Tier 3B,N,Y,N
ENSG00000147885,IFNA16,Tier 3B,N,Y,N
ENSG00000148200,NR6A1,Tier 3B,Y,N,N
ENSG00000148346,LCN2,Tier 3B,N,Y,N
ENSG00000148604,RGR,Tier 3B,Y,N,N
ENSG00000148702,HABP2,Tier 3B,Y,Y,N
ENSG00000148948,LRRC4C,Tier 3B,Y,N,N
ENSG00000149090,PAMR1,Tier 3B,Y,N,N
ENSG00000149243,KLHL35,Tier 3B,Y,N,N
ENSG00000149428,HYOU1,Tier 3B,N,Y,N
ENSG00000149435,GGTLC1,Tier 3B,N,Y,N
ENSG00000149506,ZP1,Tier 3B,N,Y,N
ENSG00000149575,SCN2B,Tier 3B,N,Y,N
ENSG00000149582,TMEM25,Tier 3B,N,Y,N
ENSG00000149639,SOGA1,Tier 3B,N,Y,N
ENSG00000149651,SPINT4,Tier 3B,N,Y,N
ENSG00000149735,GPHA2,Tier 3B,N,Y,N
ENSG00000149925,ALDOA,Tier 3B,N,Y,N
ENSG00000150361,KLHL1,Tier 3B,Y,N,N
ENSG00000150630,VEGFC,Tier 3B,N,Y,N
ENSG00000150656,CNDP1,Tier 3B,N,Y,N
ENSG00000151062,CACNA2D4,Tier 3B,Y,N,N
ENSG00000151079,KCNA6,Tier 3B,Y,N,N
ENSG00000151176,PLBD2,Tier 3B,N,Y,N
ENSG00000151882,CCL28,Tier 3B,N,Y,N
ENSG00000151914,DST,Tier 3B,N,Y,N
ENSG00000152086,TUBA3E,Tier 3B,Y,N,N
ENSG00000152207,CYSLTR2,Tier 3B,Y,Y,N
ENSG00000152208,GRID2,Tier 3B,Y,N,N
ENSG00000152266,PTH,Tier 3B,N,Y,N
ENSG00000152315,KCNK13,Tier 3B,Y,N,N
ENSG00000152332,UHMK1,Tier 3B,Y,N,N
ENSG00000152377,SPOCK1,Tier 3B,N,Y,N
ENSG00000152558,TMEM123,Tier 3B,N,Y,N
ENSG00000152583,SPARCL1,Tier 3B,N,Y,N
ENSG00000152591,DSPP,Tier 3B,N,Y,N
ENSG00000152592,DMP1,Tier 3B,N,Y,N
ENSG00000152705,CATSPER3,Tier 3B,Y,N,N
ENSG00000153446,C16orf89,Tier 3B,N,Y,N
ENSG00000153898,MCOLN2,Tier 3B,Y,N,N
ENSG00000153993,SEMA3D,Tier 3B,N,Y,N
ENSG00000154096,THY1,Tier 3B,N,Y,N
ENSG00000154165,GPR15,Tier 3B,Y,Y,N
ENSG00000154175,ABI3BP,Tier 3B,N,Y,N
ENSG00000154237,LRRK1,Tier 3B,Y,N,N
ENSG00000154342,WNT3A,Tier 3B,N,Y,N
ENSG00000154358,OBSCN,Tier 3B,Y,N,N
ENSG00000154478,GPR26,Tier 3B,Y,N,N
ENSG00000154485,MMP21,Tier 3B,Y,N,N
ENSG00000154589,LY96,Tier 3B,N,Y,N
ENSG00000154611,PSMA8,Tier 3B,Y,N,N
ENSG00000154639,CXADR,Tier 3B,N,Y,N
ENSG00000154975,CA10,Tier 3B,Y,N,N
ENSG00000155016,CYP2U1,Tier 3B,Y,N,N
ENSG00000155269,GPR78,Tier 3B,Y,N,N
ENSG00000155659,VSIG4,Tier 3B,N,Y,N
ENSG00000155719,OTOA,Tier 3B,N,Y,N
ENSG00000156097,GPR61,Tier 3B,Y,Y,N
ENSG00000156234,CXCL13,Tier 3B,N,Y,N
ENSG00000156298,TSPAN7,Tier 3B,N,Y,N
ENSG00000156345,CDK20,Tier 3B,Y,N,N
ENSG00000156466,GDF6,Tier 3B,N,Y,N
ENSG00000156486,KCNS2,Tier 3B,Y,N,N
ENSG00000156535,CD109,Tier 3B,N,Y,N
ENSG00000156574,NODAL,Tier 3B,N,Y,N
ENSG00000156642,NPTN,Tier 3B,N,Y,N
ENSG00000156970,BUB1B,Tier 3B,Y,N,N
ENSG00000156973,PDE6D,Tier 3B,Y,N,N
ENSG00000157119,KLHL40,Tier 3B,Y,N,N
ENSG00000157131,C8A,Tier 3B,N,Y,N
ENSG00000157150,TIMP4,Tier 3B,N,Y,N
ENSG00000157368,IL34,Tier 3B,N,Y,N
ENSG00000157445,CACNA2D3,Tier 3B,Y,N,N
ENSG00000157703,SVOPL,Tier 3B,Y,N,N
ENSG00000158292,GPR153,Tier 3B,Y,N,N
ENSG00000158445,KCNB1,Tier 3B,Y,N,N
ENSG00000158458,NRG2,Tier 3B,N,Y,N
ENSG00000158473,CD1D,Tier 3B,N,Y,N
ENSG00000158477,CD1A,Tier 3B,N,Y,N
ENSG00000158481,CD1C,Tier 3B,N,Y,N
ENSG00000158485,CD1B,Tier 3B,N,Y,N
ENSG00000158488,CD1E,Tier 3B,N,Y,N
ENSG00000158516,CPA2,Tier 3B,N,Y,N
ENSG00000158525,CPA5,Tier 3B,N,Y,N
ENSG00000158747,NBL1,Tier 3B,N,Y,N
ENSG00000158769,F11R,Tier 3B,N,Y,N
ENSG00000158828,PINK1,Tier 3B,Y,N,N
ENSG00000158874,APOA2,Tier 3B,N,Y,N
ENSG00000159189,C1QC,Tier 3B,N,Y,N
ENSG00000159377,PSMB4,Tier 3B,Y,N,N
ENSG00000159398,CES5A,Tier 3B,Y,Y,N
ENSG00000159527,PGLYRP3,Tier 3B,N,Y,N
ENSG00000159674,SPON2,Tier 3B,N,Y,N
ENSG00000159723,AGRP,Tier 3B,N,Y,N
ENSG00000159763,PIP,Tier 3B,N,Y,N
ENSG00000159871,LYPD5,Tier 3B,N,Y,N
ENSG00000159899,NPR2,Tier 3B,Y,N,N
ENSG00000160097,FNDC5,Tier 3B,N,Y,N
ENSG00000160339,FCN2,Tier 3B,N,Y,N
ENSG00000160404,TOR2A,Tier 3B,N,Y,N
ENSG00000160447,PKN3,Tier 3B,Y,N,N
ENSG00000160602,NEK8,Tier 3B,Y,N,N
ENSG00000160654,CD3G,Tier 3B,N,Y,N
ENSG00000160862,AZGP1,Tier 3B,N,Y,N
ENSG00000161031,PGLYRP2,Tier 3B,N,Y,N
ENSG00000161055,SCGB3A1,Tier 3B,N,Y,N
ENSG00000161572,LYZL6,Tier 3B,N,Y,N
ENSG00000161573,CCL16,Tier 3B,N,Y,N
ENSG00000161574,CCL15-CCL14,Tier 3B,N,Y,N
ENSG00000161594,KLHL10,Tier 3B,Y,N,N
ENSG00000161610,HCRT,Tier 3B,N,Y,N
ENSG00000161618,ALDH16A1,Tier 3B,Y,N,N
ENSG00000161640,SIGLEC11,Tier 3B,N,Y,N
ENSG00000161671,EMC10,Tier 3B,N,Y,N
ENSG00000161807,OR7G1,Tier 3B,N,Y,N
ENSG00000162068,NTN3,Tier 3B,N,Y,N
ENSG00000162341,TPCN2,Tier 3B,Y,N,N
ENSG00000162344,FGF19,Tier 3B,N,Y,N
ENSG00000162365,CYP4A22,Tier 3B,Y,N,N
ENSG00000162413,KLHL21,Tier 3B,Y,N,N
ENSG00000162510,MATN1,Tier 3B,N,Y,N
ENSG00000162526,TSSK3,Tier 3B,Y,N,N
ENSG00000162604,TM2D1,Tier 3B,N,Y,N
ENSG00000162747,FCGR3B,Tier 3B,N,Y,N
ENSG00000162813,BPNT1,Tier 3B,Y,N,N
ENSG00000162896,PIGR,Tier 3B,N,Y,N
ENSG00000162897,FCAMR,Tier 3B,N,Y,N
ENSG00000162975,KCNF1,Tier 3B,Y,N,N
ENSG00000162989,KCNJ3,Tier 3B,Y,Y,N
ENSG00000163041,H3F3A,Tier 3B,N,Y,N
ENSG00000163170,BOLA3,Tier 3B,N,Y,N
ENSG00000163218,PGLYRP4,Tier 3B,N,Y,N
ENSG00000163220,S100A9,Tier 3B,N,Y,N
ENSG00000163221,S100A12,Tier 3B,N,Y,N
ENSG00000163283,ALPP,Tier 3B,N,Y,N
ENSG00000163376,KBTBD8,Tier 3B,Y,N,N
ENSG00000163377,FAM19A4,Tier 3B,N,Y,N
ENSG00000163382,APOA1BP,Tier 3B,N,Y,N
ENSG00000163421,PROK2,Tier 3B,N,Y,N
ENSG00000163430,FSTL1,Tier 3B,N,Y,N
ENSG00000163453,IGFBP7,Tier 3B,N,Y,N
ENSG00000163491,NEK10,Tier 3B,Y,N,N
ENSG00000163515,RETNLB,Tier 3B,N,Y,N
ENSG00000163518,FCRL4,Tier 3B,N,Y,N
ENSG00000163536,SERPINI1,Tier 3B,N,Y,N
ENSG00000163661,PTX3,Tier 3B,N,Y,N
ENSG00000163701,IL17RE,Tier 3B,N,Y,N
ENSG00000163702,IL17RC,Tier 3B,N,Y,N
ENSG00000163704,PRRT3,Tier 3B,N,Y,N
ENSG00000163739,CXCL1,Tier 3B,N,Y,N
ENSG00000163746,PLSCR2,Tier 3B,N,Y,N
ENSG00000163785,RYK,Tier 3B,Y,N,N
ENSG00000163794,UCN,Tier 3B,N,Y,N
ENSG00000163814,CDCP1,Tier 3B,N,Y,N
ENSG00000163815,CLEC3B,Tier 3B,N,Y,N
ENSG00000163817,SLC6A20,Tier 3B,Y,N,N
ENSG00000163898,LIPH,Tier 3B,N,Y,N
ENSG00000163914,RHO,Tier 3B,Y,Y,N
ENSG00000163975,MFI2,Tier 3B,N,Y,N
ENSG00000163982,OTOP1,Tier 3B,N,Y,N
ENSG00000164022,AIMP1,Tier 3B,N,Y,N
ENSG00000164047,CAMP,Tier 3B,N,Y,N
ENSG00000164076,CAMKV,Tier 3B,Y,N,N
ENSG00000164089,ETNPPL,Tier 3B,Y,N,N
ENSG00000164099,PRSS12,Tier 3B,Y,Y,N
ENSG00000164104,HMGB2,Tier 3B,N,Y,N
ENSG00000164106,SCRG1,Tier 3B,N,Y,N
ENSG00000164252,AGGF1,Tier 3B,N,Y,N
ENSG00000164283,ESM1,Tier 3B,N,Y,N
ENSG00000164303,ENPP6,Tier 3B,N,Y,N
ENSG00000164326,CARTPT,Tier 3B,N,Y,N
ENSG00000164342,TLR3,Tier 3B,Y,Y,N
ENSG00000164347,GFM2,Tier 3B,N,Y,N
ENSG00000164363,SLC6A18,Tier 3B,Y,N,N
ENSG00000164404,GDF9,Tier 3B,N,Y,N
ENSG00000164406,LEAP2,Tier 3B,N,Y,N
ENSG00000164509,IL31RA,Tier 3B,N,Y,N
ENSG00000164604,GPR85,Tier 3B,Y,N,N
ENSG00000164619,BMPER,Tier 3B,N,Y,N
ENSG00000164626,KCNK5,Tier 3B,Y,N,N
ENSG00000164715,LMTK2,Tier 3B,Y,N,N
ENSG00000164749,HNF4G,Tier 3B,Y,N,N
ENSG00000164794,KCNV1,Tier 3B,Y,N,N
ENSG00000164816,DEFA5,Tier 3B,N,Y,N
ENSG00000164825,DEFB1,Tier 3B,N,Y,N
ENSG00000164849,GPR146,Tier 3B,Y,N,N
ENSG00000164871,SPAG11B,Tier 3B,N,Y,N
ENSG00000164932,CTHRC1,Tier 3B,N,Y,N
ENSG00000165059,PRKACG,Tier 3B,Y,N,N
ENSG00000165072,MAMDC2,Tier 3B,N,Y,N
ENSG00000165078,CPA6,Tier 3B,N,Y,N
ENSG00000165097,KDM1B,Tier 3B,Y,N,N
ENSG00000165125,TRPV6,Tier 3B,Y,N,N
ENSG00000165197,FIGF,Tier 3B,N,Y,N
ENSG00000165238,WNK2,Tier 3B,Y,N,N
ENSG00000165246,NLGN4Y,Tier 3B,Y,N,N
ENSG00000165323,FAT3,Tier 3B,N,Y,N
ENSG00000165370,GPR101,Tier 3B,Y,Y,N
ENSG00000165457,FOLR2,Tier 3B,N,Y,N
ENSG00000165572,KBTBD6,Tier 3B,Y,N,N
ENSG00000165621,OXGR1,Tier 3B,Y,Y,N
ENSG00000165623,UCMA,Tier 3B,N,Y,N
ENSG00000165675,ENOX2,Tier 3B,N,Y,N
ENSG00000165799,RNASE7,Tier 3B,N,Y,N
ENSG00000165816,VWA2,Tier 3B,N,Y,N
ENSG00000165828,PRAP1,Tier 3B,N,Y,N
ENSG00000166006,KCNC2,Tier 3B,Y,N,N
ENSG00000166073,GPR176,Tier 3B,Y,N,N
ENSG00000166086,JAM3,Tier 3B,N,Y,N
ENSG00000166111,SVOP,Tier 3B,Y,N,N
ENSG00000166160,OPN1MW2,Tier 3B,Y,Y,N
ENSG00000166257,SCN3B,Tier 3B,N,Y,N
ENSG00000166311,SMPD1,Tier 3B,N,Y,N
ENSG00000166333,ILK,Tier 3B,Y,N,N
ENSG00000166340,TPP1,Tier 3B,N,Y,N
ENSG00000166363,OR10A5,Tier 3B,Y,N,N
ENSG00000166396,SERPINB7,Tier 3B,N,Y,N
ENSG00000166401,SERPINB8,Tier 3B,N,Y,N
ENSG00000166482,MFAP4,Tier 3B,N,Y,N
ENSG00000166509,CLEC3A,Tier 3B,N,Y,N
ENSG00000166634,SERPINB12,Tier 3B,N,Y,N
ENSG00000166664,CHRFAM7A,Tier 3B,Y,N,N
ENSG00000166710,B2M,Tier 3B,N,Y,N
ENSG00000166762,CATSPER2,Tier 3B,Y,N,N
ENSG00000166856,GPR182,Tier 3B,Y,Y,N
ENSG00000166862,CACNG2,Tier 3B,Y,N,N
ENSG00000166863,TAC3,Tier 3B,N,Y,N
ENSG00000167004,PDIA3,Tier 3B,N,Y,N
ENSG00000167104,BPIFB6,Tier 3B,N,Y,N
ENSG00000167178,ISLR2,Tier 3B,Y,N,N
ENSG00000167236,CCL23,Tier 3B,N,Y,N
ENSG00000167258,CDK12,Tier 3B,Y,N,N
ENSG00000167286,CD3D,Tier 3B,N,Y,N
ENSG00000167332,OR51E2,Tier 3B,Y,N,N
ENSG00000167419,LPO,Tier 3B,N,Y,N
ENSG00000167487,KLHL26,Tier 3B,Y,N,N
ENSG00000167531,LALBA,Tier 3B,N,Y,N
ENSG00000167552,TUBA1A,Tier 3B,Y,N,N
ENSG00000167553,TUBA1C,Tier 3B,Y,N,N
ENSG00000167613,LAIR1,Tier 3B,N,Y,N
ENSG00000167618,LAIR2,Tier 3B,N,Y,N
ENSG00000167656,LY6D,Tier 3B,N,Y,N
ENSG00000167664,TMIGD2,Tier 3B,N,Y,N
ENSG00000167680,SEMA6B,Tier 3B,N,Y,N
ENSG00000167740,CYB5D2,Tier 3B,N,Y,N
ENSG00000167741,GGT6,Tier 3B,N,Y,N
ENSG00000167757,KLK11,Tier 3B,N,Y,N
ENSG00000167759,KLK13,Tier 3B,N,Y,N
ENSG00000167775,CD320,Tier 3B,N,Y,N
ENSG00000167850,CD300C,Tier 3B,N,Y,N
ENSG00000167851,CD300A,Tier 3B,N,Y,N
ENSG00000167972,ABCA3,Tier 3B,Y,N,N
ENSG00000168003,SLC3A2,Tier 3B,N,Y,N
ENSG00000168038,ULK4,Tier 3B,Y,N,N
ENSG00000168081,PNOC,Tier 3B,N,Y,N
ENSG00000168135,KCNJ4,Tier 3B,Y,Y,N
ENSG00000168140,VASN,Tier 3B,N,Y,N
ENSG00000168263,KCNV2,Tier 3B,Y,N,N
ENSG00000168404,MLKL,Tier 3B,Y,N,N
ENSG00000168418,KCNG4,Tier 3B,Y,N,N
ENSG00000168427,KLHL30,Tier 3B,Y,N,N
ENSG00000168515,SCGB1D1,Tier 3B,N,Y,N
ENSG00000168542,COL3A1,Tier 3B,N,Y,N
ENSG00000168621,GDNF,Tier 3B,N,Y,N
ENSG00000168827,GFM1,Tier 3B,N,Y,N
ENSG00000168828,OR13J1,Tier 3B,Y,N,N
ENSG00000168878,SFTPB,Tier 3B,N,Y,N
ENSG00000168913,ENHO,Tier 3B,N,Y,N
ENSG00000168961,LGALS9,Tier 3B,N,Y,N
ENSG00000168970,JMJD7-PLA2G4B,Tier 3B,N,Y,N
ENSG00000168995,SIGLEC7,Tier 3B,N,Y,N
ENSG00000169035,KLK7,Tier 3B,N,Y,N
ENSG00000169071,ROR2,Tier 3B,Y,N,N
ENSG00000169116,PARM1,Tier 3B,N,Y,N
ENSG00000169218,RSPO1,Tier 3B,N,Y,N
ENSG00000169248,CXCL11,Tier 3B,N,Y,N
ENSG00000169297,NR0B1,Tier 3B,Y,N,N
ENSG00000169306,IL1RAPL1,Tier 3B,N,Y,N
ENSG00000169385,RNASE2,Tier 3B,N,Y,N
ENSG00000169397,RNASE3,Tier 3B,N,Y,N
ENSG00000169436,COL22A1,Tier 3B,N,Y,N
ENSG00000169439,SDC2,Tier 3B,N,Y,N
ENSG00000169488,OR4K15,Tier 3B,Y,N,N
ENSG00000169495,HTRA4,Tier 3B,N,Y,N
ENSG00000169508,GPR183,Tier 3B,Y,Y,N
ENSG00000169562,GJB1,Tier 3B,N,Y,N
ENSG00000169575,VPREB1,Tier 3B,N,Y,N
ENSG00000169679,BUB1,Tier 3B,Y,N,N
ENSG00000169704,GP9,Tier 3B,N,Y,N
ENSG00000169760,NLGN1,Tier 3B,Y,N,N
ENSG00000169876,MUC17,Tier 3B,N,Y,N
ENSG00000169884,WNT10B,Tier 3B,N,Y,N
ENSG00000169908,TM4SF1,Tier 3B,N,Y,N
ENSG00000169919,GUSB,Tier 3B,N,Y,N
ENSG00000169962,TAS1R3,Tier 3B,Y,N,N
ENSG00000169992,NLGN2,Tier 3B,Y,N,N
ENSG00000170017,ALCAM,Tier 3B,N,Y,N
ENSG00000170075,GPR37L1,Tier 3B,Y,N,N
ENSG00000170128,GPR25,Tier 3B,Y,Y,N
ENSG00000170180,GYPA,Tier 3B,N,Y,N
ENSG00000170275,CRTAP,Tier 3B,N,Y,N
ENSG00000170289,CNGB3,Tier 3B,Y,N,N
ENSG00000170373,CST1,Tier 3B,N,Y,N
ENSG00000170381,SEMA3E,Tier 3B,N,Y,N
ENSG00000170542,SERPINB9,Tier 3B,N,Y,N
ENSG00000170745,KCNS3,Tier 3B,Y,N,N
ENSG00000170775,GPR37,Tier 3B,Y,N,N
ENSG00000170801,HTRA3,Tier 3B,N,Y,N
ENSG00000170837,GPR27,Tier 3B,Y,N,N
ENSG00000170852,KBTBD2,Tier 3B,Y,N,N
ENSG00000170891,CYTL1,Tier 3B,N,Y,N
ENSG00000170893,TRH,Tier 3B,N,Y,N
ENSG00000170923,OR7G2,Tier 3B,Y,N,N
ENSG00000170929,OR1M1,Tier 3B,Y,N,N
ENSG00000170953,OR8B12,Tier 3B,Y,N,N
ENSG00000170965,PLAC1,Tier 3B,N,Y,N
ENSG00000171126,KCNG3,Tier 3B,Y,N,N
ENSG00000171199,PROL1,Tier 3B,N,Y,N
ENSG00000171201,SMR3B,Tier 3B,N,Y,N
ENSG00000171208,NETO2,Tier 3B,N,Y,N
ENSG00000171209,CSN3,Tier 3B,N,Y,N
ENSG00000171236,LRG1,Tier 3B,Y,Y,N
ENSG00000171365,CLCN5,Tier 3B,Y,N,N
ENSG00000171385,KCND3,Tier 3B,Y,N,N
ENSG00000171388,APLN,Tier 3B,N,Y,N
ENSG00000171478,SPACA5B,Tier 3B,N,Y,N
ENSG00000171489,SPACA5,Tier 3B,N,Y,N
ENSG00000171496,OR1L8,Tier 3B,Y,N,N
ENSG00000171596,NMUR1,Tier 3B,Y,Y,N
ENSG00000171603,CLSTN1,Tier 3B,N,Y,N
ENSG00000171617,ENC1,Tier 3B,Y,N,N
ENSG00000171657,GPR82,Tier 3B,Y,Y,N
ENSG00000171659,GPR34,Tier 3B,Y,Y,N
ENSG00000171711,DEFB4A,Tier 3B,N,Y,N
ENSG00000171819,ANGPTL7,Tier 3B,N,Y,N
ENSG00000171855,IFNB1,Tier 3B,N,Y,N
ENSG00000171885,AQP4,Tier 3B,N,Y,N
ENSG00000171954,CYP4F22,Tier 3B,Y,N,N
ENSG00000172016,REG3A,Tier 3B,N,Y,N
ENSG00000172023,REG1B,Tier 3B,N,Y,N
ENSG00000172146,OR1A1,Tier 3B,Y,N,N
ENSG00000172209,GPR22,Tier 3B,Y,N,N
ENSG00000172215,CXCR6,Tier 3B,Y,Y,N
ENSG00000172232,AZU1,Tier 3B,N,Y,N
ENSG00000172382,PRSS27,Tier 3B,N,Y,N
ENSG00000172410,INSL5,Tier 3B,N,Y,N
ENSG00000172551,MUCL1,Tier 3B,N,Y,N
ENSG00000172578,KLHL6,Tier 3B,Y,N,N
ENSG00000172594,SMPDL3A,Tier 3B,N,Y,N
ENSG00000172680,MOS,Tier 3B,Y,N,N
ENSG00000172742,OR4D9,Tier 3B,Y,N,N
ENSG00000172752,COL6A5,Tier 3B,N,Y,N
ENSG00000172824,CES4A,Tier 3B,Y,N,N
ENSG00000172828,CES3,Tier 3B,Y,N,N
ENSG00000172935,MRGPRF,Tier 3B,Y,N,N
ENSG00000172938,MRGPRD,Tier 3B,Y,Y,N
ENSG00000173080,RXFP4,Tier 3B,Y,Y,N
ENSG00000173114,LRRN3,Tier 3B,Y,N,N
ENSG00000173250,GPR151,Tier 3B,Y,N,N
ENSG00000173269,MMRN2,Tier 3B,N,Y,N
ENSG00000173302,GPR148,Tier 3B,Y,N,N
ENSG00000173338,KCNK7,Tier 3B,Y,N,N
ENSG00000173369,C1QB,Tier 3B,N,Y,N
ENSG00000173372,C1QA,Tier 3B,N,Y,N
ENSG00000173376,NDNF,Tier 3B,N,Y,N
ENSG00000173391,OLR1,Tier 3B,N,Y,N
ENSG00000173401,GLIPR1L1,Tier 3B,N,Y,N
ENSG00000173402,DAG1,Tier 3B,N,Y,N
ENSG00000173431,RNASE8,Tier 3B,N,Y,N
ENSG00000173467,AGR3,Tier 3B,N,Y,N
ENSG00000173517,PEAK1,Tier 3B,Y,N,N
ENSG00000173530,TNFRSF10D,Tier 3B,N,Y,N
ENSG00000173535,TNFRSF10C,Tier 3B,N,Y,N
ENSG00000173546,CSPG4,Tier 3B,N,Y,N
ENSG00000173578,XCR1,Tier 3B,Y,Y,N
ENSG00000173612,GPRC6A,Tier 3B,Y,N,N
ENSG00000173662,TAS1R1,Tier 3B,Y,N,N
ENSG00000173702,MUC13,Tier 3B,N,Y,N
ENSG00000173714,WFIKKN2,Tier 3B,N,Y,N
ENSG00000173762,CD7,Tier 3B,N,Y,N
ENSG00000173786,CNP,Tier 3B,N,Y,N
ENSG00000173890,GPR160,Tier 3B,Y,N,N
ENSG00000174010,KLHL15,Tier 3B,Y,N,N
ENSG00000174123,TLR10,Tier 3B,Y,Y,N
ENSG00000174125,TLR1,Tier 3B,N,Y,N
ENSG00000174130,TLR6,Tier 3B,N,Y,N
ENSG00000174358,SLC6A19,Tier 3B,Y,N,N
ENSG00000174437,ATP2A2,Tier 3B,Y,N,N
ENSG00000174482,LINGO2,Tier 3B,Y,N,N
ENSG00000174564,IL20RB,Tier 3B,N,Y,N
ENSG00000174697,LEP,Tier 3B,N,Y,N
ENSG00000174721,FGFBP3,Tier 3B,N,Y,N
ENSG00000174804,FZD4,Tier 3B,N,Y,N
ENSG00000174808,BTC,Tier 3B,N,Y,N
ENSG00000174944,P2RY14,Tier 3B,Y,Y,N
ENSG00000174946,GPR171,Tier 3B,Y,Y,N
ENSG00000174948,GPR149,Tier 3B,Y,N,N
ENSG00000174950,CD164L2,Tier 3B,N,Y,N
ENSG00000174992,ZG16,Tier 3B,N,Y,N
ENSG00000175087,PDIK1L,Tier 3B,Y,N,N
ENSG00000175294,CATSPER1,Tier 3B,Y,N,N
ENSG00000175315,CST6,Tier 3B,N,Y,N
ENSG00000175348,TMEM9B,Tier 3B,N,Y,N
ENSG00000175398,OR10P1,Tier 3B,Y,N,N
ENSG00000175497,DPP10,Tier 3B,Y,N,N
ENSG00000175505,CLCF1,Tier 3B,N,Y,N
ENSG00000175514,GPR152,Tier 3B,Y,N,N
ENSG00000175745,NR2F1,Tier 3B,Y,N,N
ENSG00000175793,SFN,Tier 3B,N,Y,N
ENSG00000175894,TSPEAR,Tier 3B,N,Y,N
ENSG00000175899,A2M,Tier 3B,N,Y,N
ENSG00000175928,LRRN1,Tier 3B,N,Y,N
ENSG00000175946,KLHL38,Tier 3B,Y,N,N
ENSG00000176230,OR4K17,Tier 3B,Y,N,N
ENSG00000176281,OR4K5,Tier 3B,Y,N,N
ENSG00000176358,TAC4,Tier 3B,N,Y,N
ENSG00000176595,KBTBD11,Tier 3B,Y,N,N
ENSG00000176695,OR4F17,Tier 3B,Y,N,N
ENSG00000176782,DEFB104A,Tier 3B,N,Y,N
ENSG00000176797,DEFB103A,Tier 3B,N,Y,N
ENSG00000176971,FIBIN,Tier 3B,N,Y,N
ENSG00000177023,DEFB104B,Tier 3B,N,Y,N
ENSG00000177030,DEAF1,Tier 3B,N,Y,N
ENSG00000177047,IFNW1,Tier 3B,N,Y,N
ENSG00000177243,DEFB103B,Tier 3B,N,Y,N
ENSG00000177301,KCNA2,Tier 3B,Y,N,N
ENSG00000177464,GPR4,Tier 3B,Y,Y,N
ENSG00000177535,OR2B11,Tier 3B,Y,N,N
ENSG00000177575,CD163,Tier 3B,N,Y,N
ENSG00000177675,CD163L1,Tier 3B,N,Y,N
ENSG00000177684,DEFB114,Tier 3B,N,Y,N
ENSG00000177693,OR4F4,Tier 3B,Y,N,N
ENSG00000177706,FAM20C,Tier 3B,N,Y,N
ENSG00000177707,PVRL3,Tier 3B,N,Y,N
ENSG00000178015,GPR150,Tier 3B,Y,Y,N
ENSG00000178093,TSSK6,Tier 3B,Y,N,N
ENSG00000178172,SPINK6,Tier 3B,N,Y,N
ENSG00000178201,VN1R1,Tier 3B,Y,N,N
ENSG00000178287,SPAG11A,Tier 3B,N,Y,N
ENSG00000178342,KCNG2,Tier 3B,Y,N,N
ENSG00000178462,TUBAL3,Tier 3B,Y,Y,N
ENSG00000178473,UCN3,Tier 3B,N,Y,N
ENSG00000178522,AMBN,Tier 3B,N,Y,N
ENSG00000178602,OTOS,Tier 3B,N,Y,N
ENSG00000178726,THBD,Tier 3B,N,Y,N
ENSG00000178732,GP5,Tier 3B,N,Y,N
ENSG00000178772,CPN2,Tier 3B,Y,Y,N
ENSG00000178789,CD300LB,Tier 3B,N,Y,N
ENSG00000178934,LGALS7B,Tier 3B,N,Y,N
ENSG00000179148,ALOXE3,Tier 3B,Y,N,N
ENSG00000179284,DAND5,Tier 3B,N,Y,N
ENSG00000179403,VWA1,Tier 3B,N,Y,N
ENSG00000179431,FJX1,Tier 3B,N,Y,N
ENSG00000179454,KLHL28,Tier 3B,Y,N,N
ENSG00000179477,ALOX12B,Tier 3B,Y,N,N
ENSG00000179542,SLITRK4,Tier 3B,Y,N,N
ENSG00000179593,ALOX15B,Tier 3B,Y,N,N
ENSG00000179776,CDH5,Tier 3B,N,Y,N
ENSG00000179817,MRGPRX4,Tier 3B,Y,Y,N
ENSG00000179826,MRGPRX3,Tier 3B,Y,Y,N
ENSG00000179869,ABCA13,Tier 3B,Y,N,N
ENSG00000180269,GPR139,Tier 3B,Y,N,N
ENSG00000180708,OR10K2,Tier 3B,Y,N,N
ENSG00000180730,SHISA2,Tier 3B,N,Y,N
ENSG00000180785,OR51E1,Tier 3B,Y,N,N
ENSG00000180872,DEFB112,Tier 3B,N,Y,N
ENSG00000180929,GPR62,Tier 3B,Y,N,N
ENSG00000181333,HEPHL1,Tier 3B,N,Y,N
ENSG00000181374,CCL13,Tier 3B,N,Y,N
ENSG00000181617,FDCSP,Tier 3B,N,Y,N
ENSG00000181619,GPR135,Tier 3B,Y,Y,N
ENSG00000181631,P2RY13,Tier 3B,Y,N,N
ENSG00000181656,GPR88,Tier 3B,Y,N,N
ENSG00000181761,OR8H3,Tier 3B,Y,N,N
ENSG00000181773,GPR3,Tier 3B,Y,Y,N
ENSG00000181785,OR5AS1,Tier 3B,Y,N,N
ENSG00000181935,OR4C16,Tier 3B,Y,N,N
ENSG00000181961,OR4A16,Tier 3B,Y,N,N
ENSG00000182156,ENPP7,Tier 3B,N,Y,N
ENSG00000182162,P2RY8,Tier 3B,Y,Y,N
ENSG00000182170,MRGPRG,Tier 3B,Y,N,N
ENSG00000182217,HIST2H4B,Tier 3B,N,Y,N
ENSG00000182220,ATP6AP2,Tier 3B,N,Y,N
ENSG00000182255,KCNA4,Tier 3B,Y,N,N
ENSG00000182324,KCNJ14,Tier 3B,Y,Y,N
ENSG00000182389,CACNB4,Tier 3B,Y,N,N
ENSG00000182447,OTOL1,Tier 3B,N,Y,N
ENSG00000182450,KCNK4,Tier 3B,Y,N,N
ENSG00000182492,BGN,Tier 3B,N,Y,N
ENSG00000182572,HIST1H3I,Tier 3B,N,Y,N
ENSG00000182575,NXPH3,Tier 3B,N,Y,N
ENSG00000182613,OR2V2,Tier 3B,Y,N,N
ENSG00000182631,RXFP3,Tier 3B,Y,Y,N
ENSG00000182687,GALR2,Tier 3B,Y,Y,N
ENSG00000182698,RESP18,Tier 3B,N,Y,N
ENSG00000182700,IGIP,Tier 3B,N,Y,N
ENSG00000182718,ANXA2,Tier 3B,N,Y,N
ENSG00000182771,GRID1,Tier 3B,Y,N,N
ENSG00000182783,OR2T29,Tier 3B,Y,N,N
ENSG00000182851,GPIHBP1,Tier 3B,N,Y,N
ENSG00000182885,GPR97,Tier 3B,N,Y,N
ENSG00000183038,GGTLC3,Tier 3B,N,Y,N
ENSG00000183087,GAS6,Tier 3B,N,Y,N
ENSG00000183090,FREM3,Tier 3B,N,Y,N
ENSG00000183150,GPR19,Tier 3B,Y,Y,N
ENSG00000183185,GABRR3,Tier 3B,Y,N,N
ENSG00000183281,PLGLB1,Tier 3B,N,Y,N
ENSG00000183310,OR2T34,Tier 3B,Y,N,N
ENSG00000183395,PMCH,Tier 3B,N,Y,N
ENSG00000183484,GPR132,Tier 3B,Y,Y,N
ENSG00000183520,UTP11L,Tier 3B,N,Y,N
ENSG00000183598,HIST2H3D,Tier 3B,N,Y,N
ENSG00000183628,DGCR6,Tier 3B,N,Y,N
ENSG00000183655,KLHL25,Tier 3B,Y,N,N
ENSG00000183662,FAM19A1,Tier 3B,N,Y,N
ENSG00000183671,GPR1,Tier 3B,Y,Y,N
ENSG00000183695,MRGPRX2,Tier 3B,Y,Y,N
ENSG00000183748,,Tier 3B,N,Y,N
ENSG00000183785,TUBA8,Tier 3B,Y,Y,N
ENSG00000183798,EMILIN3,Tier 3B,N,Y,N
ENSG00000183801,OLFML1,Tier 3B,N,Y,N
ENSG00000183840,GPR39,Tier 3B,Y,Y,N
ENSG00000183862,CNGA2,Tier 3B,Y,N,N
ENSG00000183876,ARSI,Tier 3B,N,Y,N
ENSG00000183908,LRRC55,Tier 3B,Y,Y,N
ENSG00000183921,SDR42E2,Tier 3B,Y,N,N
ENSG00000183941,HIST2H4A,Tier 3B,N,Y,N
ENSG00000183960,KCNH8,Tier 3B,Y,N,N
ENSG00000183979,NPB,Tier 3B,N,Y,N
ENSG00000184012,TMPRSS2,Tier 3B,N,Y,N
ENSG00000184022,OR2T10,Tier 3B,Y,N,N
ENSG00000184144,CNTN2,Tier 3B,N,Y,N
ENSG00000184154,LRTOMT,Tier 3B,Y,N,N
ENSG00000184166,OR1D2,Tier 3B,Y,N,N
ENSG00000184194,GPR173,Tier 3B,Y,Y,N
ENSG00000184261,KCNK12,Tier 3B,Y,N,N
ENSG00000184276,DEFB108B,Tier 3B,N,Y,N
ENSG00000184344,GDF3,Tier 3B,N,Y,N
ENSG00000184350,MRGPRE,Tier 3B,Y,N,N
ENSG00000184451,CCR10,Tier 3B,Y,Y,N
ENSG00000184471,C1QTNF8,Tier 3B,N,Y,N
ENSG00000184500,PROS1,Tier 3B,N,Y,N
ENSG00000184613,NELL2,Tier 3B,N,Y,N
ENSG00000184831,APOO,Tier 3B,N,Y,N
ENSG00000184860,SDR42E1,Tier 3B,Y,N,N
ENSG00000184908,CLCNKB,Tier 3B,Y,N,N
ENSG00000184956,MUC6,Tier 3B,N,Y,N
ENSG00000185033,SEMA4B,Tier 3B,N,Y,N
ENSG00000185070,FLRT2,Tier 3B,Y,Y,N
ENSG00000185127,C6orf120,Tier 3B,N,Y,N
ENSG00000185250,PPIL6,Tier 3B,N,Y,N
ENSG00000185267,CDNF,Tier 3B,N,Y,N
ENSG00000185269,NOTUM,Tier 3B,N,Y,N
ENSG00000185271,KLHL33,Tier 3B,Y,N,N
ENSG00000185303,SFTPA2,Tier 3B,N,Y,N
ENSG00000185324,CDK10,Tier 3B,Y,N,N
ENSG00000185483,ROR1,Tier 3B,Y,N,N
ENSG00000185527,PDE6G,Tier 3B,Y,N,N
ENSG00000185551,NR2F2,Tier 3B,Y,N,N
ENSG00000185585,OLFML2A,Tier 3B,N,Y,N
ENSG00000185652,NTF3,Tier 3B,N,Y,N
ENSG00000185674,LYG2,Tier 3B,N,Y,N
ENSG00000185745,IFIT1,Tier 3B,N,Y,N
ENSG00000185862,EVI2B,Tier 3B,N,Y,N
ENSG00000185897,FFAR3,Tier 3B,Y,Y,N
ENSG00000185924,RTN4RL1,Tier 3B,Y,N,N
ENSG00000186092,OR4F5,Tier 3B,Y,N,N
ENSG00000186190,BPIFB3,Tier 3B,N,Y,N
ENSG00000186191,BPIFB4,Tier 3B,N,Y,N
ENSG00000186231,KLHL32,Tier 3B,Y,N,N
ENSG00000186265,BTLA,Tier 3B,N,Y,N
ENSG00000186340,THBS2,Tier 3B,N,Y,N
ENSG00000186377,CYP4X1,Tier 3B,Y,N,N
ENSG00000186407,CD300E,Tier 3B,N,Y,N
ENSG00000186470,BTN3A2,Tier 3B,N,Y,N
ENSG00000186474,KLK12,Tier 3B,N,Y,N
ENSG00000186562,DEFB105A,Tier 3B,N,Y,N
ENSG00000186572,DEFB107A,Tier 3B,N,Y,N
ENSG00000186579,DEFB106A,Tier 3B,N,Y,N
ENSG00000186599,DEFB105B,Tier 3B,N,Y,N
ENSG00000186815,TPCN1,Tier 3B,Y,N,N
ENSG00000186818,LILRB4,Tier 3B,N,Y,N
ENSG00000186867,QRFPR,Tier 3B,Y,Y,N
ENSG00000186910,SERPINA11,Tier 3B,N,Y,N
ENSG00000186912,P2RY4,Tier 3B,Y,Y,N
ENSG00000186919,ZACN,Tier 3B,Y,N,N
ENSG00000186998,EMID1,Tier 3B,N,Y,N
ENSG00000187037,GPR141,Tier 3B,Y,N,N
ENSG00000187082,DEFB106B,Tier 3B,N,Y,N
ENSG00000187474,FPR3,Tier 3B,Y,Y,N
ENSG00000187550,SBK2,Tier 3B,Y,N,N
ENSG00000187554,TLR5,Tier 3B,Y,Y,N
ENSG00000187608,ISG15,Tier 3B,N,Y,N
ENSG00000187689,AMTN,Tier 3B,N,Y,N
ENSG00000187715,KBTBD12,Tier 3B,Y,N,N
ENSG00000187730,GABRD,Tier 3B,Y,Y,N
ENSG00000187838,TMEM256-PLSCR3,Tier 3B,N,Y,N
ENSG00000187908,DMBT1,Tier 3B,N,Y,N
ENSG00000187950,OVCH1,Tier 3B,N,Y,N
ENSG00000187955,COL14A1,Tier 3B,N,Y,N
ENSG00000187961,KLHL17,Tier 3B,Y,N,N
ENSG00000187997,C17orf99,Tier 3B,N,Y,N
ENSG00000188153,COL4A5,Tier 3B,N,Y,N
ENSG00000188162,OTOG,Tier 3B,N,Y,N
ENSG00000188293,IGFL1,Tier 3B,N,Y,N
ENSG00000188313,PLSCR1,Tier 3B,N,Y,N
ENSG00000188394,GPR21,Tier 3B,Y,N,N
ENSG00000188501,LCTL,Tier 3B,N,Y,N
ENSG00000188624,IGFL3,Tier 3B,N,Y,N
ENSG00000188730,VWC2,Tier 3B,N,Y,N
ENSG00000188782,CATSPER4,Tier 3B,Y,N,N
ENSG00000188937,NYX,Tier 3B,N,Y,N
ENSG00000188992,LIPI,Tier 3B,N,Y,N
ENSG00000189052,CGB5,Tier 3B,N,Y,N
ENSG00000189058,APOD,Tier 3B,N,Y,N
ENSG00000189108,IL1RAPL2,Tier 3B,N,Y,N
ENSG00000189171,S100A13,Tier 3B,N,Y,N
ENSG00000189377,CXCL17,Tier 3B,N,Y,N
ENSG00000196131,VN1R2,Tier 3B,Y,N,N
ENSG00000196159,FAT4,Tier 3B,N,Y,N
ENSG00000196182,STK40,Tier 3B,Y,N,N
ENSG00000196337,CGB7,Tier 3B,N,Y,N
ENSG00000196338,NLGN3,Tier 3B,Y,N,N
ENSG00000196415,PRTN3,Tier 3B,N,Y,N
ENSG00000196455,PIK3R4,Tier 3B,Y,N,N
ENSG00000196539,OR2T3,Tier 3B,Y,N,N
ENSG00000196600,SLC22A25,Tier 3B,Y,N,N
ENSG00000196715,VKORC1L1,Tier 3B,Y,N,N
ENSG00000196748,CLPSL2,Tier 3B,N,Y,N
ENSG00000196776,CD47,Tier 3B,N,Y,N
ENSG00000196834,POTEI,Tier 3B,N,Y,N
ENSG00000196844,PATE2,Tier 3B,N,Y,N
ENSG00000196917,HCAR1,Tier 3B,Y,Y,N
ENSG00000197106,SLC6A17,Tier 3B,Y,N,N
ENSG00000197140,ADAM32,Tier 3B,N,Y,N
ENSG00000197153,HIST1H3J,Tier 3B,N,Y,N
ENSG00000197233,OR1J2,Tier 3B,Y,N,N
ENSG00000197238,HIST1H4J,Tier 3B,N,Y,N
ENSG00000197262,CCL4L2,Tier 3B,N,Y,N
ENSG00000197273,GUCA2A,Tier 3B,N,Y,N
ENSG00000197406,DIO3,Tier 3B,Y,N,N
ENSG00000197429,IPP,Tier 3B,Y,N,N
ENSG00000197461,PDGFA,Tier 3B,N,Y,N
ENSG00000197465,GYPE,Tier 3B,N,Y,N
ENSG00000197471,SPN,Tier 3B,N,Y,N
ENSG00000197487,GALP,Tier 3B,N,Y,N
ENSG00000197540,GZMM,Tier 3B,N,Y,N
ENSG00000197565,COL4A6,Tier 3B,N,Y,N
ENSG00000197614,MFAP5,Tier 3B,N,Y,N
ENSG00000197632,SERPINB2,Tier 3B,N,Y,N
ENSG00000197641,SERPINB13,Tier 3B,N,Y,N
ENSG00000197658,SLC22A24,Tier 3B,Y,N,N
ENSG00000197674,OR51C1P,Tier 3B,Y,N,N
ENSG00000197696,NMB,Tier 3B,N,Y,N
ENSG00000197790,OR52M1,Tier 3B,Y,N,N
ENSG00000197822,OCLN,Tier 3B,N,Y,N
ENSG00000197837,HIST4H4,Tier 3B,N,Y,N
ENSG00000197870,PRB3,Tier 3B,N,Y,N
ENSG00000197914,HIST1H4K,Tier 3B,N,Y,N
ENSG00000197930,ERO1L,Tier 3B,N,Y,N
ENSG00000197953,AADACL2,Tier 3B,N,Y,N
ENSG00000197993,KEL,Tier 3B,N,Y,N
ENSG00000198033,TUBA3C,Tier 3B,Y,N,N
ENSG00000198129,DEFB107B,Tier 3B,N,Y,N
ENSG00000198178,CLEC4C,Tier 3B,N,Y,N
ENSG00000198183,BPIFA1,Tier 3B,N,Y,N
ENSG00000198208,RPS6KL1,Tier 3B,Y,N,N
ENSG00000198216,CACNA1E,Tier 3B,Y,N,N
ENSG00000198246,SLC29A3,Tier 3B,Y,N,N
ENSG00000198515,CNGA1,Tier 3B,Y,N,N
ENSG00000198558,HIST1H4L,Tier 3B,N,Y,N
ENSG00000198642,KLHL9,Tier 3B,Y,N,N
ENSG00000198739,LRRTM3,Tier 3B,Y,N,N
ENSG00000198759,EGFL6,Tier 3B,N,Y,N
ENSG00000198788,MUC2,Tier 3B,N,Y,N
ENSG00000198870,C9orf96,Tier 3B,Y,N,N
ENSG00000198910,L1CAM,Tier 3B,N,Y,N
ENSG00000198951,NAGA,Tier 3B,N,Y,N
ENSG00000198963,RORB,Tier 3B,Y,N,N
ENSG00000203618,GP1BB,Tier 3B,N,Y,N
ENSG00000203661,OR2T5,Tier 3B,Y,N,N
ENSG00000203722,RAET1G,Tier 3B,N,Y,N
ENSG00000203737,GPR52,Tier 3B,Y,N,N
ENSG00000203811,HIST2H3C,Tier 3B,N,Y,N
ENSG00000203813,HIST1H3H,Tier 3B,N,Y,N
ENSG00000203837,PNLIPRP3,Tier 3B,Y,N,N
ENSG00000203852,HIST2H3A,Tier 3B,N,Y,N
ENSG00000203970,DEFB110,Tier 3B,N,Y,N
ENSG00000204001,LCN8,Tier 3B,N,Y,N
ENSG00000204003,,Tier 3B,N,Y,N
ENSG00000204033,LRIT2,Tier 3B,Y,N,N
ENSG00000204174,NPY4R,Tier 3B,Y,Y,N
ENSG00000204176,SYT15,Tier 3B,N,Y,N
ENSG00000204262,COL5A2,Tier 3B,N,Y,N
ENSG00000204291,COL15A1,Tier 3B,N,Y,N
ENSG00000204345,CD300LD,Tier 3B,N,Y,N
ENSG00000204640,NMS,Tier 3B,N,Y,N
ENSG00000204657,OR2H2,Tier 3B,Y,N,N
ENSG00000204687,MAS1L,Tier 3B,Y,N,N
ENSG00000204688,OR2H1,Tier 3B,Y,N,N
ENSG00000204694,OR11A1,Tier 3B,Y,N,N
ENSG00000204695,OR14J1,Tier 3B,Y,Y,N
ENSG00000204882,GPR20,Tier 3B,Y,Y,N
ENSG00000204909,SPINK9,Tier 3B,N,Y,N
ENSG00000204922,C11orf83,Tier 3B,N,Y,N
ENSG00000204936,CD177,Tier 3B,N,Y,N
ENSG00000205020,CCL4L1,Tier 3B,N,Y,N
ENSG00000205021,CCL3L1,Tier 3B,N,Y,N
ENSG00000205076,LGALS7,Tier 3B,N,Y,N
ENSG00000205111,CDKL4,Tier 3B,Y,N,N
ENSG00000205213,LGR4,Tier 3B,Y,Y,N
ENSG00000205220,PSMB10,Tier 3B,Y,N,N
ENSG00000205221,VIT,Tier 3B,N,Y,N
ENSG00000205336,GPR56,Tier 3B,N,Y,N
ENSG00000205649,HTN3,Tier 3B,N,Y,N
ENSG00000206072,SERPINB11,Tier 3B,N,Y,N
ENSG00000206073,SERPINB4,Tier 3B,N,Y,N
ENSG00000206075,SERPINB5,Tier 3B,N,Y,N
ENSG00000206150,RNASE13,Tier 3B,N,Y,N
ENSG00000206384,COL6A6,Tier 3B,N,Y,N
ENSG00000206561,COLQ,Tier 3B,N,Y,N
ENSG00000211592,IGKC,Tier 3B,N,Y,N
ENSG00000211598,IGKV4-1,Tier 3B,N,Y,N
ENSG00000211599,IGKV5-2,Tier 3B,N,Y,N
ENSG00000211619,IGKV2-40,Tier 3B,N,Y,N
ENSG00000211633,IGKV1D-42,Tier 3B,N,Y,N
ENSG00000211637,IGLV4-69,Tier 3B,N,Y,N
ENSG00000211638,IGLV8-61,Tier 3B,N,Y,N
ENSG00000211642,IGLV10-54,Tier 3B,N,Y,N
ENSG00000211644,IGLV1-51,Tier 3B,N,Y,N
ENSG00000211649,IGLV7-46,Tier 3B,N,Y,N
ENSG00000211650,IGLV5-45,Tier 3B,N,Y,N
ENSG00000211651,IGLV1-44,Tier 3B,N,Y,N
ENSG00000211652,IGLV7-43,Tier 3B,N,Y,N
ENSG00000211653,IGLV1-40,Tier 3B,N,Y,N
ENSG00000211654,IGLV5-37,Tier 3B,N,Y,N
ENSG00000211655,IGLV1-36,Tier 3B,N,Y,N
ENSG00000211658,IGLV3-27,Tier 3B,N,Y,N
ENSG00000211659,IGLV3-25,Tier 3B,N,Y,N
ENSG00000211660,IGLV2-23,Tier 3B,N,Y,N
ENSG00000211661,IGLV3-22,Tier 3B,N,Y,N
ENSG00000211664,IGLV2-18,Tier 3B,N,Y,N
ENSG00000211665,IGLV3-16,Tier 3B,N,Y,N
ENSG00000211667,IGLV3-12,Tier 3B,N,Y,N
ENSG00000211668,IGLV2-11,Tier 3B,N,Y,N
ENSG00000211672,IGLV4-3,Tier 3B,N,Y,N
ENSG00000211677,IGLC2,Tier 3B,N,Y,N
ENSG00000211679,IGLC3,Tier 3B,N,Y,N
ENSG00000211685,IGLC7,Tier 3B,N,Y,N
ENSG00000211790,TRAV8-4,Tier 3B,N,Y,N
ENSG00000211890,IGHA2,Tier 3B,N,Y,N
ENSG00000211892,IGHG4,Tier 3B,N,Y,N
ENSG00000211893,IGHG2,Tier 3B,N,Y,N
ENSG00000211898,IGHD,Tier 3B,N,Y,N
ENSG00000211899,IGHM,Tier 3B,N,Y,N
ENSG00000211934,IGHV1-2,Tier 3B,N,Y,N
ENSG00000211949,IGHV3-23,Tier 3B,N,Y,N
ENSG00000211962,IGHV1-46,Tier 3B,N,Y,N
ENSG00000211979,IGHV7-81,Tier 3B,N,Y,N
ENSG00000213022,KLK9,Tier 3B,N,Y,N
ENSG00000213024,NUP62,Tier 3B,N,Y,N
ENSG00000213030,CGB8,Tier 3B,N,Y,N
ENSG00000213160,KLHL23,Tier 3B,Y,N,N
ENSG00000213240,NOTCH2NL,Tier 3B,N,Y,N
ENSG00000213420,GPC2,Tier 3B,N,Y,N
ENSG00000213494,CCL14,Tier 3B,N,Y,N
ENSG00000213614,HEXA,Tier 3B,N,Y,N
ENSG00000214013,GANC,Tier 3B,Y,N,N
ENSG00000214274,ANG,Tier 3B,N,Y,N
ENSG00000214285,NPS,Tier 3B,N,Y,N
ENSG00000214642,DEFB113,Tier 3B,N,Y,N
ENSG00000214943,GPR33,Tier 3B,Y,Y,N
ENSG00000215183,MSMP,Tier 3B,N,Y,N
ENSG00000215262,KCNU1,Tier 3B,Y,N,N
ENSG00000215428,,Tier 3B,N,Y,N
ENSG00000215545,DEFB116,Tier 3B,N,Y,N
ENSG00000215547,DEFB115,Tier 3B,N,Y,N
ENSG00000217555,CKLF,Tier 3B,N,Y,N
ENSG00000221888,OR1C1,Tier 3B,Y,N,N
ENSG00000224041,IGKV3D-15,Tier 3B,N,Y,N
ENSG00000224383,C17orf72,Tier 3B,N,Y,N
ENSG00000224389,C4B,Tier 3B,N,Y,N
ENSG00000224586,GPX5,Tier 3B,N,Y,N
ENSG00000228083,IFNA14,Tier 3B,N,Y,N
ENSG00000230657,PRB4,Tier 3B,N,Y,N
ENSG00000231852,CYP21A2,Tier 3B,Y,N,N
ENSG00000231887,PRH1,Tier 3B,N,Y,N
ENSG00000231924,PSG1,Tier 3B,N,Y,N
ENSG00000232196,MTRNR2L4,Tier 3B,N,Y,N
ENSG00000234829,IFNA17,Tier 3B,N,Y,N
ENSG00000237110,TAAR9,Tier 3B,Y,Y,N
ENSG00000237353,PATE4,Tier 3B,N,Y,N
ENSG00000239951,IGKV3-20,Tier 3B,N,Y,N
ENSG00000239998,LILRA2,Tier 3B,N,Y,N
ENSG00000240065,PSMB9,Tier 3B,Y,N,N
ENSG00000240654,C1QTNF9,Tier 3B,N,Y,N
ENSG00000241244,IGKV1D-16,Tier 3B,N,Y,N
ENSG00000241351,IGKV3-11,Tier 3B,N,Y,N
ENSG00000241399,CD302,Tier 3B,N,Y,N
ENSG00000241563,CORT,Tier 3B,N,Y,N
ENSG00000242019,KIR3DL3,Tier 3B,N,Y,N
ENSG00000242221,PSG2,Tier 3B,N,Y,N
ENSG00000242252,BGLAP,Tier 3B,N,Y,N
ENSG00000242371,IGKV1-39,Tier 3B,N,Y,N
ENSG00000242550,SERPINB10,Tier 3B,N,Y,N
ENSG00000243063,IGKV3-7,Tier 3B,N,Y,N
ENSG00000243238,IGKV2-30,Tier 3B,N,Y,N
ENSG00000243264,IGKV2D-29,Tier 3B,N,Y,N
ENSG00000243364,EFNA4,Tier 3B,N,Y,N
ENSG00000243466,IGKV1-5,Tier 3B,N,Y,N
ENSG00000243646,IL10RB,Tier 3B,N,Y,N
ENSG00000243709,LEFTY1,Tier 3B,N,Y,N
ENSG00000244038,DDOST,Tier 3B,N,Y,N
ENSG00000244437,IGKV3-15,Tier 3B,N,Y,N
ENSG00000249860,MTRNR2L5,Tier 3B,N,Y,N
ENSG00000250361,GYPB,Tier 3B,N,Y,N
ENSG00000250510,GPR162,Tier 3B,Y,N,N
ENSG00000250722,SEPP1,Tier 3B,N,Y,N
ENSG00000251039,IGKV2D-40,Tier 3B,N,Y,N
ENSG00000251546,IGKV1D-39,Tier 3B,N,Y,N
ENSG00000253309,SERPINE3,Tier 3B,N,Y,N
ENSG00000254521,SIGLEC12,Tier 3B,N,Y,N
ENSG00000254709,IGLL5,Tier 3B,N,Y,N
ENSG00000255307,OR52B2,Tier 3B,Y,N,N
ENSG00000255823,MTRNR2L8,Tier 3B,N,Y,N
ENSG00000256045,MTRNR2L10,Tier 3B,N,Y,N
ENSG00000256222,MTRNR2L3,Tier 3B,N,Y,N
ENSG00000256394,ASIC5,Tier 3B,Y,N,N
ENSG00000256515,CCL3L3,Tier 3B,N,Y,N
ENSG00000256618,MTRNR2L1,Tier 3B,N,Y,N
ENSG00000256892,MTRNR2L7,Tier 3B,N,Y,N
ENSG00000258818,RNASE4,Tier 3B,N,Y,N
ENSG00000259803,SLC22A31,Tier 3B,Y,N,N
ENSG00000261609,GAN,Tier 3B,Y,N,N
